datetime,open,high,low,close,volume
2023-06-28 08:00:00,0.05,1.98,0.05,0.5831,39352193.0
2023-06-28 08:15:00,0.5839,0.6156,0.5554,0.5726,15832513.0
2023-06-28 08:30:00,0.5725,0.588,0.5618,0.5713,7344708.0
2023-06-28 08:45:00,0.5715,0.5764,0.5673,0.572,5318554.0
2023-06-28 09:00:00,0.5722,0.5745,0.514,0.522,11645816.0
2023-06-28 09:15:00,0.5227,0.5299,0.5028,0.5172,5823631.0
2023-06-28 09:30:00,0.5172,0.5409,0.5,0.5396,5603853.0
2023-06-28 09:45:00,0.5402,0.5574,0.529,0.5429,4853707.0
2023-06-28 10:00:00,0.542,0.5688,0.538,0.5665,3858570.0
2023-06-28 10:15:00,0.5665,0.5844,0.5566,0.572,4786629.0
2023-06-28 10:30:00,0.5716,0.5861,0.562,0.5748,3327344.0
2023-06-28 10:45:00,0.5748,0.581,0.5657,0.568,1508958.0
2023-06-28 11:00:00,0.5681,0.574,0.5449,0.5567,2905994.0
2023-06-28 11:15:00,0.5564,0.5567,0.5349,0.5366,2554589.0
2023-06-28 11:30:00,0.5367,0.5475,0.525,0.5457,3108256.0
2023-06-28 11:45:00,0.5465,0.552,0.53,0.5348,2365170.0
2023-06-28 12:00:00,0.5348,0.5447,0.516,0.5171,2515286.0
2023-06-28 12:15:00,0.5172,0.5365,0.515,0.5354,2325508.0
2023-06-28 12:30:00,0.5353,0.5439,0.525,0.5298,1833089.0
2023-06-28 12:45:00,0.5298,0.5398,0.5201,0.53,1747397.0
2023-06-28 13:00:00,0.5298,0.533,0.5166,0.5313,1758777.0
2023-06-28 13:15:00,0.5313,0.537,0.5231,0.5368,1551768.0
2023-06-28 13:30:00,0.537,0.5498,0.5353,0.5382,2328404.0
2023-06-28 13:45:00,0.5382,0.5649,0.5338,0.5585,2914044.0
2023-06-28 14:00:00,0.5592,0.5977,0.5588,0.5749,8192754.0
2023-06-28 14:15:00,0.5748,0.5893,0.56,0.57,3876194.0
2023-06-28 14:30:00,0.5699,0.57,0.557,0.562,2258446.0
2023-06-28 14:45:00,0.562,0.568,0.556,0.558,1618063.0
2023-06-28 15:00:00,0.558,0.5583,0.5445,0.5505,2383301.0
2023-06-28 15:15:00,0.5507,0.565,0.5444,0.5635,1527325.0
2023-06-28 15:30:00,0.5635,0.564,0.538,0.5447,2188293.0
2023-06-28 15:45:00,0.5439,0.5516,0.5424,0.5485,983685.0
2023-06-28 16:00:00,0.5482,0.557,0.5473,0.5531,1195243.0
2023-06-28 16:15:00,0.5531,0.561,0.547,0.5573,1207465.0
2023-06-28 16:30:00,0.5578,0.56,0.5444,0.549,1273531.0
2023-06-28 16:45:00,0.5485,0.5572,0.5457,0.554,790093.0
2023-06-28 17:00:00,0.5543,0.5569,0.5392,0.5462,1369003.0
2023-06-28 17:15:00,0.5462,0.5463,0.5312,0.539,1245275.0
2023-06-28 17:30:00,0.5394,0.5444,0.53,0.5405,1155164.0
2023-06-28 17:45:00,0.5408,0.5412,0.5318,0.5369,523801.0
2023-06-28 18:00:00,0.5369,0.5436,0.5331,0.5385,706851.0
2023-06-28 18:15:00,0.5384,0.5435,0.5279,0.5319,1059468.0
2023-06-28 18:30:00,0.5321,0.5363,0.529,0.5336,858383.0
2023-06-28 18:45:00,0.533,0.5348,0.5306,0.5312,304157.0
2023-06-28 19:00:00,0.5312,0.5349,0.521,0.5251,972893.0
2023-06-28 19:15:00,0.5253,0.5287,0.5182,0.522,1200412.0
2023-06-28 19:30:00,0.5224,0.5234,0.5015,0.5126,2782410.0
2023-06-28 19:45:00,0.5126,0.5287,0.5117,0.5211,1263674.0
2023-06-28 20:00:00,0.5211,0.524,0.513,0.5155,867500.0
2023-06-28 20:15:00,0.5155,0.5178,0.5053,0.5153,875656.0
2023-06-28 20:30:00,0.5153,0.5282,0.514,0.5209,1091587.0
2023-06-28 20:45:00,0.5213,0.525,0.516,0.5168,687188.0
2023-06-28 21:00:00,0.5164,0.5249,0.5162,0.5231,610292.0
2023-06-28 21:15:00,0.5232,0.535,0.5223,0.529,1254239.0
2023-06-28 21:30:00,0.5291,0.54,0.5276,0.5344,1073345.0
2023-06-28 21:45:00,0.5339,0.5424,0.525,0.5278,909970.0
2023-06-28 22:00:00,0.5277,0.5278,0.52,0.523,736639.0
2023-06-28 22:15:00,0.5232,0.5243,0.511,0.5158,923163.0
2023-06-28 22:30:00,0.5158,0.532,0.5158,0.5281,902294.0
2023-06-28 22:45:00,0.528,0.531,0.52,0.53,817962.0
2023-06-28 23:00:00,0.53,0.5306,0.5238,0.5251,439023.0
2023-06-28 23:15:00,0.5251,0.5254,0.52,0.5246,250991.0
2023-06-28 23:30:00,0.5247,0.5277,0.5133,0.5149,472385.0
2023-06-28 23:45:00,0.5146,0.5263,0.514,0.5228,400424.0
2023-06-29 00:00:00,0.5234,0.5344,0.515,0.5341,980412.0
2023-06-29 00:15:00,0.5334,0.5352,0.5238,0.534,718360.0
2023-06-29 00:30:00,0.5346,0.5346,0.524,0.5259,584541.0
2023-06-29 00:45:00,0.5258,0.575,0.5258,0.5743,3183650.0
2023-06-29 01:00:00,0.5743,0.585,0.5556,0.5785,4273391.0
2023-06-29 01:15:00,0.5785,0.582,0.5458,0.5503,2070425.0
2023-06-29 01:30:00,0.5509,0.563,0.5415,0.5525,1309032.0
2023-06-29 01:45:00,0.5525,0.5597,0.545,0.5568,812794.0
2023-06-29 02:00:00,0.5564,0.5599,0.545,0.5527,826384.0
2023-06-29 02:15:00,0.5528,0.561,0.5505,0.5518,630335.0
2023-06-29 02:30:00,0.5521,0.5564,0.5461,0.5483,472668.0
2023-06-29 02:45:00,0.5483,0.555,0.54,0.5409,670225.0
2023-06-29 03:00:00,0.5409,0.553,0.5401,0.542,545567.0
2023-06-29 03:15:00,0.5414,0.5432,0.535,0.5364,480408.0
2023-06-29 03:30:00,0.5364,0.5435,0.535,0.5354,545082.0
2023-06-29 03:45:00,0.5352,0.547,0.5351,0.5447,405191.0
2023-06-29 04:00:00,0.5454,0.5454,0.54,0.5436,249616.0
2023-06-29 04:15:00,0.5435,0.555,0.542,0.5486,708016.0
2023-06-29 04:30:00,0.5486,0.55,0.544,0.5449,324818.0
2023-06-29 04:45:00,0.5455,0.5464,0.54,0.5457,372538.0
2023-06-29 05:00:00,0.5456,0.5588,0.5435,0.5554,958563.0
2023-06-29 05:15:00,0.5554,0.5724,0.5554,0.5639,1227406.0
2023-06-29 05:30:00,0.5639,0.57,0.555,0.563,889702.0
2023-06-29 05:45:00,0.563,0.5697,0.55,0.5529,1117165.0
2023-06-29 06:00:00,0.5535,0.561,0.5506,0.551,589128.0
2023-06-29 06:15:00,0.5517,0.556,0.551,0.5517,474725.0
2023-06-29 06:30:00,0.5518,0.5624,0.5511,0.5585,690891.0
2023-06-29 06:45:00,0.5591,0.5609,0.5559,0.5597,493071.0
2023-06-29 07:00:00,0.5597,0.57,0.557,0.5643,1342911.0
2023-06-29 07:15:00,0.5644,0.5747,0.5583,0.5736,969548.0
2023-06-29 07:30:00,0.5734,0.5736,0.554,0.5553,1466237.0
2023-06-29 07:45:00,0.5551,0.56,0.5366,0.5401,2091604.0
2023-06-29 08:00:00,0.5407,0.5434,0.472,0.5018,10520089.0
2023-06-29 08:15:00,0.502,0.502,0.482,0.4962,2982161.0
2023-06-29 08:30:00,0.4958,0.5035,0.49,0.4937,1951438.0
2023-06-29 08:45:00,0.4937,0.5011,0.4895,0.4948,1240597.0
2023-06-29 09:00:00,0.4944,0.4944,0.4753,0.484,3056452.0
2023-06-29 09:15:00,0.4841,0.495,0.484,0.4903,933693.0
2023-06-29 09:30:00,0.4904,0.4934,0.4771,0.4858,1400749.0
2023-06-29 09:45:00,0.4858,0.492,0.4853,0.4877,711171.0
2023-06-29 10:00:00,0.4877,0.4922,0.4802,0.4919,1152794.0
2023-06-29 10:15:00,0.4911,0.4924,0.4825,0.4826,468780.0
2023-06-29 10:30:00,0.4824,0.4891,0.4824,0.4869,563342.0
2023-06-29 10:45:00,0.4871,0.4971,0.4871,0.4907,1104314.0
2023-06-29 11:00:00,0.4907,0.4981,0.4852,0.4874,1253544.0
2023-06-29 11:15:00,0.4875,0.488,0.4762,0.4851,1174568.0
2023-06-29 11:30:00,0.4857,0.4888,0.482,0.4869,453772.0
2023-06-29 11:45:00,0.4868,0.4939,0.486,0.4919,886168.0
2023-06-29 12:00:00,0.4915,0.5059,0.4778,0.4884,4057466.0
2023-06-29 12:15:00,0.488,0.4937,0.4779,0.4856,2738974.0
2023-06-29 12:30:00,0.485,0.4866,0.464,0.4716,4714337.0
2023-06-29 12:45:00,0.4713,0.4766,0.4688,0.4738,2168974.0
2023-06-29 13:00:00,0.4737,0.4747,0.4534,0.4542,2339956.0
2023-06-29 13:15:00,0.4544,0.4588,0.4361,0.448,5892864.0
2023-06-29 13:30:00,0.4479,0.4487,0.435,0.445,2557396.0
2023-06-29 13:45:00,0.4451,0.4508,0.44,0.4429,1578613.0
2023-06-29 14:00:00,0.4423,0.4549,0.442,0.4485,1633807.0
2023-06-29 14:15:00,0.4488,0.46,0.4483,0.4549,1900466.0
2023-06-29 14:30:00,0.455,0.4562,0.449,0.4548,695437.0
2023-06-29 14:45:00,0.455,0.4553,0.445,0.449,877729.0
2023-06-29 15:00:00,0.4487,0.4557,0.4471,0.4544,747470.0
2023-06-29 15:15:00,0.4539,0.47,0.4538,0.4637,2448562.0
2023-06-29 15:30:00,0.4638,0.4699,0.4582,0.46,987633.0
2023-06-29 15:45:00,0.4602,0.4612,0.455,0.4607,540309.0
2023-06-29 16:00:00,0.4607,0.4656,0.4457,0.4488,1125007.0
2023-06-29 16:15:00,0.4489,0.4508,0.4405,0.4477,1524180.0
2023-06-29 16:30:00,0.4478,0.4539,0.4458,0.4516,869174.0
2023-06-29 16:45:00,0.4516,0.4542,0.448,0.4532,555602.0
2023-06-29 17:00:00,0.4537,0.4545,0.438,0.4384,1406024.0
2023-06-29 17:15:00,0.4383,0.4524,0.4383,0.4497,1019833.0
2023-06-29 17:30:00,0.4496,0.4528,0.4454,0.4474,531175.0
2023-06-29 17:45:00,0.4476,0.4484,0.4454,0.4476,418867.0
2023-06-29 18:00:00,0.4477,0.4534,0.447,0.447,362792.0
2023-06-29 18:15:00,0.4475,0.4475,0.4189,0.4293,3000258.0
2023-06-29 18:30:00,0.429,0.4313,0.4188,0.4236,1607703.0
2023-06-29 18:45:00,0.4234,0.4269,0.4191,0.4221,837777.0
2023-06-29 19:00:00,0.4222,0.425,0.4202,0.4243,527104.0
2023-06-29 19:15:00,0.4245,0.4279,0.4202,0.4235,866674.0
2023-06-29 19:30:00,0.4238,0.431,0.4227,0.4281,1068830.0
2023-06-29 19:45:00,0.4281,0.4324,0.4272,0.4304,569435.0
2023-06-29 20:00:00,0.4302,0.4304,0.422,0.4288,580560.0
2023-06-29 20:15:00,0.4288,0.4288,0.42,0.4232,869142.0
2023-06-29 20:30:00,0.4235,0.4249,0.4234,0.4236,386585.0
2023-06-29 20:45:00,0.4236,0.433,0.4181,0.4246,1103367.0
2023-06-29 21:00:00,0.4249,0.433,0.4231,0.4324,816038.0
2023-06-29 21:15:00,0.4324,0.4334,0.424,0.4257,566798.0
2023-06-29 21:30:00,0.4257,0.431,0.425,0.4298,268948.0
2023-06-29 21:45:00,0.4298,0.4313,0.427,0.4299,335312.0
2023-06-29 22:00:00,0.4299,0.4319,0.4271,0.4308,578301.0
2023-06-29 22:15:00,0.4313,0.435,0.4291,0.4346,516039.0
2023-06-29 22:30:00,0.4346,0.4346,0.4264,0.4309,673543.0
2023-06-29 22:45:00,0.4306,0.4306,0.4248,0.4254,401258.0
2023-06-29 23:00:00,0.4255,0.4257,0.4115,0.4172,1067506.0
2023-06-29 23:15:00,0.4175,0.4266,0.4162,0.4257,755076.0
2023-06-29 23:30:00,0.4255,0.426,0.4201,0.4229,667435.0
2023-06-29 23:45:00,0.4227,0.4234,0.417,0.4188,429813.0
2023-06-30 00:00:00,0.4193,0.4275,0.4188,0.4234,543525.0
2023-06-30 00:15:00,0.4232,0.4265,0.413,0.425,1290356.0
2023-06-30 00:30:00,0.4248,0.4265,0.416,0.4196,866442.0
2023-06-30 00:45:00,0.4191,0.4212,0.4135,0.4169,532237.0
2023-06-30 01:00:00,0.4163,0.4174,0.4091,0.4134,1112860.0
2023-06-30 01:15:00,0.4134,0.4201,0.404,0.4052,2045849.0
2023-06-30 01:30:00,0.4051,0.4094,0.4022,0.4044,1531036.0
2023-06-30 01:45:00,0.4044,0.419,0.4044,0.4157,1523443.0
2023-06-30 02:00:00,0.4157,0.45,0.4127,0.4288,5077495.0
2023-06-30 02:15:00,0.4294,0.4458,0.4288,0.4331,1741029.0
2023-06-30 02:30:00,0.433,0.4415,0.4221,0.4255,1606099.0
2023-06-30 02:45:00,0.4256,0.431,0.4211,0.4296,1086913.0
2023-06-30 03:00:00,0.4298,0.436,0.4282,0.4286,727179.0
2023-06-30 03:15:00,0.4286,0.4413,0.4234,0.438,1612656.0
2023-06-30 03:30:00,0.4381,0.4409,0.4321,0.436,890434.0
2023-06-30 03:45:00,0.436,0.439,0.4324,0.4341,1443011.0
2023-06-30 04:00:00,0.4336,0.4409,0.4283,0.4404,1152186.0
2023-06-30 04:15:00,0.4404,0.4458,0.4316,0.4349,1046321.0
2023-06-30 04:30:00,0.4349,0.438,0.4315,0.4352,573151.0
2023-06-30 04:45:00,0.4352,0.4395,0.4324,0.4324,951815.0
2023-06-30 05:00:00,0.4323,0.4332,0.424,0.427,1030075.0
2023-06-30 05:15:00,0.427,0.4286,0.423,0.4259,858542.0
2023-06-30 05:30:00,0.4258,0.4376,0.4255,0.4275,919713.0
2023-06-30 05:45:00,0.4278,0.4307,0.4211,0.4268,727718.0
2023-06-30 06:00:00,0.4268,0.4289,0.391,0.4041,4874933.0
2023-06-30 06:15:00,0.4041,0.408,0.3993,0.4076,1286862.0
2023-06-30 06:30:00,0.4076,0.4085,0.4045,0.4075,506840.0
2023-06-30 06:45:00,0.4075,0.4099,0.4051,0.4069,655423.0
2023-06-30 07:00:00,0.4073,0.412,0.407,0.4083,849521.0
2023-06-30 07:15:00,0.4082,0.4109,0.3876,0.4,4358361.0
2023-06-30 07:30:00,0.4003,0.4046,0.398,0.4005,1033735.0
2023-06-30 07:45:00,0.4005,0.4074,0.3958,0.4007,1731818.0
2023-06-30 08:00:00,0.4007,0.4008,0.3867,0.3912,2390967.0
2023-06-30 08:15:00,0.3911,0.3947,0.3841,0.3938,1439116.0
2023-06-30 08:30:00,0.3938,0.3992,0.3912,0.3977,1104434.0
2023-06-30 08:45:00,0.3974,0.4012,0.395,0.398,1136866.0
2023-06-30 09:00:00,0.398,0.398,0.3917,0.3926,860135.0
2023-06-30 09:15:00,0.393,0.3996,0.392,0.3995,609506.0
2023-06-30 09:30:00,0.3994,0.3995,0.3904,0.3934,1399879.0
2023-06-30 09:45:00,0.3937,0.3987,0.3931,0.3982,832280.0
2023-06-30 10:00:00,0.398,0.398,0.3913,0.3936,743713.0
2023-06-30 10:15:00,0.3939,0.396,0.3915,0.3921,541375.0
2023-06-30 10:30:00,0.3925,0.3967,0.3901,0.3935,866753.0
2023-06-30 10:45:00,0.3933,0.4047,0.3933,0.402,1668975.0
2023-06-30 11:00:00,0.4019,0.4065,0.3987,0.401,853963.0
2023-06-30 11:15:00,0.401,0.4013,0.3931,0.3996,682912.0
2023-06-30 11:30:00,0.3993,0.3997,0.3941,0.3957,506548.0
2023-06-30 11:45:00,0.3959,0.4038,0.3951,0.4023,673547.0
2023-06-30 12:00:00,0.4023,0.409,0.3978,0.4018,1578534.0
2023-06-30 12:15:00,0.4013,0.409,0.4011,0.4052,859628.0
2023-06-30 12:30:00,0.4051,0.4087,0.4019,0.406,1024956.0
2023-06-30 12:45:00,0.406,0.43,0.4045,0.4255,2972688.0
2023-06-30 13:00:00,0.4255,0.4301,0.4186,0.4267,2758644.0
2023-06-30 13:15:00,0.4265,0.4375,0.4237,0.4273,2872485.0
2023-06-30 13:30:00,0.4273,0.4273,0.3901,0.4025,5125875.0
2023-06-30 13:45:00,0.4025,0.4059,0.3888,0.4053,2982218.0
2023-06-30 14:00:00,0.4054,0.4223,0.4025,0.4198,2527123.0
2023-06-30 14:15:00,0.4191,0.4236,0.4068,0.4168,2487437.0
2023-06-30 14:30:00,0.417,0.4194,0.4053,0.4093,1229328.0
2023-06-30 14:45:00,0.4095,0.4147,0.4067,0.4124,890410.0
2023-06-30 15:00:00,0.4124,0.4188,0.409,0.4147,773132.0
2023-06-30 15:15:00,0.4147,0.4186,0.41,0.4104,690146.0
2023-06-30 15:30:00,0.4108,0.417,0.4108,0.4145,462898.0
2023-06-30 15:45:00,0.4144,0.4146,0.4079,0.4113,605126.0
2023-06-30 16:00:00,0.4119,0.415,0.4071,0.4118,753017.0
2023-06-30 16:15:00,0.411,0.4185,0.411,0.418,571660.0
2023-06-30 16:30:00,0.418,0.4184,0.41,0.4159,790741.0
2023-06-30 16:45:00,0.4154,0.425,0.4149,0.4177,1396174.0
2023-06-30 17:00:00,0.417,0.427,0.4155,0.4211,1031799.0
2023-06-30 17:15:00,0.4202,0.4326,0.4201,0.428,1064453.0
2023-06-30 17:30:00,0.4275,0.44,0.4227,0.4321,1234319.0
2023-06-30 17:45:00,0.432,0.4333,0.424,0.424,807560.0
2023-06-30 18:00:00,0.4246,0.4278,0.4162,0.4216,695507.0
2023-06-30 18:15:00,0.421,0.4242,0.4181,0.4217,539319.0
2023-06-30 18:30:00,0.4226,0.4298,0.4217,0.4275,572556.0
2023-06-30 18:45:00,0.4275,0.4369,0.4268,0.429,717385.0
2023-06-30 19:00:00,0.4291,0.438,0.4285,0.4346,551603.0
2023-06-30 19:15:00,0.4346,0.4383,0.4329,0.4334,374457.0
2023-06-30 19:30:00,0.4334,0.4344,0.4318,0.4333,434529.0
2023-06-30 19:45:00,0.4332,0.4333,0.4263,0.4292,469726.0
2023-06-30 20:00:00,0.4293,0.4357,0.4291,0.4342,379349.0
2023-06-30 20:15:00,0.4342,0.4359,0.4314,0.432,266942.0
2023-06-30 20:30:00,0.4323,0.4356,0.4295,0.435,208616.0
2023-06-30 20:45:00,0.435,0.4352,0.4314,0.4337,263412.0
2023-06-30 21:00:00,0.4341,0.4341,0.4188,0.4251,1080948.0
2023-06-30 21:15:00,0.4251,0.4284,0.4251,0.4256,336097.0
2023-06-30 21:30:00,0.4255,0.4265,0.4183,0.4195,611559.0
2023-06-30 21:45:00,0.4195,0.42,0.4038,0.4115,1137261.0
2023-06-30 22:00:00,0.4114,0.4155,0.4085,0.4129,543872.0
2023-06-30 22:15:00,0.4134,0.4179,0.4119,0.412,240970.0
2023-06-30 22:30:00,0.4116,0.4151,0.4116,0.4146,94372.0
2023-06-30 22:45:00,0.4149,0.4166,0.4146,0.416,160888.0
2023-06-30 23:00:00,0.4156,0.416,0.4072,0.4103,745181.0
2023-06-30 23:15:00,0.4103,0.4118,0.406,0.4102,313854.0
2023-06-30 23:30:00,0.4108,0.4142,0.4103,0.4114,287260.0
2023-06-30 23:45:00,0.4113,0.4115,0.4064,0.4092,299967.0
2023-07-01 00:00:00,0.409,0.4113,0.4064,0.4091,365313.0
2023-07-01 00:15:00,0.4091,0.4127,0.4024,0.4077,818949.0
2023-07-01 00:30:00,0.4077,0.4189,0.4072,0.4147,582299.0
2023-07-01 00:45:00,0.415,0.4155,0.405,0.4073,460950.0
2023-07-01 01:00:00,0.4073,0.4118,0.4054,0.4099,293887.0
2023-07-01 01:15:00,0.4099,0.4197,0.4088,0.4131,333596.0
2023-07-01 01:30:00,0.4131,0.4256,0.4103,0.412,892468.0
2023-07-01 01:45:00,0.4128,0.4144,0.4085,0.4098,436762.0
2023-07-01 02:00:00,0.4105,0.4131,0.3947,0.4003,1566305.0
2023-07-01 02:15:00,0.4012,0.4043,0.3975,0.4036,371623.0
2023-07-01 02:30:00,0.404,0.4042,0.3968,0.4014,304566.0
2023-07-01 02:45:00,0.4013,0.4032,0.3979,0.4017,319774.0
2023-07-01 03:00:00,0.4012,0.409,0.4012,0.4074,397943.0
2023-07-01 03:15:00,0.4074,0.4088,0.404,0.4063,277822.0
2023-07-01 03:30:00,0.4062,0.4133,0.4061,0.41,499874.0
2023-07-01 03:45:00,0.41,0.4143,0.4089,0.4108,370280.0
2023-07-01 04:00:00,0.4109,0.4152,0.4099,0.41,333269.0
2023-07-01 04:15:00,0.4107,0.4113,0.4055,0.4078,337354.0
2023-07-01 04:30:00,0.4072,0.4098,0.4042,0.4058,210543.0
2023-07-01 04:45:00,0.4058,0.408,0.4042,0.4065,154840.0
2023-07-01 05:00:00,0.4062,0.4062,0.4035,0.4055,186478.0
2023-07-01 05:15:00,0.4056,0.4085,0.4023,0.4037,559501.0
2023-07-01 05:30:00,0.4033,0.4075,0.4,0.4027,356705.0
2023-07-01 05:45:00,0.4024,0.406,0.4021,0.4048,149435.0
2023-07-01 06:00:00,0.4052,0.406,0.4045,0.4052,207765.0
2023-07-01 06:15:00,0.4053,0.4069,0.4033,0.4064,181546.0
2023-07-01 06:30:00,0.4068,0.4069,0.4026,0.4042,123353.0
2023-07-01 06:45:00,0.4042,0.4055,0.4035,0.4035,146415.0
2023-07-01 07:00:00,0.4034,0.4036,0.3991,0.4005,311469.0
2023-07-01 07:15:00,0.4008,0.4009,0.396,0.3991,285503.0
2023-07-01 07:30:00,0.3991,0.4043,0.3991,0.4043,204286.0
2023-07-01 07:45:00,0.4044,0.406,0.4026,0.403,207499.0
2023-07-01 08:00:00,0.4031,0.4056,0.4011,0.4045,290797.0
2023-07-01 08:15:00,0.4046,0.4088,0.403,0.4087,317594.0
2023-07-01 08:30:00,0.4086,0.414,0.4073,0.4084,1332693.0
2023-07-01 08:45:00,0.4089,0.414,0.4075,0.4138,450497.0
2023-07-01 09:00:00,0.4138,0.4138,0.4096,0.4098,454700.0
2023-07-01 09:15:00,0.4098,0.4147,0.4097,0.4123,359974.0
2023-07-01 09:30:00,0.4118,0.4154,0.4117,0.4149,378030.0
2023-07-01 09:45:00,0.4149,0.42,0.412,0.4123,1011052.0
2023-07-01 10:00:00,0.4125,0.4152,0.4109,0.414,373485.0
2023-07-01 10:15:00,0.4136,0.4148,0.4078,0.4081,415588.0
2023-07-01 10:30:00,0.4086,0.41,0.407,0.4072,286391.0
2023-07-01 10:45:00,0.4071,0.41,0.406,0.4094,360487.0
2023-07-01 11:00:00,0.4094,0.4112,0.405,0.4067,412753.0
2023-07-01 11:15:00,0.4064,0.4092,0.4056,0.4089,206895.0
2023-07-01 11:30:00,0.4092,0.41,0.4074,0.4098,231749.0
2023-07-01 11:45:00,0.4098,0.4129,0.4083,0.4087,250276.0
2023-07-01 12:00:00,0.4086,0.4125,0.4085,0.4119,218776.0
2023-07-01 12:15:00,0.4119,0.454,0.4113,0.4474,8030366.0
2023-07-01 12:30:00,0.4467,0.4544,0.433,0.4356,5824886.0
2023-07-01 12:45:00,0.4362,0.4384,0.4279,0.4308,2064124.0
2023-07-01 13:00:00,0.4308,0.4397,0.4288,0.4325,2089631.0
2023-07-01 13:15:00,0.433,0.442,0.4329,0.4348,1030941.0
2023-07-01 13:30:00,0.4348,0.446,0.4343,0.4423,1050271.0
2023-07-01 13:45:00,0.4423,0.4431,0.4301,0.432,872452.0
2023-07-01 14:00:00,0.432,0.436,0.4223,0.4323,1415366.0
2023-07-01 14:15:00,0.4318,0.4443,0.4276,0.436,1333722.0
2023-07-01 14:30:00,0.436,0.44,0.4291,0.4316,735894.0
2023-07-01 14:45:00,0.4314,0.435,0.43,0.4312,461441.0
2023-07-01 15:00:00,0.4315,0.4357,0.4303,0.4339,196797.0
2023-07-01 15:15:00,0.434,0.4368,0.4315,0.433,232226.0
2023-07-01 15:30:00,0.433,0.4395,0.4308,0.437,577964.0
2023-07-01 15:45:00,0.4372,0.4409,0.4343,0.4357,421977.0
2023-07-01 16:00:00,0.4364,0.4392,0.432,0.4324,355793.0
2023-07-01 16:15:00,0.4324,0.4324,0.42,0.4223,1209948.0
2023-07-01 16:30:00,0.4224,0.4268,0.4222,0.4256,339365.0
2023-07-01 16:45:00,0.4255,0.4287,0.4255,0.428,220217.0
2023-07-01 17:00:00,0.4276,0.4304,0.4228,0.4281,726362.0
2023-07-01 17:15:00,0.428,0.4292,0.4231,0.4246,239266.0
2023-07-01 17:30:00,0.4243,0.4295,0.421,0.427,362792.0
2023-07-01 17:45:00,0.427,0.427,0.4224,0.4255,132536.0
2023-07-01 18:00:00,0.4255,0.4319,0.4255,0.4281,363911.0
2023-07-01 18:15:00,0.4282,0.4337,0.4267,0.431,186355.0
2023-07-01 18:30:00,0.431,0.434,0.4296,0.4336,92957.0
2023-07-01 18:45:00,0.4336,0.4337,0.4296,0.4321,379887.0
2023-07-01 19:00:00,0.4316,0.432,0.43,0.43,111472.0
2023-07-01 19:15:00,0.4301,0.4305,0.4282,0.4305,143637.0
2023-07-01 19:30:00,0.4305,0.4308,0.429,0.4296,79652.0
2023-07-01 19:45:00,0.4296,0.43,0.4259,0.4269,110800.0
2023-07-01 20:00:00,0.4274,0.4283,0.4233,0.4233,62513.0
2023-07-01 20:15:00,0.4233,0.4299,0.4229,0.4254,262394.0
2023-07-01 20:30:00,0.4254,0.4289,0.4242,0.4265,158087.0
2023-07-01 20:45:00,0.4265,0.4276,0.4236,0.4256,37678.0
2023-07-01 21:00:00,0.4252,0.4261,0.4241,0.4261,30323.0
2023-07-01 21:15:00,0.4261,0.4267,0.4236,0.4242,93948.0
2023-07-01 21:30:00,0.425,0.4285,0.4243,0.4282,114226.0
2023-07-01 21:45:00,0.428,0.4311,0.4275,0.4305,141750.0
2023-07-01 22:00:00,0.4312,0.4362,0.43,0.4345,323411.0
2023-07-01 22:15:00,0.4348,0.4379,0.4311,0.4348,318375.0
2023-07-01 22:30:00,0.4348,0.4386,0.4319,0.437,335293.0
2023-07-01 22:45:00,0.4364,0.439,0.4328,0.4384,464686.0
2023-07-01 23:00:00,0.4384,0.4388,0.4349,0.4349,161695.0
2023-07-01 23:15:00,0.4348,0.4374,0.4332,0.4334,171368.0
2023-07-01 23:30:00,0.4335,0.4355,0.4296,0.4323,313211.0
2023-07-01 23:45:00,0.432,0.433,0.43,0.433,143211.0
2023-07-02 00:00:00,0.4329,0.4338,0.4244,0.4265,376353.0
2023-07-02 00:15:00,0.4265,0.4309,0.426,0.4309,195559.0
2023-07-02 00:30:00,0.4309,0.4316,0.4265,0.4294,95807.0
2023-07-02 00:45:00,0.4293,0.4307,0.3898,0.4036,6140752.0
2023-07-02 01:00:00,0.4038,0.4068,0.3975,0.4051,1538522.0
2023-07-02 01:15:00,0.4047,0.406,0.4,0.4038,665445.0
2023-07-02 01:30:00,0.4041,0.4077,0.4037,0.4064,348761.0
2023-07-02 01:45:00,0.4066,0.408,0.4041,0.4061,281801.0
2023-07-02 02:00:00,0.4061,0.4118,0.4056,0.41,441113.0
2023-07-02 02:15:00,0.4096,0.414,0.408,0.414,623889.0
2023-07-02 02:30:00,0.414,0.4146,0.4088,0.4114,320284.0
2023-07-02 02:45:00,0.4111,0.4115,0.4053,0.4083,283735.0
2023-07-02 03:00:00,0.4081,0.4091,0.4059,0.406,165600.0
2023-07-02 03:15:00,0.4064,0.4088,0.406,0.4088,148991.0
2023-07-02 03:30:00,0.4085,0.4096,0.4052,0.4054,240613.0
2023-07-02 03:45:00,0.4052,0.4086,0.4034,0.4086,518424.0
2023-07-02 04:00:00,0.4084,0.4087,0.4004,0.4016,402061.0
2023-07-02 04:15:00,0.4022,0.4078,0.402,0.4078,202661.0
2023-07-02 04:30:00,0.4078,0.4081,0.4039,0.4046,140551.0
2023-07-02 04:45:00,0.4046,0.4069,0.404,0.4057,110279.0
2023-07-02 05:00:00,0.4057,0.4064,0.4017,0.4028,214124.0
2023-07-02 05:15:00,0.4028,0.4046,0.4021,0.4039,235846.0
2023-07-02 05:30:00,0.4039,0.4084,0.4039,0.4071,176712.0
2023-07-02 05:45:00,0.4071,0.4084,0.405,0.408,136276.0
2023-07-02 06:00:00,0.408,0.4095,0.406,0.4065,196666.0
2023-07-02 06:15:00,0.4065,0.4118,0.4055,0.4106,171777.0
2023-07-02 06:30:00,0.4106,0.4112,0.408,0.4088,179146.0
2023-07-02 06:45:00,0.4088,0.411,0.4086,0.4094,98681.0
2023-07-02 07:00:00,0.4099,0.4101,0.407,0.4075,109180.0
2023-07-02 07:15:00,0.4075,0.412,0.4064,0.4088,188643.0
2023-07-02 07:30:00,0.4095,0.4119,0.408,0.411,173040.0
2023-07-02 07:45:00,0.411,0.412,0.4091,0.4105,92494.0
2023-07-02 08:00:00,0.4107,0.4111,0.4065,0.4069,192560.0
2023-07-02 08:15:00,0.4072,0.4102,0.4069,0.4099,133989.0
2023-07-02 08:30:00,0.4091,0.4099,0.4065,0.4067,248819.0
2023-07-02 08:45:00,0.4067,0.4083,0.406,0.406,128639.0
2023-07-02 09:00:00,0.406,0.406,0.4013,0.4048,421342.0
2023-07-02 09:15:00,0.4053,0.406,0.4027,0.4038,225190.0
2023-07-02 09:30:00,0.4038,0.4054,0.4,0.4038,724345.0
2023-07-02 09:45:00,0.4039,0.4098,0.4036,0.4049,366182.0
2023-07-02 10:00:00,0.4047,0.4073,0.4031,0.4063,218506.0
2023-07-02 10:15:00,0.4063,0.4074,0.4037,0.4064,199135.0
2023-07-02 10:30:00,0.4064,0.407,0.405,0.4052,70783.0
2023-07-02 10:45:00,0.4053,0.4063,0.4044,0.4044,119841.0
2023-07-02 11:00:00,0.4044,0.407,0.4043,0.4068,87214.0
2023-07-02 11:15:00,0.4068,0.4098,0.4068,0.4091,337291.0
2023-07-02 11:30:00,0.4089,0.4095,0.4067,0.4087,212683.0
2023-07-02 11:45:00,0.4084,0.409,0.4065,0.4069,235306.0
2023-07-02 12:00:00,0.4068,0.4074,0.4043,0.4052,183591.0
2023-07-02 12:15:00,0.4053,0.407,0.403,0.4037,283133.0
2023-07-02 12:30:00,0.4039,0.4056,0.4032,0.4054,240733.0
2023-07-02 12:45:00,0.4055,0.406,0.4032,0.404,205722.0
2023-07-02 13:00:00,0.404,0.406,0.4032,0.4048,140181.0
2023-07-02 13:15:00,0.4049,0.4069,0.4036,0.4046,140142.0
2023-07-02 13:30:00,0.4046,0.4056,0.4037,0.4039,95309.0
2023-07-02 13:45:00,0.4039,0.4055,0.4039,0.4048,74818.0
2023-07-02 14:00:00,0.4047,0.4083,0.4039,0.406,342701.0
2023-07-02 14:15:00,0.406,0.4064,0.4038,0.4062,338480.0
2023-07-02 14:30:00,0.406,0.408,0.4049,0.4078,198210.0
2023-07-02 14:45:00,0.4078,0.4098,0.4067,0.4089,388624.0
2023-07-02 15:00:00,0.4092,0.4125,0.408,0.4093,753278.0
2023-07-02 15:15:00,0.4094,0.4094,0.4,0.4049,504694.0
2023-07-02 15:30:00,0.405,0.4061,0.4039,0.4047,487957.0
2023-07-02 15:45:00,0.4047,0.4066,0.4044,0.4058,167489.0
2023-07-02 16:00:00,0.4057,0.4067,0.4045,0.405,230794.0
2023-07-02 16:15:00,0.405,0.4061,0.4021,0.4033,304889.0
2023-07-02 16:30:00,0.4032,0.4053,0.4032,0.4038,136040.0
2023-07-02 16:45:00,0.4038,0.4055,0.4037,0.4045,145691.0
2023-07-02 17:00:00,0.4045,0.4055,0.4043,0.4043,70939.0
2023-07-02 17:15:00,0.4045,0.4048,0.4038,0.404,66172.0
2023-07-02 17:30:00,0.404,0.4046,0.403,0.4037,83426.0
2023-07-02 17:45:00,0.404,0.4048,0.4037,0.4038,56066.0
2023-07-02 18:00:00,0.4036,0.4044,0.4034,0.4041,225275.0
2023-07-02 18:15:00,0.4042,0.4056,0.404,0.4055,140212.0
2023-07-02 18:30:00,0.4054,0.4054,0.4038,0.4038,105234.0
2023-07-02 18:45:00,0.4038,0.4052,0.4038,0.4045,102638.0
2023-07-02 19:00:00,0.4045,0.4052,0.404,0.4048,80790.0
2023-07-02 19:15:00,0.4046,0.4059,0.4039,0.4052,254109.0
2023-07-02 19:30:00,0.4053,0.4061,0.4053,0.406,76908.0
2023-07-02 19:45:00,0.4059,0.4077,0.4056,0.4072,150716.0
2023-07-02 20:00:00,0.4072,0.408,0.4058,0.4075,159735.0
2023-07-02 20:15:00,0.4075,0.4104,0.4075,0.4102,481746.0
2023-07-02 20:30:00,0.4102,0.4104,0.4087,0.4092,226379.0
2023-07-02 20:45:00,0.4092,0.4145,0.4089,0.4136,376020.0
2023-07-02 21:00:00,0.4138,0.415,0.4105,0.4145,259322.0
2023-07-02 21:15:00,0.4138,0.4143,0.4074,0.4089,348706.0
2023-07-02 21:30:00,0.4085,0.4094,0.4074,0.4074,176625.0
2023-07-02 21:45:00,0.4074,0.4088,0.4034,0.405,396147.0
2023-07-02 22:00:00,0.405,0.4066,0.4042,0.406,138495.0
2023-07-02 22:15:00,0.406,0.4092,0.4054,0.4088,151285.0
2023-07-02 22:30:00,0.4088,0.4126,0.4064,0.4097,385117.0
2023-07-02 22:45:00,0.4094,0.4129,0.4065,0.4098,272118.0
2023-07-02 23:00:00,0.4099,0.412,0.4097,0.4114,191292.0
2023-07-02 23:15:00,0.4114,0.4116,0.4093,0.4111,119727.0
2023-07-02 23:30:00,0.4112,0.414,0.4086,0.4105,389210.0
2023-07-02 23:45:00,0.4108,0.4123,0.4087,0.4107,129286.0
2023-07-03 00:00:00,0.4105,0.4198,0.4102,0.4177,547567.0
2023-07-03 00:15:00,0.4171,0.4219,0.4133,0.4151,446097.0
2023-07-03 00:30:00,0.4151,0.42,0.4145,0.419,168635.0
2023-07-03 00:45:00,0.419,0.4197,0.4141,0.4142,267004.0
2023-07-03 01:00:00,0.4146,0.4211,0.4146,0.4211,235368.0
2023-07-03 01:15:00,0.421,0.4263,0.4181,0.4245,486931.0
2023-07-03 01:30:00,0.4245,0.4311,0.4211,0.4248,1031452.0
2023-07-03 01:45:00,0.4244,0.426,0.4229,0.4245,328385.0
2023-07-03 02:00:00,0.4246,0.4285,0.4226,0.4252,469758.0
2023-07-03 02:15:00,0.4252,0.4312,0.4252,0.4295,597262.0
2023-07-03 02:30:00,0.429,0.4308,0.418,0.4218,642759.0
2023-07-03 02:45:00,0.4219,0.424,0.4197,0.4211,196736.0
2023-07-03 03:00:00,0.4217,0.4224,0.417,0.4201,293845.0
2023-07-03 03:15:00,0.4201,0.4215,0.4188,0.4215,264434.0
2023-07-03 03:30:00,0.4215,0.429,0.4215,0.4226,969955.0
2023-07-03 03:45:00,0.4227,0.4239,0.42,0.4239,408701.0
2023-07-03 04:00:00,0.4233,0.4279,0.4209,0.4272,480295.0
2023-07-03 04:15:00,0.4272,0.4358,0.4272,0.433,1376991.0
2023-07-03 04:30:00,0.4338,0.4339,0.4265,0.43,473767.0
2023-07-03 04:45:00,0.4297,0.4303,0.4266,0.428,243407.0
2023-07-03 05:00:00,0.428,0.4328,0.4277,0.4305,331292.0
2023-07-03 05:15:00,0.4306,0.4334,0.4296,0.4326,339937.0
2023-07-03 05:30:00,0.4326,0.4352,0.4293,0.4308,341254.0
2023-07-03 05:45:00,0.4314,0.4315,0.422,0.4283,365671.0
2023-07-03 06:00:00,0.428,0.429,0.4218,0.4259,241011.0
2023-07-03 06:15:00,0.426,0.426,0.4189,0.4235,607644.0
2023-07-03 06:30:00,0.4238,0.4257,0.4202,0.425,575330.0
2023-07-03 06:45:00,0.425,0.4267,0.4247,0.4267,295575.0
2023-07-03 07:00:00,0.4265,0.4274,0.425,0.4274,217147.0
2023-07-03 07:15:00,0.4275,0.4325,0.4266,0.4318,422827.0
2023-07-03 07:30:00,0.4318,0.4392,0.4312,0.4343,958443.0
2023-07-03 07:45:00,0.435,0.4485,0.4321,0.4396,2296772.0
2023-07-03 08:00:00,0.44,0.4523,0.4387,0.4486,2696877.0
2023-07-03 08:15:00,0.4483,0.4487,0.4376,0.4407,1254775.0
2023-07-03 08:30:00,0.4406,0.4433,0.4364,0.441,719616.0
2023-07-03 08:45:00,0.4415,0.4415,0.4336,0.4381,848558.0
2023-07-03 09:00:00,0.4387,0.4429,0.4368,0.4418,491461.0
2023-07-03 09:15:00,0.4418,0.448,0.4415,0.4443,604537.0
2023-07-03 09:30:00,0.4443,0.4443,0.438,0.4407,478934.0
2023-07-03 09:45:00,0.44,0.4434,0.435,0.436,643551.0
2023-07-03 10:00:00,0.436,0.439,0.4278,0.4337,1292413.0
2023-07-03 10:15:00,0.4337,0.4349,0.4217,0.4286,1841493.0
2023-07-03 10:30:00,0.4287,0.4315,0.425,0.4297,942039.0
2023-07-03 10:45:00,0.4297,0.4301,0.4259,0.4287,312783.0
2023-07-03 11:00:00,0.4289,0.4312,0.4266,0.431,280487.0
2023-07-03 11:15:00,0.4308,0.433,0.4304,0.4323,355006.0
2023-07-03 11:30:00,0.432,0.4338,0.4285,0.4295,423025.0
2023-07-03 11:45:00,0.4295,0.4302,0.4288,0.4293,169056.0
2023-07-03 12:00:00,0.4298,0.4305,0.4256,0.427,291146.0
2023-07-03 12:15:00,0.4267,0.4271,0.4198,0.4245,1080656.0
2023-07-03 12:30:00,0.4242,0.4271,0.4241,0.4261,220074.0
2023-07-03 12:45:00,0.4265,0.4266,0.4232,0.4238,366494.0
2023-07-03 13:00:00,0.4239,0.4281,0.4239,0.4255,320096.0
2023-07-03 13:15:00,0.4255,0.4293,0.4252,0.4286,288050.0
2023-07-03 13:30:00,0.429,0.4291,0.426,0.4281,281221.0
2023-07-03 13:45:00,0.4281,0.4289,0.423,0.4244,411437.0
2023-07-03 14:00:00,0.4241,0.4255,0.422,0.4227,670441.0
2023-07-03 14:15:00,0.4228,0.4248,0.4199,0.4246,763190.0
2023-07-03 14:30:00,0.4246,0.4247,0.422,0.4235,257341.0
2023-07-03 14:45:00,0.4231,0.4255,0.4231,0.4252,439433.0
2023-07-03 15:00:00,0.4252,0.4285,0.4244,0.426,631192.0
2023-07-03 15:15:00,0.4256,0.4276,0.4255,0.4273,183325.0
2023-07-03 15:30:00,0.4271,0.4298,0.427,0.4298,408511.0
2023-07-03 15:45:00,0.4298,0.43,0.4253,0.4274,287415.0
2023-07-03 16:00:00,0.4274,0.4275,0.4214,0.423,701697.0
2023-07-03 16:15:00,0.423,0.4249,0.4204,0.4247,322646.0
2023-07-03 16:30:00,0.4248,0.427,0.4228,0.4243,278916.0
2023-07-03 16:45:00,0.4241,0.426,0.4227,0.4248,181375.0
2023-07-03 17:00:00,0.4248,0.4259,0.4236,0.4243,114687.0
2023-07-03 17:15:00,0.4242,0.4285,0.4236,0.4263,222338.0
2023-07-03 17:30:00,0.4268,0.43,0.4264,0.4285,293693.0
2023-07-03 17:45:00,0.4286,0.4286,0.4258,0.4258,112593.0
2023-07-03 18:00:00,0.426,0.4282,0.4246,0.4279,127232.0
2023-07-03 18:15:00,0.4279,0.4289,0.4248,0.4252,202571.0
2023-07-03 18:30:00,0.4252,0.4253,0.4228,0.4249,157746.0
2023-07-03 18:45:00,0.4247,0.428,0.4247,0.4265,254951.0
2023-07-03 19:00:00,0.4265,0.4277,0.424,0.4245,220164.0
2023-07-03 19:15:00,0.4246,0.4254,0.4245,0.4248,87030.0
2023-07-03 19:30:00,0.4246,0.4275,0.4223,0.427,188958.0
2023-07-03 19:45:00,0.427,0.428,0.4256,0.4265,126968.0
2023-07-03 20:00:00,0.4269,0.4279,0.4247,0.4252,145592.0
2023-07-03 20:15:00,0.4247,0.4252,0.4235,0.4249,83874.0
2023-07-03 20:30:00,0.4249,0.4258,0.4243,0.4258,72497.0
2023-07-03 20:45:00,0.4257,0.4293,0.4251,0.4293,181126.0
2023-07-03 21:00:00,0.4289,0.4349,0.4281,0.4327,463619.0
2023-07-03 21:15:00,0.4325,0.4336,0.43,0.4331,178232.0
2023-07-03 21:30:00,0.4335,0.4336,0.4284,0.4303,302786.0
2023-07-03 21:45:00,0.4304,0.433,0.43,0.4302,221752.0
2023-07-03 22:00:00,0.4306,0.438,0.4306,0.4348,375581.0
2023-07-03 22:15:00,0.4347,0.44,0.4321,0.4386,285929.0
2023-07-03 22:30:00,0.4386,0.44,0.4325,0.4328,270546.0
2023-07-03 22:45:00,0.4329,0.4361,0.4329,0.4353,272817.0
2023-07-03 23:00:00,0.435,0.436,0.432,0.4351,179278.0
2023-07-03 23:15:00,0.4351,0.436,0.4334,0.4354,368128.0
2023-07-03 23:30:00,0.4354,0.4355,0.4301,0.432,209283.0
2023-07-03 23:45:00,0.432,0.4332,0.43,0.4317,225661.0
2023-07-04 00:00:00,0.4317,0.434,0.427,0.4288,406470.0
2023-07-04 00:15:00,0.4288,0.432,0.4277,0.4319,362716.0
2023-07-04 00:30:00,0.4319,0.4407,0.4319,0.4373,420051.0
2023-07-04 00:45:00,0.4375,0.4427,0.4368,0.438,289844.0
2023-07-04 01:00:00,0.4373,0.4567,0.4352,0.4524,1644682.0
2023-07-04 01:15:00,0.4522,0.465,0.4511,0.4594,2601884.0
2023-07-04 01:30:00,0.4593,0.4594,0.4445,0.4478,1252842.0
2023-07-04 01:45:00,0.448,0.45,0.4345,0.4464,1673048.0
2023-07-04 02:00:00,0.4466,0.45,0.4432,0.4461,643715.0
2023-07-04 02:15:00,0.4461,0.4461,0.4396,0.4429,342428.0
2023-07-04 02:30:00,0.4429,0.4449,0.438,0.4425,402214.0
2023-07-04 02:45:00,0.4425,0.4434,0.438,0.4414,290659.0
2023-07-04 03:00:00,0.4415,0.4439,0.4357,0.4431,387635.0
2023-07-04 03:15:00,0.4431,0.4502,0.443,0.4456,668687.0
2023-07-04 03:30:00,0.4458,0.4529,0.4434,0.451,563783.0
2023-07-04 03:45:00,0.4509,0.4598,0.4481,0.4535,846657.0
2023-07-04 04:00:00,0.4528,0.4532,0.4452,0.4452,561408.0
2023-07-04 04:15:00,0.4452,0.447,0.4388,0.4438,309205.0
2023-07-04 04:30:00,0.4438,0.445,0.4415,0.4428,384087.0
2023-07-04 04:45:00,0.4428,0.4445,0.4388,0.4406,279143.0
2023-07-04 05:00:00,0.4405,0.4427,0.4351,0.4375,334601.0
2023-07-04 05:15:00,0.4374,0.4429,0.4371,0.4395,417688.0
2023-07-04 05:30:00,0.4391,0.4402,0.4372,0.4376,264057.0
2023-07-04 05:45:00,0.4376,0.4376,0.432,0.4328,486524.0
2023-07-04 06:00:00,0.4328,0.4375,0.431,0.4374,395639.0
2023-07-04 06:15:00,0.4374,0.44,0.4359,0.4375,531131.0
2023-07-04 06:30:00,0.4375,0.45,0.4358,0.4456,1140339.0
2023-07-04 06:45:00,0.4459,0.449,0.438,0.4384,445555.0
2023-07-04 07:00:00,0.4381,0.45,0.4371,0.443,495128.0
2023-07-04 07:15:00,0.4434,0.4505,0.4424,0.4462,559725.0
2023-07-04 07:30:00,0.4464,0.4474,0.4401,0.4402,367183.0
2023-07-04 07:45:00,0.4402,0.4414,0.4367,0.4374,629117.0
2023-07-04 08:00:00,0.4374,0.4425,0.4358,0.4395,718575.0
2023-07-04 08:15:00,0.4395,0.4402,0.4364,0.4396,237557.0
2023-07-04 08:30:00,0.4396,0.443,0.4392,0.4406,238369.0
2023-07-04 08:45:00,0.4411,0.4412,0.4377,0.4389,349550.0
2023-07-04 09:00:00,0.4389,0.446,0.4355,0.4443,365619.0
2023-07-04 09:15:00,0.4441,0.4515,0.4441,0.4464,729564.0
2023-07-04 09:30:00,0.4472,0.448,0.4447,0.448,294506.0
2023-07-04 09:45:00,0.4479,0.4496,0.4452,0.4467,331683.0
2023-07-04 10:00:00,0.4468,0.4572,0.4456,0.4521,832745.0
2023-07-04 10:15:00,0.4521,0.4584,0.449,0.4558,684617.0
2023-07-04 10:30:00,0.4558,0.458,0.452,0.4529,489078.0
2023-07-04 10:45:00,0.4529,0.4581,0.4527,0.4561,681224.0
2023-07-04 11:00:00,0.4561,0.4563,0.446,0.451,1005199.0
2023-07-04 11:15:00,0.4507,0.451,0.447,0.4503,354045.0
2023-07-04 11:30:00,0.4502,0.4534,0.4476,0.4532,291338.0
2023-07-04 11:45:00,0.4533,0.4551,0.4507,0.4542,213313.0
2023-07-04 12:00:00,0.454,0.4551,0.4488,0.45,432390.0
2023-07-04 12:15:00,0.4498,0.465,0.4498,0.463,1206830.0
2023-07-04 12:30:00,0.4632,0.484,0.4615,0.4703,3615775.0
2023-07-04 12:45:00,0.4703,0.4769,0.4665,0.471,2037725.0
2023-07-04 13:00:00,0.4704,0.4799,0.46,0.4767,1520637.0
2023-07-04 13:15:00,0.4763,0.4766,0.4669,0.4693,924913.0
2023-07-04 13:30:00,0.4697,0.4697,0.4623,0.4666,580143.0
2023-07-04 13:45:00,0.4666,0.4687,0.464,0.468,520531.0
2023-07-04 14:00:00,0.4679,0.475,0.4621,0.4743,823161.0
2023-07-04 14:15:00,0.4742,0.4841,0.4696,0.4812,1559941.0
2023-07-04 14:30:00,0.4808,0.4943,0.48,0.4916,4447135.0
2023-07-04 14:45:00,0.4917,0.5,0.4843,0.4927,3525485.0
2023-07-04 15:00:00,0.4926,0.4988,0.4841,0.4928,2241880.0
2023-07-04 15:15:00,0.4928,0.4983,0.486,0.4866,1806140.0
2023-07-04 15:30:00,0.4867,0.4934,0.4815,0.4909,1718638.0
2023-07-04 15:45:00,0.4909,0.499,0.4902,0.4923,1685082.0
2023-07-04 16:00:00,0.4915,0.5,0.4899,0.4959,2275065.0
2023-07-04 16:15:00,0.4963,0.56,0.4961,0.5457,11377257.0
2023-07-04 16:30:00,0.5455,0.5599,0.5368,0.5496,5422293.0
2023-07-04 16:45:00,0.5503,0.552,0.5245,0.535,4489734.0
2023-07-04 17:00:00,0.5343,0.548,0.533,0.5388,1745855.0
2023-07-04 17:15:00,0.5389,0.5628,0.517,0.5196,4833618.0
2023-07-04 17:30:00,0.52,0.5231,0.507,0.5156,3535676.0
2023-07-04 17:45:00,0.5156,0.53,0.5156,0.5207,1398031.0
2023-07-04 18:00:00,0.5209,0.5223,0.513,0.52,750671.0
2023-07-04 18:15:00,0.52,0.5379,0.516,0.5284,1470625.0
2023-07-04 18:30:00,0.5283,0.532,0.5076,0.5129,2501597.0
2023-07-04 18:45:00,0.5128,0.5157,0.502,0.5113,1258997.0
2023-07-04 19:00:00,0.5111,0.5242,0.5045,0.5078,2011450.0
2023-07-04 19:15:00,0.5069,0.5168,0.5065,0.5111,721940.0
2023-07-04 19:30:00,0.511,0.5177,0.5093,0.5132,777136.0
2023-07-04 19:45:00,0.5131,0.5134,0.5019,0.5071,611437.0
2023-07-04 20:00:00,0.5071,0.5299,0.5036,0.5176,998407.0
2023-07-04 20:15:00,0.5177,0.5184,0.5133,0.5178,298968.0
2023-07-04 20:30:00,0.5178,0.5225,0.5115,0.518,541000.0
2023-07-04 20:45:00,0.518,0.52,0.515,0.5195,388433.0
2023-07-04 21:00:00,0.5195,0.5195,0.5121,0.5156,722484.0
2023-07-04 21:15:00,0.5156,0.516,0.5094,0.5146,391164.0
2023-07-04 21:30:00,0.5146,0.5235,0.5109,0.5235,717336.0
2023-07-04 21:45:00,0.523,0.525,0.5172,0.5227,706220.0
2023-07-04 22:00:00,0.5223,0.5236,0.5132,0.5165,605906.0
2023-07-04 22:15:00,0.5164,0.5164,0.512,0.5128,326917.0
2023-07-04 22:30:00,0.5128,0.5143,0.5088,0.5137,501538.0
2023-07-04 22:45:00,0.5137,0.5228,0.5115,0.5207,445409.0
2023-07-04 23:00:00,0.5201,0.5369,0.5162,0.5365,1070408.0
2023-07-04 23:15:00,0.5364,0.5365,0.5188,0.5244,999862.0
2023-07-04 23:30:00,0.5246,0.5297,0.518,0.5193,686683.0
2023-07-04 23:45:00,0.5193,0.5251,0.5075,0.508,634397.0
2023-07-05 00:00:00,0.508,0.5102,0.482,0.4855,3902170.0
2023-07-05 00:15:00,0.4854,0.4928,0.4836,0.4887,1050063.0
2023-07-05 00:30:00,0.4887,0.4964,0.485,0.49,1068317.0
2023-07-05 00:45:00,0.4897,0.4916,0.478,0.4812,1083437.0
2023-07-05 01:00:00,0.481,0.4908,0.4795,0.4884,825786.0
2023-07-05 01:15:00,0.4884,0.498,0.4879,0.4962,589024.0
2023-07-05 01:30:00,0.4959,0.4965,0.4644,0.4678,1498902.0
2023-07-05 01:45:00,0.4673,0.4753,0.467,0.4735,633191.0
2023-07-05 02:00:00,0.4735,0.48,0.4722,0.4731,669631.0
2023-07-05 02:15:00,0.4731,0.4793,0.4715,0.4755,316170.0
2023-07-05 02:30:00,0.4754,0.4764,0.4656,0.4744,1081581.0
2023-07-05 02:45:00,0.4745,0.4848,0.4745,0.4763,588417.0
2023-07-05 03:00:00,0.4763,0.4801,0.4753,0.4798,270592.0
2023-07-05 03:15:00,0.4804,0.482,0.475,0.4753,159032.0
2023-07-05 03:30:00,0.475,0.4786,0.4678,0.4744,732423.0
2023-07-05 03:45:00,0.4735,0.4744,0.4674,0.4701,385786.0
2023-07-05 04:00:00,0.47,0.4755,0.466,0.474,660957.0
2023-07-05 04:15:00,0.474,0.474,0.4675,0.4683,394094.0
2023-07-05 04:30:00,0.4684,0.4731,0.4617,0.4649,660587.0
2023-07-05 04:45:00,0.4651,0.4715,0.4619,0.4702,673547.0
2023-07-05 05:00:00,0.4701,0.4717,0.4648,0.4712,459330.0
2023-07-05 05:15:00,0.4717,0.474,0.467,0.4673,292480.0
2023-07-05 05:30:00,0.4672,0.4751,0.4664,0.4723,751453.0
2023-07-05 05:45:00,0.4723,0.473,0.4658,0.466,474312.0
2023-07-05 06:00:00,0.466,0.4696,0.4648,0.4682,311343.0
2023-07-05 06:15:00,0.4682,0.4761,0.466,0.4736,884095.0
2023-07-05 06:30:00,0.4742,0.4791,0.4718,0.4776,777540.0
2023-07-05 06:45:00,0.4777,0.4786,0.4738,0.4768,346018.0
2023-07-05 07:00:00,0.4768,0.4768,0.4681,0.4702,412000.0
2023-07-05 07:15:00,0.4702,0.4709,0.4651,0.4664,364335.0
2023-07-05 07:30:00,0.4664,0.4669,0.46,0.46,565356.0
2023-07-05 07:45:00,0.4601,0.4649,0.46,0.4606,564087.0
2023-07-05 08:00:00,0.4606,0.464,0.4525,0.4542,1303148.0
2023-07-05 08:15:00,0.4544,0.4572,0.4508,0.4548,1003125.0
2023-07-05 08:30:00,0.4552,0.4616,0.4552,0.4608,810112.0
2023-07-05 08:45:00,0.4609,0.462,0.4577,0.4613,391644.0
2023-07-05 09:00:00,0.4609,0.4644,0.4533,0.4553,1008066.0
2023-07-05 09:15:00,0.455,0.4562,0.4512,0.452,570385.0
2023-07-05 09:30:00,0.452,0.453,0.4415,0.4504,1646365.0
2023-07-05 09:45:00,0.4504,0.4517,0.4395,0.446,1697968.0
2023-07-05 10:00:00,0.4459,0.4479,0.4426,0.4454,952678.0
2023-07-05 10:15:00,0.4458,0.4458,0.441,0.4422,680677.0
2023-07-05 10:30:00,0.4423,0.444,0.4143,0.4268,3672381.0
2023-07-05 10:45:00,0.4266,0.4281,0.412,0.4146,2761026.0
2023-07-05 11:00:00,0.4146,0.4248,0.4128,0.4233,1290856.0
2023-07-05 11:15:00,0.4235,0.4263,0.4176,0.4236,1439586.0
2023-07-05 11:30:00,0.4233,0.4235,0.4158,0.4194,645220.0
2023-07-05 11:45:00,0.4194,0.4222,0.4179,0.4199,624628.0
2023-07-05 12:00:00,0.4196,0.4204,0.4159,0.4196,681223.0
2023-07-05 12:15:00,0.42,0.424,0.417,0.4199,839913.0
2023-07-05 12:30:00,0.42,0.4232,0.4171,0.4173,1130683.0
2023-07-05 12:45:00,0.4171,0.4196,0.4097,0.4165,1157743.0
2023-07-05 13:00:00,0.4168,0.4185,0.4126,0.4138,949207.0
2023-07-05 13:15:00,0.4138,0.416,0.4072,0.4116,1029312.0
2023-07-05 13:30:00,0.4116,0.4164,0.4114,0.4164,450793.0
2023-07-05 13:45:00,0.4165,0.4171,0.412,0.4135,557966.0
2023-07-05 14:00:00,0.4135,0.4144,0.4111,0.4114,695396.0
2023-07-05 14:15:00,0.4114,0.4153,0.4081,0.4151,773822.0
2023-07-05 14:30:00,0.4151,0.4198,0.414,0.4186,660170.0
2023-07-05 14:45:00,0.419,0.4221,0.4156,0.4213,999434.0
2023-07-05 15:00:00,0.4213,0.4215,0.4156,0.416,974351.0
2023-07-05 15:15:00,0.416,0.4184,0.4138,0.4157,640206.0
2023-07-05 15:30:00,0.4157,0.42,0.41,0.4177,762608.0
2023-07-05 15:45:00,0.4177,0.4228,0.4164,0.4214,1091067.0
2023-07-05 16:00:00,0.4214,0.4215,0.4171,0.4175,345081.0
2023-07-05 16:15:00,0.4175,0.422,0.415,0.422,704585.0
2023-07-05 16:30:00,0.422,0.4284,0.4212,0.4282,1126541.0
2023-07-05 16:45:00,0.4282,0.4284,0.4218,0.4264,597676.0
2023-07-05 17:00:00,0.4262,0.4263,0.4224,0.4227,387840.0
2023-07-05 17:15:00,0.4227,0.4289,0.4223,0.4281,438111.0
2023-07-05 17:30:00,0.4278,0.43,0.425,0.4269,602603.0
2023-07-05 17:45:00,0.4268,0.427,0.4236,0.4244,513149.0
2023-07-05 18:00:00,0.424,0.4247,0.4215,0.4219,439152.0
2023-07-05 18:15:00,0.4218,0.4242,0.4201,0.4211,462404.0
2023-07-05 18:30:00,0.4211,0.428,0.4204,0.4265,304060.0
2023-07-05 18:45:00,0.4262,0.4262,0.42,0.4218,399160.0
2023-07-05 19:00:00,0.4219,0.4233,0.4217,0.4231,183057.0
2023-07-05 19:15:00,0.4231,0.4231,0.42,0.4212,267239.0
2023-07-05 19:30:00,0.4215,0.4224,0.417,0.4178,229396.0
2023-07-05 19:45:00,0.4177,0.4195,0.415,0.4187,259058.0
2023-07-05 20:00:00,0.4187,0.4188,0.4152,0.4164,252110.0
2023-07-05 20:15:00,0.4163,0.4205,0.4161,0.4203,263505.0
2023-07-05 20:30:00,0.4202,0.4241,0.4202,0.4239,206457.0
2023-07-05 20:45:00,0.4234,0.4234,0.4211,0.4225,117304.0
2023-07-05 21:00:00,0.4225,0.4233,0.422,0.4229,244007.0
2023-07-05 21:15:00,0.423,0.4266,0.423,0.4246,369894.0
2023-07-05 21:30:00,0.4246,0.4252,0.4223,0.4233,249816.0
2023-07-05 21:45:00,0.4235,0.4238,0.4189,0.4202,311412.0
2023-07-05 22:00:00,0.4202,0.4234,0.42,0.423,155375.0
2023-07-05 22:15:00,0.4234,0.4258,0.423,0.4252,200811.0
2023-07-05 22:30:00,0.4252,0.4254,0.4204,0.423,365929.0
2023-07-05 22:45:00,0.4229,0.4236,0.4183,0.4202,327876.0
2023-07-05 23:00:00,0.4202,0.4232,0.4202,0.4226,154493.0
2023-07-05 23:15:00,0.4226,0.4247,0.4221,0.4239,163422.0
2023-07-05 23:30:00,0.4239,0.4261,0.4216,0.4252,244766.0
2023-07-05 23:45:00,0.425,0.426,0.409,0.4183,2007782.0
2023-07-06 00:00:00,0.4183,0.4254,0.416,0.4183,549190.0
2023-07-06 00:15:00,0.4185,0.421,0.4177,0.4208,380447.0
2023-07-06 00:30:00,0.4207,0.4207,0.4143,0.4143,394258.0
2023-07-06 00:45:00,0.4147,0.4154,0.4099,0.4122,739734.0
2023-07-06 01:00:00,0.4122,0.4165,0.4114,0.4143,618880.0
2023-07-06 01:15:00,0.4143,0.4143,0.4096,0.4122,267311.0
2023-07-06 01:30:00,0.4122,0.4188,0.4118,0.4176,283360.0
2023-07-06 01:45:00,0.4176,0.4181,0.4155,0.4155,216023.0
2023-07-06 02:00:00,0.4155,0.4167,0.41,0.4157,653049.0
2023-07-06 02:15:00,0.4153,0.4156,0.4124,0.4135,248061.0
2023-07-06 02:30:00,0.4136,0.417,0.4133,0.4154,221359.0
2023-07-06 02:45:00,0.4154,0.4203,0.4144,0.4203,291523.0
2023-07-06 03:00:00,0.4202,0.4202,0.4163,0.4175,183284.0
2023-07-06 03:15:00,0.4172,0.4209,0.4155,0.4176,258421.0
2023-07-06 03:30:00,0.4175,0.4211,0.4164,0.4211,200387.0
2023-07-06 03:45:00,0.4213,0.4254,0.4211,0.4248,527830.0
2023-07-06 04:00:00,0.4248,0.4248,0.4203,0.4215,401591.0
2023-07-06 04:15:00,0.4214,0.423,0.4214,0.4222,225295.0
2023-07-06 04:30:00,0.4222,0.4223,0.4185,0.4201,469916.0
2023-07-06 04:45:00,0.4198,0.4217,0.4191,0.4202,246780.0
2023-07-06 05:00:00,0.4202,0.4202,0.4131,0.4147,364678.0
2023-07-06 05:15:00,0.4147,0.4188,0.4147,0.4181,205207.0
2023-07-06 05:30:00,0.4181,0.4222,0.416,0.4218,372106.0
2023-07-06 05:45:00,0.4218,0.423,0.4184,0.4221,279334.0
2023-07-06 06:00:00,0.422,0.4254,0.4201,0.4221,591495.0
2023-07-06 06:15:00,0.4221,0.4278,0.4215,0.4246,599674.0
2023-07-06 06:30:00,0.425,0.4288,0.4234,0.4287,707625.0
2023-07-06 06:45:00,0.4286,0.437,0.4284,0.4305,1515578.0
2023-07-06 07:00:00,0.4305,0.4342,0.427,0.429,539470.0
2023-07-06 07:15:00,0.429,0.4293,0.4253,0.4269,441341.0
2023-07-06 07:30:00,0.4274,0.429,0.426,0.4288,372759.0
2023-07-06 07:45:00,0.4288,0.4306,0.4271,0.4306,277841.0
2023-07-06 08:00:00,0.4306,0.434,0.4264,0.4264,617458.0
2023-07-06 08:15:00,0.4264,0.4299,0.4259,0.4272,269282.0
2023-07-06 08:30:00,0.4272,0.4323,0.4264,0.4323,404372.0
2023-07-06 08:45:00,0.4323,0.4378,0.4316,0.4368,1268827.0
2023-07-06 09:00:00,0.4365,0.4384,0.4306,0.4351,1328941.0
2023-07-06 09:15:00,0.4351,0.438,0.4326,0.4356,529950.0
2023-07-06 09:30:00,0.4356,0.437,0.4266,0.4283,656366.0
2023-07-06 09:45:00,0.4288,0.43,0.421,0.4231,762841.0
2023-07-06 10:00:00,0.4228,0.4265,0.4195,0.4252,780100.0
2023-07-06 10:15:00,0.4253,0.4263,0.4225,0.4246,355799.0
2023-07-06 10:30:00,0.4246,0.427,0.4222,0.4251,415817.0
2023-07-06 10:45:00,0.4252,0.4288,0.4252,0.427,299684.0
2023-07-06 11:00:00,0.4276,0.4282,0.4253,0.427,344513.0
2023-07-06 11:15:00,0.4273,0.4288,0.4253,0.4279,235933.0
2023-07-06 11:30:00,0.4279,0.4287,0.4232,0.4232,216434.0
2023-07-06 11:45:00,0.4232,0.4237,0.414,0.4196,1401008.0
2023-07-06 12:00:00,0.4196,0.4203,0.4134,0.4169,999450.0
2023-07-06 12:15:00,0.4169,0.419,0.4164,0.417,283477.0
2023-07-06 12:30:00,0.4172,0.418,0.4109,0.414,870794.0
2023-07-06 12:45:00,0.4143,0.4187,0.4136,0.4161,379770.0
2023-07-06 13:00:00,0.4158,0.4188,0.4154,0.4162,255848.0
2023-07-06 13:15:00,0.4163,0.4187,0.4159,0.4173,311576.0
2023-07-06 13:30:00,0.4173,0.4173,0.4124,0.4131,375968.0
2023-07-06 13:45:00,0.4135,0.416,0.41,0.4108,742520.0
2023-07-06 14:00:00,0.411,0.414,0.391,0.4029,2805419.0
2023-07-06 14:15:00,0.403,0.404,0.3955,0.3972,1601973.0
2023-07-06 14:30:00,0.3971,0.4058,0.3946,0.4043,1471241.0
2023-07-06 14:45:00,0.404,0.4064,0.4,0.4061,763356.0
2023-07-06 15:00:00,0.405,0.4056,0.4004,0.4028,319966.0
2023-07-06 15:15:00,0.4032,0.4084,0.4027,0.4073,494404.0
2023-07-06 15:30:00,0.407,0.41,0.4053,0.41,537812.0
2023-07-06 15:45:00,0.4098,0.4104,0.406,0.4078,487923.0
2023-07-06 16:00:00,0.4078,0.4079,0.405,0.406,347918.0
2023-07-06 16:15:00,0.406,0.4063,0.403,0.4035,382041.0
2023-07-06 16:30:00,0.4032,0.4053,0.401,0.4011,444895.0
2023-07-06 16:45:00,0.4008,0.4059,0.3998,0.4059,537184.0
2023-07-06 17:00:00,0.4056,0.41,0.4056,0.4066,471949.0
2023-07-06 17:15:00,0.4067,0.4103,0.4063,0.4099,421079.0
2023-07-06 17:30:00,0.41,0.4129,0.4093,0.4112,487150.0
2023-07-06 17:45:00,0.4111,0.4144,0.4104,0.414,145946.0
2023-07-06 18:00:00,0.414,0.4159,0.4138,0.415,264165.0
2023-07-06 18:15:00,0.4153,0.4166,0.4117,0.4139,181579.0
2023-07-06 18:30:00,0.4139,0.4141,0.412,0.4122,111703.0
2023-07-06 18:45:00,0.4122,0.4159,0.4122,0.4152,139849.0
2023-07-06 19:00:00,0.4159,0.4201,0.4153,0.4167,468418.0
2023-07-06 19:15:00,0.4165,0.4167,0.4125,0.4142,179423.0
2023-07-06 19:30:00,0.4137,0.4151,0.4116,0.4134,133112.0
2023-07-06 19:45:00,0.4133,0.4142,0.4122,0.4134,76404.0
2023-07-06 20:00:00,0.4139,0.4161,0.4136,0.4145,105144.0
2023-07-06 20:15:00,0.4145,0.4163,0.4141,0.4149,38256.0
2023-07-06 20:30:00,0.4149,0.4153,0.4118,0.4129,88056.0
2023-07-06 20:45:00,0.4129,0.4156,0.4123,0.4145,115614.0
2023-07-06 21:00:00,0.4145,0.4153,0.4111,0.4112,97009.0
2023-07-06 21:15:00,0.4113,0.4113,0.4037,0.4077,598464.0
2023-07-06 21:30:00,0.4077,0.4085,0.4066,0.4078,104576.0
2023-07-06 21:45:00,0.4078,0.4113,0.4065,0.411,167562.0
2023-07-06 22:00:00,0.411,0.4123,0.4089,0.409,95892.0
2023-07-06 22:15:00,0.409,0.4092,0.4073,0.408,128311.0
2023-07-06 22:30:00,0.408,0.4103,0.4076,0.409,80033.0
2023-07-06 22:45:00,0.409,0.4092,0.4049,0.407,207229.0
2023-07-06 23:00:00,0.4069,0.4077,0.4028,0.4061,348482.0
2023-07-06 23:15:00,0.4057,0.4063,0.4035,0.4052,187043.0
2023-07-06 23:30:00,0.4055,0.4058,0.4,0.403,412823.0
2023-07-06 23:45:00,0.4023,0.4051,0.4007,0.4013,387249.0
2023-07-07 00:00:00,0.4011,0.4051,0.3961,0.4051,693672.0
2023-07-07 00:15:00,0.4052,0.4057,0.4004,0.4006,232887.0
2023-07-07 00:30:00,0.401,0.402,0.396,0.4014,425811.0
2023-07-07 00:45:00,0.4014,0.4048,0.4009,0.401,246490.0
2023-07-07 01:00:00,0.4011,0.4027,0.3957,0.3982,556742.0
2023-07-07 01:15:00,0.3982,0.3988,0.3938,0.3952,708351.0
2023-07-07 01:30:00,0.3953,0.4003,0.3935,0.3999,304921.0
2023-07-07 01:45:00,0.4,0.4038,0.3992,0.4001,440396.0
2023-07-07 02:00:00,0.3997,0.4004,0.398,0.3996,172299.0
2023-07-07 02:15:00,0.4001,0.4001,0.3964,0.3973,231147.0
2023-07-07 02:30:00,0.3976,0.4025,0.3957,0.4021,412834.0
2023-07-07 02:45:00,0.4021,0.4041,0.4016,0.4018,145136.0
2023-07-07 03:00:00,0.4018,0.4019,0.3971,0.4,422873.0
2023-07-07 03:15:00,0.4,0.4039,0.4,0.4023,185169.0
2023-07-07 03:30:00,0.4023,0.405,0.4004,0.4043,409768.0
2023-07-07 03:45:00,0.4042,0.4067,0.4035,0.4058,199051.0
2023-07-07 04:00:00,0.4059,0.4091,0.4036,0.4037,411468.0
2023-07-07 04:15:00,0.4038,0.4047,0.4003,0.4016,278159.0
2023-07-07 04:30:00,0.4018,0.405,0.4004,0.4043,201832.0
2023-07-07 04:45:00,0.4044,0.4057,0.402,0.4034,251402.0
2023-07-07 05:00:00,0.4032,0.4045,0.4023,0.4043,113147.0
2023-07-07 05:15:00,0.4041,0.4075,0.4019,0.4072,236830.0
2023-07-07 05:30:00,0.4072,0.4076,0.4039,0.4056,245789.0
2023-07-07 05:45:00,0.4059,0.4064,0.404,0.4054,98051.0
2023-07-07 06:00:00,0.4054,0.4055,0.4021,0.4027,203697.0
2023-07-07 06:15:00,0.4027,0.4046,0.4022,0.4046,185852.0
2023-07-07 06:30:00,0.4046,0.4069,0.4032,0.4033,259301.0
2023-07-07 06:45:00,0.4033,0.404,0.402,0.403,171060.0
2023-07-07 07:00:00,0.403,0.4032,0.4015,0.4025,367050.0
2023-07-07 07:15:00,0.4024,0.4028,0.3978,0.4,240761.0
2023-07-07 07:30:00,0.4,0.4012,0.3983,0.3994,439671.0
2023-07-07 07:45:00,0.3994,0.4004,0.3967,0.3987,443898.0
2023-07-07 08:00:00,0.3985,0.4016,0.3969,0.4014,528299.0
2023-07-07 08:15:00,0.4013,0.4019,0.3976,0.3984,480547.0
2023-07-07 08:30:00,0.3984,0.4124,0.3972,0.41,1565455.0
2023-07-07 08:45:00,0.41,0.4121,0.407,0.4093,1093992.0
2023-07-07 09:00:00,0.4092,0.4092,0.4026,0.4085,408138.0
2023-07-07 09:15:00,0.4086,0.4118,0.4076,0.4077,525094.0
2023-07-07 09:30:00,0.4079,0.4087,0.4045,0.4054,331822.0
2023-07-07 09:45:00,0.4055,0.408,0.4053,0.407,282076.0
2023-07-07 10:00:00,0.407,0.4078,0.4008,0.4029,368791.0
2023-07-07 10:15:00,0.4033,0.4035,0.4021,0.4031,142887.0
2023-07-07 10:30:00,0.4032,0.4037,0.4018,0.4025,268727.0
2023-07-07 10:45:00,0.4023,0.4052,0.402,0.4027,217944.0
2023-07-07 11:00:00,0.4027,0.4044,0.4019,0.4022,299671.0
2023-07-07 11:15:00,0.4023,0.4064,0.4023,0.4046,203339.0
2023-07-07 11:30:00,0.4046,0.4046,0.401,0.4016,267887.0
2023-07-07 11:45:00,0.4014,0.4024,0.4001,0.4003,434217.0
2023-07-07 12:00:00,0.4003,0.4018,0.3984,0.4011,295901.0
2023-07-07 12:15:00,0.4011,0.4017,0.399,0.4003,232322.0
2023-07-07 12:30:00,0.4002,0.4102,0.4,0.4037,1060513.0
2023-07-07 12:45:00,0.4038,0.4068,0.4038,0.4061,195709.0
2023-07-07 13:00:00,0.4061,0.4064,0.4033,0.4052,244623.0
2023-07-07 13:15:00,0.4052,0.4064,0.4034,0.4063,88257.0
2023-07-07 13:30:00,0.406,0.411,0.4041,0.4075,575057.0
2023-07-07 13:45:00,0.4075,0.4114,0.4074,0.4104,322340.0
2023-07-07 14:00:00,0.4108,0.4132,0.4092,0.4096,421960.0
2023-07-07 14:15:00,0.4094,0.4095,0.4077,0.4086,173571.0
2023-07-07 14:30:00,0.4086,0.4162,0.4085,0.4155,516534.0
2023-07-07 14:45:00,0.4155,0.4211,0.4136,0.4164,937467.0
2023-07-07 15:00:00,0.4164,0.4181,0.411,0.4115,634185.0
2023-07-07 15:15:00,0.4111,0.4119,0.4055,0.406,481255.0
2023-07-07 15:30:00,0.4061,0.408,0.405,0.4071,292274.0
2023-07-07 15:45:00,0.4072,0.4086,0.4065,0.4082,200578.0
2023-07-07 16:00:00,0.4081,0.4108,0.4077,0.4091,312536.0
2023-07-07 16:15:00,0.4092,0.4098,0.4065,0.4076,193760.0
2023-07-07 16:30:00,0.4076,0.409,0.4066,0.4078,133713.0
2023-07-07 16:45:00,0.4076,0.4076,0.4066,0.4073,79973.0
2023-07-07 17:00:00,0.4073,0.408,0.405,0.4063,176815.0
2023-07-07 17:15:00,0.406,0.409,0.4057,0.409,232462.0
2023-07-07 17:30:00,0.4089,0.409,0.4056,0.4056,107793.0
2023-07-07 17:45:00,0.4057,0.408,0.4055,0.4079,127877.0
2023-07-07 18:00:00,0.4079,0.4085,0.4062,0.4078,154690.0
2023-07-07 18:15:00,0.4076,0.4081,0.406,0.406,121785.0
2023-07-07 18:30:00,0.4059,0.4067,0.405,0.4051,162445.0
2023-07-07 18:45:00,0.4052,0.4063,0.4046,0.4056,96973.0
2023-07-07 19:00:00,0.4056,0.4073,0.4056,0.406,105332.0
2023-07-07 19:15:00,0.4069,0.4079,0.4063,0.4067,53807.0
2023-07-07 19:30:00,0.4067,0.4079,0.4065,0.4065,27950.0
2023-07-07 19:45:00,0.4063,0.4066,0.4045,0.4055,135380.0
2023-07-07 20:00:00,0.4057,0.4101,0.4057,0.4099,240333.0
2023-07-07 20:15:00,0.41,0.4105,0.4083,0.4089,146588.0
2023-07-07 20:30:00,0.4086,0.4095,0.4069,0.4075,108991.0
2023-07-07 20:45:00,0.4075,0.4103,0.4075,0.41,104697.0
2023-07-07 21:00:00,0.4097,0.4144,0.4095,0.4117,265720.0
2023-07-07 21:15:00,0.4116,0.4149,0.4115,0.4141,155951.0
2023-07-07 21:30:00,0.4141,0.4141,0.4099,0.4099,173585.0
2023-07-07 21:45:00,0.4098,0.4117,0.4093,0.4097,59753.0
2023-07-07 22:00:00,0.4096,0.4118,0.4096,0.4118,92996.0
2023-07-07 22:15:00,0.4118,0.4137,0.4091,0.4091,133126.0
2023-07-07 22:30:00,0.4091,0.4159,0.4091,0.4126,169007.0
2023-07-07 22:45:00,0.4123,0.4183,0.4115,0.4166,481916.0
2023-07-07 23:00:00,0.4166,0.4175,0.415,0.4157,255850.0
2023-07-07 23:15:00,0.4156,0.4164,0.414,0.415,92877.0
2023-07-07 23:30:00,0.415,0.415,0.4118,0.4126,133597.0
2023-07-07 23:45:00,0.4129,0.4142,0.4114,0.4139,209358.0
2023-07-08 00:00:00,0.4137,0.4137,0.4104,0.4128,388235.0
2023-07-08 00:15:00,0.4121,0.4134,0.4111,0.4124,218145.0
2023-07-08 00:30:00,0.4126,0.414,0.4092,0.4102,286922.0
2023-07-08 00:45:00,0.4104,0.4135,0.4104,0.4135,54494.0
2023-07-08 01:00:00,0.4135,0.4198,0.4135,0.4167,590516.0
2023-07-08 01:15:00,0.4168,0.4173,0.4119,0.4146,447273.0
2023-07-08 01:30:00,0.4147,0.4147,0.4099,0.4111,519844.0
2023-07-08 01:45:00,0.4112,0.415,0.4104,0.415,175305.0
2023-07-08 02:00:00,0.4151,0.4155,0.4129,0.414,184435.0
2023-07-08 02:15:00,0.4138,0.4149,0.4123,0.4128,215716.0
2023-07-08 02:30:00,0.4126,0.42,0.412,0.416,626961.0
2023-07-08 02:45:00,0.416,0.4207,0.4155,0.4182,638139.0
2023-07-08 03:00:00,0.4181,0.4199,0.4143,0.4176,412010.0
2023-07-08 03:15:00,0.4179,0.4228,0.4179,0.42,488421.0
2023-07-08 03:30:00,0.4195,0.4196,0.4151,0.4187,250405.0
2023-07-08 03:45:00,0.4188,0.4305,0.4186,0.4242,1906877.0
2023-07-08 04:00:00,0.4249,0.4258,0.4228,0.4236,553583.0
2023-07-08 04:15:00,0.4233,0.4267,0.4196,0.4259,972964.0
2023-07-08 04:30:00,0.426,0.43,0.424,0.4261,836154.0
2023-07-08 04:45:00,0.4259,0.4259,0.42,0.4202,328059.0
2023-07-08 05:00:00,0.4202,0.4269,0.4179,0.4204,527509.0
2023-07-08 05:15:00,0.4203,0.4257,0.42,0.4216,235132.0
2023-07-08 05:30:00,0.4215,0.4248,0.4212,0.4226,215962.0
2023-07-08 05:45:00,0.4225,0.4275,0.422,0.4224,639907.0
2023-07-08 06:00:00,0.4225,0.4227,0.4181,0.419,477474.0
2023-07-08 06:15:00,0.4186,0.4195,0.4153,0.4174,345378.0
2023-07-08 06:30:00,0.4175,0.4183,0.414,0.4157,292609.0
2023-07-08 06:45:00,0.4157,0.4186,0.4153,0.4173,244304.0
2023-07-08 07:00:00,0.4168,0.4188,0.4153,0.4184,142033.0
2023-07-08 07:15:00,0.4184,0.4211,0.4181,0.421,198774.0
2023-07-08 07:30:00,0.421,0.4225,0.42,0.4207,199431.0
2023-07-08 07:45:00,0.4208,0.4227,0.42,0.4206,155295.0
2023-07-08 08:00:00,0.421,0.4226,0.4179,0.4192,495572.0
2023-07-08 08:15:00,0.4192,0.4252,0.4191,0.424,312751.0
2023-07-08 08:30:00,0.424,0.4288,0.4211,0.4225,559868.0
2023-07-08 08:45:00,0.4225,0.4237,0.422,0.4222,221606.0
2023-07-08 09:00:00,0.4223,0.4288,0.4223,0.4285,600736.0
2023-07-08 09:15:00,0.4287,0.429,0.4256,0.4266,438810.0
2023-07-08 09:30:00,0.4263,0.4279,0.4255,0.4261,381939.0
2023-07-08 09:45:00,0.4261,0.4298,0.4255,0.4284,521664.0
2023-07-08 10:00:00,0.4285,0.4375,0.4276,0.4359,1487799.0
2023-07-08 10:15:00,0.4359,0.4359,0.4299,0.4335,1077782.0
2023-07-08 10:30:00,0.4333,0.4338,0.4289,0.4306,611701.0
2023-07-08 10:45:00,0.4305,0.4353,0.4266,0.4285,540662.0
2023-07-08 11:00:00,0.4284,0.4284,0.4231,0.4242,484452.0
2023-07-08 11:15:00,0.4247,0.4247,0.419,0.4209,1007046.0
2023-07-08 11:30:00,0.4208,0.4225,0.4175,0.4194,444672.0
2023-07-08 11:45:00,0.4194,0.423,0.4184,0.4217,232685.0
2023-07-08 12:00:00,0.4218,0.4245,0.4207,0.4244,353112.0
2023-07-08 12:15:00,0.4245,0.4256,0.4212,0.422,185025.0
2023-07-08 12:30:00,0.4223,0.4223,0.418,0.4194,210494.0
2023-07-08 12:45:00,0.4192,0.4221,0.4184,0.4205,327265.0
2023-07-08 13:00:00,0.4204,0.4269,0.4204,0.4242,492375.0
2023-07-08 13:15:00,0.4247,0.428,0.4247,0.4272,391003.0
2023-07-08 13:30:00,0.4273,0.429,0.4249,0.4259,385540.0
2023-07-08 13:45:00,0.4257,0.4273,0.4252,0.4258,223964.0
2023-07-08 14:00:00,0.4258,0.426,0.423,0.4239,235942.0
2023-07-08 14:15:00,0.4239,0.4282,0.423,0.4262,254049.0
2023-07-08 14:30:00,0.4263,0.427,0.4235,0.4251,115470.0
2023-07-08 14:45:00,0.425,0.4258,0.423,0.4239,138013.0
2023-07-08 15:00:00,0.4238,0.424,0.4152,0.417,792345.0
2023-07-08 15:15:00,0.4171,0.4197,0.4167,0.4197,259624.0
2023-07-08 15:30:00,0.4193,0.4228,0.418,0.4219,272049.0
2023-07-08 15:45:00,0.4219,0.424,0.4206,0.4221,216773.0
2023-07-08 16:00:00,0.4224,0.4225,0.4185,0.4191,247649.0
2023-07-08 16:15:00,0.419,0.422,0.4187,0.4196,182412.0
2023-07-08 16:30:00,0.4194,0.4248,0.4187,0.4232,251477.0
2023-07-08 16:45:00,0.4236,0.4253,0.4229,0.4229,147308.0
2023-07-08 17:00:00,0.4227,0.4231,0.4204,0.4221,142233.0
2023-07-08 17:15:00,0.4221,0.4236,0.4191,0.4197,99739.0
2023-07-08 17:30:00,0.4194,0.4198,0.417,0.4183,162953.0
2023-07-08 17:45:00,0.4183,0.4215,0.4183,0.4208,291319.0
2023-07-08 18:00:00,0.4214,0.422,0.4187,0.4193,82004.0
2023-07-08 18:15:00,0.4195,0.4196,0.4177,0.4191,79471.0
2023-07-08 18:30:00,0.419,0.4227,0.419,0.4216,164161.0
2023-07-08 18:45:00,0.4218,0.4218,0.408,0.4124,769985.0
2023-07-08 19:00:00,0.412,0.4152,0.411,0.4152,265423.0
2023-07-08 19:15:00,0.4152,0.4165,0.41,0.4165,477363.0
2023-07-08 19:30:00,0.4164,0.4164,0.4126,0.4143,147055.0
2023-07-08 19:45:00,0.4141,0.4147,0.4106,0.4124,131512.0
2023-07-08 20:00:00,0.4123,0.4144,0.4119,0.4143,214766.0
2023-07-08 20:15:00,0.4145,0.4151,0.4109,0.4147,150789.0
2023-07-08 20:30:00,0.4149,0.4164,0.4137,0.4163,110882.0
2023-07-08 20:45:00,0.4163,0.4171,0.4151,0.4164,60227.0
2023-07-08 21:00:00,0.4167,0.4174,0.4138,0.4142,96887.0
2023-07-08 21:15:00,0.414,0.4168,0.4132,0.4166,52403.0
2023-07-08 21:30:00,0.4167,0.4195,0.4167,0.4178,61617.0
2023-07-08 21:45:00,0.4177,0.4187,0.4164,0.4184,85352.0
2023-07-08 22:00:00,0.4184,0.4214,0.4182,0.4212,86375.0
2023-07-08 22:15:00,0.4212,0.4226,0.4199,0.4208,235936.0
2023-07-08 22:30:00,0.4207,0.4218,0.4194,0.4214,73890.0
2023-07-08 22:45:00,0.4215,0.4226,0.4214,0.4221,39116.0
2023-07-08 23:00:00,0.4222,0.4231,0.4203,0.4208,121468.0
2023-07-08 23:15:00,0.4208,0.4248,0.4204,0.4236,196733.0
2023-07-08 23:30:00,0.4237,0.4244,0.4206,0.4213,413651.0
2023-07-08 23:45:00,0.4214,0.4228,0.4199,0.4223,282937.0
2023-07-09 00:00:00,0.4224,0.4243,0.4172,0.4186,772556.0
2023-07-09 00:15:00,0.4187,0.4211,0.4165,0.4171,593070.0
2023-07-09 00:30:00,0.4172,0.4198,0.4168,0.4191,598630.0
2023-07-09 00:45:00,0.4191,0.4204,0.419,0.42,190389.0
2023-07-09 01:00:00,0.4201,0.4254,0.4201,0.4245,381407.0
2023-07-09 01:15:00,0.4245,0.4271,0.4223,0.427,337183.0
2023-07-09 01:30:00,0.427,0.428,0.4245,0.428,291090.0
2023-07-09 01:45:00,0.428,0.43,0.4233,0.424,368952.0
2023-07-09 02:00:00,0.4246,0.4342,0.4241,0.4316,968973.0
2023-07-09 02:15:00,0.4319,0.4357,0.4306,0.4313,687540.0
2023-07-09 02:30:00,0.4317,0.4345,0.428,0.4336,399326.0
2023-07-09 02:45:00,0.4339,0.4339,0.4299,0.4307,228444.0
2023-07-09 03:00:00,0.4307,0.4384,0.4307,0.4361,601389.0
2023-07-09 03:15:00,0.4362,0.4362,0.4298,0.4303,259893.0
2023-07-09 03:30:00,0.4303,0.434,0.4303,0.4332,91807.0
2023-07-09 03:45:00,0.4332,0.4334,0.4266,0.4286,202203.0
2023-07-09 04:00:00,0.4286,0.4315,0.425,0.427,476455.0
2023-07-09 04:15:00,0.4267,0.4281,0.4259,0.4281,152182.0
2023-07-09 04:30:00,0.4281,0.4298,0.4278,0.4289,106893.0
2023-07-09 04:45:00,0.4288,0.4325,0.4286,0.4288,229313.0
2023-07-09 05:00:00,0.4288,0.4288,0.4255,0.4267,198125.0
2023-07-09 05:15:00,0.4267,0.4271,0.4244,0.426,245230.0
2023-07-09 05:30:00,0.4259,0.4262,0.4244,0.4255,161199.0
2023-07-09 05:45:00,0.4253,0.4253,0.4216,0.4225,234284.0
2023-07-09 06:00:00,0.4228,0.4242,0.4212,0.4216,135672.0
2023-07-09 06:15:00,0.4215,0.4221,0.4193,0.4211,223752.0
2023-07-09 06:30:00,0.4208,0.4209,0.4184,0.4208,292268.0
2023-07-09 06:45:00,0.4208,0.4221,0.4204,0.4221,182925.0
2023-07-09 07:00:00,0.422,0.4241,0.421,0.4226,154762.0
2023-07-09 07:15:00,0.4227,0.4246,0.4224,0.4241,172626.0
2023-07-09 07:30:00,0.4241,0.4246,0.4157,0.4171,606140.0
2023-07-09 07:45:00,0.4174,0.4205,0.4169,0.4205,181308.0
2023-07-09 08:00:00,0.4204,0.4204,0.418,0.4194,184706.0
2023-07-09 08:15:00,0.4199,0.4214,0.4171,0.4184,157319.0
2023-07-09 08:30:00,0.4181,0.4194,0.4173,0.4186,236950.0
2023-07-09 08:45:00,0.4187,0.4199,0.4176,0.4193,226952.0
2023-07-09 09:00:00,0.4192,0.4194,0.4152,0.4163,187480.0
2023-07-09 09:15:00,0.4163,0.4166,0.4142,0.415,400632.0
2023-07-09 09:30:00,0.4154,0.4168,0.4128,0.4157,322975.0
2023-07-09 09:45:00,0.4156,0.4192,0.4151,0.4182,264762.0
2023-07-09 10:00:00,0.4182,0.4182,0.4141,0.415,179603.0
2023-07-09 10:15:00,0.4148,0.415,0.412,0.4145,397762.0
2023-07-09 10:30:00,0.4144,0.4153,0.4124,0.4138,199144.0
2023-07-09 10:45:00,0.4143,0.4153,0.4137,0.4141,224043.0
2023-07-09 11:00:00,0.4145,0.4145,0.4111,0.4115,374418.0
2023-07-09 11:15:00,0.4116,0.4143,0.4116,0.4138,183106.0
2023-07-09 11:30:00,0.4139,0.4156,0.4125,0.4129,266761.0
2023-07-09 11:45:00,0.4129,0.4149,0.4124,0.4138,174483.0
2023-07-09 12:00:00,0.4138,0.4162,0.4136,0.4145,283852.0
2023-07-09 12:15:00,0.4143,0.4148,0.412,0.4124,297498.0
2023-07-09 12:30:00,0.4128,0.4187,0.4126,0.4142,518342.0
2023-07-09 12:45:00,0.4144,0.4162,0.4137,0.4152,321125.0
2023-07-09 13:00:00,0.4154,0.419,0.4149,0.4159,424004.0
2023-07-09 13:15:00,0.4159,0.416,0.414,0.4154,231760.0
2023-07-09 13:30:00,0.4152,0.4166,0.4137,0.4143,202094.0
2023-07-09 13:45:00,0.4143,0.4151,0.41,0.4116,303590.0
2023-07-09 14:00:00,0.4119,0.4121,0.406,0.4097,831421.0
2023-07-09 14:15:00,0.4096,0.4102,0.4044,0.4099,641163.0
2023-07-09 14:30:00,0.4099,0.414,0.4099,0.4116,463042.0
2023-07-09 14:45:00,0.411,0.4133,0.4103,0.413,152851.0
2023-07-09 15:00:00,0.413,0.4143,0.4122,0.4125,216100.0
2023-07-09 15:15:00,0.4123,0.4142,0.4105,0.4135,262600.0
2023-07-09 15:30:00,0.413,0.4148,0.4124,0.4135,101475.0
2023-07-09 15:45:00,0.4134,0.4144,0.4128,0.4142,79268.0
2023-07-09 16:00:00,0.4141,0.4156,0.4107,0.4113,172400.0
2023-07-09 16:15:00,0.4112,0.4135,0.41,0.4124,279645.0
2023-07-09 16:30:00,0.4126,0.4129,0.4112,0.4112,81823.0
2023-07-09 16:45:00,0.4111,0.4123,0.4106,0.412,82403.0
2023-07-09 17:00:00,0.4121,0.4125,0.411,0.4112,60334.0
2023-07-09 17:15:00,0.4112,0.4142,0.4105,0.414,108095.0
2023-07-09 17:30:00,0.414,0.4141,0.4124,0.4128,93044.0
2023-07-09 17:45:00,0.4128,0.4135,0.4122,0.4125,92636.0
2023-07-09 18:00:00,0.4129,0.4145,0.4125,0.4125,95715.0
2023-07-09 18:15:00,0.4125,0.4131,0.4122,0.4125,63215.0
2023-07-09 18:30:00,0.4127,0.4137,0.4125,0.4131,23820.0
2023-07-09 18:45:00,0.4131,0.4143,0.4128,0.4135,111255.0
2023-07-09 19:00:00,0.4138,0.4157,0.4134,0.4139,95470.0
2023-07-09 19:15:00,0.4138,0.4148,0.412,0.4134,236454.0
2023-07-09 19:30:00,0.4139,0.414,0.4117,0.4128,95225.0
2023-07-09 19:45:00,0.4128,0.4143,0.4128,0.4133,67238.0
2023-07-09 20:00:00,0.4136,0.4182,0.4136,0.4172,284152.0
2023-07-09 20:15:00,0.4167,0.4185,0.416,0.416,108461.0
2023-07-09 20:30:00,0.416,0.4166,0.4139,0.415,110421.0
2023-07-09 20:45:00,0.4147,0.4149,0.4136,0.4142,47235.0
2023-07-09 21:00:00,0.4145,0.4147,0.4133,0.4135,55878.0
2023-07-09 21:15:00,0.4133,0.4143,0.4122,0.4141,36425.0
2023-07-09 21:30:00,0.4142,0.416,0.4132,0.4135,66688.0
2023-07-09 21:45:00,0.4135,0.4143,0.4119,0.4125,24876.0
2023-07-09 22:00:00,0.413,0.413,0.4085,0.4099,186819.0
2023-07-09 22:15:00,0.4099,0.4123,0.4099,0.4111,78936.0
2023-07-09 22:30:00,0.411,0.4142,0.411,0.414,96026.0
2023-07-09 22:45:00,0.4142,0.4145,0.4125,0.4129,98950.0
2023-07-09 23:00:00,0.4132,0.4132,0.4105,0.4108,65611.0
2023-07-09 23:15:00,0.4107,0.411,0.4087,0.4095,82265.0
2023-07-09 23:30:00,0.4096,0.4096,0.4068,0.4077,213786.0
2023-07-09 23:45:00,0.4077,0.4103,0.4069,0.4097,174755.0
2023-07-10 00:00:00,0.4102,0.4113,0.391,0.4,1922744.0
2023-07-10 00:15:00,0.4,0.4007,0.3931,0.4001,978346.0
2023-07-10 00:30:00,0.4005,0.4049,0.4002,0.4015,385007.0
2023-07-10 00:45:00,0.4023,0.4032,0.3991,0.4012,234533.0
2023-07-10 01:00:00,0.4011,0.4012,0.3951,0.3961,415175.0
2023-07-10 01:15:00,0.3963,0.4012,0.3961,0.4012,373748.0
2023-07-10 01:30:00,0.4007,0.4029,0.3996,0.3999,217046.0
2023-07-10 01:45:00,0.3995,0.4017,0.3976,0.3977,423888.0
2023-07-10 02:00:00,0.3983,0.403,0.3983,0.403,146628.0
2023-07-10 02:15:00,0.4029,0.4029,0.3988,0.4008,197615.0
2023-07-10 02:30:00,0.4006,0.4008,0.3913,0.398,1263846.0
2023-07-10 02:45:00,0.3975,0.4012,0.3969,0.3994,367237.0
2023-07-10 03:00:00,0.3998,0.4027,0.399,0.401,459534.0
2023-07-10 03:15:00,0.401,0.4012,0.3999,0.3999,81133.0
2023-07-10 03:30:00,0.3998,0.4009,0.3976,0.3994,132195.0
2023-07-10 03:45:00,0.3996,0.3999,0.3983,0.3993,73137.0
2023-07-10 04:00:00,0.3992,0.3992,0.3952,0.3953,249460.0
2023-07-10 04:15:00,0.3953,0.3988,0.3951,0.3983,170854.0
2023-07-10 04:30:00,0.3981,0.4005,0.3975,0.4005,179192.0
2023-07-10 04:45:00,0.4007,0.4007,0.3983,0.4,138114.0
2023-07-10 05:00:00,0.3998,0.4,0.3974,0.3999,202569.0
2023-07-10 05:15:00,0.3998,0.4001,0.3965,0.3975,118036.0
2023-07-10 05:30:00,0.3966,0.3986,0.395,0.3966,289085.0
2023-07-10 05:45:00,0.3967,0.397,0.3932,0.395,334376.0
2023-07-10 06:00:00,0.395,0.3979,0.3939,0.3979,171649.0
2023-07-10 06:15:00,0.3974,0.3977,0.3945,0.3951,207166.0
2023-07-10 06:30:00,0.3955,0.3979,0.3943,0.395,271099.0
2023-07-10 06:45:00,0.3951,0.3987,0.3945,0.3975,135822.0
2023-07-10 07:00:00,0.3972,0.4015,0.3968,0.4014,197678.0
2023-07-10 07:15:00,0.4012,0.4014,0.3977,0.3985,105798.0
2023-07-10 07:30:00,0.3986,0.3991,0.396,0.3962,230549.0
2023-07-10 07:45:00,0.3963,0.3969,0.3945,0.3964,233691.0
2023-07-10 08:00:00,0.3962,0.3966,0.3922,0.3928,297900.0
2023-07-10 08:15:00,0.3927,0.3927,0.3564,0.375,6165339.0
2023-07-10 08:30:00,0.3749,0.3755,0.3673,0.3729,1742268.0
2023-07-10 08:45:00,0.3729,0.376,0.3688,0.3724,812870.0
2023-07-10 09:00:00,0.3724,0.3729,0.3625,0.3683,1615080.0
2023-07-10 09:15:00,0.3684,0.3755,0.3661,0.3738,1588658.0
2023-07-10 09:30:00,0.3739,0.3758,0.3675,0.3715,1146760.0
2023-07-10 09:45:00,0.3718,0.3721,0.366,0.368,1374029.0
2023-07-10 10:00:00,0.3683,0.3731,0.367,0.369,1031315.0
2023-07-10 10:15:00,0.369,0.369,0.3621,0.364,1354820.0
2023-07-10 10:30:00,0.3639,0.369,0.363,0.3687,1193747.0
2023-07-10 10:45:00,0.3687,0.3696,0.3654,0.3663,628439.0
2023-07-10 11:00:00,0.3663,0.371,0.3652,0.3699,447203.0
2023-07-10 11:15:00,0.3702,0.3708,0.3669,0.3684,275000.0
2023-07-10 11:30:00,0.368,0.3687,0.3643,0.3687,416456.0
2023-07-10 11:45:00,0.3689,0.3697,0.3664,0.3674,368691.0
2023-07-10 12:00:00,0.3674,0.3706,0.3653,0.3688,533926.0
2023-07-10 12:15:00,0.3686,0.3698,0.3667,0.368,371883.0
2023-07-10 12:30:00,0.3676,0.3681,0.3657,0.3666,547794.0
2023-07-10 12:45:00,0.3666,0.3676,0.3631,0.3656,609047.0
2023-07-10 13:00:00,0.3657,0.3672,0.3646,0.3665,300334.0
2023-07-10 13:15:00,0.3668,0.3788,0.3663,0.3704,2197546.0
2023-07-10 13:30:00,0.3701,0.3725,0.3687,0.3695,713212.0
2023-07-10 13:45:00,0.37,0.3714,0.3676,0.3678,472045.0
2023-07-10 14:00:00,0.3675,0.371,0.3665,0.37,430577.0
2023-07-10 14:15:00,0.37,0.374,0.3685,0.3707,725053.0
2023-07-10 14:30:00,0.3705,0.372,0.3685,0.3693,405967.0
2023-07-10 14:45:00,0.3696,0.3737,0.3696,0.3709,604195.0
2023-07-10 15:00:00,0.3709,0.373,0.3692,0.3703,605387.0
2023-07-10 15:15:00,0.3703,0.3719,0.3695,0.3712,238654.0
2023-07-10 15:30:00,0.3712,0.3741,0.3711,0.3731,320652.0
2023-07-10 15:45:00,0.3731,0.3738,0.3712,0.3727,368132.0
2023-07-10 16:00:00,0.3724,0.3726,0.3685,0.3693,494604.0
2023-07-10 16:15:00,0.3695,0.3711,0.3691,0.3703,274280.0
2023-07-10 16:30:00,0.3703,0.3725,0.3702,0.3721,262862.0
2023-07-10 16:45:00,0.3725,0.3735,0.3715,0.3717,368663.0
2023-07-10 17:00:00,0.372,0.3733,0.3707,0.372,240265.0
2023-07-10 17:15:00,0.3721,0.3732,0.3709,0.3728,226372.0
2023-07-10 17:30:00,0.373,0.374,0.3698,0.3705,576348.0
2023-07-10 17:45:00,0.3706,0.3706,0.3672,0.3689,751276.0
2023-07-10 18:00:00,0.3688,0.3698,0.3681,0.3698,119822.0
2023-07-10 18:15:00,0.3696,0.3709,0.3695,0.3706,152952.0
2023-07-10 18:30:00,0.3708,0.3737,0.3708,0.3736,524899.0
2023-07-10 18:45:00,0.3734,0.3742,0.3695,0.3721,346575.0
2023-07-10 19:00:00,0.3719,0.3762,0.3719,0.3747,588252.0
2023-07-10 19:15:00,0.3744,0.3754,0.371,0.3723,452998.0
2023-07-10 19:30:00,0.3725,0.3734,0.3721,0.3726,102335.0
2023-07-10 19:45:00,0.3726,0.3759,0.3719,0.3757,495043.0
2023-07-10 20:00:00,0.3757,0.3785,0.374,0.3752,667651.0
2023-07-10 20:15:00,0.3752,0.3767,0.3727,0.3747,532179.0
2023-07-10 20:30:00,0.3748,0.3758,0.3742,0.3749,359705.0
2023-07-10 20:45:00,0.375,0.3753,0.372,0.3736,374147.0
2023-07-10 21:00:00,0.3737,0.3756,0.3731,0.3734,269713.0
2023-07-10 21:15:00,0.3734,0.3758,0.3734,0.3745,148902.0
2023-07-10 21:30:00,0.3744,0.3784,0.3735,0.3782,195860.0
2023-07-10 21:45:00,0.3784,0.379,0.3688,0.3707,895030.0
2023-07-10 22:00:00,0.3706,0.3728,0.3676,0.3708,414338.0
2023-07-10 22:15:00,0.3707,0.3713,0.366,0.3713,357295.0
2023-07-10 22:30:00,0.3709,0.3715,0.3695,0.3703,195198.0
2023-07-10 22:45:00,0.3705,0.372,0.3687,0.372,283914.0
2023-07-10 23:00:00,0.3716,0.3721,0.3696,0.3705,196012.0
2023-07-10 23:15:00,0.3705,0.3715,0.369,0.3698,129288.0
2023-07-10 23:30:00,0.3698,0.372,0.3674,0.3695,507974.0
2023-07-10 23:45:00,0.3696,0.3709,0.3689,0.3698,168017.0
2023-07-11 00:00:00,0.3703,0.3703,0.3651,0.367,445757.0
2023-07-11 00:15:00,0.3668,0.3677,0.3508,0.358,1865493.0
2023-07-11 00:30:00,0.3575,0.3601,0.3545,0.3557,891626.0
2023-07-11 00:45:00,0.3556,0.3558,0.352,0.3545,668494.0
2023-07-11 01:00:00,0.3543,0.3583,0.3542,0.3573,497722.0
2023-07-11 01:15:00,0.3572,0.3589,0.3535,0.3587,328624.0
2023-07-11 01:30:00,0.3585,0.3615,0.3581,0.361,240560.0
2023-07-11 01:45:00,0.361,0.3623,0.358,0.3594,379324.0
2023-07-11 02:00:00,0.3592,0.3617,0.3576,0.3595,256092.0
2023-07-11 02:15:00,0.3595,0.362,0.3587,0.3606,460745.0
2023-07-11 02:30:00,0.3607,0.3614,0.3589,0.361,305635.0
2023-07-11 02:45:00,0.3612,0.3622,0.359,0.36,364578.0
2023-07-11 03:00:00,0.3599,0.362,0.3596,0.3615,152999.0
2023-07-11 03:15:00,0.3618,0.3619,0.3601,0.3607,196206.0
2023-07-11 03:30:00,0.3608,0.3649,0.3607,0.3646,181623.0
2023-07-11 03:45:00,0.3646,0.3658,0.3628,0.3644,225071.0
2023-07-11 04:00:00,0.3646,0.3659,0.3643,0.3659,144832.0
2023-07-11 04:15:00,0.3658,0.3659,0.3603,0.3624,344074.0
2023-07-11 04:30:00,0.3624,0.3627,0.3605,0.3615,182861.0
2023-07-11 04:45:00,0.3615,0.3622,0.359,0.3609,379763.0
2023-07-11 05:00:00,0.3612,0.3621,0.3592,0.361,278751.0
2023-07-11 05:15:00,0.3612,0.3619,0.3604,0.3616,225141.0
2023-07-11 05:30:00,0.3616,0.3659,0.3613,0.3648,577552.0
2023-07-11 05:45:00,0.3648,0.3653,0.3621,0.3644,186927.0
2023-07-11 06:00:00,0.3644,0.3645,0.3632,0.3642,166585.0
2023-07-11 06:15:00,0.3643,0.3643,0.3605,0.3615,490013.0
2023-07-11 06:30:00,0.3617,0.363,0.3601,0.3606,171721.0
2023-07-11 06:45:00,0.3606,0.3635,0.3601,0.3632,265382.0
2023-07-11 07:00:00,0.3632,0.3645,0.3627,0.3628,252648.0
2023-07-11 07:15:00,0.3627,0.3627,0.361,0.3623,162782.0
2023-07-11 07:30:00,0.3623,0.3623,0.3603,0.3617,155072.0
2023-07-11 07:45:00,0.3617,0.3619,0.3609,0.3618,117297.0
2023-07-11 08:00:00,0.3619,0.3642,0.3619,0.3626,432804.0
2023-07-11 08:15:00,0.3627,0.3627,0.3599,0.3615,482750.0
2023-07-11 08:30:00,0.3617,0.3622,0.36,0.3605,239161.0
2023-07-11 08:45:00,0.3605,0.3612,0.3565,0.3587,758904.0
2023-07-11 09:00:00,0.3586,0.3614,0.358,0.36,489437.0
2023-07-11 09:15:00,0.36,0.36,0.3552,0.3576,689901.0
2023-07-11 09:30:00,0.3575,0.3587,0.3568,0.3585,277809.0
2023-07-11 09:45:00,0.3585,0.36,0.3576,0.3587,543368.0
2023-07-11 10:00:00,0.359,0.36,0.3572,0.3585,165873.0
2023-07-11 10:15:00,0.3589,0.3607,0.3585,0.359,187473.0
2023-07-11 10:30:00,0.3591,0.3595,0.3568,0.3589,280762.0
2023-07-11 10:45:00,0.3589,0.3606,0.3575,0.3595,207821.0
2023-07-11 11:00:00,0.3593,0.3607,0.3583,0.3586,73937.0
2023-07-11 11:15:00,0.3586,0.3604,0.3584,0.3604,105982.0
2023-07-11 11:30:00,0.3605,0.3606,0.3585,0.359,163423.0
2023-07-11 11:45:00,0.359,0.3596,0.3584,0.3591,76508.0
2023-07-11 12:00:00,0.3591,0.3592,0.3577,0.3578,168037.0
2023-07-11 12:15:00,0.3581,0.3583,0.3557,0.3563,221354.0
2023-07-11 12:30:00,0.3564,0.3581,0.3555,0.3558,277620.0
2023-07-11 12:45:00,0.3558,0.359,0.3554,0.3577,240679.0
2023-07-11 13:00:00,0.3575,0.358,0.3554,0.3562,383836.0
2023-07-11 13:15:00,0.3563,0.3566,0.354,0.3549,375141.0
2023-07-11 13:30:00,0.3551,0.3568,0.3537,0.3544,214682.0
2023-07-11 13:45:00,0.3545,0.3571,0.3525,0.3561,411078.0
2023-07-11 14:00:00,0.3556,0.3559,0.3525,0.3528,393237.0
2023-07-11 14:15:00,0.3528,0.3558,0.3513,0.3541,503183.0
2023-07-11 14:30:00,0.354,0.356,0.354,0.3557,180638.0
2023-07-11 14:45:00,0.356,0.3565,0.3546,0.3553,351683.0
2023-07-11 15:00:00,0.3557,0.3584,0.3552,0.3577,243787.0
2023-07-11 15:15:00,0.3585,0.36,0.3556,0.3559,292025.0
2023-07-11 15:30:00,0.3561,0.3562,0.3532,0.3544,243358.0
2023-07-11 15:45:00,0.3543,0.3559,0.3537,0.3558,255016.0
2023-07-11 16:00:00,0.3557,0.3557,0.3531,0.3548,381392.0
2023-07-11 16:15:00,0.3545,0.3548,0.3515,0.3531,341532.0
2023-07-11 16:30:00,0.3531,0.3554,0.353,0.3542,253175.0
2023-07-11 16:45:00,0.3542,0.3586,0.3542,0.3572,371829.0
2023-07-11 17:00:00,0.3571,0.3573,0.3533,0.3545,417623.0
2023-07-11 17:15:00,0.3546,0.3562,0.3542,0.3553,214737.0
2023-07-11 17:30:00,0.3553,0.3565,0.355,0.3555,158057.0
2023-07-11 17:45:00,0.3555,0.3575,0.3552,0.3575,242218.0
2023-07-11 18:00:00,0.3575,0.3601,0.3574,0.36,336772.0
2023-07-11 18:15:00,0.3599,0.36,0.3572,0.3582,332805.0
2023-07-11 18:30:00,0.3579,0.362,0.3552,0.3616,673779.0
2023-07-11 18:45:00,0.3616,0.3621,0.3584,0.3599,292473.0
2023-07-11 19:00:00,0.3599,0.3609,0.3582,0.3589,270459.0
2023-07-11 19:15:00,0.3586,0.3603,0.3584,0.3592,130515.0
2023-07-11 19:30:00,0.3595,0.3609,0.3582,0.3589,285557.0
2023-07-11 19:45:00,0.3589,0.359,0.356,0.3568,238634.0
2023-07-11 20:00:00,0.3568,0.3586,0.3563,0.3576,93729.0
2023-07-11 20:15:00,0.3576,0.358,0.3572,0.3577,136193.0
2023-07-11 20:30:00,0.3578,0.3586,0.3572,0.358,122293.0
2023-07-11 20:45:00,0.358,0.3589,0.3572,0.3572,82787.0
2023-07-11 21:00:00,0.3572,0.3579,0.3547,0.3548,130129.0
2023-07-11 21:15:00,0.3547,0.3552,0.3525,0.3533,256206.0
2023-07-11 21:30:00,0.3533,0.3539,0.3518,0.353,240543.0
2023-07-11 21:45:00,0.3528,0.3564,0.3524,0.3546,327814.0
2023-07-11 22:00:00,0.3549,0.3551,0.3539,0.3547,127667.0
2023-07-11 22:15:00,0.3552,0.3554,0.3548,0.3552,93347.0
2023-07-11 22:30:00,0.355,0.3556,0.3543,0.3545,235069.0
2023-07-11 22:45:00,0.3545,0.3559,0.3541,0.3559,64306.0
2023-07-11 23:00:00,0.3558,0.3588,0.3558,0.3582,99232.0
2023-07-11 23:15:00,0.3586,0.3588,0.3572,0.3578,96407.0
2023-07-11 23:30:00,0.3578,0.3593,0.3578,0.3591,149458.0
2023-07-11 23:45:00,0.3589,0.3596,0.3575,0.3594,136261.0
2023-07-12 00:00:00,0.3591,0.3591,0.354,0.3559,351906.0
2023-07-12 00:15:00,0.3561,0.3564,0.3548,0.3555,80559.0
2023-07-12 00:30:00,0.3555,0.3559,0.3541,0.3553,150035.0
2023-07-12 00:45:00,0.3554,0.356,0.3546,0.355,125251.0
2023-07-12 01:00:00,0.355,0.357,0.3546,0.3565,150908.0
2023-07-12 01:15:00,0.3567,0.359,0.3563,0.3589,138495.0
2023-07-12 01:30:00,0.3589,0.3589,0.3559,0.3568,112169.0
2023-07-12 01:45:00,0.3571,0.36,0.3568,0.3593,167076.0
2023-07-12 02:00:00,0.3594,0.36,0.3572,0.3578,264824.0
2023-07-12 02:15:00,0.3575,0.359,0.3573,0.3577,113172.0
2023-07-12 02:30:00,0.358,0.3589,0.3574,0.3578,106053.0
2023-07-12 02:45:00,0.3576,0.3587,0.3558,0.3562,311650.0
2023-07-12 03:00:00,0.3562,0.3565,0.3519,0.354,511755.0
2023-07-12 03:15:00,0.354,0.3555,0.3516,0.355,317800.0
2023-07-12 03:30:00,0.3549,0.3563,0.3545,0.3547,169010.0
2023-07-12 03:45:00,0.3547,0.3566,0.3547,0.3563,54839.0
2023-07-12 04:00:00,0.3563,0.3564,0.3546,0.3555,80970.0
2023-07-12 04:15:00,0.3554,0.3592,0.3554,0.359,160011.0
2023-07-12 04:30:00,0.3591,0.3592,0.3573,0.3584,237213.0
2023-07-12 04:45:00,0.3586,0.3596,0.3582,0.3587,179689.0
2023-07-12 05:00:00,0.3591,0.36,0.3588,0.3596,226775.0
2023-07-12 05:15:00,0.3596,0.3659,0.3593,0.3654,971276.0
2023-07-12 05:30:00,0.3654,0.3654,0.3595,0.3606,537907.0
2023-07-12 05:45:00,0.3606,0.3617,0.3575,0.3581,354778.0
2023-07-12 06:00:00,0.3581,0.3594,0.3569,0.3574,210270.0
2023-07-12 06:15:00,0.3572,0.3588,0.3562,0.3569,213403.0
2023-07-12 06:30:00,0.3572,0.3599,0.3567,0.3591,212756.0
2023-07-12 06:45:00,0.3591,0.3591,0.3558,0.3561,261383.0
2023-07-12 07:00:00,0.3561,0.3565,0.3547,0.3556,153555.0
2023-07-12 07:15:00,0.3556,0.3581,0.3549,0.3556,389958.0
2023-07-12 07:30:00,0.3552,0.3566,0.3547,0.3555,237468.0
2023-07-12 07:45:00,0.3555,0.3558,0.3546,0.355,277290.0
2023-07-12 08:00:00,0.3553,0.356,0.3531,0.356,295162.0
2023-07-12 08:15:00,0.3556,0.3586,0.3556,0.3565,359460.0
2023-07-12 08:30:00,0.3565,0.3568,0.3552,0.3564,206334.0
2023-07-12 08:45:00,0.3567,0.3588,0.3565,0.3581,347956.0
2023-07-12 09:00:00,0.3582,0.3582,0.3564,0.3571,116728.0
2023-07-12 09:15:00,0.3571,0.3601,0.3565,0.3593,424838.0
2023-07-12 09:30:00,0.3591,0.3596,0.3581,0.359,290629.0
2023-07-12 09:45:00,0.359,0.3594,0.3574,0.3587,185395.0
2023-07-12 10:00:00,0.3587,0.3613,0.3584,0.3599,268468.0
2023-07-12 10:15:00,0.36,0.3627,0.3591,0.36,391611.0
2023-07-12 10:30:00,0.3601,0.3604,0.3583,0.3592,159998.0
2023-07-12 10:45:00,0.359,0.359,0.3554,0.3574,362381.0
2023-07-12 11:00:00,0.3573,0.3575,0.3545,0.3553,391168.0
2023-07-12 11:15:00,0.3553,0.3561,0.3544,0.356,181709.0
2023-07-12 11:30:00,0.356,0.3571,0.3559,0.356,305467.0
2023-07-12 11:45:00,0.356,0.3575,0.3552,0.3575,145572.0
2023-07-12 12:00:00,0.3575,0.3575,0.3553,0.3564,200299.0
2023-07-12 12:15:00,0.3562,0.3564,0.3534,0.3547,398033.0
2023-07-12 12:30:00,0.3548,0.361,0.3548,0.3588,1083537.0
2023-07-12 12:45:00,0.3588,0.3598,0.3566,0.3589,320070.0
2023-07-12 13:00:00,0.3593,0.3646,0.3592,0.3609,724531.0
2023-07-12 13:15:00,0.361,0.3626,0.357,0.3578,595137.0
2023-07-12 13:30:00,0.3578,0.3606,0.3559,0.3585,519375.0
2023-07-12 13:45:00,0.3585,0.364,0.3576,0.3629,460528.0
2023-07-12 14:00:00,0.3629,0.3658,0.3625,0.3628,747294.0
2023-07-12 14:15:00,0.3629,0.3635,0.3584,0.3592,344525.0
2023-07-12 14:30:00,0.3593,0.3631,0.3588,0.3626,367899.0
2023-07-12 14:45:00,0.3627,0.3631,0.3611,0.3613,178382.0
2023-07-12 15:00:00,0.361,0.3616,0.3594,0.3612,239843.0
2023-07-12 15:15:00,0.3617,0.3617,0.3591,0.3599,123154.0
2023-07-12 15:30:00,0.3595,0.3611,0.3551,0.3558,527517.0
2023-07-12 15:45:00,0.3558,0.3577,0.3549,0.3577,268517.0
2023-07-12 16:00:00,0.3574,0.3587,0.3542,0.3574,382174.0
2023-07-12 16:15:00,0.3579,0.3604,0.3579,0.3589,278312.0
2023-07-12 16:30:00,0.359,0.3608,0.3584,0.3588,150363.0
2023-07-12 16:45:00,0.3588,0.3595,0.3569,0.3593,127817.0
2023-07-12 17:00:00,0.3593,0.3615,0.3569,0.3581,338691.0
2023-07-12 17:15:00,0.3582,0.3582,0.355,0.3565,263720.0
2023-07-12 17:30:00,0.3565,0.3585,0.3561,0.3563,158541.0
2023-07-12 17:45:00,0.3561,0.3584,0.3552,0.3572,164294.0
2023-07-12 18:00:00,0.357,0.3578,0.3569,0.3573,87294.0
2023-07-12 18:15:00,0.3571,0.3577,0.3562,0.3575,184868.0
2023-07-12 18:30:00,0.3576,0.358,0.3562,0.3566,75946.0
2023-07-12 18:45:00,0.3563,0.3572,0.3556,0.3565,183345.0
2023-07-12 19:00:00,0.3565,0.3569,0.3557,0.356,59815.0
2023-07-12 19:15:00,0.356,0.356,0.33,0.34,3020608.0
2023-07-12 19:30:00,0.34,0.3427,0.334,0.3361,1502990.0
2023-07-12 19:45:00,0.3364,0.3364,0.3321,0.3358,957696.0
2023-07-12 20:00:00,0.3355,0.3379,0.3344,0.3362,465242.0
2023-07-12 20:15:00,0.3365,0.3372,0.3334,0.3343,612656.0
2023-07-12 20:30:00,0.3347,0.3352,0.3333,0.3347,465042.0
2023-07-12 20:45:00,0.3348,0.3373,0.3345,0.3373,203900.0
2023-07-12 21:00:00,0.337,0.337,0.335,0.3363,204134.0
2023-07-12 21:15:00,0.3363,0.3371,0.3357,0.3369,183631.0
2023-07-12 21:30:00,0.3368,0.3369,0.3347,0.3365,248295.0
2023-07-12 21:45:00,0.3362,0.3385,0.336,0.3377,415637.0
2023-07-12 22:00:00,0.3375,0.3428,0.3374,0.3417,343916.0
2023-07-12 22:15:00,0.3419,0.3427,0.3403,0.3426,138264.0
2023-07-12 22:30:00,0.3426,0.3428,0.34,0.3406,370553.0
2023-07-12 22:45:00,0.341,0.3444,0.341,0.343,207281.0
2023-07-12 23:00:00,0.3431,0.3459,0.3421,0.3424,316464.0
2023-07-12 23:15:00,0.3424,0.3435,0.34,0.34,154081.0
2023-07-12 23:30:00,0.3401,0.3448,0.3401,0.3429,311275.0
2023-07-12 23:45:00,0.3429,0.3448,0.3427,0.3434,282492.0
2023-07-13 00:00:00,0.3438,0.344,0.3425,0.3435,330151.0
2023-07-13 00:15:00,0.3435,0.3435,0.3393,0.3407,235297.0
2023-07-13 00:30:00,0.3405,0.3493,0.3405,0.345,2178089.0
2023-07-13 00:45:00,0.3449,0.3514,0.3446,0.3496,830858.0
2023-07-13 01:00:00,0.3497,0.3575,0.346,0.351,1621214.0
2023-07-13 01:15:00,0.3508,0.3508,0.346,0.3484,308704.0
2023-07-13 01:30:00,0.3483,0.3486,0.344,0.3479,246753.0
2023-07-13 01:45:00,0.3477,0.3483,0.3456,0.3456,131199.0
2023-07-13 02:00:00,0.3459,0.3481,0.345,0.3478,180166.0
2023-07-13 02:15:00,0.3478,0.3495,0.3476,0.3488,136665.0
2023-07-13 02:30:00,0.3487,0.3493,0.3453,0.3466,283426.0
2023-07-13 02:45:00,0.3466,0.3469,0.3453,0.3467,134357.0
2023-07-13 03:00:00,0.3468,0.3497,0.3461,0.3485,221938.0
2023-07-13 03:15:00,0.3482,0.3498,0.3462,0.3462,102474.0
2023-07-13 03:30:00,0.3461,0.3478,0.3444,0.3465,312718.0
2023-07-13 03:45:00,0.3471,0.3471,0.345,0.3461,91650.0
2023-07-13 04:00:00,0.3456,0.347,0.345,0.347,114381.0
2023-07-13 04:15:00,0.3472,0.3475,0.3451,0.3451,166901.0
2023-07-13 04:30:00,0.3455,0.3464,0.3442,0.3443,208046.0
2023-07-13 04:45:00,0.3443,0.3445,0.3417,0.3422,502639.0
2023-07-13 05:00:00,0.3427,0.3431,0.3395,0.3423,594905.0
2023-07-13 05:15:00,0.3422,0.3441,0.341,0.344,490610.0
2023-07-13 05:30:00,0.3438,0.3455,0.3431,0.3453,357335.0
2023-07-13 05:45:00,0.3453,0.3522,0.3442,0.3522,890749.0
2023-07-13 06:00:00,0.3522,0.3536,0.349,0.3528,679520.0
2023-07-13 06:15:00,0.3531,0.355,0.3516,0.3549,495890.0
2023-07-13 06:30:00,0.3549,0.355,0.3501,0.3502,201999.0
2023-07-13 06:45:00,0.35,0.3514,0.35,0.3511,88353.0
2023-07-13 07:00:00,0.351,0.3517,0.3455,0.348,1030556.0
2023-07-13 07:15:00,0.3479,0.348,0.3442,0.3444,281703.0
2023-07-13 07:30:00,0.3445,0.3462,0.3438,0.3445,423980.0
2023-07-13 07:45:00,0.3445,0.3447,0.34,0.3409,1071637.0
2023-07-13 08:00:00,0.341,0.3421,0.3368,0.3408,1202388.0
2023-07-13 08:15:00,0.3404,0.3441,0.3403,0.3427,420890.0
2023-07-13 08:30:00,0.3428,0.3431,0.3414,0.343,194035.0
2023-07-13 08:45:00,0.343,0.3435,0.3419,0.3426,596382.0
2023-07-13 09:00:00,0.3427,0.3451,0.3418,0.3447,304851.0
2023-07-13 09:15:00,0.3445,0.3458,0.3433,0.3443,165712.0
2023-07-13 09:30:00,0.3443,0.3462,0.344,0.3456,279763.0
2023-07-13 09:45:00,0.3459,0.3467,0.3455,0.346,253474.0
2023-07-13 10:00:00,0.3462,0.3481,0.345,0.3468,217270.0
2023-07-13 10:15:00,0.3468,0.3469,0.3447,0.3466,239454.0
2023-07-13 10:30:00,0.3469,0.3474,0.3462,0.3465,161970.0
2023-07-13 10:45:00,0.3468,0.3468,0.3437,0.3448,252207.0
2023-07-13 11:00:00,0.3451,0.3466,0.3447,0.3449,214165.0
2023-07-13 11:15:00,0.3449,0.3459,0.3441,0.3445,257969.0
2023-07-13 11:30:00,0.3445,0.3452,0.3435,0.3444,205781.0
2023-07-13 11:45:00,0.3447,0.3452,0.3436,0.3437,209875.0
2023-07-13 12:00:00,0.3438,0.3455,0.3423,0.3437,409134.0
2023-07-13 12:15:00,0.3439,0.3442,0.342,0.3428,142084.0
2023-07-13 12:30:00,0.3429,0.3449,0.3418,0.3445,197779.0
2023-07-13 12:45:00,0.3448,0.3449,0.3422,0.3436,153738.0
2023-07-13 13:00:00,0.3438,0.3457,0.3433,0.3454,306461.0
2023-07-13 13:15:00,0.3455,0.3471,0.3445,0.3464,136931.0
2023-07-13 13:30:00,0.3465,0.3473,0.345,0.3461,318469.0
2023-07-13 13:45:00,0.3461,0.3465,0.3444,0.3458,114282.0
2023-07-13 14:00:00,0.346,0.3465,0.3421,0.344,223507.0
2023-07-13 14:15:00,0.3438,0.3449,0.3434,0.3441,84273.0
2023-07-13 14:30:00,0.3445,0.3458,0.3445,0.3446,108721.0
2023-07-13 14:45:00,0.3446,0.345,0.343,0.3433,153241.0
2023-07-13 15:00:00,0.3433,0.3444,0.3427,0.3432,111225.0
2023-07-13 15:15:00,0.3431,0.3477,0.3431,0.347,292886.0
2023-07-13 15:30:00,0.347,0.3566,0.347,0.3558,1351443.0
2023-07-13 15:45:00,0.3562,0.359,0.3512,0.358,1625063.0
2023-07-13 16:00:00,0.3579,0.3629,0.3565,0.361,1380596.0
2023-07-13 16:15:00,0.3607,0.3633,0.3594,0.361,944416.0
2023-07-13 16:30:00,0.3612,0.3629,0.3572,0.3619,758597.0
2023-07-13 16:45:00,0.362,0.367,0.3611,0.3639,986798.0
2023-07-13 17:00:00,0.3639,0.3676,0.3631,0.3641,760227.0
2023-07-13 17:15:00,0.3638,0.3658,0.3624,0.3649,411421.0
2023-07-13 17:30:00,0.3649,0.3701,0.3637,0.3658,1110154.0
2023-07-13 17:45:00,0.3658,0.3679,0.363,0.367,425015.0
2023-07-13 18:00:00,0.3669,0.3735,0.3647,0.3701,1679379.0
2023-07-13 18:15:00,0.3701,0.3767,0.3667,0.3687,1949250.0
2023-07-13 18:30:00,0.3689,0.3694,0.36,0.3628,1780848.0
2023-07-13 18:45:00,0.3632,0.3647,0.3572,0.361,747260.0
2023-07-13 19:00:00,0.3612,0.3651,0.3612,0.3623,348395.0
2023-07-13 19:15:00,0.3623,0.363,0.3584,0.3597,620561.0
2023-07-13 19:30:00,0.3597,0.3658,0.3585,0.3618,687910.0
2023-07-13 19:45:00,0.3618,0.3629,0.3574,0.3627,535126.0
2023-07-13 20:00:00,0.3627,0.3664,0.3622,0.363,412307.0
2023-07-13 20:15:00,0.363,0.3655,0.3629,0.3646,126917.0
2023-07-13 20:30:00,0.3654,0.3661,0.363,0.363,310333.0
2023-07-13 20:45:00,0.3636,0.3649,0.3598,0.3618,265785.0
2023-07-13 21:00:00,0.362,0.3631,0.3579,0.3598,585906.0
2023-07-13 21:15:00,0.3598,0.3694,0.3598,0.3656,641558.0
2023-07-13 21:30:00,0.3653,0.3699,0.365,0.3684,322031.0
2023-07-13 21:45:00,0.3684,0.3733,0.3681,0.3703,583767.0
2023-07-13 22:00:00,0.3703,0.3755,0.3703,0.3731,536650.0
2023-07-13 22:15:00,0.3731,0.3744,0.3724,0.3741,281866.0
2023-07-13 22:30:00,0.374,0.3762,0.3694,0.3705,598772.0
2023-07-13 22:45:00,0.3704,0.3722,0.3681,0.3702,743857.0
2023-07-13 23:00:00,0.3702,0.372,0.37,0.371,435004.0
2023-07-13 23:15:00,0.3709,0.3716,0.3689,0.3698,252525.0
2023-07-13 23:30:00,0.3697,0.3697,0.3646,0.3667,361161.0
2023-07-13 23:45:00,0.367,0.371,0.3645,0.3696,463988.0
2023-07-14 00:00:00,0.3692,0.3719,0.3667,0.3702,422524.0
2023-07-14 00:15:00,0.3705,0.3736,0.3694,0.3706,290657.0
2023-07-14 00:30:00,0.3703,0.3777,0.3703,0.3747,546432.0
2023-07-14 00:45:00,0.3747,0.38,0.3719,0.376,775770.0
2023-07-14 01:00:00,0.3763,0.3783,0.3661,0.368,547262.0
2023-07-14 01:15:00,0.368,0.3712,0.3662,0.371,324744.0
2023-07-14 01:30:00,0.3705,0.377,0.3701,0.3761,266540.0
2023-07-14 01:45:00,0.3756,0.3797,0.3737,0.3771,406145.0
2023-07-14 02:00:00,0.3771,0.3844,0.3745,0.3751,839079.0
2023-07-14 02:15:00,0.3745,0.3761,0.3734,0.3738,334735.0
2023-07-14 02:30:00,0.3741,0.3772,0.3732,0.3767,630710.0
2023-07-14 02:45:00,0.3767,0.3804,0.3756,0.3779,338742.0
2023-07-14 03:00:00,0.3779,0.38,0.3769,0.3795,286338.0
2023-07-14 03:15:00,0.379,0.3796,0.3759,0.3763,209347.0
2023-07-14 03:30:00,0.3764,0.3778,0.3759,0.3773,294127.0
2023-07-14 03:45:00,0.3778,0.3784,0.3759,0.377,176353.0
2023-07-14 04:00:00,0.377,0.3786,0.3763,0.3763,145445.0
2023-07-14 04:15:00,0.3769,0.3778,0.3758,0.3772,57044.0
2023-07-14 04:30:00,0.3775,0.3775,0.372,0.3726,254830.0
2023-07-14 04:45:00,0.3728,0.3739,0.3696,0.3724,332487.0
2023-07-14 05:00:00,0.3719,0.3724,0.3701,0.3701,351771.0
2023-07-14 05:15:00,0.3701,0.3715,0.3685,0.3705,165399.0
2023-07-14 05:30:00,0.3705,0.3721,0.3702,0.3705,61809.0
2023-07-14 05:45:00,0.3704,0.3719,0.3703,0.371,109135.0
2023-07-14 06:00:00,0.3713,0.373,0.3713,0.372,56363.0
2023-07-14 06:15:00,0.3719,0.3725,0.3703,0.371,108175.0
2023-07-14 06:30:00,0.3717,0.3717,0.3686,0.3692,84889.0
2023-07-14 06:45:00,0.3695,0.3695,0.3683,0.3684,143027.0
2023-07-14 07:00:00,0.3688,0.3701,0.3679,0.3679,163135.0
2023-07-14 07:15:00,0.368,0.3683,0.3638,0.3654,516460.0
2023-07-14 07:30:00,0.3657,0.3657,0.3588,0.3621,1148745.0
2023-07-14 07:45:00,0.3622,0.3644,0.3608,0.3636,564747.0
2023-07-14 08:00:00,0.3635,0.3666,0.3633,0.3662,208306.0
2023-07-14 08:15:00,0.3662,0.3679,0.3651,0.3657,265611.0
2023-07-14 08:30:00,0.3657,0.3695,0.3651,0.3684,231653.0
2023-07-14 08:45:00,0.369,0.369,0.365,0.3674,253247.0
2023-07-14 09:00:00,0.367,0.367,0.3638,0.364,308911.0
2023-07-14 09:15:00,0.3641,0.3651,0.3618,0.3633,316770.0
2023-07-14 09:30:00,0.363,0.3664,0.3616,0.3651,368956.0
2023-07-14 09:45:00,0.3647,0.3656,0.3638,0.364,151258.0
2023-07-14 10:00:00,0.3644,0.365,0.363,0.3637,128175.0
2023-07-14 10:15:00,0.3635,0.3647,0.363,0.3641,168436.0
2023-07-14 10:30:00,0.3643,0.3652,0.3631,0.3634,114855.0
2023-07-14 10:45:00,0.3637,0.3659,0.3627,0.3659,262551.0
2023-07-14 11:00:00,0.3655,0.3664,0.3643,0.366,92266.0
2023-07-14 11:15:00,0.3664,0.3697,0.3653,0.3693,329010.0
2023-07-14 11:30:00,0.3697,0.3728,0.3678,0.372,477963.0
2023-07-14 11:45:00,0.3719,0.3724,0.369,0.37,249774.0
2023-07-14 12:00:00,0.3704,0.3712,0.3691,0.3695,131997.0
2023-07-14 12:15:00,0.3695,0.3695,0.3664,0.367,74206.0
2023-07-14 12:30:00,0.3671,0.3688,0.3661,0.3674,176132.0
2023-07-14 12:45:00,0.3674,0.3678,0.3639,0.3649,344919.0
2023-07-14 13:00:00,0.365,0.3667,0.3633,0.3636,169791.0
2023-07-14 13:15:00,0.3637,0.3641,0.3608,0.3633,187846.0
2023-07-14 13:30:00,0.3632,0.3652,0.3613,0.3645,398890.0
2023-07-14 13:45:00,0.3644,0.3671,0.3644,0.3663,255052.0
2023-07-14 14:00:00,0.3661,0.3661,0.364,0.3646,133818.0
2023-07-14 14:15:00,0.3647,0.3662,0.3635,0.3642,185281.0
2023-07-14 14:30:00,0.3642,0.3656,0.3634,0.3656,193671.0
2023-07-14 14:45:00,0.3652,0.3666,0.3633,0.3664,123929.0
2023-07-14 15:00:00,0.3658,0.3689,0.364,0.368,395075.0
2023-07-14 15:15:00,0.368,0.3695,0.3667,0.3685,321177.0
2023-07-14 15:30:00,0.3686,0.3692,0.3671,0.3687,442602.0
2023-07-14 15:45:00,0.3688,0.3688,0.3668,0.3672,184389.0
2023-07-14 16:00:00,0.3672,0.3728,0.3672,0.3706,359905.0
2023-07-14 16:15:00,0.3707,0.3764,0.3701,0.3705,844284.0
2023-07-14 16:30:00,0.3702,0.376,0.362,0.376,982863.0
2023-07-14 16:45:00,0.376,0.3839,0.3731,0.3779,1534492.0
2023-07-14 17:00:00,0.3779,0.3886,0.3715,0.3763,2136806.0
2023-07-14 17:15:00,0.376,0.3847,0.368,0.3763,1506371.0
2023-07-14 17:30:00,0.376,0.3796,0.3701,0.373,732901.0
2023-07-14 17:45:00,0.3729,0.3742,0.3661,0.3669,537565.0
2023-07-14 18:00:00,0.3678,0.3757,0.3666,0.3723,480158.0
2023-07-14 18:15:00,0.3723,0.3723,0.3626,0.364,620579.0
2023-07-14 18:30:00,0.3641,0.382,0.35,0.357,2362050.0
2023-07-14 18:45:00,0.3574,0.3634,0.3559,0.3601,351645.0
2023-07-14 19:00:00,0.3596,0.3606,0.3549,0.3605,450898.0
2023-07-14 19:15:00,0.3604,0.3605,0.3569,0.3595,174566.0
2023-07-14 19:30:00,0.3599,0.3606,0.3582,0.3583,148932.0
2023-07-14 19:45:00,0.3584,0.3609,0.3582,0.3602,219173.0
2023-07-14 20:00:00,0.3599,0.363,0.3595,0.3595,281299.0
2023-07-14 20:15:00,0.3594,0.3594,0.353,0.3542,319565.0
2023-07-14 20:30:00,0.3544,0.3574,0.3527,0.3574,213650.0
2023-07-14 20:45:00,0.3574,0.3589,0.3546,0.3569,258557.0
2023-07-14 21:00:00,0.3569,0.3578,0.3555,0.3572,181254.0
2023-07-14 21:15:00,0.3571,0.3602,0.3569,0.3597,187734.0
2023-07-14 21:30:00,0.36,0.3603,0.3578,0.3583,80326.0
2023-07-14 21:45:00,0.3578,0.3604,0.3576,0.3603,79000.0
2023-07-14 22:00:00,0.3604,0.3607,0.3582,0.359,136063.0
2023-07-14 22:15:00,0.3585,0.3605,0.3576,0.3587,103071.0
2023-07-14 22:30:00,0.3588,0.3592,0.3579,0.3581,71638.0
2023-07-14 22:45:00,0.3583,0.3591,0.3579,0.3579,70121.0
2023-07-14 23:00:00,0.358,0.3598,0.3578,0.3596,51409.0
2023-07-14 23:15:00,0.3591,0.3631,0.3589,0.3629,200122.0
2023-07-14 23:30:00,0.3628,0.3669,0.3624,0.3661,176243.0
2023-07-14 23:45:00,0.3663,0.3672,0.3636,0.3645,239870.0
2023-07-15 00:00:00,0.3647,0.3662,0.3602,0.3618,144198.0
2023-07-15 00:15:00,0.3613,0.3667,0.3613,0.3658,198141.0
2023-07-15 00:30:00,0.3657,0.3659,0.3631,0.3644,109578.0
2023-07-15 00:45:00,0.3646,0.3669,0.364,0.3669,187233.0
2023-07-15 01:00:00,0.3668,0.3705,0.3649,0.3692,254040.0
2023-07-15 01:15:00,0.3692,0.381,0.3692,0.3767,1582661.0
2023-07-15 01:30:00,0.3765,0.382,0.3732,0.3777,732692.0
2023-07-15 01:45:00,0.3774,0.3831,0.3702,0.372,861767.0
2023-07-15 02:00:00,0.3717,0.3761,0.3717,0.3759,197120.0
2023-07-15 02:15:00,0.3756,0.3794,0.3752,0.3774,388485.0
2023-07-15 02:30:00,0.3772,0.381,0.3768,0.379,410547.0
2023-07-15 02:45:00,0.3788,0.3796,0.3749,0.3754,115262.0
2023-07-15 03:00:00,0.3753,0.3763,0.373,0.3739,180115.0
2023-07-15 03:15:00,0.3731,0.3739,0.3684,0.3702,718509.0
2023-07-15 03:30:00,0.3703,0.3739,0.3702,0.3709,238299.0
2023-07-15 03:45:00,0.3717,0.3725,0.3666,0.3679,543571.0
2023-07-15 04:00:00,0.3682,0.3687,0.366,0.3665,295664.0
2023-07-15 04:15:00,0.366,0.3704,0.3652,0.3688,297789.0
2023-07-15 04:30:00,0.369,0.3691,0.3644,0.3657,196620.0
2023-07-15 04:45:00,0.3657,0.3667,0.3625,0.363,350496.0
2023-07-15 05:00:00,0.3625,0.365,0.3625,0.3645,183364.0
2023-07-15 05:15:00,0.3645,0.3648,0.361,0.3625,455790.0
2023-07-15 05:30:00,0.3627,0.3642,0.362,0.3638,80636.0
2023-07-15 05:45:00,0.3638,0.3655,0.3631,0.3646,183347.0
2023-07-15 06:00:00,0.3647,0.3663,0.363,0.3647,255008.0
2023-07-15 06:15:00,0.3645,0.3649,0.3616,0.3616,209119.0
2023-07-15 06:30:00,0.3621,0.3644,0.362,0.3644,104196.0
2023-07-15 06:45:00,0.3646,0.3649,0.3625,0.3629,111220.0
2023-07-15 07:00:00,0.363,0.3673,0.363,0.3664,241428.0
2023-07-15 07:15:00,0.3665,0.3688,0.3663,0.368,222547.0
2023-07-15 07:30:00,0.368,0.3725,0.3661,0.3722,261135.0
2023-07-15 07:45:00,0.3725,0.3747,0.3712,0.3718,318565.0
2023-07-15 08:00:00,0.372,0.3732,0.3678,0.37,459263.0
2023-07-15 08:15:00,0.3704,0.379,0.3704,0.379,743145.0
2023-07-15 08:30:00,0.3789,0.384,0.3773,0.3817,1657862.0
2023-07-15 08:45:00,0.3819,0.3838,0.3791,0.3808,1306840.0
2023-07-15 09:00:00,0.3813,0.3878,0.3801,0.3828,1199103.0
2023-07-15 09:15:00,0.3825,0.3832,0.3782,0.3816,689072.0
2023-07-15 09:30:00,0.3815,0.3817,0.3775,0.3778,657273.0
2023-07-15 09:45:00,0.3783,0.3885,0.3761,0.3818,1082856.0
2023-07-15 10:00:00,0.3818,0.3865,0.3812,0.383,647847.0
2023-07-15 10:15:00,0.383,0.3842,0.3786,0.3803,941696.0
2023-07-15 10:30:00,0.3805,0.3818,0.3781,0.38,347725.0
2023-07-15 10:45:00,0.3797,0.3828,0.3785,0.3792,193339.0
2023-07-15 11:00:00,0.3792,0.3818,0.3776,0.38,471060.0
2023-07-15 11:15:00,0.38,0.3813,0.3751,0.3773,397554.0
2023-07-15 11:30:00,0.3768,0.3807,0.3764,0.38,208113.0
2023-07-15 11:45:00,0.3794,0.3811,0.378,0.3796,281269.0
2023-07-15 12:00:00,0.3794,0.3841,0.3785,0.383,339861.0
2023-07-15 12:15:00,0.383,0.3834,0.3807,0.3834,110899.0
2023-07-15 12:30:00,0.3835,0.3848,0.3815,0.3839,167195.0
2023-07-15 12:45:00,0.3834,0.3861,0.3828,0.385,383370.0
2023-07-15 13:00:00,0.385,0.3854,0.3772,0.3784,545248.0
2023-07-15 13:15:00,0.3785,0.383,0.3758,0.3781,559555.0
2023-07-15 13:30:00,0.3781,0.3795,0.3717,0.375,550955.0
2023-07-15 13:45:00,0.375,0.3765,0.3713,0.3747,412419.0
2023-07-15 14:00:00,0.3751,0.3753,0.3714,0.3718,165068.0
2023-07-15 14:15:00,0.3718,0.3728,0.3706,0.371,198851.0
2023-07-15 14:30:00,0.3715,0.3719,0.3679,0.3706,437086.0
2023-07-15 14:45:00,0.3708,0.3708,0.3674,0.3687,166962.0
2023-07-15 15:00:00,0.3683,0.3719,0.3661,0.3712,435509.0
2023-07-15 15:15:00,0.3706,0.373,0.37,0.3719,188022.0
2023-07-15 15:30:00,0.3719,0.3732,0.3704,0.3713,183270.0
2023-07-15 15:45:00,0.371,0.371,0.3686,0.3686,96109.0
2023-07-15 16:00:00,0.3687,0.3706,0.368,0.37,181632.0
2023-07-15 16:15:00,0.3707,0.3725,0.3698,0.3725,115659.0
2023-07-15 16:30:00,0.3726,0.3777,0.3721,0.3777,512631.0
2023-07-15 16:45:00,0.3776,0.3777,0.3732,0.3738,176029.0
2023-07-15 17:00:00,0.3744,0.3754,0.3714,0.3718,238085.0
2023-07-15 17:15:00,0.3716,0.3738,0.3713,0.3716,195711.0
2023-07-15 17:30:00,0.3716,0.372,0.3688,0.3693,195072.0
2023-07-15 17:45:00,0.3695,0.3698,0.3676,0.3697,164672.0
2023-07-15 18:00:00,0.3694,0.3708,0.3685,0.3699,223946.0
2023-07-15 18:15:00,0.3697,0.37,0.3662,0.367,862892.0
2023-07-15 18:30:00,0.367,0.3738,0.367,0.3728,467254.0
2023-07-15 18:45:00,0.3723,0.3729,0.371,0.3715,147022.0
2023-07-15 19:00:00,0.3715,0.3722,0.3703,0.372,121761.0
2023-07-15 19:15:00,0.372,0.3725,0.3701,0.3705,166608.0
2023-07-15 19:30:00,0.371,0.3716,0.369,0.3711,96342.0
2023-07-15 19:45:00,0.3712,0.3712,0.369,0.3697,56666.0
2023-07-15 20:00:00,0.3697,0.3701,0.3676,0.3691,69505.0
2023-07-15 20:15:00,0.3692,0.3718,0.3692,0.3705,85760.0
2023-07-15 20:30:00,0.3704,0.3718,0.3695,0.3707,91158.0
2023-07-15 20:45:00,0.3704,0.3706,0.3689,0.3689,122472.0
2023-07-15 21:00:00,0.3688,0.3692,0.3657,0.3664,168552.0
2023-07-15 21:15:00,0.3665,0.3665,0.3554,0.3604,1040521.0
2023-07-15 21:30:00,0.3603,0.3636,0.3603,0.3633,103489.0
2023-07-15 21:45:00,0.3626,0.3634,0.361,0.3634,57737.0
2023-07-15 22:00:00,0.3634,0.3638,0.3622,0.3637,84570.0
2023-07-15 22:15:00,0.3635,0.3651,0.3625,0.365,75142.0
2023-07-15 22:30:00,0.365,0.3652,0.3618,0.3627,218092.0
2023-07-15 22:45:00,0.3626,0.3644,0.3626,0.3642,61936.0
2023-07-15 23:00:00,0.3642,0.3654,0.364,0.3652,42500.0
2023-07-15 23:15:00,0.3654,0.3662,0.3651,0.3657,117979.0
2023-07-15 23:30:00,0.3662,0.3668,0.365,0.3665,67840.0
2023-07-15 23:45:00,0.3665,0.3675,0.3652,0.3671,37561.0
2023-07-16 00:00:00,0.367,0.3706,0.3668,0.3706,124704.0
2023-07-16 00:15:00,0.3702,0.3714,0.3679,0.3689,221769.0
2023-07-16 00:30:00,0.369,0.3733,0.3685,0.373,232865.0
2023-07-16 00:45:00,0.3728,0.3749,0.3709,0.3743,371002.0
2023-07-16 01:00:00,0.374,0.3752,0.3725,0.3739,113746.0
2023-07-16 01:15:00,0.3735,0.3756,0.3734,0.3743,173690.0
2023-07-16 01:30:00,0.3742,0.3742,0.3703,0.3722,105927.0
2023-07-16 01:45:00,0.3716,0.3721,0.3681,0.3706,279928.0
2023-07-16 02:00:00,0.3705,0.3727,0.3705,0.3717,152100.0
2023-07-16 02:15:00,0.3717,0.3721,0.3616,0.3687,710285.0
2023-07-16 02:30:00,0.3687,0.3715,0.3673,0.3709,222174.0
2023-07-16 02:45:00,0.3711,0.372,0.3686,0.3686,144101.0
2023-07-16 03:00:00,0.3687,0.369,0.3655,0.3657,278954.0
2023-07-16 03:15:00,0.3657,0.368,0.3645,0.368,151196.0
2023-07-16 03:30:00,0.368,0.369,0.3673,0.3673,84317.0
2023-07-16 03:45:00,0.3673,0.3678,0.3653,0.3656,83073.0
2023-07-16 04:00:00,0.3657,0.3686,0.3651,0.3673,137786.0
2023-07-16 04:15:00,0.3683,0.3684,0.3657,0.3663,131232.0
2023-07-16 04:30:00,0.3663,0.3664,0.3632,0.3646,287410.0
2023-07-16 04:45:00,0.3645,0.367,0.3634,0.3665,102283.0
2023-07-16 05:00:00,0.3669,0.3678,0.3661,0.3675,59308.0
2023-07-16 05:15:00,0.3671,0.3673,0.366,0.3671,47625.0
2023-07-16 05:30:00,0.3671,0.3671,0.3649,0.3655,55211.0
2023-07-16 05:45:00,0.3655,0.3657,0.364,0.3656,106909.0
2023-07-16 06:00:00,0.365,0.3656,0.363,0.3655,178163.0
2023-07-16 06:15:00,0.3655,0.3656,0.3639,0.3647,118925.0
2023-07-16 06:30:00,0.365,0.3677,0.3638,0.3665,233522.0
2023-07-16 06:45:00,0.3662,0.3662,0.3639,0.365,117295.0
2023-07-16 07:00:00,0.3647,0.3661,0.3638,0.3659,107924.0
2023-07-16 07:15:00,0.3659,0.3659,0.364,0.3653,57273.0
2023-07-16 07:30:00,0.3654,0.3658,0.3642,0.3649,43962.0
2023-07-16 07:45:00,0.3649,0.3654,0.3641,0.3644,109113.0
2023-07-16 08:00:00,0.3644,0.3644,0.3606,0.3623,775683.0
2023-07-16 08:15:00,0.3624,0.3648,0.361,0.3643,283410.0
2023-07-16 08:30:00,0.364,0.3647,0.363,0.3634,113153.0
2023-07-16 08:45:00,0.3635,0.3638,0.3624,0.3632,111969.0
2023-07-16 09:00:00,0.3633,0.3656,0.3633,0.3648,94982.0
2023-07-16 09:15:00,0.3648,0.3668,0.3641,0.3668,160892.0
2023-07-16 09:30:00,0.3664,0.3664,0.3638,0.3642,131242.0
2023-07-16 09:45:00,0.3643,0.3644,0.3627,0.364,88561.0
2023-07-16 10:00:00,0.3641,0.3649,0.3633,0.3645,194198.0
2023-07-16 10:15:00,0.3645,0.3646,0.362,0.363,119658.0
2023-07-16 10:30:00,0.3632,0.3635,0.3612,0.3634,124314.0
2023-07-16 10:45:00,0.3632,0.3632,0.3601,0.361,315787.0
2023-07-16 11:00:00,0.361,0.3625,0.359,0.3623,198251.0
2023-07-16 11:15:00,0.362,0.3628,0.361,0.3612,163239.0
2023-07-16 11:30:00,0.3613,0.3613,0.3596,0.3608,242087.0
2023-07-16 11:45:00,0.3607,0.3607,0.3593,0.3597,119068.0
2023-07-16 12:00:00,0.36,0.361,0.3583,0.3585,308128.0
2023-07-16 12:15:00,0.3591,0.3592,0.3581,0.3582,74793.0
2023-07-16 12:30:00,0.3587,0.3607,0.3587,0.3607,118830.0
2023-07-16 12:45:00,0.3605,0.3616,0.3595,0.3608,89938.0
2023-07-16 13:00:00,0.3608,0.3616,0.3587,0.3601,203642.0
2023-07-16 13:15:00,0.3601,0.361,0.3594,0.3602,91840.0
2023-07-16 13:30:00,0.3599,0.3617,0.3595,0.3616,76264.0
2023-07-16 13:45:00,0.3619,0.3619,0.36,0.3607,40956.0
2023-07-16 14:00:00,0.3607,0.3619,0.3604,0.3615,61159.0
2023-07-16 14:15:00,0.3615,0.3625,0.3594,0.3625,246632.0
2023-07-16 14:30:00,0.3626,0.3636,0.3613,0.3628,257285.0
2023-07-16 14:45:00,0.3628,0.3632,0.36,0.3609,156731.0
2023-07-16 15:00:00,0.3609,0.3609,0.3583,0.3593,172305.0
2023-07-16 15:15:00,0.3598,0.3598,0.3564,0.3573,390249.0
2023-07-16 15:30:00,0.3573,0.3593,0.3565,0.3571,240608.0
2023-07-16 15:45:00,0.3573,0.3581,0.3566,0.3578,151280.0
2023-07-16 16:00:00,0.3581,0.3581,0.3566,0.3575,78079.0
2023-07-16 16:15:00,0.3573,0.3582,0.3565,0.3582,88152.0
2023-07-16 16:30:00,0.3583,0.3585,0.3568,0.3572,151360.0
2023-07-16 16:45:00,0.357,0.3587,0.3561,0.3566,266625.0
2023-07-16 17:00:00,0.3569,0.3572,0.3562,0.3562,73930.0
2023-07-16 17:15:00,0.3569,0.3582,0.3569,0.3579,99869.0
2023-07-16 17:30:00,0.3582,0.3585,0.3553,0.3555,145832.0
2023-07-16 17:45:00,0.3555,0.3559,0.3527,0.3553,220910.0
2023-07-16 18:00:00,0.3556,0.3557,0.3544,0.3554,145371.0
2023-07-16 18:15:00,0.3554,0.3559,0.3541,0.3546,54646.0
2023-07-16 18:30:00,0.3546,0.3549,0.3515,0.3538,236175.0
2023-07-16 18:45:00,0.3537,0.3544,0.3528,0.3532,126656.0
2023-07-16 19:00:00,0.3532,0.3544,0.352,0.354,337113.0
2023-07-16 19:15:00,0.3538,0.3544,0.3527,0.354,82109.0
2023-07-16 19:30:00,0.354,0.3544,0.345,0.3472,661174.0
2023-07-16 19:45:00,0.3474,0.3499,0.346,0.3478,462904.0
2023-07-16 20:00:00,0.3477,0.3495,0.3463,0.3493,116323.0
2023-07-16 20:15:00,0.3489,0.3491,0.342,0.346,326888.0
2023-07-16 20:30:00,0.3462,0.3473,0.3458,0.3469,170323.0
2023-07-16 20:45:00,0.3474,0.3474,0.3458,0.3467,127166.0
2023-07-16 21:00:00,0.3467,0.3478,0.3464,0.3478,99696.0
2023-07-16 21:15:00,0.3478,0.3491,0.3471,0.349,66760.0
2023-07-16 21:30:00,0.3489,0.3489,0.3474,0.3486,66822.0
2023-07-16 21:45:00,0.3485,0.3503,0.3473,0.3496,243386.0
2023-07-16 22:00:00,0.3494,0.3496,0.3488,0.349,93438.0
2023-07-16 22:15:00,0.349,0.349,0.3473,0.348,88584.0
2023-07-16 22:30:00,0.348,0.3494,0.3475,0.3494,242866.0
2023-07-16 22:45:00,0.3489,0.3498,0.3481,0.3484,72669.0
2023-07-16 23:00:00,0.3484,0.3491,0.3479,0.3487,40409.0
2023-07-16 23:15:00,0.3487,0.3493,0.3461,0.3472,93777.0
2023-07-16 23:30:00,0.3466,0.349,0.346,0.348,338315.0
2023-07-16 23:45:00,0.3484,0.349,0.347,0.348,54619.0
2023-07-17 00:00:00,0.3481,0.3486,0.346,0.3474,222701.0
2023-07-17 00:15:00,0.3478,0.3497,0.3466,0.3469,156608.0
2023-07-17 00:30:00,0.3466,0.3476,0.345,0.3453,177653.0
2023-07-17 00:45:00,0.3452,0.3455,0.3421,0.3428,327862.0
2023-07-17 01:00:00,0.3428,0.3459,0.3423,0.3457,193909.0
2023-07-17 01:15:00,0.3454,0.3466,0.3435,0.3466,82140.0
2023-07-17 01:30:00,0.3462,0.3488,0.3456,0.3485,130256.0
2023-07-17 01:45:00,0.3488,0.349,0.3473,0.3473,122837.0
2023-07-17 02:00:00,0.3478,0.3492,0.3474,0.3474,90553.0
2023-07-17 02:15:00,0.348,0.3499,0.3475,0.3488,360791.0
2023-07-17 02:30:00,0.3493,0.3501,0.3486,0.3489,173867.0
2023-07-17 02:45:00,0.3488,0.349,0.3469,0.3469,112946.0
2023-07-17 03:00:00,0.3469,0.3493,0.3466,0.3493,40543.0
2023-07-17 03:15:00,0.3495,0.3548,0.3495,0.354,245700.0
2023-07-17 03:30:00,0.3541,0.3565,0.3532,0.3535,441983.0
2023-07-17 03:45:00,0.3534,0.3535,0.3517,0.3529,171615.0
2023-07-17 04:00:00,0.3528,0.3541,0.352,0.3521,125112.0
2023-07-17 04:15:00,0.3529,0.3529,0.351,0.3522,141158.0
2023-07-17 04:30:00,0.3524,0.3556,0.3522,0.3525,178790.0
2023-07-17 04:45:00,0.3531,0.3554,0.3528,0.3545,70534.0
2023-07-17 05:00:00,0.3549,0.3563,0.3547,0.3557,73517.0
2023-07-17 05:15:00,0.3557,0.3567,0.355,0.3563,175161.0
2023-07-17 05:30:00,0.3562,0.3567,0.354,0.3563,256195.0
2023-07-17 05:45:00,0.3563,0.3564,0.3531,0.3534,129527.0
2023-07-17 06:00:00,0.3534,0.3559,0.3532,0.3541,106125.0
2023-07-17 06:15:00,0.3544,0.3562,0.3544,0.3562,105290.0
2023-07-17 06:30:00,0.3555,0.3562,0.3542,0.3551,143198.0
2023-07-17 06:45:00,0.3551,0.356,0.3528,0.3552,216201.0
2023-07-17 07:00:00,0.3552,0.3556,0.3523,0.3535,1321748.0
2023-07-17 07:15:00,0.3534,0.3577,0.3534,0.3577,636644.0
2023-07-17 07:30:00,0.3572,0.3585,0.3558,0.3561,246700.0
2023-07-17 07:45:00,0.3558,0.3565,0.3551,0.3558,95937.0
2023-07-17 08:00:00,0.3554,0.3576,0.3537,0.3566,1083788.0
2023-07-17 08:15:00,0.3567,0.359,0.3559,0.3581,144512.0
2023-07-17 08:30:00,0.3583,0.3604,0.3577,0.3587,520810.0
2023-07-17 08:45:00,0.3583,0.3598,0.3575,0.3579,92549.0
2023-07-17 09:00:00,0.3579,0.3591,0.3545,0.3549,630380.0
2023-07-17 09:15:00,0.3548,0.3581,0.354,0.3557,235214.0
2023-07-17 09:30:00,0.3555,0.3571,0.3544,0.3567,225268.0
2023-07-17 09:45:00,0.3563,0.3563,0.3511,0.3522,435214.0
2023-07-17 10:00:00,0.3529,0.3544,0.3527,0.354,162995.0
2023-07-17 10:15:00,0.3542,0.3549,0.339,0.3482,1244082.0
2023-07-17 10:30:00,0.3482,0.3487,0.3457,0.3486,508760.0
2023-07-17 10:45:00,0.3486,0.3541,0.3486,0.3534,147763.0
2023-07-17 11:00:00,0.3532,0.3569,0.3532,0.3562,171770.0
2023-07-17 11:15:00,0.356,0.3562,0.3524,0.353,122402.0
2023-07-17 11:30:00,0.3535,0.354,0.3523,0.3532,218470.0
2023-07-17 11:45:00,0.353,0.3539,0.3502,0.3503,168984.0
2023-07-17 12:00:00,0.3502,0.3515,0.3479,0.3489,256174.0
2023-07-17 12:15:00,0.3489,0.3504,0.3456,0.3471,204879.0
2023-07-17 12:30:00,0.347,0.3536,0.3461,0.3524,237654.0
2023-07-17 12:45:00,0.3526,0.3548,0.3521,0.3542,253790.0
2023-07-17 13:00:00,0.3547,0.3563,0.3538,0.3558,119741.0
2023-07-17 13:15:00,0.3558,0.3572,0.3557,0.3569,376284.0
2023-07-17 13:30:00,0.3566,0.3568,0.3541,0.356,113561.0
2023-07-17 13:45:00,0.3561,0.3582,0.3557,0.357,176777.0
2023-07-17 14:00:00,0.3571,0.3584,0.3562,0.3564,127185.0
2023-07-17 14:15:00,0.3569,0.3571,0.3542,0.3547,163937.0
2023-07-17 14:30:00,0.3551,0.3569,0.3551,0.3558,72160.0
2023-07-17 14:45:00,0.3554,0.3581,0.3554,0.3571,108309.0
2023-07-17 15:00:00,0.3575,0.3579,0.3545,0.3553,97127.0
2023-07-17 15:15:00,0.3552,0.3559,0.3522,0.3526,252390.0
2023-07-17 15:30:00,0.353,0.3542,0.3524,0.3537,100062.0
2023-07-17 15:45:00,0.3535,0.354,0.3514,0.352,229783.0
2023-07-17 16:00:00,0.3524,0.3531,0.3474,0.3509,1719542.0
2023-07-17 16:15:00,0.3509,0.3513,0.3493,0.3501,115593.0
2023-07-17 16:30:00,0.3504,0.3505,0.3475,0.3483,132815.0
2023-07-17 16:45:00,0.3485,0.3506,0.3482,0.3506,199949.0
2023-07-17 17:00:00,0.3504,0.3519,0.3477,0.3479,78323.0
2023-07-17 17:15:00,0.3477,0.3505,0.3445,0.3504,274423.0
2023-07-17 17:30:00,0.3505,0.3524,0.3493,0.3493,100526.0
2023-07-17 17:45:00,0.3493,0.3493,0.3472,0.3474,73624.0
2023-07-17 18:00:00,0.3473,0.3483,0.3455,0.3457,133211.0
2023-07-17 18:15:00,0.3459,0.3464,0.3445,0.3458,118375.0
2023-07-17 18:30:00,0.3459,0.3459,0.3422,0.344,565852.0
2023-07-17 18:45:00,0.3439,0.3472,0.3412,0.3461,241514.0
2023-07-17 19:00:00,0.3457,0.346,0.3438,0.3454,302948.0
2023-07-17 19:15:00,0.3453,0.3479,0.3452,0.3475,374896.0
2023-07-17 19:30:00,0.3472,0.3482,0.3467,0.3482,93570.0
2023-07-17 19:45:00,0.3483,0.35,0.3479,0.3494,180214.0
2023-07-17 20:00:00,0.349,0.3506,0.3483,0.3503,153508.0
2023-07-17 20:15:00,0.3503,0.3509,0.3489,0.3494,123651.0
2023-07-17 20:30:00,0.3492,0.3495,0.3482,0.3495,53171.0
2023-07-17 20:45:00,0.3491,0.3491,0.3475,0.3482,67864.0
2023-07-17 21:00:00,0.3484,0.3496,0.3484,0.3494,53351.0
2023-07-17 21:15:00,0.3495,0.3519,0.3495,0.3514,78235.0
2023-07-17 21:30:00,0.3516,0.354,0.3506,0.354,50012.0
2023-07-17 21:45:00,0.3537,0.356,0.353,0.3548,138307.0
2023-07-17 22:00:00,0.3552,0.356,0.3542,0.3549,66009.0
2023-07-17 22:15:00,0.3547,0.3565,0.3545,0.3562,186241.0
2023-07-17 22:30:00,0.3563,0.3568,0.3552,0.356,62239.0
2023-07-17 22:45:00,0.3557,0.3568,0.3552,0.3552,129643.0
2023-07-17 23:00:00,0.3553,0.3558,0.3542,0.3556,91355.0
2023-07-17 23:15:00,0.3557,0.3562,0.3548,0.3548,53929.0
2023-07-17 23:30:00,0.3553,0.357,0.3553,0.3561,115240.0
2023-07-17 23:45:00,0.356,0.3577,0.356,0.3564,111592.0
2023-07-18 00:00:00,0.3566,0.3581,0.3554,0.3577,248902.0
2023-07-18 00:15:00,0.3578,0.362,0.3578,0.3619,268533.0
2023-07-18 00:30:00,0.362,0.3654,0.3616,0.3639,403692.0
2023-07-18 00:45:00,0.3637,0.3673,0.3605,0.3667,552636.0
2023-07-18 01:00:00,0.3668,0.3673,0.3646,0.366,205425.0
2023-07-18 01:15:00,0.3657,0.367,0.3635,0.365,443348.0
2023-07-18 01:30:00,0.365,0.3654,0.3634,0.3645,130816.0
2023-07-18 01:45:00,0.3645,0.369,0.3645,0.3667,255584.0
2023-07-18 02:00:00,0.3668,0.368,0.3636,0.3637,242709.0
2023-07-18 02:15:00,0.3641,0.3654,0.3628,0.3629,314691.0
2023-07-18 02:30:00,0.3631,0.3634,0.3615,0.3626,124423.0
2023-07-18 02:45:00,0.3623,0.3635,0.3596,0.36,376971.0
2023-07-18 03:00:00,0.3603,0.37,0.3601,0.3677,1399794.0
2023-07-18 03:15:00,0.3676,0.3693,0.365,0.365,252723.0
2023-07-18 03:30:00,0.3653,0.3737,0.365,0.371,620679.0
2023-07-18 03:45:00,0.371,0.371,0.3666,0.3685,354708.0
2023-07-18 04:00:00,0.3685,0.3711,0.3668,0.3669,344672.0
2023-07-18 04:15:00,0.367,0.3692,0.3645,0.3686,288650.0
2023-07-18 04:30:00,0.3688,0.3699,0.3672,0.3678,240644.0
2023-07-18 04:45:00,0.3682,0.37,0.3682,0.3686,149033.0
2023-07-18 05:00:00,0.3689,0.3693,0.3666,0.3691,160707.0
2023-07-18 05:15:00,0.3692,0.375,0.368,0.3728,373733.0
2023-07-18 05:30:00,0.3728,0.3756,0.367,0.3674,571287.0
2023-07-18 05:45:00,0.3674,0.3687,0.367,0.3675,201871.0
2023-07-18 06:00:00,0.3676,0.3706,0.3664,0.3696,372687.0
2023-07-18 06:15:00,0.3694,0.3729,0.3663,0.3706,386364.0
2023-07-18 06:30:00,0.3706,0.3741,0.3654,0.3677,792692.0
2023-07-18 06:45:00,0.3673,0.3731,0.3657,0.3717,673416.0
2023-07-18 07:00:00,0.3716,0.3782,0.3673,0.3765,1327156.0
2023-07-18 07:15:00,0.3768,0.3829,0.375,0.3789,2197044.0
2023-07-18 07:30:00,0.379,0.3791,0.3616,0.367,1606780.0
2023-07-18 07:45:00,0.3669,0.3669,0.3613,0.3625,755526.0
2023-07-18 08:00:00,0.362,0.3622,0.3565,0.3603,1029734.0
2023-07-18 08:15:00,0.3603,0.3637,0.3577,0.362,747029.0
2023-07-18 08:30:00,0.3619,0.3628,0.359,0.36,416291.0
2023-07-18 08:45:00,0.36,0.3609,0.3545,0.3561,725069.0
2023-07-18 09:00:00,0.3562,0.3567,0.3505,0.3511,501090.0
2023-07-18 09:15:00,0.3511,0.3566,0.3509,0.3537,383243.0
2023-07-18 09:30:00,0.3536,0.3538,0.3501,0.3505,179834.0
2023-07-18 09:45:00,0.3504,0.3541,0.345,0.3455,836488.0
2023-07-18 10:00:00,0.3457,0.3481,0.345,0.3458,420550.0
2023-07-18 10:15:00,0.3456,0.3491,0.345,0.3473,255685.0
2023-07-18 10:30:00,0.3473,0.3484,0.3455,0.348,186601.0
2023-07-18 10:45:00,0.348,0.3505,0.3468,0.3493,286746.0
2023-07-18 11:00:00,0.3493,0.3511,0.3493,0.3511,130847.0
2023-07-18 11:15:00,0.3512,0.3529,0.3444,0.3471,1999037.0
2023-07-18 11:30:00,0.3475,0.3476,0.343,0.3434,675766.0
2023-07-18 11:45:00,0.3433,0.3445,0.3386,0.3401,1141411.0
2023-07-18 12:00:00,0.3399,0.3432,0.3391,0.34,663838.0
2023-07-18 12:15:00,0.3394,0.3417,0.3381,0.3417,394729.0
2023-07-18 12:30:00,0.3414,0.3439,0.34,0.3421,206670.0
2023-07-18 12:45:00,0.3424,0.3429,0.34,0.3418,291774.0
2023-07-18 13:00:00,0.3417,0.3441,0.3415,0.3439,246270.0
2023-07-18 13:15:00,0.3438,0.3455,0.343,0.3442,420551.0
2023-07-18 13:30:00,0.3441,0.3441,0.3408,0.3409,266843.0
2023-07-18 13:45:00,0.3408,0.3444,0.3394,0.3405,404422.0
2023-07-18 14:00:00,0.3405,0.3435,0.34,0.3421,241322.0
2023-07-18 14:15:00,0.3421,0.3438,0.341,0.3427,198961.0
2023-07-18 14:30:00,0.3425,0.344,0.3402,0.3433,546202.0
2023-07-18 14:45:00,0.3433,0.3435,0.3407,0.3417,332116.0
2023-07-18 15:00:00,0.3418,0.3422,0.3401,0.3413,99390.0
2023-07-18 15:15:00,0.3416,0.3419,0.3392,0.3399,176893.0
2023-07-18 15:30:00,0.3396,0.3417,0.3396,0.3408,82442.0
2023-07-18 15:45:00,0.3412,0.3427,0.3409,0.3411,123838.0
2023-07-18 16:00:00,0.3411,0.3419,0.3402,0.3413,135300.0
2023-07-18 16:15:00,0.3413,0.3418,0.3371,0.3375,505136.0
2023-07-18 16:30:00,0.3377,0.3388,0.3344,0.336,638221.0
2023-07-18 16:45:00,0.336,0.3361,0.3307,0.334,813880.0
2023-07-18 17:00:00,0.3341,0.3351,0.3333,0.3342,264928.0
2023-07-18 17:15:00,0.3345,0.3349,0.3317,0.3318,330223.0
2023-07-18 17:30:00,0.3318,0.3344,0.3312,0.3344,308140.0
2023-07-18 17:45:00,0.3344,0.3346,0.3328,0.3334,201814.0
2023-07-18 18:00:00,0.3337,0.3347,0.3325,0.3345,105126.0
2023-07-18 18:15:00,0.3342,0.3363,0.3338,0.3357,103114.0
2023-07-18 18:30:00,0.3355,0.336,0.3339,0.3352,289559.0
2023-07-18 18:45:00,0.3352,0.3353,0.3344,0.335,198068.0
2023-07-18 19:00:00,0.335,0.3362,0.3345,0.3352,71769.0
2023-07-18 19:15:00,0.3352,0.3352,0.3334,0.3339,83443.0
2023-07-18 19:30:00,0.3338,0.3339,0.3316,0.332,120157.0
2023-07-18 19:45:00,0.3321,0.3321,0.3265,0.3291,802625.0
2023-07-18 20:00:00,0.3293,0.3306,0.3274,0.3292,123752.0
2023-07-18 20:15:00,0.3287,0.3299,0.3281,0.3293,126326.0
2023-07-18 20:30:00,0.3292,0.3324,0.3276,0.3322,204409.0
2023-07-18 20:45:00,0.3321,0.3327,0.3317,0.3319,74393.0
2023-07-18 21:00:00,0.3323,0.3332,0.3313,0.3325,333470.0
2023-07-18 21:15:00,0.3325,0.3345,0.3322,0.334,187017.0
2023-07-18 21:30:00,0.334,0.3345,0.3332,0.3341,70558.0
2023-07-18 21:45:00,0.3343,0.3344,0.3327,0.3344,101297.0
2023-07-18 22:00:00,0.3341,0.3346,0.3333,0.334,83270.0
2023-07-18 22:15:00,0.3337,0.3337,0.3325,0.3335,66830.0
2023-07-18 22:30:00,0.3335,0.3357,0.3328,0.3353,84594.0
2023-07-18 22:45:00,0.3351,0.3358,0.3341,0.3353,181484.0
2023-07-18 23:00:00,0.335,0.3358,0.3343,0.3347,69112.0
2023-07-18 23:15:00,0.3347,0.338,0.3345,0.3375,143426.0
2023-07-18 23:30:00,0.3377,0.3378,0.3358,0.3366,58861.0
2023-07-18 23:45:00,0.3366,0.3382,0.3362,0.3368,89473.0
2023-07-19 00:00:00,0.3374,0.3376,0.3338,0.3338,104104.0
2023-07-19 00:15:00,0.3339,0.3348,0.3326,0.3341,192848.0
2023-07-19 00:30:00,0.3341,0.339,0.3341,0.3357,268522.0
2023-07-19 00:45:00,0.336,0.3373,0.3345,0.3373,247662.0
2023-07-19 01:00:00,0.3373,0.3398,0.3363,0.3391,290390.0
2023-07-19 01:15:00,0.3392,0.3406,0.3369,0.3394,313770.0
2023-07-19 01:30:00,0.3394,0.3403,0.3383,0.3392,127766.0
2023-07-19 01:45:00,0.3391,0.3422,0.3388,0.3402,119198.0
2023-07-19 02:00:00,0.3403,0.3408,0.3373,0.3389,236473.0
2023-07-19 02:15:00,0.3386,0.3386,0.3361,0.3363,198380.0
2023-07-19 02:30:00,0.3363,0.3381,0.3362,0.3376,165846.0
2023-07-19 02:45:00,0.3376,0.3383,0.337,0.3379,104377.0
2023-07-19 03:00:00,0.3379,0.3416,0.3378,0.341,502208.0
2023-07-19 03:15:00,0.341,0.3417,0.3393,0.3397,438237.0
2023-07-19 03:30:00,0.3398,0.3403,0.337,0.3383,107233.0
2023-07-19 03:45:00,0.3381,0.3397,0.3376,0.3389,164937.0
2023-07-19 04:00:00,0.3392,0.3396,0.3376,0.3384,152437.0
2023-07-19 04:15:00,0.3382,0.3418,0.3378,0.3402,207067.0
2023-07-19 04:30:00,0.3402,0.3416,0.3387,0.3393,219007.0
2023-07-19 04:45:00,0.339,0.3401,0.3384,0.3391,115461.0
2023-07-19 05:00:00,0.3391,0.3394,0.338,0.3384,95920.0
2023-07-19 05:15:00,0.3386,0.3398,0.3382,0.3394,127004.0
2023-07-19 05:30:00,0.3394,0.3403,0.3383,0.3397,104176.0
2023-07-19 05:45:00,0.3397,0.3414,0.3391,0.3413,171810.0
2023-07-19 06:00:00,0.341,0.3415,0.3393,0.3405,343825.0
2023-07-19 06:15:00,0.3405,0.3458,0.3395,0.34,412906.0
2023-07-19 06:30:00,0.34,0.3416,0.3383,0.3388,241045.0
2023-07-19 06:45:00,0.3391,0.3405,0.3383,0.3399,111378.0
2023-07-19 07:00:00,0.34,0.3409,0.3389,0.3398,110675.0
2023-07-19 07:15:00,0.3398,0.3418,0.3394,0.3418,110455.0
2023-07-19 07:30:00,0.3418,0.3418,0.3387,0.3387,108718.0
2023-07-19 07:45:00,0.3387,0.3392,0.338,0.3387,129735.0
2023-07-19 08:00:00,0.3388,0.339,0.3329,0.335,1279383.0
2023-07-19 08:15:00,0.3351,0.3353,0.3333,0.3345,245170.0
2023-07-19 08:30:00,0.3346,0.3347,0.3328,0.3339,291981.0
2023-07-19 08:45:00,0.3338,0.3338,0.3312,0.3326,256157.0
2023-07-19 09:00:00,0.3326,0.3344,0.3291,0.3339,474568.0
2023-07-19 09:15:00,0.3335,0.3356,0.3335,0.3355,220163.0
2023-07-19 09:30:00,0.3355,0.3358,0.3344,0.3358,104954.0
2023-07-19 09:45:00,0.3357,0.3368,0.3351,0.3355,144413.0
2023-07-19 10:00:00,0.3353,0.3367,0.335,0.3362,168917.0
2023-07-19 10:15:00,0.3362,0.3363,0.3339,0.3348,181783.0
2023-07-19 10:30:00,0.3351,0.3356,0.334,0.3344,63307.0
2023-07-19 10:45:00,0.334,0.3347,0.3315,0.3325,461509.0
2023-07-19 11:00:00,0.3326,0.3339,0.332,0.3338,169478.0
2023-07-19 11:15:00,0.3337,0.334,0.3328,0.334,105604.0
2023-07-19 11:30:00,0.3336,0.3347,0.3331,0.3345,73041.0
2023-07-19 11:45:00,0.3345,0.3359,0.3345,0.3354,101825.0
2023-07-19 12:00:00,0.3353,0.3353,0.3332,0.3336,69036.0
2023-07-19 12:15:00,0.3337,0.334,0.3326,0.333,90433.0
2023-07-19 12:30:00,0.3329,0.3334,0.3322,0.3329,81055.0
2023-07-19 12:45:00,0.3328,0.3353,0.3327,0.3343,142454.0
2023-07-19 13:00:00,0.3342,0.3346,0.3322,0.3322,62138.0
2023-07-19 13:15:00,0.3323,0.3344,0.332,0.334,80446.0
2023-07-19 13:30:00,0.3343,0.3358,0.3337,0.3356,370073.0
2023-07-19 13:45:00,0.3359,0.338,0.335,0.335,319420.0
2023-07-19 14:00:00,0.3349,0.3357,0.3324,0.3327,116047.0
2023-07-19 14:15:00,0.3325,0.3327,0.3302,0.3309,287125.0
2023-07-19 14:30:00,0.3308,0.3317,0.3276,0.3296,660350.0
2023-07-19 14:45:00,0.3296,0.3319,0.328,0.3295,216885.0
2023-07-19 15:00:00,0.3295,0.3314,0.3251,0.3302,562450.0
2023-07-19 15:15:00,0.3302,0.3306,0.3255,0.3284,810955.0
2023-07-19 15:30:00,0.3281,0.3297,0.3277,0.3286,189227.0
2023-07-19 15:45:00,0.3286,0.3298,0.3282,0.3295,444818.0
2023-07-19 16:00:00,0.3296,0.3297,0.3271,0.3286,150431.0
2023-07-19 16:15:00,0.3283,0.3296,0.3277,0.3294,224380.0
2023-07-19 16:30:00,0.3291,0.3309,0.3288,0.3298,75508.0
2023-07-19 16:45:00,0.3294,0.3296,0.3283,0.3295,110755.0
2023-07-19 17:00:00,0.3291,0.3319,0.3282,0.3318,194124.0
2023-07-19 17:15:00,0.3316,0.3319,0.3308,0.3313,98717.0
2023-07-19 17:30:00,0.3311,0.3327,0.3302,0.3326,239741.0
2023-07-19 17:45:00,0.3323,0.3345,0.3315,0.3324,304749.0
2023-07-19 18:00:00,0.3326,0.3328,0.3297,0.3304,245604.0
2023-07-19 18:15:00,0.3302,0.3315,0.329,0.3313,106686.0
2023-07-19 18:30:00,0.3311,0.3313,0.3299,0.3308,62182.0
2023-07-19 18:45:00,0.3308,0.3324,0.3302,0.3323,122787.0
2023-07-19 19:00:00,0.3324,0.3328,0.3314,0.3326,58028.0
2023-07-19 19:15:00,0.3323,0.3334,0.3319,0.332,96650.0
2023-07-19 19:30:00,0.3322,0.3336,0.3317,0.3328,261992.0
2023-07-19 19:45:00,0.3328,0.3328,0.331,0.3312,44784.0
2023-07-19 20:00:00,0.3313,0.3317,0.3302,0.3314,113319.0
2023-07-19 20:15:00,0.3311,0.3317,0.3278,0.3282,676956.0
2023-07-19 20:30:00,0.3282,0.3299,0.3272,0.3298,131173.0
2023-07-19 20:45:00,0.3299,0.3309,0.329,0.3295,77238.0
2023-07-19 21:00:00,0.3293,0.3293,0.3265,0.3267,202910.0
2023-07-19 21:15:00,0.3266,0.3279,0.3252,0.3279,258351.0
2023-07-19 21:30:00,0.3278,0.3295,0.3274,0.3291,149871.0
2023-07-19 21:45:00,0.3291,0.3304,0.3288,0.3302,41518.0
2023-07-19 22:00:00,0.33,0.3308,0.3277,0.328,62724.0
2023-07-19 22:15:00,0.328,0.3286,0.3272,0.3286,73718.0
2023-07-19 22:30:00,0.3286,0.3286,0.3263,0.3267,69361.0
2023-07-19 22:45:00,0.3268,0.3276,0.3252,0.3272,367622.0
2023-07-19 23:00:00,0.3267,0.3275,0.3207,0.3235,700089.0
2023-07-19 23:15:00,0.3235,0.3252,0.3229,0.3244,223318.0
2023-07-19 23:30:00,0.3248,0.3272,0.3248,0.3267,137485.0
2023-07-19 23:45:00,0.3267,0.327,0.3245,0.3261,303301.0
2023-07-20 00:00:00,0.3262,0.3263,0.3236,0.3238,196289.0
2023-07-20 00:15:00,0.3239,0.3249,0.3215,0.322,234137.0
2023-07-20 00:30:00,0.3218,0.324,0.3204,0.3238,354611.0
2023-07-20 00:45:00,0.3235,0.3276,0.3235,0.3252,159920.0
2023-07-20 01:00:00,0.3254,0.3259,0.3246,0.3252,119410.0
2023-07-20 01:15:00,0.3252,0.3256,0.3236,0.3245,88608.0
2023-07-20 01:30:00,0.3247,0.3249,0.3227,0.3235,124059.0
2023-07-20 01:45:00,0.3235,0.3243,0.3223,0.324,164986.0
2023-07-20 02:00:00,0.324,0.3293,0.324,0.3278,261951.0
2023-07-20 02:15:00,0.3278,0.3278,0.3265,0.3272,79294.0
2023-07-20 02:30:00,0.327,0.3287,0.3246,0.3254,181352.0
2023-07-20 02:45:00,0.3256,0.3271,0.3248,0.3261,85297.0
2023-07-20 03:00:00,0.3261,0.3269,0.3253,0.3257,175142.0
2023-07-20 03:15:00,0.3259,0.3275,0.3259,0.3265,161154.0
2023-07-20 03:30:00,0.3261,0.3262,0.3247,0.325,163075.0
2023-07-20 03:45:00,0.3252,0.3264,0.3251,0.326,87604.0
2023-07-20 04:00:00,0.3262,0.3282,0.3258,0.3275,78518.0
2023-07-20 04:15:00,0.3275,0.3275,0.3252,0.3257,66419.0
2023-07-20 04:30:00,0.3256,0.3265,0.3256,0.326,62477.0
2023-07-20 04:45:00,0.3265,0.3272,0.3263,0.3268,31674.0
2023-07-20 05:00:00,0.3268,0.3286,0.3261,0.3275,111948.0
2023-07-20 05:15:00,0.3275,0.3295,0.3275,0.329,84595.0
2023-07-20 05:30:00,0.3291,0.3322,0.3289,0.3309,531906.0
2023-07-20 05:45:00,0.3311,0.332,0.33,0.3306,107654.0
2023-07-20 06:00:00,0.3307,0.3309,0.3283,0.3288,179337.0
2023-07-20 06:15:00,0.329,0.3307,0.3282,0.3306,65893.0
2023-07-20 06:30:00,0.3306,0.3308,0.3297,0.3303,63437.0
2023-07-20 06:45:00,0.3305,0.3325,0.3301,0.3313,112472.0
2023-07-20 07:00:00,0.3313,0.3322,0.33,0.3305,147385.0
2023-07-20 07:15:00,0.3306,0.3315,0.3299,0.3313,281111.0
2023-07-20 07:30:00,0.3309,0.3315,0.3298,0.3298,169296.0
2023-07-20 07:45:00,0.3299,0.3315,0.3292,0.3303,84046.0
2023-07-20 08:00:00,0.3306,0.3322,0.3292,0.3298,164961.0
2023-07-20 08:15:00,0.3298,0.3319,0.3292,0.3319,133597.0
2023-07-20 08:30:00,0.3319,0.3325,0.3305,0.3324,132349.0
2023-07-20 08:45:00,0.3323,0.333,0.3317,0.3318,151082.0
2023-07-20 09:00:00,0.332,0.3324,0.3305,0.331,113769.0
2023-07-20 09:15:00,0.331,0.3325,0.3306,0.3315,112731.0
2023-07-20 09:30:00,0.3317,0.3336,0.3316,0.3329,301116.0
2023-07-20 09:45:00,0.333,0.3344,0.3314,0.3333,237051.0
2023-07-20 10:00:00,0.3335,0.3343,0.333,0.3333,87970.0
2023-07-20 10:15:00,0.3335,0.335,0.3328,0.3341,305363.0
2023-07-20 10:30:00,0.3341,0.3349,0.3334,0.3334,225125.0
2023-07-20 10:45:00,0.3335,0.3341,0.331,0.3317,203401.0
2023-07-20 11:00:00,0.332,0.3349,0.3285,0.3311,392464.0
2023-07-20 11:15:00,0.331,0.3318,0.3308,0.331,53221.0
2023-07-20 11:30:00,0.331,0.3317,0.3304,0.3305,83883.0
2023-07-20 11:45:00,0.3309,0.3327,0.3308,0.3319,112662.0
2023-07-20 12:00:00,0.332,0.3334,0.3305,0.3309,137851.0
2023-07-20 12:15:00,0.3309,0.3322,0.3308,0.3317,92618.0
2023-07-20 12:30:00,0.3317,0.3322,0.3303,0.3312,70490.0
2023-07-20 12:45:00,0.3315,0.3321,0.3306,0.3306,85016.0
2023-07-20 13:00:00,0.331,0.3332,0.331,0.3328,133936.0
2023-07-20 13:15:00,0.3328,0.3338,0.3312,0.3336,265019.0
2023-07-20 13:30:00,0.3335,0.334,0.3327,0.3337,134163.0
2023-07-20 13:45:00,0.3336,0.3371,0.3334,0.336,321731.0
2023-07-20 14:00:00,0.336,0.3372,0.334,0.3347,171002.0
2023-07-20 14:15:00,0.3348,0.3355,0.331,0.3319,418105.0
2023-07-20 14:30:00,0.3318,0.3322,0.325,0.325,715111.0
2023-07-20 14:45:00,0.3251,0.3275,0.3231,0.327,648594.0
2023-07-20 15:00:00,0.327,0.3288,0.3259,0.3285,166628.0
2023-07-20 15:15:00,0.3281,0.329,0.3274,0.3287,56102.0
2023-07-20 15:30:00,0.3287,0.329,0.3264,0.3272,160784.0
2023-07-20 15:45:00,0.3269,0.3269,0.3255,0.3265,194859.0
2023-07-20 16:00:00,0.3262,0.3284,0.3257,0.3261,142382.0
2023-07-20 16:15:00,0.3264,0.327,0.3251,0.3266,68753.0
2023-07-20 16:30:00,0.3269,0.3278,0.3261,0.3274,45635.0
2023-07-20 16:45:00,0.327,0.3284,0.3266,0.3277,50091.0
2023-07-20 17:00:00,0.3277,0.3285,0.3254,0.3254,152103.0
2023-07-20 17:15:00,0.3261,0.3261,0.3243,0.3249,117790.0
2023-07-20 17:30:00,0.325,0.327,0.3247,0.3264,22346.0
2023-07-20 17:45:00,0.3263,0.3269,0.3257,0.3268,47883.0
2023-07-20 18:00:00,0.3264,0.3269,0.3255,0.3256,75101.0
2023-07-20 18:15:00,0.3257,0.3258,0.3231,0.3234,135790.0
2023-07-20 18:30:00,0.3235,0.3248,0.3211,0.324,256655.0
2023-07-20 18:45:00,0.3242,0.3249,0.3228,0.3231,56243.0
2023-07-20 19:00:00,0.3229,0.3246,0.3226,0.3237,30397.0
2023-07-20 19:15:00,0.3237,0.3246,0.3234,0.3243,23174.0
2023-07-20 19:30:00,0.3242,0.3247,0.3223,0.3227,36550.0
2023-07-20 19:45:00,0.3228,0.3243,0.3223,0.3241,105362.0
2023-07-20 20:00:00,0.3243,0.3245,0.3237,0.3237,16714.0
2023-07-20 20:15:00,0.3241,0.3245,0.3227,0.3232,64237.0
2023-07-20 20:30:00,0.3232,0.3232,0.3214,0.3219,61841.0
2023-07-20 20:45:00,0.3219,0.3241,0.3211,0.3237,44704.0
2023-07-20 21:00:00,0.3234,0.325,0.3231,0.325,41606.0
2023-07-20 21:15:00,0.3246,0.3261,0.3245,0.3261,147468.0
2023-07-20 21:30:00,0.3259,0.3264,0.3252,0.3263,64476.0
2023-07-20 21:45:00,0.3264,0.3279,0.3258,0.3275,77750.0
2023-07-20 22:00:00,0.3275,0.328,0.3269,0.3275,35506.0
2023-07-20 22:15:00,0.3275,0.3283,0.3272,0.3283,36005.0
2023-07-20 22:30:00,0.3277,0.3287,0.3272,0.3282,50246.0
2023-07-20 22:45:00,0.3284,0.3291,0.3276,0.3291,114581.0
2023-07-20 23:00:00,0.3292,0.3308,0.3287,0.3304,115055.0
2023-07-20 23:15:00,0.3305,0.3312,0.33,0.331,95673.0
2023-07-20 23:30:00,0.3313,0.3318,0.33,0.3315,127838.0
2023-07-20 23:45:00,0.3314,0.3315,0.3293,0.33,73450.0
2023-07-21 00:00:00,0.3299,0.3318,0.3292,0.3311,110746.0
2023-07-21 00:15:00,0.3317,0.336,0.3297,0.3318,325231.0
2023-07-21 00:30:00,0.3319,0.3353,0.33,0.3329,363094.0
2023-07-21 00:45:00,0.3328,0.3367,0.3319,0.3364,194604.0
2023-07-21 01:00:00,0.3365,0.3368,0.3336,0.3358,239460.0
2023-07-21 01:15:00,0.3358,0.3375,0.3342,0.3342,234298.0
2023-07-21 01:30:00,0.3341,0.3349,0.3336,0.3336,136396.0
2023-07-21 01:45:00,0.3337,0.3353,0.3328,0.3349,137131.0
2023-07-21 02:00:00,0.3349,0.3375,0.3339,0.3372,218921.0
2023-07-21 02:15:00,0.337,0.3383,0.3357,0.3381,118942.0
2023-07-21 02:30:00,0.338,0.3384,0.3353,0.3353,258746.0
2023-07-21 02:45:00,0.3356,0.3365,0.3348,0.3349,91678.0
2023-07-21 03:00:00,0.3351,0.3358,0.3338,0.3345,105246.0
2023-07-21 03:15:00,0.3346,0.3353,0.3329,0.3334,133757.0
2023-07-21 03:30:00,0.3333,0.3333,0.3313,0.332,304439.0
2023-07-21 03:45:00,0.3322,0.3333,0.3316,0.3322,200123.0
2023-07-21 04:00:00,0.3323,0.3341,0.3323,0.3335,151760.0
2023-07-21 04:15:00,0.3339,0.3342,0.3319,0.3323,77143.0
2023-07-21 04:30:00,0.3323,0.3349,0.3313,0.3345,229724.0
2023-07-21 04:45:00,0.3344,0.3354,0.3332,0.3339,94825.0
2023-07-21 05:00:00,0.3336,0.3357,0.3327,0.3352,86651.0
2023-07-21 05:15:00,0.3352,0.3359,0.3333,0.3335,82282.0
2023-07-21 05:30:00,0.3336,0.3337,0.3311,0.3333,108142.0
2023-07-21 05:45:00,0.3333,0.3337,0.3314,0.3334,79734.0
2023-07-21 06:00:00,0.3334,0.3342,0.3318,0.3342,106994.0
2023-07-21 06:15:00,0.3343,0.3353,0.3341,0.3345,102441.0
2023-07-21 06:30:00,0.3345,0.3353,0.3336,0.3337,291086.0
2023-07-21 06:45:00,0.3337,0.336,0.3337,0.3349,296952.0
2023-07-21 07:00:00,0.3348,0.3355,0.3337,0.3337,78754.0
2023-07-21 07:15:00,0.3338,0.3342,0.3307,0.3307,122913.0
2023-07-21 07:30:00,0.3309,0.331,0.3282,0.3293,251886.0
2023-07-21 07:45:00,0.3295,0.3302,0.3283,0.3288,106916.0
2023-07-21 08:00:00,0.329,0.3322,0.3272,0.3322,148344.0
2023-07-21 08:15:00,0.3319,0.3363,0.3318,0.3356,302745.0
2023-07-21 08:30:00,0.3359,0.336,0.333,0.3358,439925.0
2023-07-21 08:45:00,0.3355,0.338,0.3349,0.3379,409898.0
2023-07-21 09:00:00,0.3378,0.3388,0.3355,0.3361,318704.0
2023-07-21 09:15:00,0.3362,0.3379,0.3352,0.3371,242669.0
2023-07-21 09:30:00,0.3371,0.3386,0.336,0.3376,513581.0
2023-07-21 09:45:00,0.3377,0.338,0.3326,0.333,313095.0
2023-07-21 10:00:00,0.333,0.3364,0.3329,0.3348,117505.0
2023-07-21 10:15:00,0.3349,0.3369,0.3345,0.335,118261.0
2023-07-21 10:30:00,0.3354,0.3367,0.3341,0.3345,163342.0
2023-07-21 10:45:00,0.3348,0.3349,0.3327,0.3344,195554.0
2023-07-21 11:00:00,0.3346,0.3349,0.3326,0.3336,136282.0
2023-07-21 11:15:00,0.3337,0.3339,0.3306,0.3313,137702.0
2023-07-21 11:30:00,0.3315,0.333,0.3315,0.3329,73584.0
2023-07-21 11:45:00,0.3327,0.3334,0.3326,0.3329,43830.0
2023-07-21 12:00:00,0.3328,0.3346,0.3328,0.3337,103511.0
2023-07-21 12:15:00,0.3339,0.3339,0.331,0.3312,427092.0
2023-07-21 12:30:00,0.3315,0.3329,0.3309,0.3329,148198.0
2023-07-21 12:45:00,0.333,0.3334,0.3319,0.3326,117161.0
2023-07-21 13:00:00,0.3326,0.3326,0.3309,0.3311,80404.0
2023-07-21 13:15:00,0.3313,0.3318,0.3295,0.3297,350284.0
2023-07-21 13:30:00,0.3297,0.3308,0.3291,0.3295,176895.0
2023-07-21 13:45:00,0.3298,0.332,0.3288,0.3318,78805.0
2023-07-21 14:00:00,0.332,0.3334,0.3295,0.3329,128920.0
2023-07-21 14:15:00,0.333,0.3332,0.3307,0.3312,105294.0
2023-07-21 14:30:00,0.3313,0.3334,0.3313,0.3329,108105.0
2023-07-21 14:45:00,0.3329,0.333,0.3314,0.3329,305470.0
2023-07-21 15:00:00,0.3328,0.3336,0.3324,0.3326,103007.0
2023-07-21 15:15:00,0.3325,0.3326,0.3297,0.331,133780.0
2023-07-21 15:30:00,0.3308,0.3313,0.3302,0.3313,89902.0
2023-07-21 15:45:00,0.3312,0.3313,0.3306,0.3307,33093.0
2023-07-21 16:00:00,0.331,0.3315,0.3289,0.3303,90223.0
2023-07-21 16:15:00,0.3302,0.3318,0.3298,0.3317,128147.0
2023-07-21 16:30:00,0.3319,0.3321,0.3303,0.3314,40701.0
2023-07-21 16:45:00,0.3316,0.3319,0.3307,0.3318,76456.0
2023-07-21 17:00:00,0.3316,0.3346,0.3315,0.3338,139325.0
2023-07-21 17:15:00,0.3337,0.3337,0.3328,0.3337,29318.0
2023-07-21 17:30:00,0.3339,0.3343,0.3329,0.3333,29151.0
2023-07-21 17:45:00,0.3334,0.3334,0.3319,0.3329,151466.0
2023-07-21 18:00:00,0.3331,0.3356,0.3331,0.334,183232.0
2023-07-21 18:15:00,0.334,0.3352,0.3337,0.3349,120925.0
2023-07-21 18:30:00,0.335,0.3351,0.3336,0.3346,62534.0
2023-07-21 18:45:00,0.3347,0.3351,0.3341,0.3345,151593.0
2023-07-21 19:00:00,0.3342,0.3345,0.3304,0.3304,88378.0
2023-07-21 19:15:00,0.3306,0.3336,0.33,0.3328,113800.0
2023-07-21 19:30:00,0.3329,0.3336,0.3316,0.3336,117371.0
2023-07-21 19:45:00,0.3336,0.3345,0.3335,0.334,41624.0
2023-07-21 20:00:00,0.3339,0.3355,0.3337,0.3355,119822.0
2023-07-21 20:15:00,0.3353,0.3371,0.3349,0.3363,367631.0
2023-07-21 20:30:00,0.3365,0.3368,0.3351,0.3359,137267.0
2023-07-21 20:45:00,0.3357,0.3366,0.335,0.3362,123832.0
2023-07-21 21:00:00,0.3362,0.3364,0.3352,0.3361,125028.0
2023-07-21 21:15:00,0.3361,0.3369,0.335,0.3353,119490.0
2023-07-21 21:30:00,0.335,0.3354,0.3347,0.3347,25280.0
2023-07-21 21:45:00,0.3347,0.3364,0.334,0.336,54457.0
2023-07-21 22:00:00,0.336,0.3379,0.3358,0.3373,149157.0
2023-07-21 22:15:00,0.3374,0.3379,0.3368,0.3373,71508.0
2023-07-21 22:30:00,0.3372,0.3383,0.3365,0.3372,107437.0
2023-07-21 22:45:00,0.3371,0.3376,0.336,0.3372,43475.0
2023-07-21 23:00:00,0.3372,0.3373,0.3353,0.3363,135956.0
2023-07-21 23:15:00,0.3361,0.3364,0.3338,0.3357,268307.0
2023-07-21 23:30:00,0.3358,0.3359,0.3339,0.3357,95577.0
2023-07-21 23:45:00,0.3357,0.3361,0.3348,0.3351,66427.0
2023-07-22 00:00:00,0.3353,0.3365,0.3351,0.3352,79418.0
2023-07-22 00:15:00,0.3353,0.336,0.3347,0.3347,26222.0
2023-07-22 00:30:00,0.3349,0.3349,0.333,0.3342,53439.0
2023-07-22 00:45:00,0.3343,0.335,0.3335,0.334,57940.0
2023-07-22 01:00:00,0.3343,0.3345,0.3334,0.3341,65214.0
2023-07-22 01:15:00,0.3339,0.3346,0.3334,0.334,25926.0
2023-07-22 01:30:00,0.3339,0.3339,0.3331,0.3338,7655.0
2023-07-22 01:45:00,0.3337,0.334,0.3317,0.3319,42143.0
2023-07-22 02:00:00,0.3318,0.3339,0.3316,0.3335,62119.0
2023-07-22 02:15:00,0.3335,0.3345,0.3335,0.3339,10246.0
2023-07-22 02:30:00,0.3337,0.3344,0.3335,0.3344,62112.0
2023-07-22 02:45:00,0.3343,0.3356,0.3343,0.3354,87895.0
2023-07-22 03:00:00,0.3354,0.3363,0.334,0.334,179847.0
2023-07-22 03:15:00,0.3344,0.3365,0.3344,0.3357,80422.0
2023-07-22 03:30:00,0.3358,0.3364,0.3351,0.3362,98859.0
2023-07-22 03:45:00,0.3361,0.3374,0.3359,0.3359,168538.0
2023-07-22 04:00:00,0.3359,0.3366,0.3349,0.3349,78561.0
2023-07-22 04:15:00,0.3354,0.3361,0.3328,0.3344,271992.0
2023-07-22 04:30:00,0.3344,0.3359,0.3344,0.3352,104928.0
2023-07-22 04:45:00,0.3352,0.3352,0.3335,0.3347,30455.0
2023-07-22 05:00:00,0.3347,0.3347,0.3332,0.3332,27962.0
2023-07-22 05:15:00,0.3333,0.334,0.3326,0.3328,110306.0
2023-07-22 05:30:00,0.3328,0.3337,0.3326,0.3336,6418.0
2023-07-22 05:45:00,0.3334,0.3338,0.3333,0.3334,7512.0
2023-07-22 06:00:00,0.3336,0.3343,0.3332,0.3335,62653.0
2023-07-22 06:15:00,0.3335,0.3341,0.3326,0.3327,64146.0
2023-07-22 06:30:00,0.3327,0.3334,0.3325,0.3334,45426.0
2023-07-22 06:45:00,0.3335,0.3341,0.3331,0.334,74120.0
2023-07-22 07:00:00,0.3339,0.3342,0.3333,0.3337,44988.0
2023-07-22 07:15:00,0.3335,0.3338,0.3333,0.3338,8424.0
2023-07-22 07:30:00,0.3342,0.3349,0.3338,0.3345,63430.0
2023-07-22 07:45:00,0.3348,0.335,0.3345,0.3348,21074.0
2023-07-22 08:00:00,0.3348,0.3364,0.3348,0.3358,58146.0
2023-07-22 08:15:00,0.336,0.3363,0.3349,0.3352,67650.0
2023-07-22 08:30:00,0.335,0.3357,0.3346,0.3355,26004.0
2023-07-22 08:45:00,0.3355,0.3355,0.3336,0.3336,52082.0
2023-07-22 09:00:00,0.3337,0.334,0.3329,0.3329,87014.0
2023-07-22 09:15:00,0.3331,0.334,0.3331,0.3338,35506.0
2023-07-22 09:30:00,0.3339,0.3341,0.3328,0.3328,52851.0
2023-07-22 09:45:00,0.333,0.3334,0.3299,0.3316,1340335.0
2023-07-22 10:00:00,0.3316,0.3317,0.3283,0.3306,361842.0
2023-07-22 10:15:00,0.3306,0.3311,0.3297,0.3311,116418.0
2023-07-22 10:30:00,0.331,0.3325,0.3307,0.3319,71851.0
2023-07-22 10:45:00,0.3318,0.3321,0.3313,0.3321,44542.0
2023-07-22 11:00:00,0.3322,0.3326,0.3314,0.3315,41370.0
2023-07-22 11:15:00,0.3316,0.332,0.3313,0.3318,35320.0
2023-07-22 11:30:00,0.3318,0.3325,0.3318,0.3321,19849.0
2023-07-22 11:45:00,0.3321,0.3326,0.3319,0.3319,42495.0
2023-07-22 12:00:00,0.3323,0.3327,0.3319,0.3322,55891.0
2023-07-22 12:15:00,0.3322,0.3326,0.3315,0.3325,39450.0
2023-07-22 12:30:00,0.3325,0.3328,0.3315,0.3316,51620.0
2023-07-22 12:45:00,0.3318,0.3321,0.3307,0.331,107029.0
2023-07-22 13:00:00,0.331,0.3315,0.3303,0.3306,117113.0
2023-07-22 13:15:00,0.3308,0.3322,0.3308,0.3313,50367.0
2023-07-22 13:30:00,0.3315,0.3318,0.3309,0.3315,26779.0
2023-07-22 13:45:00,0.3314,0.3319,0.3314,0.3319,21225.0
2023-07-22 14:00:00,0.332,0.3326,0.3316,0.3321,36757.0
2023-07-22 14:15:00,0.332,0.3325,0.3311,0.3312,20580.0
2023-07-22 14:30:00,0.3311,0.3316,0.3308,0.3308,29959.0
2023-07-22 14:45:00,0.3309,0.3313,0.3303,0.331,71983.0
2023-07-22 15:00:00,0.331,0.3317,0.3307,0.3309,37687.0
2023-07-22 15:15:00,0.3311,0.3319,0.3301,0.3316,55190.0
2023-07-22 15:30:00,0.3317,0.3321,0.3311,0.3321,41721.0
2023-07-22 15:45:00,0.3321,0.3322,0.331,0.3313,120087.0
2023-07-22 16:00:00,0.3313,0.3322,0.3312,0.3322,72566.0
2023-07-22 16:15:00,0.332,0.3347,0.3315,0.3333,250198.0
2023-07-22 16:30:00,0.3332,0.3359,0.3328,0.3352,189498.0
2023-07-22 16:45:00,0.3352,0.337,0.3352,0.3364,435078.0
2023-07-22 17:00:00,0.3364,0.3367,0.3357,0.336,241285.0
2023-07-22 17:15:00,0.3362,0.3367,0.3349,0.3352,71403.0
2023-07-22 17:30:00,0.3353,0.3353,0.3343,0.3351,41364.0
2023-07-22 17:45:00,0.3352,0.3353,0.3341,0.3345,95168.0
2023-07-22 18:00:00,0.3347,0.3369,0.3347,0.3361,198382.0
2023-07-22 18:15:00,0.336,0.337,0.3355,0.3356,71987.0
2023-07-22 18:30:00,0.3354,0.3359,0.3349,0.3358,83701.0
2023-07-22 18:45:00,0.3359,0.336,0.3351,0.3355,51132.0
2023-07-22 19:00:00,0.3355,0.338,0.3354,0.3369,325251.0
2023-07-22 19:15:00,0.3372,0.3398,0.3369,0.3389,281196.0
2023-07-22 19:30:00,0.3389,0.3396,0.3373,0.3376,148300.0
2023-07-22 19:45:00,0.3375,0.3397,0.3373,0.3391,77033.0
2023-07-22 20:00:00,0.3392,0.3404,0.3385,0.3385,85259.0
2023-07-22 20:15:00,0.3386,0.3391,0.3384,0.339,28640.0
2023-07-22 20:30:00,0.3388,0.3395,0.338,0.3391,90698.0
2023-07-22 20:45:00,0.3392,0.3431,0.3388,0.3429,160554.0
2023-07-22 21:00:00,0.3429,0.3429,0.3395,0.3396,314369.0
2023-07-22 21:15:00,0.3395,0.3398,0.3372,0.3394,134928.0
2023-07-22 21:30:00,0.3396,0.3414,0.339,0.3411,76774.0
2023-07-22 21:45:00,0.3414,0.3417,0.3407,0.3411,77523.0
2023-07-22 22:00:00,0.3412,0.3429,0.3408,0.3408,215979.0
2023-07-22 22:15:00,0.341,0.3413,0.3391,0.3396,166468.0
2023-07-22 22:30:00,0.3397,0.3407,0.3397,0.3404,32420.0
2023-07-22 22:45:00,0.3404,0.3404,0.3383,0.3395,57240.0
2023-07-22 23:00:00,0.3395,0.3397,0.3366,0.3378,104853.0
2023-07-22 23:15:00,0.3378,0.338,0.3313,0.3347,312258.0
2023-07-22 23:30:00,0.3346,0.3372,0.3343,0.3369,96904.0
2023-07-22 23:45:00,0.3369,0.3391,0.3358,0.3385,178200.0
2023-07-23 00:00:00,0.3386,0.3386,0.3348,0.336,160101.0
2023-07-23 00:15:00,0.3356,0.3379,0.3344,0.3377,166214.0
2023-07-23 00:30:00,0.3377,0.3407,0.3373,0.3388,289458.0
2023-07-23 00:45:00,0.339,0.3393,0.3362,0.3383,171859.0
2023-07-23 01:00:00,0.3381,0.339,0.3373,0.3378,117063.0
2023-07-23 01:15:00,0.3378,0.3433,0.3378,0.3429,385511.0
2023-07-23 01:30:00,0.343,0.3448,0.3413,0.342,380004.0
2023-07-23 01:45:00,0.342,0.342,0.3402,0.3402,142012.0
2023-07-23 02:00:00,0.3402,0.3403,0.3343,0.3347,361459.0
2023-07-23 02:15:00,0.335,0.337,0.3341,0.337,273407.0
2023-07-23 02:30:00,0.3367,0.3371,0.335,0.3365,143198.0
2023-07-23 02:45:00,0.3362,0.3362,0.3345,0.3352,112348.0
2023-07-23 03:00:00,0.3355,0.3356,0.3341,0.3342,39654.0
2023-07-23 03:15:00,0.3342,0.3344,0.3325,0.3336,268927.0
2023-07-23 03:30:00,0.3337,0.3344,0.3322,0.3344,138322.0
2023-07-23 03:45:00,0.3345,0.3346,0.333,0.333,41873.0
2023-07-23 04:00:00,0.3333,0.3339,0.3329,0.3334,61660.0
2023-07-23 04:15:00,0.3333,0.3341,0.333,0.3333,40791.0
2023-07-23 04:30:00,0.3333,0.3354,0.3325,0.3333,253929.0
2023-07-23 04:45:00,0.3333,0.3347,0.3331,0.3336,52891.0
2023-07-23 05:00:00,0.3332,0.3346,0.333,0.3333,81612.0
2023-07-23 05:15:00,0.3333,0.3349,0.333,0.3342,63014.0
2023-07-23 05:30:00,0.334,0.3343,0.3333,0.3343,59219.0
2023-07-23 05:45:00,0.3339,0.3339,0.333,0.3333,109573.0
2023-07-23 06:00:00,0.3336,0.3341,0.3318,0.3321,99011.0
2023-07-23 06:15:00,0.3321,0.3331,0.3296,0.3315,249135.0
2023-07-23 06:30:00,0.3311,0.3323,0.331,0.3315,90206.0
2023-07-23 06:45:00,0.3316,0.3326,0.3305,0.3308,175885.0
2023-07-23 07:00:00,0.3313,0.3318,0.3291,0.3291,93270.0
2023-07-23 07:15:00,0.3292,0.33,0.3291,0.33,78706.0
2023-07-23 07:30:00,0.33,0.33,0.3291,0.3295,96533.0
2023-07-23 07:45:00,0.3296,0.3296,0.3284,0.3288,127873.0
2023-07-23 08:00:00,0.3292,0.3295,0.326,0.3269,242149.0
2023-07-23 08:15:00,0.327,0.3273,0.326,0.327,227236.0
2023-07-23 08:30:00,0.3269,0.3289,0.3269,0.3284,247077.0
2023-07-23 08:45:00,0.3284,0.3284,0.3262,0.3268,164520.0
2023-07-23 09:00:00,0.3268,0.327,0.3257,0.3264,224355.0
2023-07-23 09:15:00,0.3264,0.3272,0.325,0.327,217473.0
2023-07-23 09:30:00,0.327,0.327,0.3259,0.3268,109476.0
2023-07-23 09:45:00,0.3268,0.3278,0.3266,0.3274,50327.0
2023-07-23 10:00:00,0.3272,0.3288,0.3272,0.3288,60729.0
2023-07-23 10:15:00,0.3286,0.3296,0.3286,0.3289,76547.0
2023-07-23 10:30:00,0.3288,0.3288,0.3271,0.3277,55715.0
2023-07-23 10:45:00,0.3276,0.3282,0.3271,0.328,120874.0
2023-07-23 11:00:00,0.328,0.3282,0.3273,0.3276,58059.0
2023-07-23 11:15:00,0.3275,0.3277,0.3268,0.3271,19430.0
2023-07-23 11:30:00,0.3269,0.3273,0.3264,0.3272,35161.0
2023-07-23 11:45:00,0.327,0.327,0.3251,0.3259,128883.0
2023-07-23 12:00:00,0.3259,0.3279,0.3254,0.3278,183515.0
2023-07-23 12:15:00,0.3278,0.3292,0.3269,0.328,339754.0
2023-07-23 12:30:00,0.3281,0.3285,0.3271,0.3271,162210.0
2023-07-23 12:45:00,0.3271,0.3276,0.3262,0.327,128102.0
2023-07-23 13:00:00,0.3272,0.3273,0.3259,0.3263,58174.0
2023-07-23 13:15:00,0.3265,0.327,0.326,0.3264,104785.0
2023-07-23 13:30:00,0.3263,0.3267,0.326,0.3265,43489.0
2023-07-23 13:45:00,0.3265,0.3271,0.3263,0.3267,37403.0
2023-07-23 14:00:00,0.3268,0.3272,0.3264,0.3266,21830.0
2023-07-23 14:15:00,0.3267,0.3274,0.326,0.3271,47505.0
2023-07-23 14:30:00,0.3274,0.3278,0.3272,0.3274,37521.0
2023-07-23 14:45:00,0.3274,0.3274,0.3267,0.3272,47778.0
2023-07-23 15:00:00,0.3274,0.3274,0.3259,0.3266,137801.0
2023-07-23 15:15:00,0.3265,0.3269,0.3258,0.3258,73609.0
2023-07-23 15:30:00,0.3257,0.3264,0.3255,0.3264,68718.0
2023-07-23 15:45:00,0.3265,0.3267,0.3259,0.3263,30581.0
2023-07-23 16:00:00,0.3263,0.328,0.3261,0.328,136960.0
2023-07-23 16:15:00,0.3278,0.3281,0.3271,0.3271,107708.0
2023-07-23 16:30:00,0.3273,0.3284,0.3265,0.3281,115215.0
2023-07-23 16:45:00,0.3282,0.3288,0.3276,0.3283,133885.0
2023-07-23 17:00:00,0.3283,0.3291,0.3276,0.329,77630.0
2023-07-23 17:15:00,0.3291,0.3291,0.328,0.3285,43328.0
2023-07-23 17:30:00,0.3283,0.3284,0.3277,0.3279,32695.0
2023-07-23 17:45:00,0.328,0.33,0.328,0.33,49902.0
2023-07-23 18:00:00,0.33,0.331,0.3296,0.3302,90643.0
2023-07-23 18:15:00,0.3305,0.3307,0.3297,0.3303,101440.0
2023-07-23 18:30:00,0.3307,0.3307,0.3296,0.33,37435.0
2023-07-23 18:45:00,0.3299,0.3316,0.3297,0.3314,104971.0
2023-07-23 19:00:00,0.3315,0.3324,0.3312,0.3317,108456.0
2023-07-23 19:15:00,0.3318,0.3322,0.33,0.3309,133128.0
2023-07-23 19:30:00,0.3309,0.3311,0.3295,0.3295,85016.0
2023-07-23 19:45:00,0.3294,0.3297,0.328,0.3297,52670.0
2023-07-23 20:00:00,0.3297,0.331,0.3293,0.3307,30278.0
2023-07-23 20:15:00,0.3307,0.3322,0.3305,0.3321,73161.0
2023-07-23 20:30:00,0.3319,0.3324,0.3308,0.3316,48829.0
2023-07-23 20:45:00,0.3314,0.3317,0.3309,0.3313,20919.0
2023-07-23 21:00:00,0.3315,0.3318,0.3301,0.331,41853.0
2023-07-23 21:15:00,0.331,0.331,0.3292,0.3295,64728.0
2023-07-23 21:30:00,0.3295,0.3302,0.3283,0.3288,89522.0
2023-07-23 21:45:00,0.3288,0.3288,0.3267,0.3276,136211.0
2023-07-23 22:00:00,0.3275,0.3292,0.3269,0.3289,137555.0
2023-07-23 22:15:00,0.3289,0.3296,0.3286,0.3294,79046.0
2023-07-23 22:30:00,0.3294,0.3298,0.3292,0.3296,18193.0
2023-07-23 22:45:00,0.3295,0.3296,0.3285,0.3285,24315.0
2023-07-23 23:00:00,0.3284,0.3295,0.3284,0.3293,35174.0
2023-07-23 23:15:00,0.3295,0.3297,0.3291,0.3295,15689.0
2023-07-23 23:30:00,0.3292,0.3292,0.3286,0.329,37243.0
2023-07-23 23:45:00,0.329,0.3291,0.3272,0.3276,96480.0
2023-07-24 00:00:00,0.3277,0.3285,0.3269,0.3272,31120.0
2023-07-24 00:15:00,0.3275,0.3288,0.3275,0.3281,17446.0
2023-07-24 00:30:00,0.3282,0.3298,0.3278,0.3298,41131.0
2023-07-24 00:45:00,0.3297,0.3304,0.3297,0.3299,51329.0
2023-07-24 01:00:00,0.3299,0.3299,0.3279,0.3289,105786.0
2023-07-24 01:15:00,0.329,0.3297,0.3289,0.3293,68961.0
2023-07-24 01:30:00,0.3292,0.3305,0.3276,0.3278,97029.0
2023-07-24 01:45:00,0.3279,0.3294,0.3276,0.3291,146902.0
2023-07-24 02:00:00,0.3289,0.3303,0.3276,0.3279,85840.0
2023-07-24 02:15:00,0.328,0.3282,0.3266,0.3282,54928.0
2023-07-24 02:30:00,0.3283,0.3292,0.328,0.3291,39115.0
2023-07-24 02:45:00,0.329,0.3294,0.3273,0.3275,84865.0
2023-07-24 03:00:00,0.3275,0.3275,0.3222,0.3247,463686.0
2023-07-24 03:15:00,0.3242,0.3246,0.3232,0.3234,146811.0
2023-07-24 03:30:00,0.3234,0.3239,0.3222,0.3225,109644.0
2023-07-24 03:45:00,0.3224,0.3225,0.3123,0.317,1473623.0
2023-07-24 04:00:00,0.3166,0.3167,0.3118,0.3149,543313.0
2023-07-24 04:15:00,0.3146,0.3158,0.3137,0.3155,321103.0
2023-07-24 04:30:00,0.3153,0.3166,0.3144,0.3162,147338.0
2023-07-24 04:45:00,0.3163,0.3163,0.3148,0.3154,224206.0
2023-07-24 05:00:00,0.3155,0.3162,0.3155,0.316,145010.0
2023-07-24 05:15:00,0.316,0.3161,0.3153,0.316,104273.0
2023-07-24 05:30:00,0.316,0.3166,0.3145,0.315,166497.0
2023-07-24 05:45:00,0.315,0.316,0.3145,0.316,85553.0
2023-07-24 06:00:00,0.3158,0.3164,0.3149,0.3149,168011.0
2023-07-24 06:15:00,0.3152,0.3161,0.3147,0.3157,25637.0
2023-07-24 06:30:00,0.3157,0.3161,0.3152,0.3161,9780.0
2023-07-24 06:45:00,0.3161,0.3173,0.3157,0.3162,79317.0
2023-07-24 07:00:00,0.3163,0.3177,0.3163,0.3172,178743.0
2023-07-24 07:15:00,0.3173,0.3203,0.3173,0.3202,192532.0
2023-07-24 07:30:00,0.3199,0.3226,0.3193,0.3221,101004.0
2023-07-24 07:45:00,0.3221,0.3229,0.3202,0.3212,214613.0
2023-07-24 08:00:00,0.3212,0.3215,0.3197,0.3204,122646.0
2023-07-24 08:15:00,0.3204,0.3214,0.3188,0.3214,77910.0
2023-07-24 08:30:00,0.3207,0.3207,0.3189,0.3205,173660.0
2023-07-24 08:45:00,0.3206,0.3211,0.3185,0.3187,231741.0
2023-07-24 09:00:00,0.3187,0.3196,0.3177,0.3187,231406.0
2023-07-24 09:15:00,0.319,0.3202,0.3188,0.3189,92722.0
2023-07-24 09:30:00,0.319,0.3208,0.317,0.3174,219468.0
2023-07-24 09:45:00,0.3173,0.3174,0.2896,0.3034,2613991.0
2023-07-24 10:00:00,0.3032,0.3059,0.2976,0.3016,951733.0
2023-07-24 10:15:00,0.3012,0.3016,0.2951,0.2993,702873.0
2023-07-24 10:30:00,0.2994,0.2999,0.2951,0.296,618074.0
2023-07-24 10:45:00,0.2962,0.298,0.2921,0.2977,678932.0
2023-07-24 11:00:00,0.2978,0.2999,0.2955,0.2957,342898.0
2023-07-24 11:15:00,0.2957,0.2979,0.2955,0.297,285509.0
2023-07-24 11:30:00,0.2971,0.2974,0.2956,0.2969,233658.0
2023-07-24 11:45:00,0.2969,0.298,0.2964,0.2975,279257.0
2023-07-24 12:00:00,0.2974,0.2991,0.2955,0.2964,464473.0
2023-07-24 12:15:00,0.2964,0.298,0.296,0.296,201045.0
2023-07-24 12:30:00,0.296,0.2985,0.2956,0.2964,236863.0
2023-07-24 12:45:00,0.2966,0.2978,0.296,0.2966,170904.0
2023-07-24 13:00:00,0.2966,0.2979,0.2964,0.2974,56719.0
2023-07-24 13:15:00,0.2976,0.2979,0.2966,0.2971,49655.0
2023-07-24 13:30:00,0.2967,0.2975,0.296,0.2965,97256.0
2023-07-24 13:45:00,0.2961,0.2977,0.2956,0.2973,192191.0
2023-07-24 14:00:00,0.2976,0.2978,0.2959,0.2973,139372.0
2023-07-24 14:15:00,0.2977,0.2977,0.2942,0.2942,276400.0
2023-07-24 14:30:00,0.2942,0.296,0.293,0.2954,321986.0
2023-07-24 14:45:00,0.2954,0.296,0.2938,0.2938,219175.0
2023-07-24 15:00:00,0.2938,0.2947,0.2873,0.2917,820727.0
2023-07-24 15:15:00,0.2917,0.2939,0.2913,0.2933,252426.0
2023-07-24 15:30:00,0.2935,0.2935,0.2888,0.2901,350634.0
2023-07-24 15:45:00,0.2905,0.2916,0.2897,0.2916,214097.0
2023-07-24 16:00:00,0.2917,0.2927,0.2898,0.2902,220697.0
2023-07-24 16:15:00,0.2902,0.2906,0.2879,0.2906,382868.0
2023-07-24 16:30:00,0.2906,0.2919,0.2901,0.2905,138158.0
2023-07-24 16:45:00,0.2901,0.2917,0.2898,0.2912,115077.0
2023-07-24 17:00:00,0.2914,0.2915,0.2895,0.2901,92312.0
2023-07-24 17:15:00,0.2901,0.2905,0.289,0.29,289268.0
2023-07-24 17:30:00,0.2899,0.2901,0.2861,0.2874,427353.0
2023-07-24 17:45:00,0.2875,0.2882,0.286,0.2875,373406.0
2023-07-24 18:00:00,0.2878,0.2881,0.2864,0.287,177389.0
2023-07-24 18:15:00,0.2869,0.2889,0.2863,0.2886,185527.0
2023-07-24 18:30:00,0.2888,0.2889,0.2881,0.2884,161683.0
2023-07-24 18:45:00,0.2883,0.2887,0.288,0.2885,74043.0
2023-07-24 19:00:00,0.2885,0.289,0.2881,0.2888,28595.0
2023-07-24 19:15:00,0.2888,0.2892,0.2886,0.289,84012.0
2023-07-24 19:30:00,0.2889,0.2891,0.2878,0.2884,119928.0
2023-07-24 19:45:00,0.2884,0.2888,0.2878,0.2886,77551.0
2023-07-24 20:00:00,0.2887,0.2891,0.2884,0.2885,58760.0
2023-07-24 20:15:00,0.2887,0.2893,0.2887,0.2889,31941.0
2023-07-24 20:30:00,0.2892,0.2897,0.2878,0.2885,134797.0
2023-07-24 20:45:00,0.2886,0.2905,0.2886,0.2904,102530.0
2023-07-24 21:00:00,0.2904,0.2921,0.2904,0.2914,121333.0
2023-07-24 21:15:00,0.2913,0.2919,0.291,0.2915,52482.0
2023-07-24 21:30:00,0.2916,0.2916,0.2906,0.2907,48535.0
2023-07-24 21:45:00,0.2906,0.2907,0.2889,0.2896,41636.0
2023-07-24 22:00:00,0.2898,0.2908,0.2896,0.2905,50370.0
2023-07-24 22:15:00,0.2905,0.2905,0.2886,0.289,104920.0
2023-07-24 22:30:00,0.289,0.289,0.2882,0.2888,103767.0
2023-07-24 22:45:00,0.2888,0.2896,0.2884,0.2895,59187.0
2023-07-24 23:00:00,0.2893,0.2903,0.2893,0.2899,66831.0
2023-07-24 23:15:00,0.29,0.2904,0.2898,0.2901,19775.0
2023-07-24 23:30:00,0.2901,0.2906,0.2898,0.2898,39228.0
2023-07-24 23:45:00,0.2901,0.2906,0.2898,0.2901,38796.0
2023-07-25 00:00:00,0.29,0.29,0.2845,0.2869,414977.0
2023-07-25 00:15:00,0.287,0.2886,0.2862,0.2881,80113.0
2023-07-25 00:30:00,0.2884,0.2885,0.2862,0.2868,62940.0
2023-07-25 00:45:00,0.2868,0.2871,0.2857,0.2869,49813.0
2023-07-25 01:00:00,0.287,0.2882,0.2867,0.2867,70619.0
2023-07-25 01:15:00,0.2867,0.2899,0.2858,0.2888,738113.0
2023-07-25 01:30:00,0.2887,0.2895,0.2883,0.2884,262415.0
2023-07-25 01:45:00,0.2884,0.2895,0.2884,0.2895,92809.0
2023-07-25 02:00:00,0.2896,0.3093,0.2894,0.2981,1190731.0
2023-07-25 02:15:00,0.2981,0.2988,0.2953,0.2963,137811.0
2023-07-25 02:30:00,0.2961,0.2996,0.2956,0.2965,224115.0
2023-07-25 02:45:00,0.2968,0.2973,0.2958,0.2963,53363.0
2023-07-25 03:00:00,0.2966,0.2972,0.2955,0.2958,119194.0
2023-07-25 03:15:00,0.2958,0.296,0.2941,0.2941,70547.0
2023-07-25 03:30:00,0.2941,0.296,0.294,0.296,116548.0
2023-07-25 03:45:00,0.2961,0.2962,0.295,0.2953,119052.0
2023-07-25 04:00:00,0.2955,0.2961,0.2949,0.2953,185081.0
2023-07-25 04:15:00,0.2954,0.2958,0.2932,0.2937,90922.0
2023-07-25 04:30:00,0.2938,0.2949,0.2923,0.2929,104758.0
2023-07-25 04:45:00,0.2931,0.2934,0.2927,0.2932,44954.0
2023-07-25 05:00:00,0.293,0.2934,0.291,0.2915,162263.0
2023-07-25 05:15:00,0.2916,0.2918,0.2872,0.2899,476067.0
2023-07-25 05:30:00,0.2902,0.2952,0.2902,0.2941,1058815.0
2023-07-25 05:45:00,0.2941,0.2946,0.2926,0.2931,119848.0
2023-07-25 06:00:00,0.2932,0.2934,0.2914,0.2921,55969.0
2023-07-25 06:15:00,0.2918,0.2918,0.2906,0.2915,76631.0
2023-07-25 06:30:00,0.2917,0.2917,0.2891,0.2896,553614.0
2023-07-25 06:45:00,0.2893,0.2914,0.2891,0.2912,103296.0
2023-07-25 07:00:00,0.2913,0.2922,0.29,0.29,363566.0
2023-07-25 07:15:00,0.2901,0.2916,0.29,0.2915,169575.0
2023-07-25 07:30:00,0.2915,0.2917,0.2898,0.2902,179301.0
2023-07-25 07:45:00,0.2903,0.2918,0.2899,0.2914,111876.0
2023-07-25 08:00:00,0.2915,0.2927,0.2906,0.2906,95920.0
2023-07-25 08:15:00,0.291,0.2929,0.2909,0.2925,147928.0
2023-07-25 08:30:00,0.2927,0.2943,0.2918,0.2939,183811.0
2023-07-25 08:45:00,0.2942,0.2967,0.2942,0.2958,185095.0
2023-07-25 09:00:00,0.2958,0.2972,0.2948,0.2948,264466.0
2023-07-25 09:15:00,0.2947,0.2954,0.2941,0.2952,264332.0
2023-07-25 09:30:00,0.2953,0.2967,0.295,0.2954,188571.0
2023-07-25 09:45:00,0.2954,0.2955,0.2943,0.2953,142375.0
2023-07-25 10:00:00,0.2952,0.2953,0.2927,0.294,243972.0
2023-07-25 10:15:00,0.2937,0.2949,0.2937,0.2946,95502.0
2023-07-25 10:30:00,0.2943,0.2947,0.2937,0.2945,86250.0
2023-07-25 10:45:00,0.2946,0.295,0.2944,0.2946,97952.0
2023-07-25 11:00:00,0.2942,0.296,0.2941,0.296,94516.0
2023-07-25 11:15:00,0.296,0.2967,0.2947,0.295,204228.0
2023-07-25 11:30:00,0.2952,0.2969,0.295,0.2962,94337.0
2023-07-25 11:45:00,0.2962,0.2984,0.2962,0.2977,170313.0
2023-07-25 12:00:00,0.2976,0.2978,0.2947,0.2949,172344.0
2023-07-25 12:15:00,0.2948,0.2955,0.2945,0.2953,92743.0
2023-07-25 12:30:00,0.2952,0.296,0.2951,0.2954,60790.0
2023-07-25 12:45:00,0.2953,0.2953,0.2919,0.2934,275275.0
2023-07-25 13:00:00,0.2934,0.2936,0.2911,0.2921,141341.0
2023-07-25 13:15:00,0.292,0.2924,0.2914,0.292,82692.0
2023-07-25 13:30:00,0.292,0.2946,0.2918,0.2937,252909.0
2023-07-25 13:45:00,0.2936,0.2938,0.288,0.2899,602682.0
2023-07-25 14:00:00,0.2898,0.2925,0.2898,0.2919,284467.0
2023-07-25 14:15:00,0.2916,0.2938,0.2911,0.2929,268689.0
2023-07-25 14:30:00,0.2928,0.293,0.2906,0.2907,126282.0
2023-07-25 14:45:00,0.2909,0.291,0.2885,0.29,174054.0
2023-07-25 15:00:00,0.29,0.2911,0.2897,0.2898,134475.0
2023-07-25 15:15:00,0.2899,0.2918,0.2899,0.2912,71636.0
2023-07-25 15:30:00,0.2912,0.2926,0.2907,0.2926,179651.0
2023-07-25 15:45:00,0.2926,0.293,0.2922,0.2926,66301.0
2023-07-25 16:00:00,0.2928,0.2941,0.2928,0.2937,85764.0
2023-07-25 16:15:00,0.2936,0.2941,0.2902,0.2906,212363.0
2023-07-25 16:30:00,0.2904,0.2912,0.2896,0.2898,155403.0
2023-07-25 16:45:00,0.2898,0.29,0.2882,0.2885,219914.0
2023-07-25 17:00:00,0.2884,0.2895,0.2862,0.2882,257136.0
2023-07-25 17:15:00,0.2883,0.292,0.2883,0.292,248101.0
2023-07-25 17:30:00,0.2918,0.2927,0.2915,0.2926,131321.0
2023-07-25 17:45:00,0.2925,0.2925,0.2905,0.2912,207887.0
2023-07-25 18:00:00,0.2911,0.2954,0.2911,0.2941,277984.0
2023-07-25 18:15:00,0.294,0.2954,0.294,0.2943,86690.0
2023-07-25 18:30:00,0.2943,0.2959,0.2929,0.2931,125991.0
2023-07-25 18:45:00,0.2931,0.2936,0.2924,0.2929,78003.0
2023-07-25 19:00:00,0.293,0.2943,0.2927,0.2934,76399.0
2023-07-25 19:15:00,0.2934,0.294,0.2925,0.2935,49758.0
2023-07-25 19:30:00,0.2935,0.294,0.2928,0.2937,45285.0
2023-07-25 19:45:00,0.2934,0.2937,0.2919,0.2924,124305.0
2023-07-25 20:00:00,0.2925,0.2933,0.2916,0.2922,63368.0
2023-07-25 20:15:00,0.2922,0.2928,0.2918,0.2927,48780.0
2023-07-25 20:30:00,0.2929,0.2929,0.2907,0.2908,32819.0
2023-07-25 20:45:00,0.2911,0.2923,0.291,0.292,59437.0
2023-07-25 21:00:00,0.2922,0.2939,0.292,0.2935,41396.0
2023-07-25 21:15:00,0.2935,0.294,0.2933,0.2938,23054.0
2023-07-25 21:30:00,0.2937,0.2938,0.293,0.2931,15359.0
2023-07-25 21:45:00,0.2931,0.2931,0.2923,0.2929,13765.0
2023-07-25 22:00:00,0.2929,0.2944,0.2929,0.2941,33747.0
2023-07-25 22:15:00,0.2943,0.2944,0.2936,0.2941,22378.0
2023-07-25 22:30:00,0.294,0.2945,0.2938,0.2945,52326.0
2023-07-25 22:45:00,0.2945,0.2949,0.2937,0.2944,44631.0
2023-07-25 23:00:00,0.2944,0.2946,0.2931,0.2934,7720.0
2023-07-25 23:15:00,0.2932,0.2944,0.2932,0.2939,56219.0
2023-07-25 23:30:00,0.2937,0.2951,0.2935,0.2942,32866.0
2023-07-25 23:45:00,0.2942,0.2953,0.2941,0.2948,57565.0
2023-07-26 00:00:00,0.2949,0.2985,0.2944,0.2983,158455.0
2023-07-26 00:15:00,0.2984,0.3008,0.2966,0.3003,406583.0
2023-07-26 00:30:00,0.3005,0.3034,0.2986,0.3024,651590.0
2023-07-26 00:45:00,0.3025,0.3047,0.3001,0.3029,680583.0
2023-07-26 01:00:00,0.3029,0.3044,0.3001,0.3025,598227.0
2023-07-26 01:15:00,0.3026,0.3046,0.3012,0.3042,362949.0
2023-07-26 01:30:00,0.3042,0.3052,0.3031,0.305,445787.0
2023-07-26 01:45:00,0.3049,0.308,0.3032,0.3035,994893.0
2023-07-26 02:00:00,0.3036,0.3048,0.3011,0.3013,481760.0
2023-07-26 02:15:00,0.3014,0.3015,0.2976,0.2998,277076.0
2023-07-26 02:30:00,0.2999,0.3008,0.298,0.2997,246948.0
2023-07-26 02:45:00,0.2997,0.303,0.2976,0.3029,324426.0
2023-07-26 03:00:00,0.3028,0.304,0.3011,0.3035,157403.0
2023-07-26 03:15:00,0.3032,0.3038,0.3019,0.3025,114307.0
2023-07-26 03:30:00,0.3021,0.3043,0.3016,0.3037,143949.0
2023-07-26 03:45:00,0.3034,0.3035,0.3016,0.3016,112878.0
2023-07-26 04:00:00,0.3017,0.3018,0.2995,0.2997,238276.0
2023-07-26 04:15:00,0.2997,0.2998,0.2979,0.2987,122352.0
2023-07-26 04:30:00,0.2985,0.2994,0.2979,0.2982,90036.0
2023-07-26 04:45:00,0.298,0.2996,0.2979,0.2989,105704.0
2023-07-26 05:00:00,0.299,0.2995,0.2985,0.2986,59529.0
2023-07-26 05:15:00,0.2983,0.3016,0.2983,0.3016,210394.0
2023-07-26 05:30:00,0.3014,0.3021,0.3008,0.3019,93390.0
2023-07-26 05:45:00,0.3021,0.305,0.3019,0.3047,223388.0
2023-07-26 06:00:00,0.3047,0.309,0.3046,0.3077,606653.0
2023-07-26 06:15:00,0.3076,0.31,0.3061,0.3066,450385.0
2023-07-26 06:30:00,0.3067,0.3073,0.3049,0.3049,233012.0
2023-07-26 06:45:00,0.3049,0.31,0.3042,0.3087,963811.0
2023-07-26 07:00:00,0.3086,0.3113,0.3046,0.3053,531978.0
2023-07-26 07:15:00,0.3054,0.3061,0.3036,0.3045,261490.0
2023-07-26 07:30:00,0.3045,0.305,0.3016,0.3016,374463.0
2023-07-26 07:45:00,0.3017,0.3024,0.3002,0.3002,166768.0
2023-07-26 08:00:00,0.3003,0.302,0.2998,0.3011,390333.0
2023-07-26 08:15:00,0.3012,0.302,0.3001,0.302,168698.0
2023-07-26 08:30:00,0.3017,0.3033,0.3014,0.3015,86324.0
2023-07-26 08:45:00,0.3014,0.3014,0.2993,0.2996,134357.0
2023-07-26 09:00:00,0.2996,0.2997,0.2974,0.2981,289875.0
2023-07-26 09:15:00,0.298,0.2989,0.2969,0.2971,262868.0
2023-07-26 09:30:00,0.297,0.2973,0.295,0.295,258020.0
2023-07-26 09:45:00,0.2951,0.2971,0.295,0.2962,241352.0
2023-07-26 10:00:00,0.2963,0.2974,0.296,0.2971,85028.0
2023-07-26 10:15:00,0.2969,0.2986,0.2969,0.2973,147169.0
2023-07-26 10:30:00,0.2974,0.2979,0.2968,0.2973,78317.0
2023-07-26 10:45:00,0.2972,0.2984,0.2968,0.2982,47800.0
2023-07-26 11:00:00,0.2983,0.2991,0.2973,0.2973,105867.0
2023-07-26 11:15:00,0.2974,0.2979,0.2966,0.2973,54041.0
2023-07-26 11:30:00,0.2973,0.298,0.2965,0.2967,62772.0
2023-07-26 11:45:00,0.2969,0.2983,0.2962,0.2983,64167.0
2023-07-26 12:00:00,0.2983,0.2994,0.2975,0.2994,245594.0
2023-07-26 12:15:00,0.2993,0.3013,0.2993,0.3009,79807.0
2023-07-26 12:30:00,0.3008,0.3019,0.3,0.3017,80725.0
2023-07-26 12:45:00,0.3018,0.3025,0.3017,0.3025,159442.0
2023-07-26 13:00:00,0.3025,0.3048,0.3022,0.3048,386229.0
2023-07-26 13:15:00,0.3049,0.3052,0.3025,0.3027,147364.0
2023-07-26 13:30:00,0.3028,0.3036,0.3013,0.3028,288336.0
2023-07-26 13:45:00,0.3033,0.3034,0.3022,0.3031,107403.0
2023-07-26 14:00:00,0.3034,0.3056,0.303,0.303,249148.0
2023-07-26 14:15:00,0.3029,0.3054,0.3027,0.3041,182415.0
2023-07-26 14:30:00,0.3041,0.305,0.3029,0.3031,102371.0
2023-07-26 14:45:00,0.3033,0.3041,0.3026,0.3039,78194.0
2023-07-26 15:00:00,0.304,0.3069,0.3034,0.3067,260480.0
2023-07-26 15:15:00,0.3068,0.3073,0.3053,0.3054,90316.0
2023-07-26 15:30:00,0.3055,0.3084,0.304,0.3052,417835.0
2023-07-26 15:45:00,0.3048,0.3054,0.3037,0.3047,72800.0
2023-07-26 16:00:00,0.3049,0.306,0.3007,0.3028,656647.0
2023-07-26 16:15:00,0.303,0.3036,0.3012,0.3024,252330.0
2023-07-26 16:30:00,0.3025,0.3044,0.3019,0.3023,205799.0
2023-07-26 16:45:00,0.3022,0.3026,0.301,0.3018,97460.0
2023-07-26 17:00:00,0.3017,0.3027,0.3,0.3004,136447.0
2023-07-26 17:15:00,0.3008,0.3031,0.3008,0.3017,89640.0
2023-07-26 17:30:00,0.3019,0.3029,0.3017,0.3022,22423.0
2023-07-26 17:45:00,0.3023,0.3029,0.3001,0.3004,72493.0
2023-07-26 18:00:00,0.3004,0.3073,0.3001,0.3063,391476.0
2023-07-26 18:15:00,0.3064,0.3068,0.3048,0.3056,111222.0
2023-07-26 18:30:00,0.3057,0.3132,0.3054,0.3125,909978.0
2023-07-26 18:45:00,0.3125,0.3161,0.3097,0.3119,796273.0
2023-07-26 19:00:00,0.3117,0.3138,0.3081,0.3105,386211.0
2023-07-26 19:15:00,0.3104,0.3135,0.3102,0.3127,203341.0
2023-07-26 19:30:00,0.3126,0.317,0.3118,0.3145,536720.0
2023-07-26 19:45:00,0.3147,0.3157,0.3121,0.313,321323.0
2023-07-26 20:00:00,0.313,0.3158,0.313,0.314,344044.0
2023-07-26 20:15:00,0.3139,0.315,0.3132,0.3135,48119.0
2023-07-26 20:30:00,0.3136,0.3154,0.3135,0.3136,87948.0
2023-07-26 20:45:00,0.3135,0.3143,0.312,0.312,200454.0
2023-07-26 21:00:00,0.312,0.3142,0.3119,0.3136,106061.0
2023-07-26 21:15:00,0.3136,0.3152,0.3134,0.3134,213060.0
2023-07-26 21:30:00,0.3135,0.3147,0.3124,0.3147,89657.0
2023-07-26 21:45:00,0.3144,0.3146,0.311,0.312,258576.0
2023-07-26 22:00:00,0.3119,0.3127,0.3099,0.3115,342357.0
2023-07-26 22:15:00,0.3112,0.3126,0.3111,0.3111,33850.0
2023-07-26 22:30:00,0.3112,0.3113,0.3101,0.3111,34854.0
2023-07-26 22:45:00,0.3107,0.3107,0.3092,0.3101,116317.0
2023-07-26 23:00:00,0.3104,0.3114,0.3104,0.3113,28183.0
2023-07-26 23:15:00,0.3113,0.3114,0.3091,0.3096,24398.0
2023-07-26 23:30:00,0.3094,0.3097,0.3078,0.3078,45808.0
2023-07-26 23:45:00,0.308,0.3097,0.308,0.3089,40007.0
2023-07-27 00:00:00,0.3088,0.3093,0.3068,0.3079,67850.0
2023-07-27 00:15:00,0.3079,0.3081,0.3066,0.3066,23461.0
2023-07-27 00:30:00,0.3066,0.3069,0.3041,0.3041,123124.0
2023-07-27 00:45:00,0.3046,0.3057,0.304,0.3056,84893.0
2023-07-27 01:00:00,0.3056,0.3066,0.3045,0.3065,61289.0
2023-07-27 01:15:00,0.3066,0.3084,0.3066,0.3081,145122.0
2023-07-27 01:30:00,0.3081,0.3081,0.3061,0.3064,158880.0
2023-07-27 01:45:00,0.306,0.3074,0.3055,0.3073,71998.0
2023-07-27 02:00:00,0.3075,0.3075,0.3058,0.3058,31240.0
2023-07-27 02:15:00,0.306,0.3071,0.3056,0.3071,233033.0
2023-07-27 02:30:00,0.3067,0.3071,0.3067,0.3071,10368.0
2023-07-27 02:45:00,0.3072,0.3091,0.3072,0.3091,66718.0
2023-07-27 03:00:00,0.3087,0.3091,0.3083,0.3086,37352.0
2023-07-27 03:15:00,0.3087,0.3127,0.3087,0.31,375558.0
2023-07-27 03:30:00,0.3101,0.3117,0.3101,0.3114,68134.0
2023-07-27 03:45:00,0.3114,0.3114,0.3081,0.3087,323601.0
2023-07-27 04:00:00,0.3085,0.3098,0.3083,0.3093,127221.0
2023-07-27 04:15:00,0.3095,0.3111,0.3093,0.311,117838.0
2023-07-27 04:30:00,0.3111,0.3112,0.3096,0.3097,114604.0
2023-07-27 04:45:00,0.3098,0.31,0.3069,0.307,321148.0
2023-07-27 05:00:00,0.307,0.3088,0.3066,0.3077,337997.0
2023-07-27 05:15:00,0.3072,0.3091,0.3071,0.3078,129833.0
2023-07-27 05:30:00,0.3079,0.3082,0.3073,0.3074,83537.0
2023-07-27 05:45:00,0.3076,0.3081,0.3062,0.3064,153294.0
2023-07-27 06:00:00,0.3064,0.3074,0.306,0.307,164891.0
2023-07-27 06:15:00,0.3071,0.3077,0.3064,0.3069,86237.0
2023-07-27 06:30:00,0.3069,0.3069,0.3054,0.306,117757.0
2023-07-27 06:45:00,0.3062,0.3066,0.3056,0.306,89930.0
2023-07-27 07:00:00,0.3061,0.3085,0.3061,0.3076,94323.0
2023-07-27 07:15:00,0.3078,0.3082,0.3054,0.3063,131536.0
2023-07-27 07:30:00,0.3061,0.3064,0.3054,0.3062,43527.0
2023-07-27 07:45:00,0.3063,0.3068,0.3048,0.3055,142899.0
2023-07-27 08:00:00,0.3059,0.3068,0.3051,0.3057,153541.0
2023-07-27 08:15:00,0.3059,0.3074,0.3055,0.3073,70118.0
2023-07-27 08:30:00,0.3073,0.3079,0.3069,0.3073,32876.0
2023-07-27 08:45:00,0.3071,0.3098,0.3071,0.3093,285074.0
2023-07-27 09:00:00,0.3094,0.3095,0.3084,0.3092,77429.0
2023-07-27 09:15:00,0.3092,0.3114,0.3092,0.3104,164415.0
2023-07-27 09:30:00,0.3104,0.3117,0.3101,0.3109,93521.0
2023-07-27 09:45:00,0.3109,0.3123,0.3107,0.3111,269765.0
2023-07-27 10:00:00,0.3111,0.3131,0.3111,0.3121,81826.0
2023-07-27 10:15:00,0.312,0.3121,0.3103,0.3107,69790.0
2023-07-27 10:30:00,0.3109,0.311,0.3087,0.3088,126022.0
2023-07-27 10:45:00,0.3088,0.3093,0.308,0.3082,33790.0
2023-07-27 11:00:00,0.3087,0.317,0.3087,0.3144,834801.0
2023-07-27 11:15:00,0.314,0.3165,0.3125,0.3145,536836.0
2023-07-27 11:30:00,0.3146,0.3158,0.3137,0.3148,191544.0
2023-07-27 11:45:00,0.315,0.3156,0.3136,0.3139,232851.0
2023-07-27 12:00:00,0.3137,0.3175,0.3137,0.3154,433698.0
2023-07-27 12:15:00,0.3157,0.3157,0.3132,0.3136,86150.0
2023-07-27 12:30:00,0.3132,0.3136,0.3122,0.3125,80374.0
2023-07-27 12:45:00,0.3121,0.3145,0.3116,0.3132,172399.0
2023-07-27 13:00:00,0.3131,0.3139,0.3116,0.3121,247553.0
2023-07-27 13:15:00,0.3121,0.3121,0.309,0.3114,292309.0
2023-07-27 13:30:00,0.311,0.3118,0.3095,0.3097,136594.0
2023-07-27 13:45:00,0.3096,0.313,0.3094,0.3111,319166.0
2023-07-27 14:00:00,0.3113,0.3114,0.3072,0.308,238334.0
2023-07-27 14:15:00,0.3081,0.309,0.3068,0.3076,193393.0
2023-07-27 14:30:00,0.3074,0.3083,0.305,0.3061,121674.0
2023-07-27 14:45:00,0.3064,0.3079,0.3057,0.3065,89402.0
2023-07-27 15:00:00,0.3072,0.309,0.3047,0.3051,629677.0
2023-07-27 15:15:00,0.3052,0.308,0.3048,0.308,30319.0
2023-07-27 15:30:00,0.3079,0.3082,0.3067,0.3074,118741.0
2023-07-27 15:45:00,0.3076,0.3086,0.3063,0.3066,75071.0
2023-07-27 16:00:00,0.3066,0.3075,0.3048,0.306,276778.0
2023-07-27 16:15:00,0.306,0.3063,0.305,0.3061,165948.0
2023-07-27 16:30:00,0.3063,0.3075,0.3056,0.3068,66784.0
2023-07-27 16:45:00,0.3068,0.3073,0.3062,0.3062,69219.0
2023-07-27 17:00:00,0.3064,0.3073,0.3049,0.3055,57332.0
2023-07-27 17:15:00,0.3058,0.3066,0.3048,0.3066,57119.0
2023-07-27 17:30:00,0.3066,0.3066,0.304,0.305,196166.0
2023-07-27 17:45:00,0.305,0.3059,0.3046,0.3049,78400.0
2023-07-27 18:00:00,0.305,0.305,0.3013,0.3018,319823.0
2023-07-27 18:15:00,0.302,0.3026,0.3,0.3009,461460.0
2023-07-27 18:30:00,0.301,0.3012,0.298,0.3005,229448.0
2023-07-27 18:45:00,0.3008,0.3014,0.3007,0.3008,78914.0
2023-07-27 19:00:00,0.3007,0.3019,0.3003,0.3011,75776.0
2023-07-27 19:15:00,0.301,0.3028,0.301,0.3023,143041.0
2023-07-27 19:30:00,0.3023,0.3027,0.301,0.3027,136574.0
2023-07-27 19:45:00,0.3021,0.3031,0.3014,0.3028,44544.0
2023-07-27 20:00:00,0.3029,0.3048,0.3029,0.3044,135913.0
2023-07-27 20:15:00,0.3043,0.3043,0.3034,0.3036,9483.0
2023-07-27 20:30:00,0.304,0.304,0.3028,0.3032,24065.0
2023-07-27 20:45:00,0.3031,0.3039,0.3029,0.3037,48470.0
2023-07-27 21:00:00,0.3037,0.3039,0.3033,0.3037,7509.0
2023-07-27 21:15:00,0.3035,0.3053,0.3034,0.3052,44418.0
2023-07-27 21:30:00,0.3052,0.3065,0.3051,0.3061,23028.0
2023-07-27 21:45:00,0.3061,0.307,0.3056,0.3056,60223.0
2023-07-27 22:00:00,0.3058,0.3066,0.3055,0.3059,52548.0
2023-07-27 22:15:00,0.306,0.306,0.3053,0.3054,22023.0
2023-07-27 22:30:00,0.3055,0.3066,0.3055,0.3064,35285.0
2023-07-27 22:45:00,0.3064,0.3068,0.3052,0.3056,23627.0
2023-07-27 23:00:00,0.3054,0.3057,0.3051,0.3051,56331.0
2023-07-27 23:15:00,0.3056,0.3063,0.3054,0.3056,45307.0
2023-07-27 23:30:00,0.3061,0.3074,0.3061,0.3065,107635.0
2023-07-27 23:45:00,0.3065,0.3069,0.3061,0.3067,11986.0
2023-07-28 00:00:00,0.3067,0.3067,0.3044,0.305,23852.0
2023-07-28 00:15:00,0.305,0.306,0.305,0.306,18395.0
2023-07-28 00:30:00,0.3061,0.308,0.3061,0.308,26816.0
2023-07-28 00:45:00,0.308,0.3088,0.3074,0.3076,61496.0
2023-07-28 01:00:00,0.3076,0.3078,0.3068,0.3072,15507.0
2023-07-28 01:15:00,0.3072,0.3072,0.3065,0.3066,15788.0
2023-07-28 01:30:00,0.3068,0.3073,0.3064,0.3066,24234.0
2023-07-28 01:45:00,0.3065,0.3082,0.3064,0.3076,62227.0
2023-07-28 02:00:00,0.3074,0.3091,0.3074,0.3081,71512.0
2023-07-28 02:15:00,0.308,0.308,0.3069,0.3072,35437.0
2023-07-28 02:30:00,0.3074,0.3084,0.3066,0.307,39397.0
2023-07-28 02:45:00,0.3072,0.3091,0.3072,0.3082,72217.0
2023-07-28 03:00:00,0.3082,0.309,0.3079,0.3081,27338.0
2023-07-28 03:15:00,0.3081,0.3083,0.3074,0.3076,36065.0
2023-07-28 03:30:00,0.3078,0.3107,0.3078,0.3087,115610.0
2023-07-28 03:45:00,0.3085,0.3088,0.3076,0.3081,25069.0
2023-07-28 04:00:00,0.3081,0.3082,0.3069,0.3069,29891.0
2023-07-28 04:15:00,0.3072,0.3078,0.3068,0.3068,42249.0
2023-07-28 04:30:00,0.3068,0.3073,0.3056,0.3057,110115.0
2023-07-28 04:45:00,0.3057,0.3066,0.3057,0.3064,30087.0
2023-07-28 05:00:00,0.3064,0.3067,0.3047,0.305,72001.0
2023-07-28 05:15:00,0.3051,0.3054,0.3044,0.3052,85138.0
2023-07-28 05:30:00,0.3052,0.3052,0.3034,0.3034,58156.0
2023-07-28 05:45:00,0.3039,0.3044,0.3035,0.3042,20944.0
2023-07-28 06:00:00,0.3044,0.3061,0.3044,0.3058,27381.0
2023-07-28 06:15:00,0.3061,0.3073,0.3061,0.307,25764.0
2023-07-28 06:30:00,0.307,0.3072,0.3067,0.307,27345.0
2023-07-28 06:45:00,0.3069,0.3086,0.3065,0.3083,61985.0
2023-07-28 07:00:00,0.3085,0.3094,0.3075,0.308,76313.0
2023-07-28 07:15:00,0.3079,0.3131,0.3079,0.3117,176602.0
2023-07-28 07:30:00,0.3117,0.3118,0.31,0.31,58292.0
2023-07-28 07:45:00,0.31,0.3103,0.3081,0.309,157308.0
2023-07-28 08:00:00,0.3088,0.3094,0.3069,0.3073,222031.0
2023-07-28 08:15:00,0.3078,0.3094,0.3078,0.3086,58733.0
2023-07-28 08:30:00,0.3088,0.3088,0.3068,0.3068,72015.0
2023-07-28 08:45:00,0.3071,0.3073,0.3059,0.3061,70861.0
2023-07-28 09:00:00,0.3062,0.3064,0.3056,0.3063,41793.0
2023-07-28 09:15:00,0.3062,0.3062,0.2993,0.3034,853269.0
2023-07-28 09:30:00,0.3033,0.3034,0.3017,0.3017,181037.0
2023-07-28 09:45:00,0.3016,0.3035,0.3012,0.3033,273298.0
2023-07-28 10:00:00,0.3034,0.3036,0.3021,0.303,110693.0
2023-07-28 10:15:00,0.303,0.3036,0.3023,0.3023,160043.0
2023-07-28 10:30:00,0.3024,0.3032,0.3023,0.3026,33051.0
2023-07-28 10:45:00,0.3026,0.3031,0.3022,0.3025,35490.0
2023-07-28 11:00:00,0.3025,0.3033,0.3025,0.3031,95425.0
2023-07-28 11:15:00,0.3029,0.303,0.3008,0.3008,200332.0
2023-07-28 11:30:00,0.3009,0.302,0.3008,0.3018,88837.0
2023-07-28 11:45:00,0.3018,0.3024,0.3011,0.3014,74975.0
2023-07-28 12:00:00,0.3013,0.3019,0.3009,0.3013,112900.0
2023-07-28 12:15:00,0.3015,0.3032,0.3013,0.3025,154663.0
2023-07-28 12:30:00,0.3029,0.3035,0.3027,0.3028,76252.0
2023-07-28 12:45:00,0.3027,0.3035,0.3021,0.3035,49938.0
2023-07-28 13:00:00,0.3035,0.3036,0.3026,0.3026,79810.0
2023-07-28 13:15:00,0.3025,0.3025,0.3015,0.302,38461.0
2023-07-28 13:30:00,0.3016,0.3028,0.3007,0.3016,115644.0
2023-07-28 13:45:00,0.3019,0.3037,0.3017,0.3035,62807.0
2023-07-28 14:00:00,0.3034,0.3042,0.303,0.3042,51245.0
2023-07-28 14:15:00,0.3043,0.3053,0.3042,0.305,35688.0
2023-07-28 14:30:00,0.3053,0.3062,0.3047,0.305,86454.0
2023-07-28 14:45:00,0.3052,0.3077,0.3051,0.3075,104677.0
2023-07-28 15:00:00,0.3078,0.3081,0.3066,0.3071,122753.0
2023-07-28 15:15:00,0.3071,0.3082,0.3071,0.308,64406.0
2023-07-28 15:30:00,0.308,0.3082,0.3054,0.3067,82829.0
2023-07-28 15:45:00,0.3067,0.3078,0.3067,0.3076,26777.0
2023-07-28 16:00:00,0.3076,0.3086,0.3069,0.3071,259876.0
2023-07-28 16:15:00,0.3073,0.3077,0.3067,0.3076,74167.0
2023-07-28 16:30:00,0.3076,0.3077,0.3068,0.3074,118318.0
2023-07-28 16:45:00,0.3074,0.3087,0.3067,0.3079,104957.0
2023-07-28 17:00:00,0.3076,0.3076,0.3061,0.3062,33498.0
2023-07-28 17:15:00,0.3064,0.3068,0.306,0.3068,15382.0
2023-07-28 17:30:00,0.3068,0.307,0.3054,0.306,55110.0
2023-07-28 17:45:00,0.3057,0.3068,0.3056,0.3066,11080.0
2023-07-28 18:00:00,0.3068,0.3068,0.3061,0.3064,23803.0
2023-07-28 18:15:00,0.3061,0.3063,0.3054,0.3054,31252.0
2023-07-28 18:30:00,0.3056,0.3066,0.3056,0.3066,29098.0
2023-07-28 18:45:00,0.3066,0.3066,0.3053,0.3053,28181.0
2023-07-28 19:00:00,0.3053,0.3062,0.3053,0.3062,23848.0
2023-07-28 19:15:00,0.3061,0.3064,0.3059,0.3063,24588.0
2023-07-28 19:30:00,0.3062,0.3066,0.3061,0.3066,4913.0
2023-07-28 19:45:00,0.3065,0.3072,0.3065,0.3071,11636.0
2023-07-28 20:00:00,0.3069,0.307,0.3065,0.307,5034.0
2023-07-28 20:15:00,0.307,0.3078,0.3069,0.3077,55256.0
2023-07-28 20:30:00,0.3076,0.3079,0.3071,0.3075,50424.0
2023-07-28 20:45:00,0.3075,0.3078,0.3073,0.3074,23780.0
2023-07-28 21:00:00,0.3075,0.3075,0.3057,0.3057,122617.0
2023-07-28 21:15:00,0.3058,0.3058,0.305,0.3053,26760.0
2023-07-28 21:30:00,0.3053,0.3059,0.3051,0.3056,63369.0
2023-07-28 21:45:00,0.3053,0.306,0.3051,0.3059,27595.0
2023-07-28 22:00:00,0.3059,0.3059,0.3051,0.3052,17455.0
2023-07-28 22:15:00,0.3053,0.3054,0.3045,0.3048,19035.0
2023-07-28 22:30:00,0.3047,0.3048,0.3035,0.3036,63282.0
2023-07-28 22:45:00,0.3038,0.305,0.3038,0.3049,58750.0
2023-07-28 23:00:00,0.3048,0.3052,0.3046,0.3051,42253.0
2023-07-28 23:15:00,0.305,0.3062,0.305,0.3057,141143.0
2023-07-28 23:30:00,0.3059,0.3059,0.3051,0.3051,38345.0
2023-07-28 23:45:00,0.3053,0.3053,0.3051,0.3051,14072.0
2023-07-29 00:00:00,0.3051,0.3051,0.3025,0.3039,131525.0
2023-07-29 00:15:00,0.304,0.3063,0.304,0.3063,70651.0
2023-07-29 00:30:00,0.3063,0.3072,0.3061,0.3067,45649.0
2023-07-29 00:45:00,0.3064,0.3069,0.3061,0.3063,38236.0
2023-07-29 01:00:00,0.3063,0.3063,0.3051,0.3059,20839.0
2023-07-29 01:15:00,0.3055,0.3055,0.3049,0.3054,21746.0
2023-07-29 01:30:00,0.3055,0.3068,0.3054,0.3066,42341.0
2023-07-29 01:45:00,0.3064,0.3068,0.306,0.306,4582.0
2023-07-29 02:00:00,0.3061,0.3078,0.3055,0.3062,113015.0
2023-07-29 02:15:00,0.3063,0.3063,0.3053,0.3053,18559.0
2023-07-29 02:30:00,0.3053,0.3053,0.3042,0.3046,27789.0
2023-07-29 02:45:00,0.3046,0.3058,0.3046,0.3054,32719.0
2023-07-29 03:00:00,0.3055,0.3067,0.3052,0.3067,38765.0
2023-07-29 03:15:00,0.3067,0.3073,0.3065,0.3068,46836.0
2023-07-29 03:30:00,0.307,0.3072,0.3061,0.3061,36822.0
2023-07-29 03:45:00,0.3064,0.3074,0.3064,0.3071,35198.0
2023-07-29 04:00:00,0.3068,0.3068,0.3061,0.3065,24375.0
2023-07-29 04:15:00,0.306,0.3069,0.3058,0.3058,37488.0
2023-07-29 04:30:00,0.3058,0.306,0.3055,0.306,25541.0
2023-07-29 04:45:00,0.3059,0.3061,0.3057,0.3061,6441.0
2023-07-29 05:00:00,0.306,0.306,0.304,0.3042,194849.0
2023-07-29 05:15:00,0.3041,0.3041,0.3029,0.303,134657.0
2023-07-29 05:30:00,0.303,0.304,0.3027,0.3027,71537.0
2023-07-29 05:45:00,0.3027,0.3035,0.3026,0.3033,74711.0
2023-07-29 06:00:00,0.3033,0.3038,0.3028,0.303,33528.0
2023-07-29 06:15:00,0.303,0.3036,0.3027,0.3035,46136.0
2023-07-29 06:30:00,0.3033,0.3033,0.3021,0.3023,58280.0
2023-07-29 06:45:00,0.3022,0.3025,0.3015,0.3024,105873.0
2023-07-29 07:00:00,0.3025,0.303,0.3019,0.3029,82527.0
2023-07-29 07:15:00,0.3029,0.3029,0.3021,0.3021,74759.0
2023-07-29 07:30:00,0.3022,0.3025,0.3019,0.3023,20368.0
2023-07-29 07:45:00,0.3025,0.3029,0.3025,0.3027,56807.0
2023-07-29 08:00:00,0.3026,0.3031,0.3023,0.3026,68841.0
2023-07-29 08:15:00,0.3026,0.303,0.3023,0.3023,31584.0
2023-07-29 08:30:00,0.3024,0.3027,0.3018,0.3019,31337.0
2023-07-29 08:45:00,0.3019,0.3024,0.3017,0.3021,75134.0
2023-07-29 09:00:00,0.3019,0.3025,0.3011,0.3014,163255.0
2023-07-29 09:15:00,0.3018,0.3027,0.3017,0.3025,50098.0
2023-07-29 09:30:00,0.3025,0.3025,0.3019,0.3023,14466.0
2023-07-29 09:45:00,0.3018,0.3022,0.3017,0.3019,32065.0
2023-07-29 10:00:00,0.3019,0.302,0.3013,0.3013,100606.0
2023-07-29 10:15:00,0.3017,0.3022,0.3011,0.3022,63219.0
2023-07-29 10:30:00,0.3021,0.3021,0.3012,0.3014,39580.0
2023-07-29 10:45:00,0.3014,0.302,0.3013,0.3015,43919.0
2023-07-29 11:00:00,0.3016,0.3019,0.301,0.3012,78992.0
2023-07-29 11:15:00,0.3012,0.3021,0.3011,0.302,74420.0
2023-07-29 11:30:00,0.3018,0.3018,0.3015,0.3016,17381.0
2023-07-29 11:45:00,0.3016,0.3016,0.301,0.3012,46674.0
2023-07-29 12:00:00,0.3011,0.3015,0.3005,0.3015,79362.0
2023-07-29 12:15:00,0.3015,0.3028,0.3015,0.3026,44779.0
2023-07-29 12:30:00,0.3026,0.3028,0.3014,0.3018,89342.0
2023-07-29 12:45:00,0.3015,0.3015,0.3007,0.301,18772.0
2023-07-29 13:00:00,0.3011,0.3026,0.301,0.3025,37706.0
2023-07-29 13:15:00,0.3023,0.3024,0.3017,0.302,26354.0
2023-07-29 13:30:00,0.3019,0.3025,0.3018,0.302,51491.0
2023-07-29 13:45:00,0.3018,0.3024,0.3016,0.3024,31330.0
2023-07-29 14:00:00,0.3022,0.3028,0.3018,0.3028,46074.0
2023-07-29 14:15:00,0.3024,0.3036,0.3024,0.3029,95420.0
2023-07-29 14:30:00,0.3027,0.307,0.3027,0.3041,314233.0
2023-07-29 14:45:00,0.3041,0.3043,0.3024,0.3024,102880.0
2023-07-29 15:00:00,0.3026,0.3029,0.3021,0.3024,39534.0
2023-07-29 15:15:00,0.3025,0.3029,0.302,0.3027,64220.0
2023-07-29 15:30:00,0.3026,0.3027,0.3019,0.3021,18219.0
2023-07-29 15:45:00,0.302,0.3023,0.3017,0.302,50448.0
2023-07-29 16:00:00,0.3021,0.3026,0.3014,0.3015,48790.0
2023-07-29 16:15:00,0.3015,0.3024,0.3015,0.3021,28477.0
2023-07-29 16:30:00,0.302,0.3025,0.302,0.3025,75386.0
2023-07-29 16:45:00,0.3024,0.3035,0.302,0.3035,43283.0
2023-07-29 17:00:00,0.3036,0.3039,0.3031,0.3037,39064.0
2023-07-29 17:15:00,0.3037,0.3039,0.3034,0.3034,23615.0
2023-07-29 17:30:00,0.3035,0.3049,0.3035,0.3046,101786.0
2023-07-29 17:45:00,0.3045,0.3046,0.3031,0.3034,77649.0
2023-07-29 18:00:00,0.3038,0.3042,0.3023,0.3023,77995.0
2023-07-29 18:15:00,0.3024,0.3029,0.3021,0.3029,13727.0
2023-07-29 18:30:00,0.3029,0.3039,0.3029,0.3032,42984.0
2023-07-29 18:45:00,0.3031,0.3034,0.3026,0.3034,28893.0
2023-07-29 19:00:00,0.3032,0.3042,0.3027,0.3041,87552.0
2023-07-29 19:15:00,0.3041,0.3044,0.3029,0.3037,50266.0
2023-07-29 19:30:00,0.3035,0.3035,0.3027,0.3027,10163.0
2023-07-29 19:45:00,0.3028,0.3034,0.3028,0.3034,5604.0
2023-07-29 20:00:00,0.3033,0.3035,0.3027,0.3035,48858.0
2023-07-29 20:15:00,0.3036,0.3044,0.3033,0.3044,29361.0
2023-07-29 20:30:00,0.3043,0.3043,0.3037,0.3039,22844.0
2023-07-29 20:45:00,0.3039,0.3045,0.3039,0.3041,11707.0
2023-07-29 21:00:00,0.304,0.3044,0.3039,0.3042,1758.0
2023-07-29 21:15:00,0.3042,0.3042,0.3036,0.3039,15524.0
2023-07-29 21:30:00,0.3041,0.306,0.3039,0.305,94801.0
2023-07-29 21:45:00,0.3053,0.3058,0.3045,0.3047,52217.0
2023-07-29 22:00:00,0.3047,0.3063,0.3047,0.3057,41696.0
2023-07-29 22:15:00,0.3057,0.3064,0.3054,0.3055,40809.0
2023-07-29 22:30:00,0.3054,0.3059,0.3051,0.3059,6621.0
2023-07-29 22:45:00,0.3056,0.3064,0.3056,0.3064,9677.0
2023-07-29 23:00:00,0.3063,0.3064,0.3054,0.3054,26149.0
2023-07-29 23:15:00,0.3054,0.3069,0.3054,0.3064,55221.0
2023-07-29 23:30:00,0.3063,0.3073,0.3063,0.3069,47897.0
2023-07-29 23:45:00,0.3069,0.3078,0.3067,0.3069,85200.0
2023-07-30 00:00:00,0.3068,0.307,0.3064,0.3067,27207.0
2023-07-30 00:15:00,0.3067,0.3073,0.3066,0.3069,45051.0
2023-07-30 00:30:00,0.3069,0.3088,0.3067,0.3083,87281.0
2023-07-30 00:45:00,0.3083,0.3096,0.3083,0.309,203646.0
2023-07-30 01:00:00,0.309,0.3119,0.3086,0.3115,191837.0
2023-07-30 01:15:00,0.3115,0.3115,0.309,0.3098,346482.0
2023-07-30 01:30:00,0.3097,0.3098,0.3075,0.3079,164361.0
2023-07-30 01:45:00,0.3079,0.3082,0.3074,0.3074,72660.0
2023-07-30 02:00:00,0.3074,0.3076,0.3065,0.3073,53186.0
2023-07-30 02:15:00,0.3075,0.3075,0.3058,0.3059,75371.0
2023-07-30 02:30:00,0.3061,0.3071,0.3059,0.307,35655.0
2023-07-30 02:45:00,0.3066,0.3068,0.3066,0.3067,15470.0
2023-07-30 03:00:00,0.3069,0.308,0.3069,0.3069,38270.0
2023-07-30 03:15:00,0.3069,0.3069,0.3059,0.3062,40159.0
2023-07-30 03:30:00,0.3063,0.3064,0.3057,0.3058,14718.0
2023-07-30 03:45:00,0.3057,0.3064,0.3056,0.306,15604.0
2023-07-30 04:00:00,0.3059,0.3063,0.3057,0.306,28876.0
2023-07-30 04:15:00,0.3061,0.3062,0.3051,0.3052,45448.0
2023-07-30 04:30:00,0.3056,0.3057,0.3053,0.3055,12081.0
2023-07-30 04:45:00,0.3055,0.3061,0.3054,0.3058,26395.0
2023-07-30 05:00:00,0.3059,0.3059,0.3055,0.3056,23817.0
2023-07-30 05:15:00,0.3055,0.3057,0.3043,0.3044,26790.0
2023-07-30 05:30:00,0.3045,0.3045,0.3034,0.3035,66227.0
2023-07-30 05:45:00,0.3035,0.3039,0.3035,0.3038,10714.0
2023-07-30 06:00:00,0.3037,0.3048,0.3008,0.3016,250502.0
2023-07-30 06:15:00,0.3016,0.3016,0.3006,0.3007,99814.0
2023-07-30 06:30:00,0.3009,0.301,0.3,0.3001,314567.0
2023-07-30 06:45:00,0.3002,0.3009,0.3002,0.3006,70241.0
2023-07-30 07:00:00,0.3006,0.3013,0.3004,0.3012,42386.0
2023-07-30 07:15:00,0.3009,0.301,0.3003,0.3006,42079.0
2023-07-30 07:30:00,0.3005,0.3014,0.3003,0.301,38360.0
2023-07-30 07:45:00,0.3013,0.3016,0.3011,0.3014,32758.0
2023-07-30 08:00:00,0.3013,0.3018,0.3008,0.3012,63253.0
2023-07-30 08:15:00,0.3012,0.3031,0.3008,0.3025,219405.0
2023-07-30 08:30:00,0.3026,0.3032,0.3025,0.3026,55474.0
2023-07-30 08:45:00,0.3026,0.3027,0.3018,0.3019,176914.0
2023-07-30 09:00:00,0.3019,0.3025,0.3016,0.3017,59016.0
2023-07-30 09:15:00,0.3017,0.3026,0.3017,0.3019,86549.0
2023-07-30 09:30:00,0.3021,0.3022,0.302,0.3022,13332.0
2023-07-30 09:45:00,0.3022,0.3022,0.3017,0.3019,32081.0
2023-07-30 10:00:00,0.3018,0.305,0.3018,0.3037,143763.0
2023-07-30 10:15:00,0.3037,0.3037,0.3017,0.3023,137421.0
2023-07-30 10:30:00,0.3021,0.3022,0.302,0.302,31120.0
2023-07-30 10:45:00,0.3019,0.3019,0.3002,0.3008,144223.0
2023-07-30 11:00:00,0.3008,0.3031,0.3008,0.3022,100428.0
2023-07-30 11:15:00,0.3023,0.3023,0.3009,0.301,25164.0
2023-07-30 11:30:00,0.301,0.3019,0.301,0.3014,25619.0
2023-07-30 11:45:00,0.3016,0.3026,0.3016,0.3022,55870.0
2023-07-30 12:00:00,0.3022,0.3025,0.3013,0.3024,42043.0
2023-07-30 12:15:00,0.3023,0.3029,0.3023,0.3028,47707.0
2023-07-30 12:30:00,0.3028,0.3029,0.302,0.3025,70547.0
2023-07-30 12:45:00,0.3026,0.303,0.3024,0.3026,37914.0
2023-07-30 13:00:00,0.3028,0.3028,0.3025,0.3026,41173.0
2023-07-30 13:15:00,0.3026,0.3026,0.3014,0.3014,18885.0
2023-07-30 13:30:00,0.3013,0.3017,0.3009,0.3013,32960.0
2023-07-30 13:45:00,0.3014,0.3014,0.3006,0.3013,50230.0
2023-07-30 14:00:00,0.3008,0.3017,0.3007,0.3014,34158.0
2023-07-30 14:15:00,0.3013,0.3026,0.3013,0.302,22011.0
2023-07-30 14:30:00,0.302,0.3021,0.3011,0.3021,31103.0
2023-07-30 14:45:00,0.3022,0.3033,0.3022,0.3028,45882.0
2023-07-30 15:00:00,0.3031,0.3046,0.3019,0.3021,194654.0
2023-07-30 15:15:00,0.3021,0.3045,0.3021,0.3032,75057.0
2023-07-30 15:30:00,0.3035,0.3035,0.3022,0.3022,12566.0
2023-07-30 15:45:00,0.3023,0.3024,0.3012,0.3017,45324.0
2023-07-30 16:00:00,0.3016,0.3032,0.3014,0.3026,57549.0
2023-07-30 16:15:00,0.3027,0.3028,0.302,0.3024,31680.0
2023-07-30 16:30:00,0.3024,0.3032,0.3021,0.3032,67354.0
2023-07-30 16:45:00,0.3032,0.3041,0.3029,0.3037,82248.0
2023-07-30 17:00:00,0.3039,0.3042,0.3036,0.3038,37276.0
2023-07-30 17:15:00,0.3039,0.3049,0.3037,0.3044,81083.0
2023-07-30 17:30:00,0.3045,0.305,0.3041,0.3046,49268.0
2023-07-30 17:45:00,0.3048,0.3048,0.3042,0.3044,45279.0
2023-07-30 18:00:00,0.3042,0.3044,0.3035,0.3037,9106.0
2023-07-30 18:15:00,0.3037,0.3037,0.3033,0.3033,43317.0
2023-07-30 18:30:00,0.3032,0.3034,0.3027,0.3028,19270.0
2023-07-30 18:45:00,0.3028,0.3031,0.3025,0.3029,37065.0
2023-07-30 19:00:00,0.3029,0.3031,0.3023,0.3023,20822.0
2023-07-30 19:15:00,0.3023,0.3023,0.302,0.3022,17469.0
2023-07-30 19:30:00,0.3022,0.3022,0.302,0.302,1851.0
2023-07-30 19:45:00,0.302,0.3023,0.2953,0.2966,565274.0
2023-07-30 20:00:00,0.2966,0.305,0.288,0.2938,1089866.0
2023-07-30 20:15:00,0.2938,0.295,0.2928,0.2942,102621.0
2023-07-30 20:30:00,0.294,0.2968,0.2939,0.2966,79126.0
2023-07-30 20:45:00,0.2966,0.2971,0.2957,0.2971,65302.0
2023-07-30 21:00:00,0.2971,0.2971,0.2959,0.2966,69011.0
2023-07-30 21:15:00,0.2963,0.2967,0.2961,0.2962,13372.0
2023-07-30 21:30:00,0.2963,0.2964,0.2949,0.2952,64177.0
2023-07-30 21:45:00,0.2953,0.2969,0.2953,0.2967,21837.0
2023-07-30 22:00:00,0.2966,0.2966,0.2953,0.2957,16964.0
2023-07-30 22:15:00,0.2954,0.2961,0.295,0.2952,36355.0
2023-07-30 22:30:00,0.295,0.295,0.2938,0.2938,58321.0
2023-07-30 22:45:00,0.2939,0.2941,0.2933,0.2939,23276.0
2023-07-30 23:00:00,0.294,0.2957,0.2935,0.2954,82698.0
2023-07-30 23:15:00,0.2954,0.2973,0.295,0.2971,186549.0
2023-07-30 23:30:00,0.2971,0.2977,0.2955,0.2961,220494.0
2023-07-30 23:45:00,0.2961,0.2964,0.2956,0.296,27840.0
2023-07-31 00:00:00,0.2961,0.2961,0.2951,0.2954,19422.0
2023-07-31 00:15:00,0.2953,0.2959,0.2951,0.2953,33254.0
2023-07-31 00:30:00,0.2952,0.3002,0.2952,0.3002,227007.0
2023-07-31 00:45:00,0.2997,0.3135,0.2995,0.3023,809316.0
2023-07-31 01:00:00,0.3021,0.3031,0.3017,0.3018,115707.0
2023-07-31 01:15:00,0.3021,0.3022,0.3016,0.3019,64661.0
2023-07-31 01:30:00,0.302,0.3039,0.302,0.3032,161835.0
2023-07-31 01:45:00,0.3031,0.3031,0.3014,0.3023,38696.0
2023-07-31 02:00:00,0.3022,0.303,0.3022,0.3025,24355.0
2023-07-31 02:15:00,0.3025,0.3032,0.3023,0.3029,133126.0
2023-07-31 02:30:00,0.303,0.3041,0.303,0.3041,82695.0
2023-07-31 02:45:00,0.3041,0.3057,0.304,0.3053,85853.0
2023-07-31 03:00:00,0.3055,0.3075,0.3055,0.3074,158119.0
2023-07-31 03:15:00,0.3073,0.3179,0.3072,0.3159,2584697.0
2023-07-31 03:30:00,0.3153,0.3181,0.3128,0.3168,1261963.0
2023-07-31 03:45:00,0.3177,0.32,0.3134,0.3151,1054991.0
2023-07-31 04:00:00,0.3144,0.319,0.3135,0.3166,664254.0
2023-07-31 04:15:00,0.3166,0.3166,0.3137,0.3137,288468.0
2023-07-31 04:30:00,0.3136,0.3136,0.3097,0.3121,643336.0
2023-07-31 04:45:00,0.3118,0.3151,0.3115,0.3138,499306.0
2023-07-31 05:00:00,0.3134,0.3166,0.3129,0.3147,253339.0
2023-07-31 05:15:00,0.3147,0.3171,0.3141,0.3143,293531.0
2023-07-31 05:30:00,0.3141,0.3155,0.3126,0.3127,161882.0
2023-07-31 05:45:00,0.3127,0.3148,0.3113,0.3128,339289.0
2023-07-31 06:00:00,0.3121,0.3208,0.3118,0.3184,1102823.0
2023-07-31 06:15:00,0.3184,0.3244,0.3184,0.3224,1621147.0
2023-07-31 06:30:00,0.3222,0.325,0.3165,0.3169,1705650.0
2023-07-31 06:45:00,0.317,0.3202,0.3163,0.3196,326897.0
2023-07-31 07:00:00,0.3196,0.3229,0.3189,0.321,516051.0
2023-07-31 07:15:00,0.3211,0.3249,0.3205,0.3227,486666.0
2023-07-31 07:30:00,0.323,0.3233,0.3179,0.3179,421573.0
2023-07-31 07:45:00,0.3181,0.3188,0.3163,0.3184,491239.0
2023-07-31 08:00:00,0.3184,0.3185,0.3165,0.3175,241971.0
2023-07-31 08:15:00,0.3176,0.3196,0.316,0.3196,324468.0
2023-07-31 08:30:00,0.3196,0.3215,0.3192,0.3207,329710.0
2023-07-31 08:45:00,0.3208,0.3229,0.3204,0.3209,385775.0
2023-07-31 09:00:00,0.3207,0.3216,0.3184,0.3195,160288.0
2023-07-31 09:15:00,0.3195,0.3243,0.3195,0.323,530644.0
2023-07-31 09:30:00,0.3227,0.3227,0.3203,0.3226,233597.0
2023-07-31 09:45:00,0.3224,0.323,0.3187,0.3191,285630.0
2023-07-31 10:00:00,0.319,0.3206,0.3176,0.3189,243717.0
2023-07-31 10:15:00,0.3191,0.3209,0.3187,0.3197,280977.0
2023-07-31 10:30:00,0.3198,0.3204,0.3172,0.3191,215616.0
2023-07-31 10:45:00,0.3192,0.3197,0.3183,0.3188,143960.0
2023-07-31 11:00:00,0.3188,0.3191,0.3171,0.3171,143689.0
2023-07-31 11:15:00,0.3176,0.3193,0.3173,0.3176,147336.0
2023-07-31 11:30:00,0.3175,0.3209,0.3174,0.3204,215208.0
2023-07-31 11:45:00,0.3206,0.3226,0.3199,0.3204,464261.0
2023-07-31 12:00:00,0.3202,0.3216,0.3184,0.3191,352228.0
2023-07-31 12:15:00,0.3192,0.3194,0.3165,0.3177,294873.0
2023-07-31 12:30:00,0.3175,0.3189,0.3168,0.3183,138094.0
2023-07-31 12:45:00,0.3181,0.3226,0.3174,0.3213,324539.0
2023-07-31 13:00:00,0.3214,0.3263,0.321,0.3235,824817.0
2023-07-31 13:15:00,0.3238,0.325,0.3178,0.3193,759112.0
2023-07-31 13:30:00,0.3194,0.3197,0.3136,0.3145,594968.0
2023-07-31 13:45:00,0.3142,0.3156,0.3106,0.3134,531500.0
2023-07-31 14:00:00,0.3134,0.316,0.3124,0.313,264071.0
2023-07-31 14:15:00,0.313,0.313,0.3088,0.3102,432643.0
2023-07-31 14:30:00,0.3103,0.3111,0.3088,0.3111,232454.0
2023-07-31 14:45:00,0.3109,0.311,0.308,0.3088,306992.0
2023-07-31 15:00:00,0.3088,0.3132,0.3066,0.3106,793392.0
2023-07-31 15:15:00,0.3108,0.311,0.3065,0.3067,289689.0
2023-07-31 15:30:00,0.3068,0.3072,0.3053,0.3057,270254.0
2023-07-31 15:45:00,0.3056,0.3085,0.3041,0.3073,248246.0
2023-07-31 16:00:00,0.3072,0.3087,0.3063,0.3087,333195.0
2023-07-31 16:15:00,0.3087,0.31,0.3076,0.3099,169411.0
2023-07-31 16:30:00,0.31,0.31,0.3083,0.3099,205896.0
2023-07-31 16:45:00,0.3097,0.3103,0.3085,0.309,179521.0
2023-07-31 17:00:00,0.3091,0.3098,0.3085,0.3098,107230.0
2023-07-31 17:15:00,0.3097,0.3097,0.307,0.3085,243541.0
2023-07-31 17:30:00,0.3086,0.3104,0.3085,0.3096,143061.0
2023-07-31 17:45:00,0.3097,0.3104,0.3088,0.309,67254.0
2023-07-31 18:00:00,0.309,0.3105,0.3088,0.3101,72980.0
2023-07-31 18:15:00,0.3102,0.3107,0.3089,0.3106,108355.0
2023-07-31 18:30:00,0.3108,0.311,0.3092,0.3093,42445.0
2023-07-31 18:45:00,0.309,0.3104,0.3085,0.3085,49308.0
2023-07-31 19:00:00,0.3088,0.3091,0.3079,0.3081,79749.0
2023-07-31 19:15:00,0.3081,0.3092,0.3075,0.3087,97448.0
2023-07-31 19:30:00,0.3088,0.3093,0.3082,0.3088,142175.0
2023-07-31 19:45:00,0.3087,0.3087,0.305,0.3052,249308.0
2023-07-31 20:00:00,0.3059,0.3085,0.305,0.3079,288561.0
2023-07-31 20:15:00,0.3079,0.309,0.3072,0.3081,110837.0
2023-07-31 20:30:00,0.3082,0.3083,0.3068,0.3068,48986.0
2023-07-31 20:45:00,0.3069,0.3077,0.3055,0.3073,132182.0
2023-07-31 21:00:00,0.3074,0.3085,0.3061,0.3085,193578.0
2023-07-31 21:15:00,0.3084,0.3085,0.3071,0.3072,136284.0
2023-07-31 21:30:00,0.307,0.3076,0.3061,0.3073,101614.0
2023-07-31 21:45:00,0.3073,0.3078,0.3066,0.3074,67691.0
2023-07-31 22:00:00,0.307,0.3076,0.3066,0.3075,40258.0
2023-07-31 22:15:00,0.3074,0.3078,0.3071,0.3076,75018.0
2023-07-31 22:30:00,0.3076,0.3078,0.3054,0.3064,41133.0
2023-07-31 22:45:00,0.3058,0.3078,0.3053,0.3076,100996.0
2023-07-31 23:00:00,0.3074,0.3084,0.3074,0.3083,57200.0
2023-07-31 23:15:00,0.3082,0.3088,0.3064,0.3072,57222.0
2023-07-31 23:30:00,0.3069,0.3085,0.3067,0.3079,161531.0
2023-07-31 23:45:00,0.3079,0.3086,0.3071,0.3071,165791.0
2023-08-01 00:00:00,0.3071,0.3071,0.3032,0.304,445238.0
2023-08-01 00:15:00,0.3039,0.305,0.3019,0.3032,207514.0
2023-08-01 00:30:00,0.3032,0.3032,0.3014,0.3029,471042.0
2023-08-01 00:45:00,0.3029,0.3045,0.3023,0.3045,168319.0
2023-08-01 01:00:00,0.3045,0.3048,0.303,0.303,79601.0
2023-08-01 01:15:00,0.3033,0.3035,0.3017,0.3021,102152.0
2023-08-01 01:30:00,0.3019,0.3031,0.3005,0.3013,134350.0
2023-08-01 01:45:00,0.3015,0.3015,0.2976,0.2984,325399.0
2023-08-01 02:00:00,0.298,0.2983,0.2924,0.2958,541208.0
2023-08-01 02:15:00,0.2957,0.2966,0.2944,0.2954,273067.0
2023-08-01 02:30:00,0.2949,0.2956,0.2927,0.2933,308509.0
2023-08-01 02:45:00,0.2932,0.2939,0.2924,0.2935,169287.0
2023-08-01 03:00:00,0.2933,0.2947,0.2925,0.2939,215081.0
2023-08-01 03:15:00,0.2939,0.2939,0.2924,0.2924,165360.0
2023-08-01 03:30:00,0.2924,0.293,0.2916,0.2921,302580.0
2023-08-01 03:45:00,0.2922,0.2926,0.2908,0.2911,184725.0
2023-08-01 04:00:00,0.2907,0.2918,0.2865,0.2904,973979.0
2023-08-01 04:15:00,0.2905,0.2914,0.2898,0.2904,260356.0
2023-08-01 04:30:00,0.2904,0.2909,0.2894,0.2901,195066.0
2023-08-01 04:45:00,0.2901,0.2901,0.2887,0.2889,181534.0
2023-08-01 05:00:00,0.2888,0.2888,0.2878,0.2882,305927.0
2023-08-01 05:15:00,0.2881,0.2899,0.2878,0.2898,273463.0
2023-08-01 05:30:00,0.2898,0.2914,0.2895,0.2895,142805.0
2023-08-01 05:45:00,0.2898,0.291,0.2892,0.2907,99374.0
2023-08-01 06:00:00,0.2903,0.2916,0.2899,0.2915,115085.0
2023-08-01 06:15:00,0.2914,0.2929,0.291,0.2929,195761.0
2023-08-01 06:30:00,0.2929,0.2937,0.2916,0.292,185176.0
2023-08-01 06:45:00,0.2918,0.2928,0.2916,0.2922,81623.0
2023-08-01 07:00:00,0.2923,0.2956,0.2916,0.2925,441781.0
2023-08-01 07:15:00,0.2925,0.2928,0.2918,0.2927,70497.0
2023-08-01 07:30:00,0.2923,0.2928,0.2916,0.2924,143569.0
2023-08-01 07:45:00,0.2926,0.2926,0.2914,0.2918,127448.0
2023-08-01 08:00:00,0.2916,0.2938,0.2912,0.2918,1350381.0
2023-08-01 08:15:00,0.2918,0.293,0.2917,0.2925,185702.0
2023-08-01 08:30:00,0.2924,0.2937,0.2924,0.2937,177933.0
2023-08-01 08:45:00,0.2936,0.2949,0.2931,0.2949,220569.0
2023-08-01 09:00:00,0.2949,0.295,0.2941,0.2944,67351.0
2023-08-01 09:15:00,0.2944,0.2947,0.2933,0.2937,99279.0
2023-08-01 09:30:00,0.2936,0.2937,0.2927,0.293,117825.0
2023-08-01 09:45:00,0.2928,0.2929,0.2921,0.2922,78461.0
2023-08-01 10:00:00,0.2926,0.2931,0.2924,0.2928,100541.0
2023-08-01 10:15:00,0.2928,0.2931,0.2921,0.2925,49792.0
2023-08-01 10:30:00,0.2925,0.2939,0.2925,0.2934,86650.0
2023-08-01 10:45:00,0.2935,0.2945,0.2933,0.2938,50321.0
2023-08-01 11:00:00,0.2935,0.2954,0.2933,0.2944,99496.0
2023-08-01 11:15:00,0.2945,0.2945,0.293,0.2936,47944.0
2023-08-01 11:30:00,0.2935,0.2935,0.2925,0.293,38773.0
2023-08-01 11:45:00,0.293,0.294,0.2926,0.2933,83396.0
2023-08-01 12:00:00,0.2935,0.2937,0.2921,0.2931,165096.0
2023-08-01 12:15:00,0.2931,0.294,0.2923,0.2926,213351.0
2023-08-01 12:30:00,0.2928,0.2952,0.2926,0.2952,88361.0
2023-08-01 12:45:00,0.2952,0.2952,0.2941,0.2946,59153.0
2023-08-01 13:00:00,0.2946,0.2954,0.2942,0.2949,33073.0
2023-08-01 13:15:00,0.295,0.2955,0.2945,0.2949,72226.0
2023-08-01 13:30:00,0.2953,0.2957,0.2949,0.295,82463.0
2023-08-01 13:45:00,0.2951,0.2952,0.293,0.2932,194902.0
2023-08-01 14:00:00,0.2932,0.2947,0.2928,0.293,56462.0
2023-08-01 14:15:00,0.2928,0.294,0.2928,0.2937,77785.0
2023-08-01 14:30:00,0.2934,0.2939,0.2916,0.2938,76216.0
2023-08-01 14:45:00,0.2932,0.2943,0.2929,0.2943,71939.0
2023-08-01 15:00:00,0.2935,0.2952,0.2933,0.2939,90184.0
2023-08-01 15:15:00,0.2938,0.2939,0.2924,0.2929,181951.0
2023-08-01 15:30:00,0.2927,0.2953,0.2889,0.2949,530476.0
2023-08-01 15:45:00,0.2948,0.2967,0.2945,0.2957,293669.0
2023-08-01 16:00:00,0.2961,0.2976,0.2957,0.2972,177851.0
2023-08-01 16:15:00,0.2974,0.2974,0.2951,0.2958,111605.0
2023-08-01 16:30:00,0.2958,0.2958,0.2944,0.295,39624.0
2023-08-01 16:45:00,0.2953,0.2964,0.2949,0.2957,73670.0
2023-08-01 17:00:00,0.2959,0.2971,0.2959,0.2962,40938.0
2023-08-01 17:15:00,0.296,0.2971,0.296,0.2967,17822.0
2023-08-01 17:30:00,0.2967,0.2974,0.2965,0.2973,38243.0
2023-08-01 17:45:00,0.2974,0.2976,0.297,0.2973,30997.0
2023-08-01 18:00:00,0.2973,0.2986,0.2973,0.2981,80241.0
2023-08-01 18:15:00,0.298,0.2993,0.2975,0.2977,44521.0
2023-08-01 18:30:00,0.2981,0.2988,0.2976,0.2979,56902.0
2023-08-01 18:45:00,0.2982,0.2987,0.2976,0.2987,21995.0
2023-08-01 19:00:00,0.2987,0.3003,0.2984,0.2984,113954.0
2023-08-01 19:15:00,0.2984,0.2991,0.2982,0.2988,26064.0
2023-08-01 19:30:00,0.299,0.2998,0.299,0.2992,21514.0
2023-08-01 19:45:00,0.2994,0.3004,0.2994,0.3,23691.0
2023-08-01 20:00:00,0.3001,0.301,0.2996,0.3003,48506.0
2023-08-01 20:15:00,0.3003,0.3011,0.3,0.3,92358.0
2023-08-01 20:30:00,0.3003,0.3012,0.3001,0.301,36021.0
2023-08-01 20:45:00,0.301,0.3023,0.301,0.3019,121574.0
2023-08-01 21:00:00,0.3021,0.3022,0.3012,0.3017,144741.0
2023-08-01 21:15:00,0.3019,0.3024,0.3017,0.3017,41594.0
2023-08-01 21:30:00,0.3019,0.3021,0.3006,0.3006,49731.0
2023-08-01 21:45:00,0.3005,0.3011,0.3,0.3011,38032.0
2023-08-01 22:00:00,0.3011,0.3011,0.3001,0.3004,44177.0
2023-08-01 22:15:00,0.3005,0.3012,0.3005,0.3007,18380.0
2023-08-01 22:30:00,0.3005,0.3005,0.2997,0.2998,19981.0
2023-08-01 22:45:00,0.3001,0.3016,0.3001,0.3014,53482.0
2023-08-01 23:00:00,0.301,0.3017,0.3006,0.3013,27248.0
2023-08-01 23:15:00,0.3014,0.3023,0.3012,0.3021,58803.0
2023-08-01 23:30:00,0.3025,0.3037,0.3025,0.3037,57310.0
2023-08-01 23:45:00,0.3035,0.3056,0.3025,0.305,92367.0
2023-08-02 00:00:00,0.3051,0.3068,0.3045,0.306,297623.0
2023-08-02 00:15:00,0.3061,0.3076,0.3051,0.3069,185311.0
2023-08-02 00:30:00,0.3071,0.3076,0.3063,0.3063,183755.0
2023-08-02 00:45:00,0.3069,0.3071,0.3059,0.3063,64452.0
2023-08-02 01:00:00,0.3062,0.31,0.306,0.3088,213322.0
2023-08-02 01:15:00,0.3088,0.3095,0.3079,0.3094,94533.0
2023-08-02 01:30:00,0.3093,0.3098,0.3072,0.3085,102996.0
2023-08-02 01:45:00,0.3086,0.3091,0.3063,0.3063,93577.0
2023-08-02 02:00:00,0.3065,0.3085,0.3064,0.3077,92124.0
2023-08-02 02:15:00,0.3079,0.3085,0.3071,0.3071,33384.0
2023-08-02 02:30:00,0.3072,0.3077,0.3072,0.3076,29613.0
2023-08-02 02:45:00,0.3077,0.3089,0.3077,0.308,42397.0
2023-08-02 03:00:00,0.308,0.3085,0.3059,0.3071,160989.0
2023-08-02 03:15:00,0.3067,0.3086,0.3064,0.3076,129909.0
2023-08-02 03:30:00,0.3078,0.3087,0.3073,0.3075,108849.0
2023-08-02 03:45:00,0.3073,0.3074,0.306,0.3061,70239.0
2023-08-02 04:00:00,0.3062,0.3064,0.3031,0.3035,121737.0
2023-08-02 04:15:00,0.3035,0.3041,0.3031,0.3039,104476.0
2023-08-02 04:30:00,0.304,0.3058,0.304,0.3052,94462.0
2023-08-02 04:45:00,0.3052,0.3052,0.3037,0.3041,29317.0
2023-08-02 05:00:00,0.3037,0.3039,0.3026,0.3026,56480.0
2023-08-02 05:15:00,0.3028,0.3035,0.3025,0.3034,34015.0
2023-08-02 05:30:00,0.3032,0.3033,0.3016,0.3021,111579.0
2023-08-02 05:45:00,0.3021,0.3025,0.3019,0.3024,34135.0
2023-08-02 06:00:00,0.3025,0.3034,0.3021,0.3023,45226.0
2023-08-02 06:15:00,0.3022,0.3022,0.3012,0.3015,45389.0
2023-08-02 06:30:00,0.3016,0.3035,0.3012,0.3018,1102672.0
2023-08-02 06:45:00,0.302,0.302,0.3001,0.3004,85835.0
2023-08-02 07:00:00,0.3004,0.3015,0.2998,0.3013,46266.0
2023-08-02 07:15:00,0.3013,0.3034,0.3012,0.302,315345.0
2023-08-02 07:30:00,0.3021,0.3023,0.2987,0.2999,185032.0
2023-08-02 07:45:00,0.2999,0.2999,0.2982,0.2988,88517.0
2023-08-02 08:00:00,0.2987,0.2997,0.2983,0.2991,151780.0
2023-08-02 08:15:00,0.2987,0.299,0.2974,0.2983,183153.0
2023-08-02 08:30:00,0.2985,0.2996,0.2983,0.299,33202.0
2023-08-02 08:45:00,0.299,0.2995,0.2989,0.299,56285.0
2023-08-02 09:00:00,0.2992,0.2998,0.2991,0.2994,22721.0
2023-08-02 09:15:00,0.2996,0.3,0.2992,0.2995,33891.0
2023-08-02 09:30:00,0.2995,0.2995,0.2979,0.2979,53687.0
2023-08-02 09:45:00,0.2978,0.2985,0.2978,0.2984,24364.0
2023-08-02 10:00:00,0.2984,0.299,0.2984,0.299,30158.0
2023-08-02 10:15:00,0.299,0.2996,0.2989,0.2993,25899.0
2023-08-02 10:30:00,0.2993,0.2999,0.299,0.2995,67825.0
2023-08-02 10:45:00,0.2996,0.2997,0.2982,0.2983,107692.0
2023-08-02 11:00:00,0.2986,0.2989,0.298,0.2983,31535.0
2023-08-02 11:15:00,0.2983,0.2983,0.2979,0.2979,55121.0
2023-08-02 11:30:00,0.2979,0.2983,0.2976,0.2979,29108.0
2023-08-02 11:45:00,0.2979,0.2991,0.2978,0.2987,116840.0
2023-08-02 12:00:00,0.2988,0.3016,0.2988,0.2998,158125.0
2023-08-02 12:15:00,0.2998,0.3016,0.2991,0.3002,267170.0
2023-08-02 12:30:00,0.3004,0.301,0.2993,0.2993,84129.0
2023-08-02 12:45:00,0.2993,0.2993,0.2981,0.2986,149825.0
2023-08-02 13:00:00,0.2983,0.2988,0.298,0.2986,41348.0
2023-08-02 13:15:00,0.2982,0.3001,0.2982,0.2998,42027.0
2023-08-02 13:30:00,0.2998,0.3004,0.2986,0.2987,132370.0
2023-08-02 13:45:00,0.2989,0.2992,0.298,0.2985,121164.0
2023-08-02 14:00:00,0.2986,0.2995,0.2978,0.2987,38787.0
2023-08-02 14:15:00,0.2988,0.3,0.2979,0.2985,184315.0
2023-08-02 14:30:00,0.2984,0.2984,0.2958,0.296,265577.0
2023-08-02 14:45:00,0.296,0.2968,0.2955,0.2962,193889.0
2023-08-02 15:00:00,0.296,0.2971,0.2953,0.2969,78863.0
2023-08-02 15:15:00,0.2968,0.2986,0.2967,0.2979,130051.0
2023-08-02 15:30:00,0.2978,0.2994,0.2978,0.2988,78376.0
2023-08-02 15:45:00,0.2985,0.299,0.298,0.2986,46379.0
2023-08-02 16:00:00,0.2983,0.2998,0.298,0.2987,46238.0
2023-08-02 16:15:00,0.2984,0.2989,0.2967,0.2979,68129.0
2023-08-02 16:30:00,0.2979,0.2988,0.2976,0.2984,74305.0
2023-08-02 16:45:00,0.2982,0.2985,0.2921,0.295,352583.0
2023-08-02 17:00:00,0.2948,0.2969,0.2943,0.2948,114129.0
2023-08-02 17:15:00,0.2947,0.2965,0.2945,0.2956,80335.0
2023-08-02 17:30:00,0.2957,0.298,0.2952,0.2972,145413.0
2023-08-02 17:45:00,0.2969,0.297,0.2958,0.2966,29436.0
2023-08-02 18:00:00,0.2968,0.2988,0.2967,0.2985,36007.0
2023-08-02 18:15:00,0.2986,0.2996,0.2982,0.299,62593.0
2023-08-02 18:30:00,0.2989,0.2997,0.2986,0.2996,58532.0
2023-08-02 18:45:00,0.2995,0.2998,0.2982,0.2991,37081.0
2023-08-02 19:00:00,0.2992,0.2992,0.2981,0.2985,31394.0
2023-08-02 19:15:00,0.2988,0.2992,0.2984,0.2989,28542.0
2023-08-02 19:30:00,0.2986,0.2992,0.2979,0.2984,57873.0
2023-08-02 19:45:00,0.2986,0.2992,0.2981,0.2981,11300.0
2023-08-02 20:00:00,0.2982,0.2987,0.2972,0.2975,43725.0
2023-08-02 20:15:00,0.2973,0.2983,0.2971,0.2978,22867.0
2023-08-02 20:30:00,0.298,0.2988,0.2978,0.2988,41401.0
2023-08-02 20:45:00,0.2985,0.299,0.2982,0.2989,7960.0
2023-08-02 21:00:00,0.2989,0.2992,0.2976,0.2976,72423.0
2023-08-02 21:15:00,0.2977,0.2983,0.2966,0.2981,28507.0
2023-08-02 21:30:00,0.2982,0.2989,0.298,0.2982,50095.0
2023-08-02 21:45:00,0.2983,0.2989,0.298,0.2989,46886.0
2023-08-02 22:00:00,0.2989,0.2994,0.2983,0.2994,35352.0
2023-08-02 22:15:00,0.2992,0.2992,0.2985,0.2988,24263.0
2023-08-02 22:30:00,0.2987,0.2994,0.2981,0.2981,102708.0
2023-08-02 22:45:00,0.298,0.298,0.2974,0.2975,4524.0
2023-08-02 23:00:00,0.2975,0.2977,0.2959,0.2962,188103.0
2023-08-02 23:15:00,0.2963,0.2964,0.2956,0.2958,13862.0
2023-08-02 23:30:00,0.296,0.2961,0.2948,0.2952,36384.0
2023-08-02 23:45:00,0.2953,0.2963,0.2951,0.2962,59150.0
2023-08-03 00:00:00,0.296,0.296,0.2947,0.2947,53147.0
2023-08-03 00:15:00,0.2949,0.2969,0.2949,0.2965,82112.0
2023-08-03 00:30:00,0.2964,0.2983,0.2962,0.2972,98657.0
2023-08-03 00:45:00,0.297,0.2973,0.2955,0.2957,9023.0
2023-08-03 01:00:00,0.2957,0.2965,0.2955,0.2965,16681.0
2023-08-03 01:15:00,0.2966,0.2968,0.2958,0.2962,31955.0
2023-08-03 01:30:00,0.2965,0.2977,0.296,0.2972,163278.0
2023-08-03 01:45:00,0.2977,0.298,0.2972,0.2979,16401.0
2023-08-03 02:00:00,0.2979,0.2984,0.2972,0.2981,43849.0
2023-08-03 02:15:00,0.2981,0.2981,0.2958,0.2958,130017.0
2023-08-03 02:30:00,0.2957,0.2959,0.2954,0.2957,28433.0
2023-08-03 02:45:00,0.296,0.2967,0.2959,0.2965,8325.0
2023-08-03 03:00:00,0.2967,0.2967,0.2954,0.2962,37207.0
2023-08-03 03:15:00,0.296,0.2977,0.296,0.2975,54432.0
2023-08-03 03:30:00,0.2978,0.2979,0.2966,0.2969,20588.0
2023-08-03 03:45:00,0.297,0.2972,0.2967,0.297,21322.0
2023-08-03 04:00:00,0.2968,0.2976,0.2968,0.2971,18229.0
2023-08-03 04:15:00,0.2971,0.2973,0.296,0.2962,33823.0
2023-08-03 04:30:00,0.2959,0.2961,0.2948,0.2951,136303.0
2023-08-03 04:45:00,0.2952,0.2952,0.2941,0.2942,14361.0
2023-08-03 05:00:00,0.2945,0.2949,0.2932,0.2934,80221.0
2023-08-03 05:15:00,0.2935,0.2935,0.2922,0.2926,65776.0
2023-08-03 05:30:00,0.2926,0.2947,0.2926,0.2944,92012.0
2023-08-03 05:45:00,0.2945,0.2954,0.2939,0.294,131754.0
2023-08-03 06:00:00,0.294,0.294,0.2928,0.2929,17919.0
2023-08-03 06:15:00,0.2932,0.294,0.2918,0.2918,114680.0
2023-08-03 06:30:00,0.292,0.2923,0.2909,0.2918,114537.0
2023-08-03 06:45:00,0.2916,0.2927,0.2906,0.2918,88248.0
2023-08-03 07:00:00,0.2914,0.2928,0.2912,0.2919,54623.0
2023-08-03 07:15:00,0.2918,0.2918,0.2908,0.2912,70036.0
2023-08-03 07:30:00,0.2912,0.2919,0.2909,0.2916,93826.0
2023-08-03 07:45:00,0.2913,0.2916,0.2909,0.2911,6763.0
2023-08-03 08:00:00,0.2911,0.2926,0.2904,0.2918,100076.0
2023-08-03 08:15:00,0.2917,0.2918,0.2901,0.2916,80224.0
2023-08-03 08:30:00,0.2911,0.2935,0.2911,0.2926,141860.0
2023-08-03 08:45:00,0.2922,0.2928,0.2919,0.2923,29251.0
2023-08-03 09:00:00,0.2923,0.293,0.292,0.2926,17453.0
2023-08-03 09:15:00,0.2931,0.2936,0.2926,0.293,10726.0
2023-08-03 09:30:00,0.2932,0.2938,0.2929,0.2932,31465.0
2023-08-03 09:45:00,0.2931,0.2934,0.2926,0.293,25713.0
2023-08-03 10:00:00,0.293,0.2934,0.2926,0.2934,47366.0
2023-08-03 10:15:00,0.2936,0.2937,0.2933,0.2937,17473.0
2023-08-03 10:30:00,0.2934,0.2942,0.2932,0.2941,27309.0
2023-08-03 10:45:00,0.2938,0.2938,0.2935,0.2938,10900.0
2023-08-03 11:00:00,0.2937,0.294,0.2932,0.2934,28725.0
2023-08-03 11:15:00,0.2936,0.2937,0.2925,0.2925,26329.0
2023-08-03 11:30:00,0.2928,0.293,0.2919,0.292,29544.0
2023-08-03 11:45:00,0.2921,0.2925,0.2915,0.2921,28713.0
2023-08-03 12:00:00,0.2922,0.2923,0.2914,0.2914,41366.0
2023-08-03 12:15:00,0.2914,0.2916,0.2909,0.291,40879.0
2023-08-03 12:30:00,0.2913,0.2918,0.2906,0.2911,65360.0
2023-08-03 12:45:00,0.2912,0.2913,0.2904,0.291,79621.0
2023-08-03 13:00:00,0.2909,0.2939,0.2909,0.2938,152174.0
2023-08-03 13:15:00,0.2939,0.2939,0.2926,0.293,24312.0
2023-08-03 13:30:00,0.293,0.2936,0.2923,0.2935,38338.0
2023-08-03 13:45:00,0.2936,0.2942,0.293,0.2941,75139.0
2023-08-03 14:00:00,0.294,0.294,0.2926,0.2928,86042.0
2023-08-03 14:15:00,0.2928,0.2933,0.2926,0.2933,25880.0
2023-08-03 14:30:00,0.2932,0.2956,0.2932,0.295,133034.0
2023-08-03 14:45:00,0.2951,0.3009,0.2949,0.297,489472.0
2023-08-03 15:00:00,0.297,0.2987,0.2965,0.297,82197.0
2023-08-03 15:15:00,0.297,0.2971,0.2956,0.296,81544.0
2023-08-03 15:30:00,0.2957,0.2972,0.2956,0.2965,63614.0
2023-08-03 15:45:00,0.2965,0.297,0.2964,0.2967,51458.0
2023-08-03 16:00:00,0.2964,0.2972,0.2963,0.2971,54639.0
2023-08-03 16:15:00,0.2973,0.2985,0.2968,0.2983,29284.0
2023-08-03 16:30:00,0.2985,0.2986,0.2971,0.2981,20351.0
2023-08-03 16:45:00,0.2981,0.2986,0.298,0.2984,30591.0
2023-08-03 17:00:00,0.2985,0.2992,0.2981,0.299,35701.0
2023-08-03 17:15:00,0.299,0.299,0.2982,0.2983,50728.0
2023-08-03 17:30:00,0.2984,0.2984,0.2969,0.2972,98723.0
2023-08-03 17:45:00,0.2972,0.2976,0.2966,0.2966,46987.0
2023-08-03 18:00:00,0.2966,0.2967,0.2957,0.2959,47428.0
2023-08-03 18:15:00,0.2958,0.2969,0.2958,0.2969,12883.0
2023-08-03 18:30:00,0.2967,0.2971,0.2964,0.2966,14167.0
2023-08-03 18:45:00,0.2966,0.2972,0.2966,0.2972,18368.0
2023-08-03 19:00:00,0.2969,0.2971,0.2966,0.2966,12771.0
2023-08-03 19:15:00,0.2965,0.2968,0.2962,0.2967,27437.0
2023-08-03 19:30:00,0.297,0.297,0.2967,0.2967,409.0
2023-08-03 19:45:00,0.2967,0.2979,0.2967,0.2979,33946.0
2023-08-03 20:00:00,0.2979,0.2982,0.2972,0.2977,37837.0
2023-08-03 20:15:00,0.2981,0.2987,0.2978,0.2982,45255.0
2023-08-03 20:30:00,0.2981,0.2983,0.297,0.2972,4029.0
2023-08-03 20:45:00,0.2974,0.2975,0.2961,0.2965,79296.0
2023-08-03 21:00:00,0.2968,0.2973,0.296,0.2962,40457.0
2023-08-03 21:15:00,0.296,0.296,0.2953,0.2957,16207.0
2023-08-03 21:30:00,0.2955,0.2962,0.2955,0.2962,5310.0
2023-08-03 21:45:00,0.2963,0.2964,0.295,0.295,58167.0
2023-08-03 22:00:00,0.2952,0.296,0.2932,0.2947,70108.0
2023-08-03 22:15:00,0.2943,0.295,0.2939,0.2948,37528.0
2023-08-03 22:30:00,0.2948,0.2957,0.2944,0.2956,25712.0
2023-08-03 22:45:00,0.2955,0.2966,0.2951,0.2959,12370.0
2023-08-03 23:00:00,0.2956,0.2963,0.2954,0.2959,62209.0
2023-08-03 23:15:00,0.2961,0.2962,0.2947,0.295,82264.0
2023-08-03 23:30:00,0.2952,0.2953,0.2947,0.2952,12976.0
2023-08-03 23:45:00,0.2952,0.2952,0.2944,0.2945,4884.0
2023-08-04 00:00:00,0.2945,0.295,0.2935,0.2945,24150.0
2023-08-04 00:15:00,0.2948,0.296,0.2948,0.2953,26633.0
2023-08-04 00:30:00,0.2949,0.2949,0.2939,0.2947,32405.0
2023-08-04 00:45:00,0.2945,0.295,0.2941,0.295,28078.0
2023-08-04 01:00:00,0.2952,0.2952,0.2936,0.294,34883.0
2023-08-04 01:15:00,0.2938,0.2941,0.2933,0.2935,27448.0
2023-08-04 01:30:00,0.2936,0.2943,0.2936,0.2938,4712.0
2023-08-04 01:45:00,0.2939,0.2939,0.2926,0.293,45011.0
2023-08-04 02:00:00,0.2927,0.2935,0.2924,0.2926,90687.0
2023-08-04 02:15:00,0.2927,0.2927,0.2917,0.2925,30529.0
2023-08-04 02:30:00,0.2923,0.2947,0.2923,0.2943,100330.0
2023-08-04 02:45:00,0.2943,0.2943,0.2939,0.2942,9210.0
2023-08-04 03:00:00,0.2941,0.2947,0.2933,0.2943,115990.0
2023-08-04 03:15:00,0.2946,0.2955,0.2945,0.2955,40367.0
2023-08-04 03:30:00,0.2952,0.2956,0.2949,0.2952,30843.0
2023-08-04 03:45:00,0.2954,0.2963,0.2953,0.2959,36389.0
2023-08-04 04:00:00,0.2959,0.2959,0.2947,0.295,27624.0
2023-08-04 04:15:00,0.2948,0.2948,0.2931,0.2938,44596.0
2023-08-04 04:30:00,0.2937,0.2945,0.2932,0.2942,30558.0
2023-08-04 04:45:00,0.294,0.2944,0.2939,0.2939,27065.0
2023-08-04 05:00:00,0.2941,0.2945,0.2934,0.2935,17098.0
2023-08-04 05:15:00,0.2936,0.2938,0.2927,0.2938,30562.0
2023-08-04 05:30:00,0.2934,0.2938,0.2933,0.2933,15814.0
2023-08-04 05:45:00,0.2934,0.2939,0.293,0.293,34647.0
2023-08-04 06:00:00,0.2929,0.2932,0.2929,0.293,48686.0
2023-08-04 06:15:00,0.2928,0.2933,0.2924,0.2931,105352.0
2023-08-04 06:30:00,0.2928,0.2929,0.2924,0.2928,33530.0
2023-08-04 06:45:00,0.2926,0.2937,0.2923,0.2935,45262.0
2023-08-04 07:00:00,0.2934,0.2939,0.293,0.2939,46337.0
2023-08-04 07:15:00,0.294,0.2951,0.294,0.2947,57181.0
2023-08-04 07:30:00,0.295,0.2959,0.2948,0.2949,151729.0
2023-08-04 07:45:00,0.2949,0.2949,0.2941,0.2941,53645.0
2023-08-04 08:00:00,0.2941,0.2941,0.2925,0.2932,202052.0
2023-08-04 08:15:00,0.2929,0.2943,0.2923,0.2926,61848.0
2023-08-04 08:30:00,0.2923,0.2925,0.291,0.2914,199293.0
2023-08-04 08:45:00,0.2914,0.2915,0.2896,0.2905,334516.0
2023-08-04 09:00:00,0.2905,0.291,0.2904,0.2908,43455.0
2023-08-04 09:15:00,0.2911,0.2914,0.2909,0.2914,34074.0
2023-08-04 09:30:00,0.2916,0.2918,0.2914,0.2916,25694.0
2023-08-04 09:45:00,0.2914,0.2918,0.2914,0.2917,16467.0
2023-08-04 10:00:00,0.2918,0.292,0.2917,0.2917,6456.0
2023-08-04 10:15:00,0.2915,0.2916,0.2911,0.2912,34855.0
2023-08-04 10:30:00,0.2914,0.2915,0.2902,0.291,121249.0
2023-08-04 10:45:00,0.291,0.2915,0.2908,0.2913,22533.0
2023-08-04 11:00:00,0.2909,0.2909,0.2902,0.2909,33619.0
2023-08-04 11:15:00,0.2909,0.291,0.2905,0.2906,37106.0
2023-08-04 11:30:00,0.2905,0.2907,0.2902,0.2906,53266.0
2023-08-04 11:45:00,0.2904,0.2913,0.2904,0.2909,15541.0
2023-08-04 12:00:00,0.2908,0.2914,0.2903,0.291,46662.0
2023-08-04 12:15:00,0.291,0.2914,0.2905,0.2914,41108.0
2023-08-04 12:30:00,0.2914,0.2929,0.2902,0.2921,155824.0
2023-08-04 12:45:00,0.2918,0.293,0.2918,0.2928,53563.0
2023-08-04 13:00:00,0.2932,0.294,0.2929,0.2939,121968.0
2023-08-04 13:15:00,0.2939,0.294,0.2932,0.2935,36077.0
2023-08-04 13:30:00,0.2933,0.2963,0.2933,0.2951,148377.0
2023-08-04 13:45:00,0.295,0.296,0.294,0.2946,78428.0
2023-08-04 14:00:00,0.2944,0.2944,0.293,0.294,18558.0
2023-08-04 14:15:00,0.294,0.2956,0.2938,0.2953,49996.0
2023-08-04 14:30:00,0.2957,0.296,0.2952,0.2957,56769.0
2023-08-04 14:45:00,0.2957,0.2965,0.2954,0.2957,58720.0
2023-08-04 15:00:00,0.2964,0.2965,0.2951,0.2956,109990.0
2023-08-04 15:15:00,0.2955,0.296,0.2947,0.2957,91309.0
2023-08-04 15:30:00,0.2961,0.2971,0.296,0.2963,105701.0
2023-08-04 15:45:00,0.2964,0.2966,0.296,0.2962,39246.0
2023-08-04 16:00:00,0.2965,0.2968,0.2961,0.2961,23960.0
2023-08-04 16:15:00,0.2961,0.2961,0.2951,0.2961,84249.0
2023-08-04 16:30:00,0.296,0.2962,0.2954,0.2962,9132.0
2023-08-04 16:45:00,0.2964,0.2966,0.2959,0.2966,75005.0
2023-08-04 17:00:00,0.2967,0.2972,0.2967,0.2971,10103.0
2023-08-04 17:15:00,0.2971,0.2972,0.2966,0.2966,23792.0
2023-08-04 17:30:00,0.2969,0.2972,0.2963,0.2963,48921.0
2023-08-04 17:45:00,0.2963,0.2974,0.2963,0.2973,76019.0
2023-08-04 18:00:00,0.2973,0.2985,0.2966,0.2971,122510.0
2023-08-04 18:15:00,0.297,0.2971,0.2952,0.2957,73994.0
2023-08-04 18:30:00,0.2961,0.2963,0.2938,0.2941,65965.0
2023-08-04 18:45:00,0.2942,0.2952,0.2925,0.295,65355.0
2023-08-04 19:00:00,0.2947,0.2951,0.2942,0.2947,35146.0
2023-08-04 19:15:00,0.2947,0.2957,0.2947,0.2951,34978.0
2023-08-04 19:30:00,0.2952,0.2952,0.2937,0.2937,51251.0
2023-08-04 19:45:00,0.2938,0.2938,0.2925,0.2932,123677.0
2023-08-04 20:00:00,0.2929,0.2947,0.2929,0.2942,80221.0
2023-08-04 20:15:00,0.2945,0.2951,0.2942,0.2951,59376.0
2023-08-04 20:30:00,0.2951,0.2951,0.2917,0.2919,81990.0
2023-08-04 20:45:00,0.2918,0.2922,0.2905,0.2918,102614.0
2023-08-04 21:00:00,0.2915,0.2946,0.2914,0.2938,43112.0
2023-08-04 21:15:00,0.294,0.2945,0.2938,0.2938,104395.0
2023-08-04 21:30:00,0.294,0.2941,0.2928,0.2929,31717.0
2023-08-04 21:45:00,0.293,0.2936,0.2926,0.2926,30191.0
2023-08-04 22:00:00,0.2924,0.2941,0.2924,0.2935,53871.0
2023-08-04 22:15:00,0.2935,0.294,0.2934,0.2934,26371.0
2023-08-04 22:30:00,0.2937,0.2938,0.2929,0.2935,39863.0
2023-08-04 22:45:00,0.2935,0.2935,0.2923,0.2924,55098.0
2023-08-04 23:00:00,0.2924,0.2926,0.2921,0.2925,25971.0
2023-08-04 23:15:00,0.2922,0.2922,0.291,0.2918,34360.0
2023-08-04 23:30:00,0.2918,0.2932,0.2917,0.2929,8550.0
2023-08-04 23:45:00,0.2932,0.2932,0.2921,0.2922,10021.0
2023-08-05 00:00:00,0.2922,0.2929,0.2917,0.2917,19824.0
2023-08-05 00:15:00,0.2916,0.2919,0.2904,0.2917,36375.0
2023-08-05 00:30:00,0.2917,0.2924,0.2917,0.2921,6854.0
2023-08-05 00:45:00,0.2925,0.2925,0.2919,0.2923,7990.0
2023-08-05 01:00:00,0.2923,0.293,0.2923,0.2929,6762.0
2023-08-05 01:15:00,0.293,0.293,0.2914,0.2914,42510.0
2023-08-05 01:30:00,0.2915,0.292,0.2911,0.2914,10147.0
2023-08-05 01:45:00,0.2911,0.2914,0.2878,0.2886,417554.0
2023-08-05 02:00:00,0.2886,0.2894,0.2879,0.2892,137729.0
2023-08-05 02:15:00,0.2897,0.2904,0.2896,0.2896,182901.0
2023-08-05 02:30:00,0.2897,0.2903,0.2895,0.29,23796.0
2023-08-05 02:45:00,0.29,0.2906,0.2896,0.2902,35824.0
2023-08-05 03:00:00,0.2905,0.291,0.29,0.291,30698.0
2023-08-05 03:15:00,0.2911,0.2913,0.2909,0.2909,4938.0
2023-08-05 03:30:00,0.2909,0.2912,0.2904,0.2908,72091.0
2023-08-05 03:45:00,0.2911,0.2912,0.2907,0.2912,7379.0
2023-08-05 04:00:00,0.291,0.291,0.2902,0.2904,8684.0
2023-08-05 04:15:00,0.2902,0.2904,0.2901,0.2904,2463.0
2023-08-05 04:30:00,0.29,0.29,0.2887,0.2888,73689.0
2023-08-05 04:45:00,0.2886,0.2898,0.2882,0.2895,55198.0
2023-08-05 05:00:00,0.2892,0.2892,0.2887,0.2887,16656.0
2023-08-05 05:15:00,0.2888,0.29,0.2887,0.2894,15095.0
2023-08-05 05:30:00,0.2899,0.2906,0.2897,0.2904,24750.0
2023-08-05 05:45:00,0.2903,0.291,0.2896,0.2908,73815.0
2023-08-05 06:00:00,0.2908,0.2908,0.2897,0.2897,44621.0
2023-08-05 06:15:00,0.2898,0.29,0.2895,0.29,15874.0
2023-08-05 06:30:00,0.2899,0.2901,0.2897,0.2897,23608.0
2023-08-05 06:45:00,0.2898,0.2899,0.2894,0.2898,22542.0
2023-08-05 07:00:00,0.2893,0.2893,0.2885,0.2891,31946.0
2023-08-05 07:15:00,0.2886,0.2891,0.2882,0.2882,79058.0
2023-08-05 07:30:00,0.2882,0.2882,0.2762,0.2809,2071194.0
2023-08-05 07:45:00,0.2809,0.2809,0.2778,0.2795,667074.0
2023-08-05 08:00:00,0.2792,0.2797,0.2756,0.2762,569403.0
2023-08-05 08:15:00,0.2761,0.2762,0.2716,0.2738,1022108.0
2023-08-05 08:30:00,0.274,0.2749,0.2727,0.2729,579945.0
2023-08-05 08:45:00,0.273,0.2744,0.2729,0.274,279568.0
2023-08-05 09:00:00,0.2738,0.2739,0.2729,0.2735,237736.0
2023-08-05 09:15:00,0.2735,0.2743,0.272,0.2734,568998.0
2023-08-05 09:30:00,0.2735,0.2735,0.2721,0.2725,171153.0
2023-08-05 09:45:00,0.2725,0.2732,0.27,0.2729,392718.0
2023-08-05 10:00:00,0.2731,0.2732,0.2711,0.2715,286132.0
2023-08-05 10:15:00,0.2715,0.2726,0.2712,0.2723,145323.0
2023-08-05 10:30:00,0.2728,0.2736,0.2728,0.2736,58877.0
2023-08-05 10:45:00,0.2732,0.2743,0.272,0.2737,124679.0
2023-08-05 11:00:00,0.2738,0.2758,0.2736,0.2751,276325.0
2023-08-05 11:15:00,0.2752,0.2752,0.2741,0.2745,106303.0
2023-08-05 11:30:00,0.2747,0.2747,0.273,0.2741,86454.0
2023-08-05 11:45:00,0.2738,0.2738,0.2727,0.2733,134947.0
2023-08-05 12:00:00,0.2732,0.2732,0.2705,0.2711,244859.0
2023-08-05 12:15:00,0.2711,0.272,0.2701,0.2717,108880.0
2023-08-05 12:30:00,0.2717,0.2719,0.2701,0.2708,98444.0
2023-08-05 12:45:00,0.2706,0.2717,0.2702,0.2714,333851.0
2023-08-05 13:00:00,0.2715,0.2716,0.2691,0.2703,264316.0
2023-08-05 13:15:00,0.2707,0.271,0.2689,0.269,185674.0
2023-08-05 13:30:00,0.269,0.2698,0.2677,0.2684,444284.0
2023-08-05 13:45:00,0.2686,0.2706,0.2686,0.2696,281239.0
2023-08-05 14:00:00,0.2695,0.2705,0.2686,0.2702,255471.0
2023-08-05 14:15:00,0.2704,0.2707,0.2699,0.2702,94566.0
2023-08-05 14:30:00,0.2702,0.2708,0.2682,0.2688,265295.0
2023-08-05 14:45:00,0.2686,0.2695,0.2682,0.2694,376431.0
2023-08-05 15:00:00,0.2695,0.2701,0.2663,0.268,289787.0
2023-08-05 15:15:00,0.268,0.2684,0.2671,0.2678,153142.0
2023-08-05 15:30:00,0.2678,0.2704,0.2674,0.2694,106222.0
2023-08-05 15:45:00,0.2696,0.2703,0.2686,0.2703,158816.0
2023-08-05 16:00:00,0.2703,0.2712,0.27,0.2707,75548.0
2023-08-05 16:15:00,0.2707,0.2712,0.2698,0.2708,255526.0
2023-08-05 16:30:00,0.2708,0.2715,0.27,0.2713,86549.0
2023-08-05 16:45:00,0.2714,0.2723,0.2712,0.2716,64566.0
2023-08-05 17:00:00,0.2717,0.2731,0.2717,0.2723,159068.0
2023-08-05 17:15:00,0.2725,0.2736,0.2725,0.2728,66003.0
2023-08-05 17:30:00,0.2728,0.2728,0.2714,0.2715,68293.0
2023-08-05 17:45:00,0.2713,0.2726,0.2713,0.2719,14284.0
2023-08-05 18:00:00,0.272,0.272,0.27,0.2707,276155.0
2023-08-05 18:15:00,0.2709,0.2712,0.27,0.2706,95363.0
2023-08-05 18:30:00,0.2706,0.2707,0.2689,0.2694,299192.0
2023-08-05 18:45:00,0.2694,0.2707,0.2693,0.2696,88375.0
2023-08-05 19:00:00,0.2696,0.27,0.2681,0.2686,68807.0
2023-08-05 19:15:00,0.2686,0.269,0.2681,0.2689,80889.0
2023-08-05 19:30:00,0.2685,0.2688,0.2678,0.2688,62571.0
2023-08-05 19:45:00,0.2688,0.269,0.2684,0.2689,19900.0
2023-08-05 20:00:00,0.269,0.2693,0.2674,0.268,83075.0
2023-08-05 20:15:00,0.2679,0.2679,0.2664,0.2675,352398.0
2023-08-05 20:30:00,0.2676,0.2679,0.2667,0.2669,91905.0
2023-08-05 20:45:00,0.2671,0.2677,0.2666,0.2677,96098.0
2023-08-05 21:00:00,0.2677,0.2679,0.2665,0.2669,107921.0
2023-08-05 21:15:00,0.267,0.2684,0.267,0.2681,73238.0
2023-08-05 21:30:00,0.2683,0.2688,0.2677,0.2682,31791.0
2023-08-05 21:45:00,0.2682,0.2683,0.2676,0.2678,43616.0
2023-08-05 22:00:00,0.2677,0.2678,0.2667,0.2678,136819.0
2023-08-05 22:15:00,0.2677,0.2683,0.2671,0.2674,244192.0
2023-08-05 22:30:00,0.2673,0.2686,0.2672,0.2683,143470.0
2023-08-05 22:45:00,0.2684,0.2689,0.2684,0.2687,35318.0
2023-08-05 23:00:00,0.2687,0.2687,0.2622,0.2649,767233.0
2023-08-05 23:15:00,0.2649,0.2666,0.2647,0.2665,120821.0
2023-08-05 23:30:00,0.2665,0.2666,0.2656,0.2656,129919.0
2023-08-05 23:45:00,0.2656,0.2668,0.2654,0.2666,39128.0
2023-08-06 00:00:00,0.2668,0.2671,0.2646,0.2663,244132.0
2023-08-06 00:15:00,0.2664,0.2685,0.2664,0.2678,97761.0
2023-08-06 00:30:00,0.2681,0.2686,0.2675,0.2683,73990.0
2023-08-06 00:45:00,0.2683,0.2691,0.2683,0.2687,86784.0
2023-08-06 01:00:00,0.2687,0.2692,0.2673,0.2682,69579.0
2023-08-06 01:15:00,0.2683,0.2689,0.2674,0.2679,162023.0
2023-08-06 01:30:00,0.2675,0.2689,0.2673,0.2683,103160.0
2023-08-06 01:45:00,0.2686,0.2689,0.2672,0.268,170123.0
2023-08-06 02:00:00,0.2679,0.2845,0.2679,0.2778,1266920.0
2023-08-06 02:15:00,0.2776,0.2788,0.2753,0.2756,207621.0
2023-08-06 02:30:00,0.2756,0.2771,0.2747,0.2754,262085.0
2023-08-06 02:45:00,0.2754,0.2769,0.2754,0.2765,114159.0
2023-08-06 03:00:00,0.2765,0.2769,0.2757,0.2761,118640.0
2023-08-06 03:15:00,0.2761,0.2762,0.2744,0.2748,250453.0
2023-08-06 03:30:00,0.2748,0.2757,0.2748,0.2748,102241.0
2023-08-06 03:45:00,0.2749,0.2755,0.2743,0.2753,74681.0
2023-08-06 04:00:00,0.2753,0.2767,0.2753,0.2761,48845.0
2023-08-06 04:15:00,0.2763,0.2784,0.2761,0.2774,114472.0
2023-08-06 04:30:00,0.2777,0.2799,0.2774,0.2786,181588.0
2023-08-06 04:45:00,0.2786,0.2791,0.2782,0.2789,34579.0
2023-08-06 05:00:00,0.2789,0.279,0.2774,0.2779,165722.0
2023-08-06 05:15:00,0.2778,0.278,0.2773,0.2779,50764.0
2023-08-06 05:30:00,0.2779,0.2784,0.2775,0.2783,70224.0
2023-08-06 05:45:00,0.2781,0.2789,0.2773,0.2779,111417.0
2023-08-06 06:00:00,0.2779,0.2784,0.2774,0.2776,78893.0
2023-08-06 06:15:00,0.2777,0.278,0.2767,0.2767,178186.0
2023-08-06 06:30:00,0.2766,0.2768,0.2755,0.2764,203745.0
2023-08-06 06:45:00,0.2761,0.2763,0.2754,0.2758,56297.0
2023-08-06 07:00:00,0.2758,0.2761,0.2754,0.2755,54392.0
2023-08-06 07:15:00,0.2754,0.2779,0.2753,0.2777,280114.0
2023-08-06 07:30:00,0.2777,0.2789,0.2773,0.2787,66691.0
2023-08-06 07:45:00,0.2787,0.2788,0.2777,0.2779,13340.0
2023-08-06 08:00:00,0.278,0.2804,0.278,0.2804,113192.0
2023-08-06 08:15:00,0.2804,0.2812,0.2783,0.279,360297.0
2023-08-06 08:30:00,0.2791,0.2794,0.2781,0.2782,209486.0
2023-08-06 08:45:00,0.2784,0.28,0.2773,0.2774,168035.0
2023-08-06 09:00:00,0.2775,0.2777,0.2768,0.2772,99911.0
2023-08-06 09:15:00,0.2773,0.2785,0.2773,0.2778,120999.0
2023-08-06 09:30:00,0.2778,0.2789,0.2777,0.2786,83728.0
2023-08-06 09:45:00,0.2784,0.2794,0.2784,0.2792,77112.0
2023-08-06 10:00:00,0.2792,0.2797,0.2776,0.2776,79732.0
2023-08-06 10:15:00,0.2776,0.2783,0.2772,0.2774,134923.0
2023-08-06 10:30:00,0.2773,0.2776,0.2762,0.2764,65864.0
2023-08-06 10:45:00,0.2763,0.2775,0.2763,0.277,89260.0
2023-08-06 11:00:00,0.2773,0.2775,0.2765,0.2775,120346.0
2023-08-06 11:15:00,0.2775,0.2783,0.2774,0.2783,66649.0
2023-08-06 11:30:00,0.2783,0.2792,0.2778,0.2791,47884.0
2023-08-06 11:45:00,0.279,0.2796,0.2789,0.2789,79349.0
2023-08-06 12:00:00,0.2788,0.2827,0.2788,0.2811,523378.0
2023-08-06 12:15:00,0.2814,0.2828,0.2802,0.2813,371295.0
2023-08-06 12:30:00,0.2812,0.2829,0.2811,0.2829,170501.0
2023-08-06 12:45:00,0.2829,0.2829,0.2803,0.2805,169146.0
2023-08-06 13:00:00,0.2804,0.2827,0.2799,0.2818,167125.0
2023-08-06 13:15:00,0.2818,0.2824,0.2811,0.2816,132644.0
2023-08-06 13:30:00,0.2811,0.2833,0.281,0.2833,189913.0
2023-08-06 13:45:00,0.2833,0.2849,0.2823,0.2825,354716.0
2023-08-06 14:00:00,0.2825,0.2836,0.2811,0.2815,269459.0
2023-08-06 14:15:00,0.2817,0.2838,0.2816,0.2834,151342.0
2023-08-06 14:30:00,0.2835,0.2838,0.2828,0.283,101931.0
2023-08-06 14:45:00,0.283,0.2841,0.283,0.2834,119697.0
2023-08-06 15:00:00,0.2835,0.286,0.2835,0.2859,315762.0
2023-08-06 15:15:00,0.2858,0.2867,0.284,0.284,246194.0
2023-08-06 15:30:00,0.284,0.2846,0.2838,0.2843,62352.0
2023-08-06 15:45:00,0.2842,0.2842,0.2823,0.2829,237403.0
2023-08-06 16:00:00,0.2829,0.2854,0.2829,0.2848,145614.0
2023-08-06 16:15:00,0.2848,0.2856,0.2842,0.2849,75266.0
2023-08-06 16:30:00,0.2852,0.2864,0.2846,0.2862,67491.0
2023-08-06 16:45:00,0.2863,0.2867,0.2858,0.2858,69497.0
2023-08-06 17:00:00,0.2858,0.2865,0.2854,0.2863,81565.0
2023-08-06 17:15:00,0.2862,0.2862,0.2851,0.2852,30734.0
2023-08-06 17:30:00,0.2851,0.2858,0.2847,0.2858,84718.0
2023-08-06 17:45:00,0.2856,0.2867,0.2855,0.2863,104368.0
2023-08-06 18:00:00,0.2864,0.2889,0.2864,0.2882,330791.0
2023-08-06 18:15:00,0.2883,0.2892,0.287,0.2875,184223.0
2023-08-06 18:30:00,0.2873,0.2891,0.2872,0.2882,169512.0
2023-08-06 18:45:00,0.2885,0.2895,0.2871,0.2878,303403.0
2023-08-06 19:00:00,0.2878,0.2899,0.2865,0.2899,258339.0
2023-08-06 19:15:00,0.2899,0.297,0.2897,0.2935,2175102.0
2023-08-06 19:30:00,0.2933,0.2935,0.288,0.2895,810997.0
2023-08-06 19:45:00,0.2895,0.2915,0.2889,0.291,221273.0
2023-08-06 20:00:00,0.2905,0.2945,0.2905,0.2925,341098.0
2023-08-06 20:15:00,0.2926,0.2958,0.291,0.295,488781.0
2023-08-06 20:30:00,0.2949,0.2966,0.2923,0.2945,447170.0
2023-08-06 20:45:00,0.2944,0.2957,0.2926,0.2946,318690.0
2023-08-06 21:00:00,0.2944,0.3008,0.294,0.2977,976275.0
2023-08-06 21:15:00,0.2981,0.3061,0.2981,0.304,2998306.0
2023-08-06 21:30:00,0.304,0.3081,0.3013,0.3022,1637478.0
2023-08-06 21:45:00,0.3023,0.304,0.2972,0.2987,1328885.0
2023-08-06 22:00:00,0.2987,0.3042,0.2986,0.3025,681278.0
2023-08-06 22:15:00,0.3025,0.3039,0.3,0.3028,601724.0
2023-08-06 22:30:00,0.3025,0.3031,0.3005,0.3019,338082.0
2023-08-06 22:45:00,0.302,0.3024,0.2998,0.3018,280616.0
2023-08-06 23:00:00,0.3018,0.305,0.3006,0.3042,579299.0
2023-08-06 23:15:00,0.3042,0.3064,0.3033,0.3061,1121824.0
2023-08-06 23:30:00,0.3063,0.307,0.3034,0.304,886650.0
2023-08-06 23:45:00,0.3038,0.31,0.3033,0.3073,1136429.0
2023-08-07 00:00:00,0.3072,0.3087,0.3014,0.3035,1671010.0
2023-08-07 00:15:00,0.3035,0.3074,0.3025,0.3036,661506.0
2023-08-07 00:30:00,0.3035,0.3037,0.2973,0.3012,1175277.0
2023-08-07 00:45:00,0.3015,0.3016,0.2961,0.2978,652451.0
2023-08-07 01:00:00,0.2977,0.2997,0.2968,0.298,363294.0
2023-08-07 01:15:00,0.2981,0.3049,0.2979,0.3032,619684.0
2023-08-07 01:30:00,0.303,0.3034,0.3006,0.302,387362.0
2023-08-07 01:45:00,0.3016,0.3029,0.3004,0.3017,314046.0
2023-08-07 02:00:00,0.3016,0.302,0.3,0.3005,211519.0
2023-08-07 02:15:00,0.3006,0.304,0.3004,0.3016,287564.0
2023-08-07 02:30:00,0.3016,0.3034,0.3013,0.302,280232.0
2023-08-07 02:45:00,0.3019,0.302,0.2982,0.301,435180.0
2023-08-07 03:00:00,0.301,0.3012,0.2988,0.2994,233895.0
2023-08-07 03:15:00,0.2995,0.2997,0.2968,0.298,365422.0
2023-08-07 03:30:00,0.2977,0.2978,0.2958,0.2968,290017.0
2023-08-07 03:45:00,0.2966,0.2966,0.2935,0.2937,491621.0
2023-08-07 04:00:00,0.2939,0.299,0.2939,0.2985,651653.0
2023-08-07 04:15:00,0.2985,0.299,0.2961,0.2978,233733.0
2023-08-07 04:30:00,0.2977,0.3008,0.2976,0.3,192766.0
2023-08-07 04:45:00,0.2999,0.3034,0.2997,0.3028,545575.0
2023-08-07 05:00:00,0.3025,0.3194,0.3024,0.315,4166150.0
2023-08-07 05:15:00,0.315,0.3156,0.3058,0.3092,2171491.0
2023-08-07 05:30:00,0.3093,0.3113,0.3052,0.3056,1413183.0
2023-08-07 05:45:00,0.3057,0.3072,0.3032,0.3033,792280.0
2023-08-07 06:00:00,0.3033,0.3057,0.2964,0.2972,1868921.0
2023-08-07 06:15:00,0.2972,0.2981,0.2943,0.2956,563348.0
2023-08-07 06:30:00,0.2955,0.2971,0.2944,0.2948,411752.0
2023-08-07 06:45:00,0.2948,0.2951,0.2927,0.294,416736.0
2023-08-07 07:00:00,0.294,0.2965,0.2935,0.2948,444575.0
2023-08-07 07:15:00,0.2949,0.2972,0.2949,0.2966,154453.0
2023-08-07 07:30:00,0.2967,0.2971,0.2953,0.296,130385.0
2023-08-07 07:45:00,0.2958,0.2973,0.295,0.2972,91828.0
2023-08-07 08:00:00,0.297,0.2975,0.2952,0.2952,140181.0
2023-08-07 08:15:00,0.2952,0.2973,0.2943,0.2962,295249.0
2023-08-07 08:30:00,0.2961,0.2961,0.2939,0.2939,143804.0
2023-08-07 08:45:00,0.294,0.2946,0.2907,0.2909,1194103.0
2023-08-07 09:00:00,0.2908,0.2931,0.2905,0.2925,294225.0
2023-08-07 09:15:00,0.2924,0.2939,0.292,0.2939,80882.0
2023-08-07 09:30:00,0.294,0.2949,0.2933,0.2937,90644.0
2023-08-07 09:45:00,0.2936,0.295,0.2933,0.2946,56766.0
2023-08-07 10:00:00,0.2946,0.2974,0.2946,0.2966,284777.0
2023-08-07 10:15:00,0.2967,0.2994,0.2959,0.296,272130.0
2023-08-07 10:30:00,0.2959,0.2987,0.2956,0.2976,86809.0
2023-08-07 10:45:00,0.2976,0.2987,0.2968,0.2987,39736.0
2023-08-07 11:00:00,0.2985,0.2988,0.296,0.296,148155.0
2023-08-07 11:15:00,0.296,0.2981,0.2957,0.298,91142.0
2023-08-07 11:30:00,0.298,0.298,0.2961,0.2966,57808.0
2023-08-07 11:45:00,0.2965,0.2971,0.2947,0.2959,108936.0
2023-08-07 12:00:00,0.2958,0.2963,0.292,0.2933,738903.0
2023-08-07 12:15:00,0.2933,0.2934,0.2915,0.2917,220609.0
2023-08-07 12:30:00,0.2921,0.2949,0.292,0.294,285469.0
2023-08-07 12:45:00,0.2941,0.2956,0.2932,0.2933,278316.0
2023-08-07 13:00:00,0.2933,0.2941,0.292,0.2929,110698.0
2023-08-07 13:15:00,0.2932,0.2954,0.2932,0.2948,264326.0
2023-08-07 13:30:00,0.2948,0.2953,0.2942,0.2942,130077.0
2023-08-07 13:45:00,0.2944,0.2968,0.293,0.2931,253517.0
2023-08-07 14:00:00,0.2931,0.2948,0.2917,0.2945,191081.0
2023-08-07 14:15:00,0.2945,0.2948,0.2921,0.2923,112549.0
2023-08-07 14:30:00,0.2921,0.2942,0.2916,0.2927,160461.0
2023-08-07 14:45:00,0.2925,0.2932,0.2914,0.2927,145920.0
2023-08-07 15:00:00,0.2929,0.2931,0.2915,0.2921,70781.0
2023-08-07 15:15:00,0.2919,0.2919,0.2869,0.2889,620386.0
2023-08-07 15:30:00,0.2892,0.2898,0.2878,0.2896,138572.0
2023-08-07 15:45:00,0.2893,0.2894,0.2883,0.289,130482.0
2023-08-07 16:00:00,0.2891,0.2895,0.2853,0.2861,260732.0
2023-08-07 16:15:00,0.2865,0.2893,0.283,0.2891,299666.0
2023-08-07 16:30:00,0.2891,0.2891,0.2873,0.2883,71695.0
2023-08-07 16:45:00,0.2878,0.2882,0.2861,0.2873,117210.0
2023-08-07 17:00:00,0.2869,0.287,0.2861,0.2861,60847.0
2023-08-07 17:15:00,0.286,0.286,0.2845,0.2845,178092.0
2023-08-07 17:30:00,0.2845,0.2871,0.2838,0.2871,101135.0
2023-08-07 17:45:00,0.2869,0.2875,0.2869,0.2872,33290.0
2023-08-07 18:00:00,0.2873,0.2897,0.2869,0.2895,195968.0
2023-08-07 18:15:00,0.2896,0.2904,0.2894,0.2903,62617.0
2023-08-07 18:30:00,0.2904,0.2912,0.2904,0.2905,141339.0
2023-08-07 18:45:00,0.2905,0.2907,0.2889,0.2902,75583.0
2023-08-07 19:00:00,0.2899,0.2912,0.2899,0.2908,25545.0
2023-08-07 19:15:00,0.2905,0.2907,0.2889,0.2896,41322.0
2023-08-07 19:30:00,0.2897,0.2902,0.2893,0.2895,19100.0
2023-08-07 19:45:00,0.2893,0.2903,0.289,0.2899,6907.0
2023-08-07 20:00:00,0.2899,0.2909,0.2898,0.2898,17939.0
2023-08-07 20:15:00,0.2896,0.2905,0.2895,0.2904,15993.0
2023-08-07 20:30:00,0.2903,0.2911,0.2901,0.291,47129.0
2023-08-07 20:45:00,0.291,0.2916,0.291,0.2915,36512.0
2023-08-07 21:00:00,0.2915,0.2922,0.291,0.291,25153.0
2023-08-07 21:15:00,0.2909,0.2928,0.2902,0.2924,94967.0
2023-08-07 21:30:00,0.2924,0.2925,0.2908,0.2911,43664.0
2023-08-07 21:45:00,0.291,0.2915,0.2903,0.2911,49208.0
2023-08-07 22:00:00,0.2909,0.2922,0.2909,0.2914,49739.0
2023-08-07 22:15:00,0.2914,0.2914,0.2913,0.2914,7905.0
2023-08-07 22:30:00,0.2914,0.2922,0.2913,0.2916,49608.0
2023-08-07 22:45:00,0.2917,0.292,0.2916,0.2917,35264.0
2023-08-07 23:00:00,0.2917,0.2928,0.2917,0.2926,37323.0
2023-08-07 23:15:00,0.2924,0.2924,0.2908,0.2915,22347.0
2023-08-07 23:30:00,0.2918,0.2928,0.2918,0.2928,36608.0
2023-08-07 23:45:00,0.2928,0.2942,0.2925,0.2933,78508.0
2023-08-08 00:00:00,0.2933,0.2936,0.292,0.2932,92816.0
2023-08-08 00:15:00,0.2931,0.2931,0.2917,0.292,30331.0
2023-08-08 00:30:00,0.2921,0.293,0.2917,0.2917,91732.0
2023-08-08 00:45:00,0.2918,0.2967,0.2918,0.294,297697.0
2023-08-08 01:00:00,0.294,0.2943,0.2929,0.293,49054.0
2023-08-08 01:15:00,0.2934,0.2937,0.2924,0.2927,85506.0
2023-08-08 01:30:00,0.2924,0.2924,0.2905,0.2908,59544.0
2023-08-08 01:45:00,0.2908,0.2908,0.2867,0.2884,666785.0
2023-08-08 02:00:00,0.2884,0.2886,0.2873,0.2882,162630.0
2023-08-08 02:15:00,0.2883,0.2884,0.2873,0.2875,43994.0
2023-08-08 02:30:00,0.2872,0.2884,0.2854,0.2884,278020.0
2023-08-08 02:45:00,0.2883,0.289,0.2866,0.2871,387148.0
2023-08-08 03:00:00,0.2871,0.2878,0.2859,0.2863,149175.0
2023-08-08 03:15:00,0.2865,0.2865,0.2841,0.285,206807.0
2023-08-08 03:30:00,0.285,0.2854,0.284,0.2849,72742.0
2023-08-08 03:45:00,0.2847,0.2858,0.2845,0.2847,144752.0
2023-08-08 04:00:00,0.2847,0.2848,0.2838,0.284,41786.0
2023-08-08 04:15:00,0.284,0.2856,0.2837,0.2856,156394.0
2023-08-08 04:30:00,0.2855,0.2864,0.2854,0.286,46906.0
2023-08-08 04:45:00,0.2859,0.2859,0.2842,0.2852,64684.0
2023-08-08 05:00:00,0.2853,0.2866,0.2852,0.2866,86054.0
2023-08-08 05:15:00,0.2866,0.2872,0.2849,0.2851,313584.0
2023-08-08 05:30:00,0.285,0.2866,0.2845,0.286,645690.0
2023-08-08 05:45:00,0.2862,0.2877,0.2862,0.2877,63500.0
2023-08-08 06:00:00,0.2877,0.2878,0.2867,0.2867,52153.0
2023-08-08 06:15:00,0.2868,0.2869,0.2859,0.2859,31859.0
2023-08-08 06:30:00,0.2861,0.2865,0.2857,0.2857,39787.0
2023-08-08 06:45:00,0.2857,0.2857,0.2846,0.2846,28923.0
2023-08-08 07:00:00,0.2848,0.2857,0.2848,0.2852,102802.0
2023-08-08 07:15:00,0.2853,0.2863,0.2852,0.2863,101309.0
2023-08-08 07:30:00,0.286,0.2871,0.2857,0.2868,280532.0
2023-08-08 07:45:00,0.2867,0.2964,0.2866,0.292,903187.0
2023-08-08 08:00:00,0.292,0.2989,0.2908,0.2971,977991.0
2023-08-08 08:15:00,0.2971,0.307,0.2971,0.3067,3246572.0
2023-08-08 08:30:00,0.3065,0.3067,0.3007,0.3024,1764050.0
2023-08-08 08:45:00,0.3023,0.3087,0.3018,0.305,1274757.0
2023-08-08 09:00:00,0.305,0.311,0.304,0.3084,1788356.0
2023-08-08 09:15:00,0.3085,0.3306,0.3072,0.3261,4810501.0
2023-08-08 09:30:00,0.327,0.327,0.3182,0.3235,3284874.0
2023-08-08 09:45:00,0.3234,0.328,0.3166,0.3179,2474241.0
2023-08-08 10:00:00,0.3183,0.3183,0.3002,0.3007,3340017.0
2023-08-08 10:15:00,0.3005,0.3048,0.2976,0.2984,1423636.0
2023-08-08 10:30:00,0.2983,0.2991,0.2933,0.2951,1621008.0
2023-08-08 10:45:00,0.2949,0.297,0.2922,0.295,983624.0
2023-08-08 11:00:00,0.2951,0.2994,0.2948,0.2978,715999.0
2023-08-08 11:15:00,0.2978,0.2999,0.2951,0.2958,531722.0
2023-08-08 11:30:00,0.2956,0.298,0.295,0.2968,252063.0
2023-08-08 11:45:00,0.2969,0.2998,0.2969,0.2984,207049.0
2023-08-08 12:00:00,0.2986,0.303,0.2978,0.3026,799750.0
2023-08-08 12:15:00,0.3025,0.3034,0.2978,0.2981,662275.0
2023-08-08 12:30:00,0.2984,0.3003,0.2981,0.3,288124.0
2023-08-08 12:45:00,0.3001,0.301,0.2994,0.3002,360685.0
2023-08-08 13:00:00,0.3003,0.3016,0.2984,0.301,339687.0
2023-08-08 13:15:00,0.301,0.303,0.3001,0.3021,188831.0
2023-08-08 13:30:00,0.3024,0.3026,0.2972,0.298,372708.0
2023-08-08 13:45:00,0.2981,0.3002,0.298,0.2992,167581.0
2023-08-08 14:00:00,0.2992,0.3011,0.2986,0.3011,250721.0
2023-08-08 14:15:00,0.301,0.3029,0.3007,0.3019,395511.0
2023-08-08 14:30:00,0.3019,0.3038,0.3008,0.3033,317516.0
2023-08-08 14:45:00,0.3033,0.3067,0.3033,0.3058,602771.0
2023-08-08 15:00:00,0.3056,0.3059,0.3033,0.3038,123549.0
2023-08-08 15:15:00,0.3038,0.3039,0.3013,0.3027,406487.0
2023-08-08 15:30:00,0.3025,0.3038,0.302,0.3034,143397.0
2023-08-08 15:45:00,0.3035,0.3035,0.3003,0.301,207608.0
2023-08-08 16:00:00,0.3007,0.3014,0.3001,0.3006,122456.0
2023-08-08 16:15:00,0.3007,0.3024,0.297,0.2987,393017.0
2023-08-08 16:30:00,0.2987,0.3014,0.298,0.3001,274307.0
2023-08-08 16:45:00,0.3005,0.3031,0.3002,0.3018,247134.0
2023-08-08 17:00:00,0.302,0.3043,0.3008,0.3043,165053.0
2023-08-08 17:15:00,0.3044,0.3049,0.3025,0.3047,174439.0
2023-08-08 17:30:00,0.3049,0.3099,0.3037,0.3095,668199.0
2023-08-08 17:45:00,0.3092,0.3104,0.3074,0.3087,371339.0
2023-08-08 18:00:00,0.3089,0.312,0.306,0.3087,496413.0
2023-08-08 18:15:00,0.3087,0.3104,0.3083,0.3093,179041.0
2023-08-08 18:30:00,0.3096,0.3134,0.3096,0.3113,543724.0
2023-08-08 18:45:00,0.3114,0.312,0.3089,0.3097,341693.0
2023-08-08 19:00:00,0.3094,0.3119,0.3092,0.3098,258974.0
2023-08-08 19:15:00,0.3098,0.3107,0.3084,0.3084,125988.0
2023-08-08 19:30:00,0.3086,0.3091,0.3071,0.3076,292018.0
2023-08-08 19:45:00,0.3076,0.3091,0.307,0.3076,59217.0
2023-08-08 20:00:00,0.3075,0.309,0.3074,0.3088,47866.0
2023-08-08 20:15:00,0.3088,0.3102,0.3086,0.3089,70461.0
2023-08-08 20:30:00,0.309,0.3093,0.3079,0.3092,58586.0
2023-08-08 20:45:00,0.3091,0.3091,0.3067,0.3073,52409.0
2023-08-08 21:00:00,0.3075,0.3087,0.3066,0.3066,125272.0
2023-08-08 21:15:00,0.3069,0.3087,0.3063,0.3077,189377.0
2023-08-08 21:30:00,0.3075,0.3076,0.3041,0.3062,190807.0
2023-08-08 21:45:00,0.3065,0.3072,0.304,0.3049,156679.0
2023-08-08 22:00:00,0.3051,0.3067,0.3026,0.3037,237636.0
2023-08-08 22:15:00,0.3038,0.3055,0.3034,0.3052,176746.0
2023-08-08 22:30:00,0.3053,0.3063,0.3045,0.3063,79039.0
2023-08-08 22:45:00,0.306,0.3061,0.3041,0.3045,39535.0
2023-08-08 23:00:00,0.3047,0.3062,0.3046,0.3051,92368.0
2023-08-08 23:15:00,0.3052,0.3054,0.3023,0.3023,222577.0
2023-08-08 23:30:00,0.3021,0.3038,0.3021,0.3036,59687.0
2023-08-08 23:45:00,0.3036,0.3038,0.3021,0.3022,66373.0
2023-08-09 00:00:00,0.3022,0.3025,0.3002,0.3009,344945.0
2023-08-09 00:15:00,0.3009,0.3009,0.2987,0.2995,140992.0
2023-08-09 00:30:00,0.2995,0.2995,0.2971,0.298,135226.0
2023-08-09 00:45:00,0.298,0.301,0.2974,0.2992,191123.0
2023-08-09 01:00:00,0.2991,0.2991,0.2974,0.298,154325.0
2023-08-09 01:15:00,0.2979,0.3026,0.2979,0.3015,332930.0
2023-08-09 01:30:00,0.3015,0.3031,0.3012,0.3027,157025.0
2023-08-09 01:45:00,0.3028,0.3037,0.302,0.303,119147.0
2023-08-09 02:00:00,0.303,0.3035,0.2993,0.2997,248113.0
2023-08-09 02:15:00,0.2996,0.3125,0.2977,0.2988,907974.0
2023-08-09 02:30:00,0.2987,0.2992,0.2956,0.2971,271591.0
2023-08-09 02:45:00,0.297,0.2977,0.2968,0.297,95714.0
2023-08-09 03:00:00,0.2969,0.2971,0.2957,0.2965,128815.0
2023-08-09 03:15:00,0.2964,0.2966,0.2956,0.2961,77479.0
2023-08-09 03:30:00,0.2962,0.2963,0.2928,0.2948,871329.0
2023-08-09 03:45:00,0.2947,0.2963,0.2938,0.2949,1238916.0
2023-08-09 04:00:00,0.295,0.2958,0.2944,0.2954,192123.0
2023-08-09 04:15:00,0.2954,0.2978,0.2954,0.2975,169581.0
2023-08-09 04:30:00,0.2976,0.2984,0.2966,0.2984,225910.0
2023-08-09 04:45:00,0.2985,0.2989,0.2982,0.2984,67490.0
2023-08-09 05:00:00,0.2983,0.2989,0.2972,0.2977,66651.0
2023-08-09 05:15:00,0.2979,0.2984,0.2976,0.298,129721.0
2023-08-09 05:30:00,0.2977,0.2978,0.2963,0.2967,37917.0
2023-08-09 05:45:00,0.2968,0.2978,0.2964,0.2977,155230.0
2023-08-09 06:00:00,0.2976,0.2985,0.2968,0.2984,217544.0
2023-08-09 06:15:00,0.2981,0.3005,0.2974,0.2998,336493.0
2023-08-09 06:30:00,0.2998,0.3017,0.2982,0.2991,287285.0
2023-08-09 06:45:00,0.2991,0.3011,0.2983,0.2985,179018.0
2023-08-09 07:00:00,0.2987,0.2992,0.2966,0.2992,222641.0
2023-08-09 07:15:00,0.2991,0.2993,0.2967,0.2978,260197.0
2023-08-09 07:30:00,0.2979,0.298,0.296,0.2964,285731.0
2023-08-09 07:45:00,0.2962,0.2971,0.2956,0.2969,224501.0
2023-08-09 08:00:00,0.2972,0.2973,0.2952,0.2955,170983.0
2023-08-09 08:15:00,0.2954,0.297,0.295,0.2964,402957.0
2023-08-09 08:30:00,0.2963,0.297,0.2956,0.297,71282.0
2023-08-09 08:45:00,0.297,0.2973,0.2965,0.2965,102003.0
2023-08-09 09:00:00,0.2966,0.2979,0.2963,0.2978,229551.0
2023-08-09 09:15:00,0.2976,0.2982,0.2959,0.2981,393074.0
2023-08-09 09:30:00,0.298,0.298,0.2958,0.2961,106112.0
2023-08-09 09:45:00,0.2961,0.2963,0.2952,0.296,188714.0
2023-08-09 10:00:00,0.2959,0.2959,0.2949,0.2951,191677.0
2023-08-09 10:15:00,0.2951,0.2953,0.2934,0.2942,120133.0
2023-08-09 10:30:00,0.2944,0.2954,0.2935,0.2954,54421.0
2023-08-09 10:45:00,0.2952,0.2957,0.2949,0.2956,56368.0
2023-08-09 11:00:00,0.2953,0.2956,0.2934,0.2935,117094.0
2023-08-09 11:15:00,0.2935,0.2935,0.2909,0.2915,329366.0
2023-08-09 11:30:00,0.2918,0.2923,0.2866,0.2888,1044297.0
2023-08-09 11:45:00,0.2887,0.2894,0.2883,0.2889,281320.0
2023-08-09 12:00:00,0.2888,0.289,0.2872,0.2878,389530.0
2023-08-09 12:15:00,0.2877,0.2879,0.2861,0.2866,649324.0
2023-08-09 12:30:00,0.2866,0.2882,0.2853,0.2861,635463.0
2023-08-09 12:45:00,0.286,0.2888,0.286,0.2876,473480.0
2023-08-09 13:00:00,0.2875,0.2888,0.2871,0.2877,252257.0
2023-08-09 13:15:00,0.2877,0.2892,0.2865,0.2868,269646.0
2023-08-09 13:30:00,0.2868,0.2872,0.2859,0.2872,155420.0
2023-08-09 13:45:00,0.2873,0.2875,0.2858,0.2866,182626.0
2023-08-09 14:00:00,0.2865,0.2879,0.2846,0.2873,441151.0
2023-08-09 14:15:00,0.2873,0.289,0.2867,0.289,188885.0
2023-08-09 14:30:00,0.2891,0.2904,0.2885,0.2891,210724.0
2023-08-09 14:45:00,0.289,0.289,0.2861,0.2862,227050.0
2023-08-09 15:00:00,0.2863,0.2879,0.286,0.287,210794.0
2023-08-09 15:15:00,0.2869,0.2883,0.2868,0.287,283916.0
2023-08-09 15:30:00,0.287,0.2879,0.2863,0.2879,113305.0
2023-08-09 15:45:00,0.2876,0.2877,0.2867,0.2871,192189.0
2023-08-09 16:00:00,0.2873,0.2876,0.2862,0.2869,172876.0
2023-08-09 16:15:00,0.2869,0.2879,0.286,0.2864,116824.0
2023-08-09 16:30:00,0.2865,0.2874,0.2858,0.2866,87400.0
2023-08-09 16:45:00,0.2866,0.2869,0.2856,0.2864,185060.0
2023-08-09 17:00:00,0.2866,0.2881,0.286,0.2881,129616.0
2023-08-09 17:15:00,0.2881,0.2886,0.2859,0.2862,211445.0
2023-08-09 17:30:00,0.2862,0.287,0.2857,0.2859,185747.0
2023-08-09 17:45:00,0.2858,0.2867,0.2846,0.2866,127335.0
2023-08-09 18:00:00,0.2865,0.287,0.2858,0.2861,74521.0
2023-08-09 18:15:00,0.2861,0.2874,0.2852,0.2874,87797.0
2023-08-09 18:30:00,0.2875,0.2875,0.2867,0.2868,34653.0
2023-08-09 18:45:00,0.2869,0.2871,0.2864,0.2864,53993.0
2023-08-09 19:00:00,0.2864,0.287,0.2853,0.2854,80975.0
2023-08-09 19:15:00,0.2856,0.2867,0.2856,0.2866,49843.0
2023-08-09 19:30:00,0.2866,0.2872,0.2864,0.2867,65530.0
2023-08-09 19:45:00,0.2867,0.2867,0.2856,0.2865,121110.0
2023-08-09 20:00:00,0.2864,0.287,0.2858,0.2869,82542.0
2023-08-09 20:15:00,0.2869,0.2872,0.2865,0.2869,50193.0
2023-08-09 20:30:00,0.2869,0.287,0.2866,0.2868,44520.0
2023-08-09 20:45:00,0.2868,0.287,0.2863,0.287,58067.0
2023-08-09 21:00:00,0.2867,0.2869,0.2844,0.2848,370675.0
2023-08-09 21:15:00,0.2846,0.2859,0.2844,0.2857,61432.0
2023-08-09 21:30:00,0.2858,0.2858,0.2853,0.2857,68309.0
2023-08-09 21:45:00,0.2857,0.2866,0.2856,0.2863,95190.0
2023-08-09 22:00:00,0.2865,0.2866,0.2859,0.2864,59437.0
2023-08-09 22:15:00,0.2863,0.2864,0.2851,0.2853,145638.0
2023-08-09 22:30:00,0.2854,0.2859,0.2853,0.2858,97776.0
2023-08-09 22:45:00,0.2858,0.286,0.2856,0.2856,151384.0
2023-08-09 23:00:00,0.2857,0.2858,0.2852,0.2854,27741.0
2023-08-09 23:15:00,0.2857,0.2858,0.2846,0.2852,74397.0
2023-08-09 23:30:00,0.2851,0.2858,0.2851,0.2856,36035.0
2023-08-09 23:45:00,0.2859,0.2859,0.2851,0.2851,51353.0
2023-08-10 00:00:00,0.2851,0.2853,0.2842,0.2849,107529.0
2023-08-10 00:15:00,0.2848,0.2859,0.2848,0.2859,87595.0
2023-08-10 00:30:00,0.2857,0.2859,0.2852,0.2858,49889.0
2023-08-10 00:45:00,0.2858,0.2861,0.2848,0.286,102365.0
2023-08-10 01:00:00,0.2861,0.2873,0.2857,0.2857,179585.0
2023-08-10 01:15:00,0.2856,0.2871,0.2855,0.2871,113346.0
2023-08-10 01:30:00,0.287,0.2874,0.2856,0.2859,128831.0
2023-08-10 01:45:00,0.286,0.2863,0.285,0.2855,73534.0
2023-08-10 02:00:00,0.2855,0.2858,0.2853,0.2858,102990.0
2023-08-10 02:15:00,0.286,0.2867,0.2855,0.2858,163867.0
2023-08-10 02:30:00,0.2857,0.2864,0.2857,0.2862,23205.0
2023-08-10 02:45:00,0.2862,0.2873,0.2852,0.2852,73358.0
2023-08-10 03:00:00,0.2853,0.2854,0.2844,0.2846,73202.0
2023-08-10 03:15:00,0.2844,0.2851,0.2844,0.2847,71363.0
2023-08-10 03:30:00,0.2846,0.285,0.2832,0.2836,206783.0
2023-08-10 03:45:00,0.2836,0.2837,0.2809,0.2823,319989.0
2023-08-10 04:00:00,0.2821,0.2824,0.2814,0.2818,68546.0
2023-08-10 04:15:00,0.2818,0.2824,0.2817,0.2819,57084.0
2023-08-10 04:30:00,0.2819,0.2823,0.2814,0.2817,45769.0
2023-08-10 04:45:00,0.2817,0.2828,0.2817,0.2826,32000.0
2023-08-10 05:00:00,0.2825,0.2828,0.282,0.2828,98610.0
2023-08-10 05:15:00,0.2829,0.2829,0.2823,0.2826,28599.0
2023-08-10 05:30:00,0.2825,0.2826,0.2814,0.2817,142230.0
2023-08-10 05:45:00,0.2818,0.2839,0.2818,0.2837,57111.0
2023-08-10 06:00:00,0.2837,0.2837,0.2825,0.2825,30465.0
2023-08-10 06:15:00,0.2825,0.2827,0.2811,0.2817,117848.0
2023-08-10 06:30:00,0.2816,0.2817,0.2812,0.2814,50640.0
2023-08-10 06:45:00,0.2814,0.2817,0.2812,0.2814,44212.0
2023-08-10 07:00:00,0.2813,0.2815,0.281,0.2812,86162.0
2023-08-10 07:15:00,0.2813,0.2819,0.2813,0.2817,60285.0
2023-08-10 07:30:00,0.2818,0.2822,0.2811,0.2815,107488.0
2023-08-10 07:45:00,0.2814,0.2824,0.2781,0.2796,537548.0
2023-08-10 08:00:00,0.2794,0.281,0.2794,0.2803,130098.0
2023-08-10 08:15:00,0.2802,0.2804,0.2798,0.2801,56175.0
2023-08-10 08:30:00,0.2801,0.2801,0.2782,0.2788,445665.0
2023-08-10 08:45:00,0.2786,0.2799,0.2786,0.2799,78429.0
2023-08-10 09:00:00,0.28,0.2818,0.2792,0.2813,450864.0
2023-08-10 09:15:00,0.2812,0.2812,0.2797,0.28,49459.0
2023-08-10 09:30:00,0.28,0.2805,0.279,0.2805,93958.0
2023-08-10 09:45:00,0.2805,0.2815,0.2805,0.2814,103844.0
2023-08-10 10:00:00,0.2816,0.2825,0.2815,0.2815,123006.0
2023-08-10 10:15:00,0.2815,0.285,0.2812,0.2841,400070.0
2023-08-10 10:30:00,0.2842,0.2968,0.2835,0.2905,2931555.0
2023-08-10 10:45:00,0.2907,0.2915,0.2892,0.2901,567161.0
2023-08-10 11:00:00,0.2901,0.2917,0.2881,0.289,417148.0
2023-08-10 11:15:00,0.2891,0.2891,0.281,0.2828,1256104.0
2023-08-10 11:30:00,0.2828,0.2835,0.2823,0.2831,156131.0
2023-08-10 11:45:00,0.2831,0.2831,0.28,0.2814,567886.0
2023-08-10 12:00:00,0.2813,0.2813,0.2799,0.2804,291159.0
2023-08-10 12:15:00,0.2806,0.2826,0.2806,0.2825,304803.0
2023-08-10 12:30:00,0.2825,0.2879,0.2818,0.2834,567937.0
2023-08-10 12:45:00,0.2834,0.2852,0.2833,0.2846,233175.0
2023-08-10 13:00:00,0.2848,0.2848,0.2831,0.2831,88573.0
2023-08-10 13:15:00,0.2832,0.2832,0.2824,0.2824,149538.0
2023-08-10 13:30:00,0.2826,0.2848,0.282,0.2838,241777.0
2023-08-10 13:45:00,0.2838,0.2855,0.2838,0.2846,90247.0
2023-08-10 14:00:00,0.2847,0.286,0.2838,0.2838,134188.0
2023-08-10 14:15:00,0.2839,0.2839,0.2824,0.2831,107667.0
2023-08-10 14:30:00,0.2832,0.2836,0.28,0.2807,431274.0
2023-08-10 14:45:00,0.2807,0.2817,0.2786,0.2806,950330.0
2023-08-10 15:00:00,0.2806,0.2813,0.2786,0.2795,177273.0
2023-08-10 15:15:00,0.2794,0.2822,0.2793,0.2817,108370.0
2023-08-10 15:30:00,0.2816,0.2824,0.2811,0.2822,335534.0
2023-08-10 15:45:00,0.2819,0.2832,0.2813,0.283,80157.0
2023-08-10 16:00:00,0.283,0.2834,0.2815,0.2828,368471.0
2023-08-10 16:15:00,0.2826,0.2832,0.2822,0.2829,35880.0
2023-08-10 16:30:00,0.283,0.2841,0.2827,0.2841,69202.0
2023-08-10 16:45:00,0.2841,0.2843,0.2833,0.2834,64476.0
2023-08-10 17:00:00,0.2835,0.284,0.2834,0.2837,68718.0
2023-08-10 17:15:00,0.2836,0.2867,0.2831,0.2831,511158.0
2023-08-10 17:30:00,0.2832,0.2833,0.2801,0.2806,293401.0
2023-08-10 17:45:00,0.2807,0.2814,0.2793,0.2813,399989.0
2023-08-10 18:00:00,0.2812,0.2821,0.281,0.2821,42705.0
2023-08-10 18:15:00,0.2821,0.2826,0.2821,0.2823,29264.0
2023-08-10 18:30:00,0.2823,0.2823,0.281,0.2817,148475.0
2023-08-10 18:45:00,0.2818,0.2825,0.2818,0.282,50536.0
2023-08-10 19:00:00,0.2822,0.2823,0.282,0.2823,30397.0
2023-08-10 19:15:00,0.2822,0.2822,0.2815,0.282,26998.0
2023-08-10 19:30:00,0.282,0.2822,0.2816,0.2822,20581.0
2023-08-10 19:45:00,0.2823,0.2828,0.2822,0.2823,49313.0
2023-08-10 20:00:00,0.2824,0.2828,0.2822,0.2825,44702.0
2023-08-10 20:15:00,0.2825,0.2829,0.2825,0.2828,18172.0
2023-08-10 20:30:00,0.2829,0.283,0.2827,0.2828,89263.0
2023-08-10 20:45:00,0.2829,0.2829,0.2819,0.2822,87133.0
2023-08-10 21:00:00,0.2821,0.2828,0.282,0.2828,48674.0
2023-08-10 21:15:00,0.2828,0.2832,0.2828,0.2831,20404.0
2023-08-10 21:30:00,0.2831,0.2843,0.2831,0.2839,137186.0
2023-08-10 21:45:00,0.2839,0.284,0.2831,0.2831,7852.0
2023-08-10 22:00:00,0.2832,0.2835,0.2829,0.2834,31318.0
2023-08-10 22:15:00,0.2835,0.2837,0.2828,0.2828,133290.0
2023-08-10 22:30:00,0.2829,0.2829,0.2809,0.2824,195950.0
2023-08-10 22:45:00,0.2824,0.2824,0.2816,0.2818,24789.0
2023-08-10 23:00:00,0.2818,0.2819,0.2814,0.2817,25347.0
2023-08-10 23:15:00,0.2816,0.2825,0.2814,0.2825,77938.0
2023-08-10 23:30:00,0.2824,0.2824,0.2815,0.2821,53777.0
2023-08-10 23:45:00,0.282,0.2825,0.2819,0.2824,38017.0
2023-08-11 00:00:00,0.2823,0.2823,0.2813,0.2813,30582.0
2023-08-11 00:15:00,0.2812,0.2812,0.2805,0.2805,75628.0
2023-08-11 00:30:00,0.2805,0.2811,0.28,0.2811,69484.0
2023-08-11 00:45:00,0.2812,0.2822,0.2812,0.2822,16476.0
2023-08-11 01:00:00,0.2821,0.2821,0.2811,0.2814,38056.0
2023-08-11 01:15:00,0.2813,0.2824,0.2813,0.2817,91798.0
2023-08-11 01:30:00,0.2816,0.2835,0.2809,0.2816,1339856.0
2023-08-11 01:45:00,0.2815,0.2815,0.2793,0.2794,1014443.0
2023-08-11 02:00:00,0.2794,0.2833,0.2794,0.2814,179852.0
2023-08-11 02:15:00,0.2812,0.2812,0.2802,0.2805,45634.0
2023-08-11 02:30:00,0.2805,0.2806,0.2793,0.2794,30766.0
2023-08-11 02:45:00,0.2793,0.2794,0.2766,0.2774,299435.0
2023-08-11 03:00:00,0.2773,0.2786,0.2767,0.2775,131255.0
2023-08-11 03:15:00,0.2775,0.2784,0.2775,0.2784,80752.0
2023-08-11 03:30:00,0.2784,0.2791,0.278,0.2781,94875.0
2023-08-11 03:45:00,0.2781,0.2791,0.2777,0.2787,127530.0
2023-08-11 04:00:00,0.2787,0.2799,0.2783,0.2799,265292.0
2023-08-11 04:15:00,0.2798,0.2811,0.2795,0.2809,46989.0
2023-08-11 04:30:00,0.281,0.2813,0.2807,0.2812,51616.0
2023-08-11 04:45:00,0.2812,0.2817,0.281,0.2812,21174.0
2023-08-11 05:00:00,0.2811,0.2811,0.2799,0.28,27446.0
2023-08-11 05:15:00,0.2801,0.2804,0.2791,0.2796,178729.0
2023-08-11 05:30:00,0.2796,0.2809,0.2796,0.2809,73620.0
2023-08-11 05:45:00,0.2809,0.281,0.2804,0.2808,42590.0
2023-08-11 06:00:00,0.2809,0.2828,0.2809,0.2814,291592.0
2023-08-11 06:15:00,0.2813,0.2817,0.2811,0.2817,15545.0
2023-08-11 06:30:00,0.2817,0.2818,0.2807,0.2815,69683.0
2023-08-11 06:45:00,0.2815,0.2818,0.281,0.2816,23628.0
2023-08-11 07:00:00,0.2815,0.2816,0.2809,0.2812,117425.0
2023-08-11 07:15:00,0.2812,0.2812,0.2791,0.2796,290306.0
2023-08-11 07:30:00,0.2796,0.2803,0.2793,0.2798,88304.0
2023-08-11 07:45:00,0.2798,0.28,0.2796,0.2798,68720.0
2023-08-11 08:00:00,0.2797,0.2804,0.2797,0.2798,103975.0
2023-08-11 08:15:00,0.2799,0.2806,0.2798,0.2804,54033.0
2023-08-11 08:30:00,0.2804,0.2805,0.2797,0.2801,76134.0
2023-08-11 08:45:00,0.2802,0.2806,0.2802,0.2806,39168.0
2023-08-11 09:00:00,0.2805,0.2816,0.2801,0.2803,94287.0
2023-08-11 09:15:00,0.2802,0.2804,0.2801,0.2804,21458.0
2023-08-11 09:30:00,0.2805,0.2811,0.2802,0.2808,74052.0
2023-08-11 09:45:00,0.2808,0.2813,0.2799,0.28,260040.0
2023-08-11 10:00:00,0.2799,0.2799,0.2792,0.2797,104590.0
2023-08-11 10:15:00,0.2797,0.2804,0.2797,0.2803,23455.0
2023-08-11 10:30:00,0.2803,0.2803,0.2793,0.2796,31246.0
2023-08-11 10:45:00,0.2795,0.2797,0.2787,0.2789,144317.0
2023-08-11 11:00:00,0.2789,0.279,0.2786,0.2787,45836.0
2023-08-11 11:15:00,0.2787,0.2794,0.2785,0.2787,109640.0
2023-08-11 11:30:00,0.2786,0.2795,0.2785,0.2792,42957.0
2023-08-11 11:45:00,0.2791,0.2798,0.279,0.2796,61849.0
2023-08-11 12:00:00,0.2797,0.2808,0.2797,0.2802,106597.0
2023-08-11 12:15:00,0.2801,0.2803,0.2797,0.2802,37492.0
2023-08-11 12:30:00,0.28,0.2802,0.2786,0.2794,125086.0
2023-08-11 12:45:00,0.2794,0.2794,0.2787,0.2789,33604.0
2023-08-11 13:00:00,0.2791,0.2794,0.2786,0.2789,98840.0
2023-08-11 13:15:00,0.2789,0.2793,0.2787,0.2787,59987.0
2023-08-11 13:30:00,0.2786,0.2792,0.2783,0.2789,41713.0
2023-08-11 13:45:00,0.279,0.2798,0.279,0.2797,27760.0
2023-08-11 14:00:00,0.2797,0.2804,0.2793,0.28,61138.0
2023-08-11 14:15:00,0.2802,0.2806,0.2794,0.2798,143106.0
2023-08-11 14:30:00,0.2797,0.2805,0.2794,0.2803,80807.0
2023-08-11 14:45:00,0.2805,0.2812,0.28,0.28,73944.0
2023-08-11 15:00:00,0.2801,0.2809,0.2785,0.2792,163427.0
2023-08-11 15:15:00,0.2791,0.2797,0.2782,0.2796,189024.0
2023-08-11 15:30:00,0.2791,0.2795,0.2787,0.2788,65329.0
2023-08-11 15:45:00,0.2788,0.2788,0.2771,0.2782,124426.0
2023-08-11 16:00:00,0.2782,0.2801,0.278,0.2794,88276.0
2023-08-11 16:15:00,0.2794,0.2804,0.2794,0.2801,43901.0
2023-08-11 16:30:00,0.28,0.2804,0.2786,0.2792,102983.0
2023-08-11 16:45:00,0.2794,0.28,0.2792,0.2799,191631.0
2023-08-11 17:00:00,0.2798,0.28,0.2794,0.2797,43531.0
2023-08-11 17:15:00,0.2797,0.2809,0.2797,0.2809,80087.0
2023-08-11 17:30:00,0.2809,0.2812,0.2796,0.2799,68943.0
2023-08-11 17:45:00,0.28,0.2807,0.2798,0.2805,40474.0
2023-08-11 18:00:00,0.2805,0.2809,0.2801,0.2802,33062.0
2023-08-11 18:15:00,0.2802,0.2803,0.2795,0.2797,42995.0
2023-08-11 18:30:00,0.2797,0.2802,0.2796,0.2802,13621.0
2023-08-11 18:45:00,0.2801,0.2802,0.2793,0.2794,45407.0
2023-08-11 19:00:00,0.2795,0.2797,0.279,0.279,24428.0
2023-08-11 19:15:00,0.2791,0.2796,0.2789,0.2795,28171.0
2023-08-11 19:30:00,0.2794,0.2797,0.2788,0.2797,34743.0
2023-08-11 19:45:00,0.2798,0.2799,0.2792,0.2796,14621.0
2023-08-11 20:00:00,0.2794,0.2801,0.2794,0.28,87969.0
2023-08-11 20:15:00,0.28,0.2803,0.2796,0.2799,35532.0
2023-08-11 20:30:00,0.2798,0.28,0.2798,0.2799,6151.0
2023-08-11 20:45:00,0.2799,0.2802,0.2796,0.2802,57839.0
2023-08-11 21:00:00,0.2803,0.2805,0.2802,0.2804,54133.0
2023-08-11 21:15:00,0.2803,0.2804,0.2797,0.28,34265.0
2023-08-11 21:30:00,0.28,0.2801,0.2795,0.2796,27120.0
2023-08-11 21:45:00,0.2797,0.281,0.2796,0.2804,55288.0
2023-08-11 22:00:00,0.2804,0.2811,0.2803,0.281,36967.0
2023-08-11 22:15:00,0.281,0.2817,0.281,0.2815,36104.0
2023-08-11 22:30:00,0.2815,0.2815,0.2812,0.2814,4775.0
2023-08-11 22:45:00,0.2813,0.2817,0.2811,0.2814,34318.0
2023-08-11 23:00:00,0.2815,0.2818,0.2804,0.2806,238333.0
2023-08-11 23:15:00,0.2806,0.2806,0.2797,0.2804,128537.0
2023-08-11 23:30:00,0.2804,0.2805,0.2802,0.2805,14692.0
2023-08-11 23:45:00,0.2806,0.2809,0.2806,0.2808,29784.0
2023-08-12 00:00:00,0.2808,0.2815,0.2807,0.2807,63611.0
2023-08-12 00:15:00,0.2807,0.2807,0.28,0.2807,30939.0
2023-08-12 00:30:00,0.2809,0.2828,0.2809,0.2822,216178.0
2023-08-12 00:45:00,0.2823,0.2837,0.2823,0.2834,210046.0
2023-08-12 01:00:00,0.2836,0.2838,0.2827,0.2833,127980.0
2023-08-12 01:15:00,0.2832,0.2832,0.2825,0.2828,61162.0
2023-08-12 01:30:00,0.2828,0.2842,0.2826,0.2832,188242.0
2023-08-12 01:45:00,0.2833,0.2841,0.2815,0.2822,274839.0
2023-08-12 02:00:00,0.2822,0.2835,0.2811,0.2834,156839.0
2023-08-12 02:15:00,0.2834,0.2844,0.2834,0.2844,76039.0
2023-08-12 02:30:00,0.2844,0.285,0.2836,0.2837,219399.0
2023-08-12 02:45:00,0.2837,0.284,0.2831,0.2832,38831.0
2023-08-12 03:00:00,0.2833,0.2845,0.2832,0.2839,69981.0
2023-08-12 03:15:00,0.284,0.284,0.2833,0.2833,32835.0
2023-08-12 03:30:00,0.2834,0.2852,0.2821,0.283,919050.0
2023-08-12 03:45:00,0.283,0.2862,0.2826,0.2846,686326.0
2023-08-12 04:00:00,0.2845,0.2845,0.2833,0.2838,47733.0
2023-08-12 04:15:00,0.2839,0.2841,0.2839,0.2841,16586.0
2023-08-12 04:30:00,0.2841,0.2841,0.2838,0.2838,20538.0
2023-08-12 04:45:00,0.2838,0.2838,0.2831,0.2831,12003.0
2023-08-12 05:00:00,0.2831,0.2833,0.2831,0.2832,27448.0
2023-08-12 05:15:00,0.2831,0.2834,0.2824,0.2831,105338.0
2023-08-12 05:30:00,0.2829,0.2829,0.2819,0.282,40283.0
2023-08-12 05:45:00,0.282,0.2823,0.2818,0.2822,54582.0
2023-08-12 06:00:00,0.2822,0.2822,0.2814,0.2816,75135.0
2023-08-12 06:15:00,0.2818,0.282,0.2814,0.2818,71896.0
2023-08-12 06:30:00,0.2818,0.2818,0.281,0.281,131307.0
2023-08-12 06:45:00,0.2811,0.2818,0.2807,0.2816,57623.0
2023-08-12 07:00:00,0.2817,0.2825,0.2817,0.2823,44569.0
2023-08-12 07:15:00,0.2824,0.2824,0.2817,0.2817,34129.0
2023-08-12 07:30:00,0.2818,0.2825,0.2818,0.2825,44201.0
2023-08-12 07:45:00,0.2826,0.283,0.2824,0.2824,58459.0
2023-08-12 08:00:00,0.2826,0.2828,0.2822,0.2822,26760.0
2023-08-12 08:15:00,0.2822,0.2824,0.282,0.2823,16891.0
2023-08-12 08:30:00,0.2823,0.2839,0.2823,0.2827,206204.0
2023-08-12 08:45:00,0.2828,0.283,0.2825,0.2828,26003.0
2023-08-12 09:00:00,0.2828,0.2836,0.2828,0.2836,19975.0
2023-08-12 09:15:00,0.2837,0.2841,0.2834,0.2834,84475.0
2023-08-12 09:30:00,0.2835,0.2846,0.2835,0.2842,60165.0
2023-08-12 09:45:00,0.2842,0.2845,0.2836,0.2837,18361.0
2023-08-12 10:00:00,0.2837,0.2843,0.2836,0.2842,48426.0
2023-08-12 10:15:00,0.2842,0.2847,0.284,0.284,36932.0
2023-08-12 10:30:00,0.284,0.2845,0.284,0.2841,76847.0
2023-08-12 10:45:00,0.2841,0.2841,0.2834,0.2838,37634.0
2023-08-12 11:00:00,0.2838,0.2838,0.2829,0.283,83064.0
2023-08-12 11:15:00,0.2829,0.2829,0.2819,0.2822,87060.0
2023-08-12 11:30:00,0.2821,0.2821,0.2812,0.2819,185389.0
2023-08-12 11:45:00,0.2819,0.2826,0.2819,0.2824,99680.0
2023-08-12 12:00:00,0.2825,0.2829,0.2825,0.2829,23325.0
2023-08-12 12:15:00,0.2829,0.2841,0.2828,0.2841,85569.0
2023-08-12 12:30:00,0.284,0.2841,0.2831,0.2831,92375.0
2023-08-12 12:45:00,0.2832,0.2839,0.2832,0.2836,33896.0
2023-08-12 13:00:00,0.2836,0.2849,0.2836,0.2845,179941.0
2023-08-12 13:15:00,0.2847,0.2848,0.284,0.2845,44254.0
2023-08-12 13:30:00,0.2844,0.2844,0.2832,0.2834,102596.0
2023-08-12 13:45:00,0.2834,0.2837,0.2827,0.283,56333.0
2023-08-12 14:00:00,0.283,0.2834,0.2827,0.2834,29498.0
2023-08-12 14:15:00,0.2834,0.2845,0.2834,0.2845,64472.0
2023-08-12 14:30:00,0.2843,0.2847,0.2839,0.284,88883.0
2023-08-12 14:45:00,0.2841,0.2846,0.2838,0.2844,45008.0
2023-08-12 15:00:00,0.2844,0.2849,0.284,0.2845,45877.0
2023-08-12 15:15:00,0.2846,0.285,0.2842,0.2845,80840.0
2023-08-12 15:30:00,0.2845,0.2845,0.2836,0.2836,67158.0
2023-08-12 15:45:00,0.2836,0.2836,0.2826,0.2834,56860.0
2023-08-12 16:00:00,0.2834,0.2841,0.2834,0.2838,133275.0
2023-08-12 16:15:00,0.2838,0.2838,0.2826,0.283,111929.0
2023-08-12 16:30:00,0.283,0.2832,0.2825,0.2831,43768.0
2023-08-12 16:45:00,0.2831,0.2834,0.2826,0.2829,99569.0
2023-08-12 17:00:00,0.2829,0.2834,0.2828,0.283,110833.0
2023-08-12 17:15:00,0.2831,0.2835,0.2827,0.2832,103388.0
2023-08-12 17:30:00,0.2831,0.2831,0.2816,0.2824,171293.0
2023-08-12 17:45:00,0.2823,0.2829,0.2823,0.2827,60825.0
2023-08-12 18:00:00,0.2827,0.2831,0.2822,0.2825,77614.0
2023-08-12 18:15:00,0.2825,0.2836,0.2824,0.2834,39307.0
2023-08-12 18:30:00,0.2835,0.2836,0.2829,0.2832,65582.0
2023-08-12 18:45:00,0.2832,0.2834,0.2831,0.2834,50438.0
2023-08-12 19:00:00,0.2834,0.2834,0.2827,0.2827,40779.0
2023-08-12 19:15:00,0.2826,0.2826,0.282,0.2825,81398.0
2023-08-12 19:30:00,0.2825,0.2825,0.2822,0.2822,19675.0
2023-08-12 19:45:00,0.2822,0.2823,0.2818,0.2821,24702.0
2023-08-12 20:00:00,0.282,0.2828,0.2812,0.2827,77375.0
2023-08-12 20:15:00,0.2827,0.2832,0.2827,0.2831,29379.0
2023-08-12 20:30:00,0.2831,0.2832,0.2828,0.2829,9343.0
2023-08-12 20:45:00,0.2829,0.2832,0.2827,0.2828,18115.0
2023-08-12 21:00:00,0.2828,0.2832,0.2826,0.2832,18653.0
2023-08-12 21:15:00,0.2832,0.2833,0.2831,0.2831,23435.0
2023-08-12 21:30:00,0.2833,0.2836,0.283,0.2836,52494.0
2023-08-12 21:45:00,0.2836,0.2836,0.2829,0.2831,32151.0
2023-08-12 22:00:00,0.2831,0.2845,0.2831,0.2844,68538.0
2023-08-12 22:15:00,0.2845,0.2849,0.2844,0.2848,37702.0
2023-08-12 22:30:00,0.2847,0.2847,0.2843,0.2845,37067.0
2023-08-12 22:45:00,0.2845,0.2845,0.284,0.2842,24930.0
2023-08-12 23:00:00,0.2842,0.2846,0.2842,0.2845,10840.0
2023-08-12 23:15:00,0.2846,0.2849,0.2842,0.2842,35159.0
2023-08-12 23:30:00,0.2843,0.2847,0.2841,0.2841,20679.0
2023-08-12 23:45:00,0.284,0.2842,0.2836,0.2841,30556.0
2023-08-13 00:00:00,0.2843,0.2847,0.2839,0.284,20012.0
2023-08-13 00:15:00,0.2839,0.2839,0.2825,0.2825,49398.0
2023-08-13 00:30:00,0.2826,0.2836,0.2826,0.2836,29098.0
2023-08-13 00:45:00,0.2837,0.2846,0.2837,0.2842,63966.0
2023-08-13 01:00:00,0.2843,0.2854,0.2843,0.2853,63510.0
2023-08-13 01:15:00,0.2853,0.2853,0.2834,0.2837,258560.0
2023-08-13 01:30:00,0.2839,0.2849,0.2839,0.2849,21006.0
2023-08-13 01:45:00,0.2849,0.2854,0.2849,0.285,33133.0
2023-08-13 02:00:00,0.2851,0.2855,0.2847,0.2849,40538.0
2023-08-13 02:15:00,0.2849,0.2849,0.2842,0.2844,10953.0
2023-08-13 02:30:00,0.2842,0.2845,0.2837,0.2838,30488.0
2023-08-13 02:45:00,0.2839,0.2844,0.2839,0.284,42876.0
2023-08-13 03:00:00,0.284,0.284,0.2833,0.2837,124938.0
2023-08-13 03:15:00,0.2836,0.2836,0.2828,0.2832,17960.0
2023-08-13 03:30:00,0.2832,0.2832,0.2828,0.283,111971.0
2023-08-13 03:45:00,0.2831,0.2844,0.2831,0.2838,64917.0
2023-08-13 04:00:00,0.2838,0.2839,0.2834,0.2834,29476.0
2023-08-13 04:15:00,0.2833,0.2838,0.2831,0.2837,57850.0
2023-08-13 04:30:00,0.2837,0.2843,0.2837,0.2843,31124.0
2023-08-13 04:45:00,0.2844,0.2856,0.2844,0.2853,140039.0
2023-08-13 05:00:00,0.2852,0.2852,0.2836,0.2836,42716.0
2023-08-13 05:15:00,0.2836,0.2847,0.2831,0.2844,91388.0
2023-08-13 05:30:00,0.2845,0.2846,0.2844,0.2844,63160.0
2023-08-13 05:45:00,0.2844,0.2844,0.283,0.2834,127319.0
2023-08-13 06:00:00,0.2835,0.2846,0.2835,0.2846,41520.0
2023-08-13 06:15:00,0.2847,0.2853,0.2847,0.2851,62847.0
2023-08-13 06:30:00,0.2851,0.2855,0.2849,0.2852,97466.0
2023-08-13 06:45:00,0.2852,0.2856,0.2851,0.2856,37239.0
2023-08-13 07:00:00,0.2857,0.2857,0.2851,0.2852,52216.0
2023-08-13 07:15:00,0.2852,0.2854,0.2848,0.2854,15676.0
2023-08-13 07:30:00,0.2851,0.2857,0.2851,0.2856,42457.0
2023-08-13 07:45:00,0.2856,0.2857,0.2849,0.2852,57642.0
2023-08-13 08:00:00,0.2852,0.2864,0.2852,0.2863,117653.0
2023-08-13 08:15:00,0.2863,0.2868,0.2861,0.2868,112628.0
2023-08-13 08:30:00,0.2869,0.2871,0.2859,0.2863,196024.0
2023-08-13 08:45:00,0.2863,0.287,0.2863,0.2869,216544.0
2023-08-13 09:00:00,0.2869,0.2873,0.2869,0.2872,50812.0
2023-08-13 09:15:00,0.2872,0.2872,0.2859,0.2862,45574.0
2023-08-13 09:30:00,0.2862,0.2864,0.286,0.2861,16076.0
2023-08-13 09:45:00,0.2859,0.2861,0.2859,0.2859,34602.0
2023-08-13 10:00:00,0.286,0.2878,0.286,0.2878,88377.0
2023-08-13 10:15:00,0.2878,0.2878,0.286,0.2872,204687.0
2023-08-13 10:30:00,0.2871,0.2878,0.2871,0.2876,33261.0
2023-08-13 10:45:00,0.2876,0.2877,0.2875,0.2875,48988.0
2023-08-13 11:00:00,0.2875,0.2884,0.2874,0.2884,119682.0
2023-08-13 11:15:00,0.2885,0.2894,0.2879,0.2879,192570.0
2023-08-13 11:30:00,0.2879,0.2883,0.2866,0.2866,99548.0
2023-08-13 11:45:00,0.2865,0.2876,0.2864,0.2875,161044.0
2023-08-13 12:00:00,0.2875,0.2891,0.2875,0.2875,368549.0
2023-08-13 12:15:00,0.2875,0.2876,0.2862,0.2862,119969.0
2023-08-13 12:30:00,0.2862,0.287,0.2861,0.2869,49989.0
2023-08-13 12:45:00,0.287,0.2874,0.2867,0.2867,47707.0
2023-08-13 13:00:00,0.2867,0.289,0.2865,0.2884,260952.0
2023-08-13 13:15:00,0.2886,0.29,0.2884,0.2887,163834.0
2023-08-13 13:30:00,0.2887,0.2915,0.2883,0.2908,266272.0
2023-08-13 13:45:00,0.2908,0.2913,0.2891,0.2892,193658.0
2023-08-13 14:00:00,0.2892,0.2902,0.2892,0.2901,101324.0
2023-08-13 14:15:00,0.2901,0.2928,0.2897,0.2913,601505.0
2023-08-13 14:30:00,0.2913,0.2917,0.2909,0.2913,103037.0
2023-08-13 14:45:00,0.2911,0.2911,0.2902,0.2902,140665.0
2023-08-13 15:00:00,0.2903,0.2903,0.2865,0.2869,189479.0
2023-08-13 15:15:00,0.2869,0.2874,0.2833,0.2844,472497.0
2023-08-13 15:30:00,0.2844,0.2863,0.2844,0.2857,250419.0
2023-08-13 15:45:00,0.2857,0.286,0.2852,0.2858,51276.0
2023-08-13 16:00:00,0.2858,0.2873,0.2858,0.2859,137768.0
2023-08-13 16:15:00,0.2859,0.2882,0.2859,0.2873,157301.0
2023-08-13 16:30:00,0.2874,0.2889,0.2874,0.2886,43429.0
2023-08-13 16:45:00,0.2886,0.2893,0.288,0.2893,142423.0
2023-08-13 17:00:00,0.2893,0.2904,0.2893,0.2902,59090.0
2023-08-13 17:15:00,0.2901,0.2912,0.2896,0.2909,114771.0
2023-08-13 17:30:00,0.2909,0.2951,0.2909,0.2925,681553.0
2023-08-13 17:45:00,0.2925,0.2925,0.2906,0.2914,133334.0
2023-08-13 18:00:00,0.2914,0.2924,0.2904,0.2905,158114.0
2023-08-13 18:15:00,0.2904,0.2922,0.2904,0.2911,76453.0
2023-08-13 18:30:00,0.2911,0.2924,0.2911,0.2921,49138.0
2023-08-13 18:45:00,0.2921,0.2925,0.2909,0.2923,184465.0
2023-08-13 19:00:00,0.2924,0.2943,0.2923,0.2942,124756.0
2023-08-13 19:15:00,0.2941,0.2943,0.2933,0.2938,86883.0
2023-08-13 19:30:00,0.2939,0.2943,0.2936,0.2942,38784.0
2023-08-13 19:45:00,0.2942,0.295,0.294,0.294,92321.0
2023-08-13 20:00:00,0.294,0.2944,0.293,0.2932,57339.0
2023-08-13 20:15:00,0.2933,0.2937,0.2926,0.2929,57857.0
2023-08-13 20:30:00,0.293,0.2939,0.2929,0.2937,69622.0
2023-08-13 20:45:00,0.2937,0.2938,0.293,0.293,18821.0
2023-08-13 21:00:00,0.293,0.2939,0.2928,0.2936,53768.0
2023-08-13 21:15:00,0.2935,0.2937,0.2935,0.2937,14114.0
2023-08-13 21:30:00,0.2937,0.2939,0.2927,0.2928,63672.0
2023-08-13 21:45:00,0.2928,0.2928,0.2917,0.2922,63944.0
2023-08-13 22:00:00,0.2923,0.2931,0.2903,0.2905,199367.0
2023-08-13 22:15:00,0.2906,0.2914,0.2903,0.2914,59571.0
2023-08-13 22:30:00,0.2914,0.2914,0.2881,0.2892,335734.0
2023-08-13 22:45:00,0.2892,0.2893,0.288,0.2892,327370.0
2023-08-13 23:00:00,0.2892,0.2913,0.2882,0.289,482548.0
2023-08-13 23:15:00,0.289,0.2897,0.2886,0.2897,81504.0
2023-08-13 23:30:00,0.2897,0.2905,0.2897,0.2902,57374.0
2023-08-13 23:45:00,0.2901,0.2903,0.2898,0.2898,37397.0
2023-08-14 00:00:00,0.2896,0.2911,0.2893,0.2909,107656.0
2023-08-14 00:15:00,0.2908,0.2908,0.2872,0.2896,245727.0
2023-08-14 00:30:00,0.2895,0.2899,0.2865,0.2873,195922.0
2023-08-14 00:45:00,0.2874,0.2888,0.2873,0.2886,81989.0
2023-08-14 01:00:00,0.2885,0.2893,0.2883,0.2892,95101.0
2023-08-14 01:15:00,0.2892,0.2894,0.2889,0.2891,52545.0
2023-08-14 01:30:00,0.2892,0.2897,0.2885,0.2897,41752.0
2023-08-14 01:45:00,0.2897,0.2897,0.2864,0.2879,307109.0
2023-08-14 02:00:00,0.2879,0.2882,0.2847,0.2851,309423.0
2023-08-14 02:15:00,0.2851,0.2862,0.2841,0.2862,194112.0
2023-08-14 02:30:00,0.2861,0.2885,0.2859,0.2885,145056.0
2023-08-14 02:45:00,0.2886,0.2891,0.2882,0.2888,55004.0
2023-08-14 03:00:00,0.2889,0.2905,0.2889,0.2905,67071.0
2023-08-14 03:15:00,0.2905,0.2909,0.2897,0.2907,471662.0
2023-08-14 03:30:00,0.2907,0.2921,0.2907,0.2912,174371.0
2023-08-14 03:45:00,0.2912,0.2913,0.2903,0.2912,146839.0
2023-08-14 04:00:00,0.2912,0.2919,0.2909,0.2916,113693.0
2023-08-14 04:15:00,0.2915,0.293,0.2915,0.293,123751.0
2023-08-14 04:30:00,0.2929,0.2933,0.2916,0.2917,92808.0
2023-08-14 04:45:00,0.2917,0.2924,0.2915,0.2919,45389.0
2023-08-14 05:00:00,0.2919,0.2935,0.2917,0.2934,86005.0
2023-08-14 05:15:00,0.2934,0.2937,0.2927,0.2928,104742.0
2023-08-14 05:30:00,0.2928,0.2938,0.2927,0.2937,66665.0
2023-08-14 05:45:00,0.2938,0.2938,0.2929,0.2935,132117.0
2023-08-14 06:00:00,0.2935,0.2936,0.2911,0.292,161493.0
2023-08-14 06:15:00,0.292,0.292,0.2908,0.2911,55356.0
2023-08-14 06:30:00,0.2912,0.2916,0.2906,0.291,77325.0
2023-08-14 06:45:00,0.291,0.2921,0.2909,0.292,48388.0
2023-08-14 07:00:00,0.2921,0.2934,0.2921,0.2921,72135.0
2023-08-14 07:15:00,0.292,0.2929,0.2911,0.2923,90905.0
2023-08-14 07:30:00,0.2923,0.2935,0.2923,0.2935,99935.0
2023-08-14 07:45:00,0.2936,0.296,0.2936,0.2945,440033.0
2023-08-14 08:00:00,0.2946,0.2954,0.2933,0.2938,227184.0
2023-08-14 08:15:00,0.2939,0.2953,0.2939,0.2941,136254.0
2023-08-14 08:30:00,0.2941,0.295,0.2932,0.2934,166983.0
2023-08-14 08:45:00,0.2934,0.2935,0.2928,0.2931,32208.0
2023-08-14 09:00:00,0.2931,0.2944,0.293,0.2935,56567.0
2023-08-14 09:15:00,0.2935,0.2935,0.2926,0.2928,43126.0
2023-08-14 09:30:00,0.2927,0.2939,0.2927,0.2932,76456.0
2023-08-14 09:45:00,0.2934,0.2946,0.2932,0.2944,66192.0
2023-08-14 10:00:00,0.2945,0.2952,0.2927,0.293,229851.0
2023-08-14 10:15:00,0.293,0.2931,0.2917,0.292,80754.0
2023-08-14 10:30:00,0.2922,0.2927,0.292,0.2927,52426.0
2023-08-14 10:45:00,0.2927,0.2929,0.292,0.2921,61789.0
2023-08-14 11:00:00,0.2923,0.2931,0.2922,0.2929,28327.0
2023-08-14 11:15:00,0.2928,0.2928,0.2913,0.2914,98510.0
2023-08-14 11:30:00,0.2913,0.2927,0.2906,0.2925,252828.0
2023-08-14 11:45:00,0.2925,0.2945,0.2925,0.2944,290740.0
2023-08-14 12:00:00,0.2942,0.2942,0.2925,0.2926,86591.0
2023-08-14 12:15:00,0.2925,0.2927,0.2903,0.2909,238810.0
2023-08-14 12:30:00,0.2911,0.2911,0.2885,0.2894,258543.0
2023-08-14 12:45:00,0.2893,0.2903,0.2888,0.2899,119634.0
2023-08-14 13:00:00,0.2897,0.2899,0.2886,0.2888,73609.0
2023-08-14 13:15:00,0.2888,0.2895,0.2885,0.2886,119273.0
2023-08-14 13:30:00,0.2887,0.2895,0.2887,0.2891,86962.0
2023-08-14 13:45:00,0.289,0.289,0.2879,0.2886,291020.0
2023-08-14 14:00:00,0.2888,0.2895,0.2886,0.2894,101068.0
2023-08-14 14:15:00,0.2895,0.2897,0.2887,0.289,245443.0
2023-08-14 14:30:00,0.289,0.2901,0.289,0.2901,84394.0
2023-08-14 14:45:00,0.2902,0.2909,0.2901,0.2901,140870.0
2023-08-14 15:00:00,0.2901,0.2904,0.29,0.2904,12192.0
2023-08-14 15:15:00,0.2903,0.2915,0.2903,0.2915,57799.0
2023-08-14 15:30:00,0.2914,0.2924,0.291,0.292,135842.0
2023-08-14 15:45:00,0.2921,0.2928,0.2908,0.2919,239106.0
2023-08-14 16:00:00,0.2918,0.2926,0.2908,0.2914,113300.0
2023-08-14 16:15:00,0.2915,0.2917,0.2909,0.2911,25938.0
2023-08-14 16:30:00,0.2911,0.2911,0.2905,0.2909,21140.0
2023-08-14 16:45:00,0.291,0.2912,0.2906,0.2912,20040.0
2023-08-14 17:00:00,0.2912,0.2917,0.2911,0.2913,41444.0
2023-08-14 17:15:00,0.2912,0.2912,0.2903,0.2907,44235.0
2023-08-14 17:30:00,0.2907,0.2907,0.2904,0.2907,46949.0
2023-08-14 17:45:00,0.2906,0.2908,0.2899,0.2899,70234.0
2023-08-14 18:00:00,0.2901,0.2901,0.2857,0.2877,323140.0
2023-08-14 18:15:00,0.2876,0.2883,0.287,0.2883,55729.0
2023-08-14 18:30:00,0.2883,0.2885,0.2878,0.2879,69229.0
2023-08-14 18:45:00,0.2881,0.2881,0.2867,0.2873,65549.0
2023-08-14 19:00:00,0.2871,0.2872,0.2862,0.2869,88033.0
2023-08-14 19:15:00,0.287,0.2881,0.287,0.2881,26140.0
2023-08-14 19:30:00,0.2881,0.2881,0.2875,0.2875,15105.0
2023-08-14 19:45:00,0.2877,0.288,0.2874,0.2876,10482.0
2023-08-14 20:00:00,0.2877,0.2883,0.2873,0.288,41558.0
2023-08-14 20:15:00,0.2882,0.2889,0.2881,0.2887,73058.0
2023-08-14 20:30:00,0.2886,0.2889,0.2886,0.2889,21358.0
2023-08-14 20:45:00,0.289,0.289,0.2888,0.2889,23279.0
2023-08-14 21:00:00,0.2891,0.2893,0.2891,0.2892,16393.0
2023-08-14 21:15:00,0.2892,0.2894,0.2887,0.289,25700.0
2023-08-14 21:30:00,0.289,0.2894,0.2889,0.2892,7537.0
2023-08-14 21:45:00,0.2894,0.2901,0.2894,0.2901,27703.0
2023-08-14 22:00:00,0.29,0.2903,0.2897,0.2899,54142.0
2023-08-14 22:15:00,0.2899,0.2899,0.2894,0.2898,22052.0
2023-08-14 22:30:00,0.29,0.2901,0.2893,0.2895,9644.0
2023-08-14 22:45:00,0.2897,0.2897,0.2889,0.2889,28804.0
2023-08-14 23:00:00,0.289,0.289,0.2881,0.2886,47771.0
2023-08-14 23:15:00,0.2883,0.2885,0.288,0.2883,113930.0
2023-08-14 23:30:00,0.2882,0.2886,0.2881,0.2885,20895.0
2023-08-14 23:45:00,0.2887,0.2889,0.2885,0.2886,6205.0
2023-08-15 00:00:00,0.2886,0.289,0.2884,0.2886,90608.0
2023-08-15 00:15:00,0.2884,0.2884,0.2873,0.2873,89353.0
2023-08-15 00:30:00,0.2874,0.2876,0.2868,0.2876,41858.0
2023-08-15 00:45:00,0.2877,0.288,0.2873,0.2877,34982.0
2023-08-15 01:00:00,0.2876,0.2885,0.2875,0.2882,25203.0
2023-08-15 01:15:00,0.2882,0.2882,0.2876,0.2877,19495.0
2023-08-15 01:30:00,0.2876,0.2876,0.2863,0.2864,57602.0
2023-08-15 01:45:00,0.2865,0.2872,0.2865,0.2872,42815.0
2023-08-15 02:00:00,0.2872,0.2873,0.2866,0.2866,19362.0
2023-08-15 02:15:00,0.2868,0.2874,0.2867,0.2868,49244.0
2023-08-15 02:30:00,0.2867,0.2874,0.2867,0.2874,61302.0
2023-08-15 02:45:00,0.2874,0.2874,0.2864,0.2867,54778.0
2023-08-15 03:00:00,0.2867,0.2871,0.2864,0.287,75768.0
2023-08-15 03:15:00,0.2871,0.2874,0.2868,0.2869,39369.0
2023-08-15 03:30:00,0.287,0.287,0.2859,0.2859,49475.0
2023-08-15 03:45:00,0.2859,0.2863,0.2854,0.2862,59937.0
2023-08-15 04:00:00,0.2863,0.2871,0.2863,0.287,35807.0
2023-08-15 04:15:00,0.2869,0.2871,0.286,0.2862,218371.0
2023-08-15 04:30:00,0.2859,0.2859,0.2847,0.2847,158409.0
2023-08-15 04:45:00,0.2846,0.2853,0.2845,0.2847,90143.0
2023-08-15 05:00:00,0.2847,0.2847,0.2813,0.2826,357368.0
2023-08-15 05:15:00,0.2826,0.2834,0.2826,0.2826,118479.0
2023-08-15 05:30:00,0.2825,0.2826,0.2813,0.2813,131942.0
2023-08-15 05:45:00,0.2814,0.2817,0.2802,0.2811,211509.0
2023-08-15 06:00:00,0.2811,0.2819,0.2809,0.2815,192641.0
2023-08-15 06:15:00,0.2816,0.2819,0.2815,0.2816,68259.0
2023-08-15 06:30:00,0.2816,0.2826,0.2815,0.2823,72057.0
2023-08-15 06:45:00,0.2823,0.2827,0.2822,0.2825,39166.0
2023-08-15 07:00:00,0.2826,0.2826,0.2821,0.2822,61147.0
2023-08-15 07:15:00,0.2822,0.2824,0.2814,0.2814,40859.0
2023-08-15 07:30:00,0.2813,0.283,0.2807,0.283,233728.0
2023-08-15 07:45:00,0.2829,0.2833,0.2826,0.2833,55970.0
2023-08-15 08:00:00,0.2834,0.2837,0.2833,0.2836,17417.0
2023-08-15 08:15:00,0.2836,0.2845,0.2834,0.284,103565.0
2023-08-15 08:30:00,0.2839,0.2841,0.2835,0.2841,57953.0
2023-08-15 08:45:00,0.2841,0.2841,0.2837,0.2838,28782.0
2023-08-15 09:00:00,0.2836,0.284,0.2835,0.284,53113.0
2023-08-15 09:15:00,0.2841,0.2847,0.284,0.284,61635.0
2023-08-15 09:30:00,0.2839,0.2841,0.2834,0.2837,79718.0
2023-08-15 09:45:00,0.2837,0.2844,0.2836,0.2844,22163.0
2023-08-15 10:00:00,0.2844,0.2848,0.2835,0.2838,64557.0
2023-08-15 10:15:00,0.2838,0.2838,0.2832,0.2835,47755.0
2023-08-15 10:30:00,0.2835,0.2842,0.2831,0.2839,83428.0
2023-08-15 10:45:00,0.2839,0.2839,0.2831,0.2836,34590.0
2023-08-15 11:00:00,0.2836,0.2841,0.2832,0.2841,52406.0
2023-08-15 11:15:00,0.2841,0.2841,0.2832,0.2832,24933.0
2023-08-15 11:30:00,0.2832,0.2833,0.2821,0.2823,124866.0
2023-08-15 11:45:00,0.2822,0.2829,0.281,0.2815,157215.0
2023-08-15 12:00:00,0.2813,0.2813,0.2785,0.28,667647.0
2023-08-15 12:15:00,0.2799,0.28,0.2782,0.2793,360853.0
2023-08-15 12:30:00,0.2794,0.2797,0.2782,0.279,154891.0
2023-08-15 12:45:00,0.279,0.2792,0.2784,0.2787,106443.0
2023-08-15 13:00:00,0.2787,0.2791,0.2778,0.2789,223908.0
2023-08-15 13:15:00,0.2789,0.2799,0.2788,0.2791,119444.0
2023-08-15 13:30:00,0.2791,0.2792,0.2782,0.2783,342738.0
2023-08-15 13:45:00,0.2783,0.2784,0.2776,0.2778,66436.0
2023-08-15 14:00:00,0.2776,0.2796,0.2772,0.2796,334288.0
2023-08-15 14:15:00,0.2796,0.2797,0.2787,0.279,115545.0
2023-08-15 14:30:00,0.2791,0.2793,0.2784,0.2784,57722.0
2023-08-15 14:45:00,0.2784,0.2791,0.2781,0.2788,40735.0
2023-08-15 15:00:00,0.2788,0.2789,0.2769,0.2771,257938.0
2023-08-15 15:15:00,0.2771,0.2773,0.2745,0.2758,1044773.0
2023-08-15 15:30:00,0.2759,0.277,0.2739,0.2747,336071.0
2023-08-15 15:45:00,0.2746,0.275,0.2724,0.2736,328538.0
2023-08-15 16:00:00,0.2736,0.274,0.2725,0.2731,108852.0
2023-08-15 16:15:00,0.2732,0.2744,0.2731,0.2738,112687.0
2023-08-15 16:30:00,0.2738,0.2739,0.2727,0.2729,122691.0
2023-08-15 16:45:00,0.2728,0.2733,0.2724,0.2731,143784.0
2023-08-15 17:00:00,0.2731,0.2737,0.2727,0.2737,136932.0
2023-08-15 17:15:00,0.2737,0.2739,0.2736,0.2739,215993.0
2023-08-15 17:30:00,0.2739,0.2741,0.2726,0.2726,75344.0
2023-08-15 17:45:00,0.2727,0.2729,0.2722,0.2726,43051.0
2023-08-15 18:00:00,0.2726,0.2726,0.2702,0.2707,325713.0
2023-08-15 18:15:00,0.2707,0.2707,0.2667,0.2678,1240472.0
2023-08-15 18:30:00,0.2679,0.2688,0.2676,0.2678,178215.0
2023-08-15 18:45:00,0.2678,0.2683,0.2673,0.2673,128457.0
2023-08-15 19:00:00,0.2673,0.2673,0.2407,0.2553,1882260.0
2023-08-15 19:15:00,0.2546,0.2568,0.2521,0.2524,526760.0
2023-08-15 19:30:00,0.2523,0.2536,0.2498,0.251,359079.0
2023-08-15 19:45:00,0.2508,0.2525,0.2503,0.252,451962.0
2023-08-15 20:00:00,0.2519,0.2544,0.2508,0.2541,271246.0
2023-08-15 20:15:00,0.2541,0.255,0.2537,0.2548,137549.0
2023-08-15 20:30:00,0.2549,0.2551,0.254,0.2541,128543.0
2023-08-15 20:45:00,0.2539,0.254,0.252,0.2524,173803.0
2023-08-15 21:00:00,0.2523,0.2527,0.2517,0.2527,81564.0
2023-08-15 21:15:00,0.2527,0.2542,0.2526,0.2542,121630.0
2023-08-15 21:30:00,0.254,0.2541,0.2536,0.2537,57771.0
2023-08-15 21:45:00,0.2537,0.2554,0.2536,0.2554,143815.0
2023-08-15 22:00:00,0.2554,0.2565,0.2552,0.2562,99164.0
2023-08-15 22:15:00,0.2562,0.2569,0.2558,0.2561,133810.0
2023-08-15 22:30:00,0.2561,0.2561,0.2541,0.2546,128885.0
2023-08-15 22:45:00,0.2547,0.256,0.2543,0.2559,207073.0
2023-08-15 23:00:00,0.2557,0.2572,0.2553,0.2565,138149.0
2023-08-15 23:15:00,0.2565,0.2566,0.2548,0.2553,115738.0
2023-08-15 23:30:00,0.2552,0.2561,0.255,0.2561,113112.0
2023-08-15 23:45:00,0.2559,0.2561,0.2549,0.2549,192370.0
2023-08-16 00:00:00,0.2548,0.2549,0.2542,0.2543,60797.0
2023-08-16 00:15:00,0.2541,0.2541,0.2529,0.2533,172469.0
2023-08-16 00:30:00,0.2534,0.2534,0.252,0.2524,96145.0
2023-08-16 00:45:00,0.2524,0.2534,0.2523,0.2528,96881.0
2023-08-16 01:00:00,0.2527,0.2532,0.252,0.252,234523.0
2023-08-16 01:15:00,0.2523,0.2531,0.252,0.2523,141012.0
2023-08-16 01:30:00,0.2522,0.253,0.2518,0.2528,277470.0
2023-08-16 01:45:00,0.2528,0.253,0.2516,0.2519,166708.0
2023-08-16 02:00:00,0.252,0.2521,0.249,0.2506,761798.0
2023-08-16 02:15:00,0.2507,0.2521,0.2507,0.2511,99105.0
2023-08-16 02:30:00,0.251,0.2516,0.2507,0.2511,92158.0
2023-08-16 02:45:00,0.251,0.2521,0.251,0.252,233491.0
2023-08-16 03:00:00,0.252,0.252,0.2508,0.2509,102294.0
2023-08-16 03:15:00,0.2509,0.2511,0.2503,0.2508,79315.0
2023-08-16 03:30:00,0.2507,0.2519,0.2505,0.2515,172049.0
2023-08-16 03:45:00,0.2518,0.252,0.2508,0.2511,267181.0
2023-08-16 04:00:00,0.251,0.252,0.251,0.2515,131002.0
2023-08-16 04:15:00,0.2515,0.2518,0.2504,0.2508,88881.0
2023-08-16 04:30:00,0.2508,0.2508,0.2475,0.2483,569648.0
2023-08-16 04:45:00,0.2482,0.2489,0.248,0.2487,138781.0
2023-08-16 05:00:00,0.2487,0.2487,0.2473,0.248,129956.0
2023-08-16 05:15:00,0.248,0.2481,0.2451,0.2471,485397.0
2023-08-16 05:30:00,0.2472,0.2476,0.2464,0.2464,154505.0
2023-08-16 05:45:00,0.2463,0.2477,0.2462,0.2474,95047.0
2023-08-16 06:00:00,0.2473,0.2476,0.2466,0.2474,129401.0
2023-08-16 06:15:00,0.2474,0.2489,0.247,0.2474,249601.0
2023-08-16 06:30:00,0.2473,0.2488,0.2472,0.248,123008.0
2023-08-16 06:45:00,0.2482,0.2501,0.2482,0.2498,199414.0
2023-08-16 07:00:00,0.2499,0.2502,0.2496,0.2499,79556.0
2023-08-16 07:15:00,0.25,0.2503,0.2495,0.2497,117163.0
2023-08-16 07:30:00,0.2497,0.2497,0.2488,0.2495,184134.0
2023-08-16 07:45:00,0.2495,0.2497,0.2484,0.2486,56433.0
2023-08-16 08:00:00,0.2485,0.2486,0.2476,0.2478,62479.0
2023-08-16 08:15:00,0.2478,0.2478,0.2462,0.2465,218601.0
2023-08-16 08:30:00,0.2465,0.2485,0.2464,0.248,176674.0
2023-08-16 08:45:00,0.248,0.248,0.2465,0.247,119411.0
2023-08-16 09:00:00,0.2469,0.2473,0.2454,0.2462,111373.0
2023-08-16 09:15:00,0.2461,0.2466,0.2433,0.2438,446745.0
2023-08-16 09:30:00,0.2438,0.2456,0.2437,0.2456,324655.0
2023-08-16 09:45:00,0.2456,0.2463,0.245,0.2461,265651.0
2023-08-16 10:00:00,0.2462,0.2471,0.2457,0.2471,216487.0
2023-08-16 10:15:00,0.2471,0.2492,0.247,0.2474,505191.0
2023-08-16 10:30:00,0.2474,0.2486,0.2474,0.2475,133891.0
2023-08-16 10:45:00,0.2473,0.2476,0.2451,0.2463,300027.0
2023-08-16 11:00:00,0.2463,0.2464,0.2442,0.2448,147998.0
2023-08-16 11:15:00,0.2447,0.2458,0.2445,0.2451,197439.0
2023-08-16 11:30:00,0.2452,0.2452,0.2445,0.2446,155959.0
2023-08-16 11:45:00,0.2448,0.246,0.2443,0.2457,194541.0
2023-08-16 12:00:00,0.2456,0.2458,0.2434,0.244,182540.0
2023-08-16 12:15:00,0.244,0.244,0.24,0.2409,655839.0
2023-08-16 12:30:00,0.241,0.2442,0.241,0.2441,383512.0
2023-08-16 12:45:00,0.2441,0.2446,0.2431,0.2431,151821.0
2023-08-16 13:00:00,0.2432,0.2434,0.2413,0.2422,347033.0
2023-08-16 13:15:00,0.2422,0.2422,0.2409,0.2412,240002.0
2023-08-16 13:30:00,0.2414,0.242,0.2401,0.242,277271.0
2023-08-16 13:45:00,0.2421,0.2448,0.2421,0.2429,263526.0
2023-08-16 14:00:00,0.2428,0.2441,0.2412,0.2438,300629.0
2023-08-16 14:15:00,0.2434,0.2438,0.2433,0.2435,131029.0
2023-08-16 14:30:00,0.2435,0.2451,0.2432,0.2448,161634.0
2023-08-16 14:45:00,0.2448,0.246,0.2438,0.2456,532393.0
2023-08-16 15:00:00,0.2457,0.2464,0.2441,0.2449,201848.0
2023-08-16 15:15:00,0.245,0.245,0.2421,0.2429,168485.0
2023-08-16 15:30:00,0.2428,0.2428,0.2404,0.2406,514643.0
2023-08-16 15:45:00,0.2408,0.2418,0.2399,0.2403,548454.0
2023-08-16 16:00:00,0.2401,0.2403,0.2348,0.238,1115203.0
2023-08-16 16:15:00,0.2379,0.2391,0.2371,0.2377,640416.0
2023-08-16 16:30:00,0.2379,0.2397,0.2371,0.2395,381578.0
2023-08-16 16:45:00,0.2397,0.2412,0.2397,0.2408,270672.0
2023-08-16 17:00:00,0.2407,0.2407,0.2392,0.2393,216248.0
2023-08-16 17:15:00,0.2392,0.2406,0.2386,0.2406,146926.0
2023-08-16 17:30:00,0.2406,0.2411,0.2405,0.2405,112063.0
2023-08-16 17:45:00,0.2406,0.2414,0.24,0.2414,103754.0
2023-08-16 18:00:00,0.2414,0.2458,0.24,0.2445,949300.0
2023-08-16 18:15:00,0.2444,0.2444,0.2426,0.2439,191353.0
2023-08-16 18:30:00,0.2438,0.2439,0.2402,0.2419,1058477.0
2023-08-16 18:45:00,0.2419,0.2423,0.2403,0.2408,116635.0
2023-08-16 19:00:00,0.2407,0.2407,0.2392,0.2392,196695.0
2023-08-16 19:15:00,0.2392,0.2392,0.2381,0.2392,171406.0
2023-08-16 19:30:00,0.2392,0.24,0.2392,0.2397,14676.0
2023-08-16 19:45:00,0.2396,0.2401,0.2395,0.2397,20359.0
2023-08-16 20:00:00,0.2397,0.2398,0.2394,0.2395,51972.0
2023-08-16 20:15:00,0.2394,0.2394,0.2202,0.226,1042856.0
2023-08-16 20:30:00,0.2259,0.2323,0.2258,0.2301,642960.0
2023-08-16 20:45:00,0.2299,0.2305,0.2274,0.2279,265355.0
2023-08-16 21:00:00,0.228,0.2286,0.2226,0.2265,618833.0
2023-08-16 21:15:00,0.2265,0.2292,0.2261,0.229,213935.0
2023-08-16 21:30:00,0.229,0.2299,0.2281,0.2284,112475.0
2023-08-16 21:45:00,0.2281,0.2292,0.2271,0.2289,202898.0
2023-08-16 22:00:00,0.2288,0.2316,0.2288,0.2313,137405.0
2023-08-16 22:15:00,0.2311,0.2311,0.23,0.2307,65167.0
2023-08-16 22:30:00,0.2307,0.2308,0.2296,0.2302,64877.0
2023-08-16 22:45:00,0.2298,0.2317,0.2297,0.2312,80058.0
2023-08-16 23:00:00,0.231,0.2335,0.231,0.2334,111086.0
2023-08-16 23:15:00,0.2333,0.2335,0.232,0.2331,177433.0
2023-08-16 23:30:00,0.2331,0.2354,0.2331,0.235,189544.0
2023-08-16 23:45:00,0.235,0.2364,0.2344,0.2355,279147.0
2023-08-17 00:00:00,0.2356,0.2356,0.2328,0.2334,304918.0
2023-08-17 00:15:00,0.2334,0.2334,0.23,0.2313,427714.0
2023-08-17 00:30:00,0.2312,0.2312,0.225,0.227,1141356.0
2023-08-17 00:45:00,0.2271,0.2316,0.2249,0.2311,586131.0
2023-08-17 01:00:00,0.2311,0.233,0.2308,0.233,345171.0
2023-08-17 01:15:00,0.2329,0.2343,0.2327,0.2343,174511.0
2023-08-17 01:30:00,0.2343,0.2343,0.2327,0.2328,131244.0
2023-08-17 01:45:00,0.2327,0.2327,0.2303,0.2315,382826.0
2023-08-17 02:00:00,0.2317,0.2319,0.2303,0.2309,124007.0
2023-08-17 02:15:00,0.2309,0.2328,0.2309,0.2322,232778.0
2023-08-17 02:30:00,0.2323,0.2328,0.231,0.2311,71218.0
2023-08-17 02:45:00,0.231,0.2317,0.2304,0.2308,91125.0
2023-08-17 03:00:00,0.231,0.2332,0.2309,0.233,219898.0
2023-08-17 03:15:00,0.233,0.2344,0.2329,0.2342,250594.0
2023-08-17 03:30:00,0.2341,0.2344,0.2329,0.2332,133500.0
2023-08-17 03:45:00,0.2332,0.2335,0.232,0.2325,212282.0
2023-08-17 04:00:00,0.2327,0.2327,0.2315,0.2316,161520.0
2023-08-17 04:15:00,0.2317,0.2329,0.2313,0.2322,248660.0
2023-08-17 04:30:00,0.2321,0.2326,0.232,0.2326,67562.0
2023-08-17 04:45:00,0.2325,0.233,0.2319,0.2322,78194.0
2023-08-17 05:00:00,0.2322,0.2334,0.2322,0.2329,61510.0
2023-08-17 05:15:00,0.2329,0.2341,0.2329,0.2339,78673.0
2023-08-17 05:30:00,0.2342,0.2348,0.234,0.2345,113374.0
2023-08-17 05:45:00,0.2343,0.236,0.2343,0.2355,67023.0
2023-08-17 06:00:00,0.2355,0.2355,0.2332,0.2336,78709.0
2023-08-17 06:15:00,0.2335,0.2339,0.2335,0.2336,54829.0
2023-08-17 06:30:00,0.2336,0.2336,0.2326,0.2334,128495.0
2023-08-17 06:45:00,0.2335,0.234,0.2329,0.2338,63938.0
2023-08-17 07:00:00,0.2338,0.2341,0.233,0.2332,45323.0
2023-08-17 07:15:00,0.2334,0.2361,0.2332,0.2354,267327.0
2023-08-17 07:30:00,0.2355,0.2357,0.2345,0.2348,60575.0
2023-08-17 07:45:00,0.2349,0.2351,0.2339,0.2348,187441.0
2023-08-17 08:00:00,0.2344,0.2345,0.2335,0.2336,41197.0
2023-08-17 08:15:00,0.2336,0.2337,0.2312,0.2316,356648.0
2023-08-17 08:30:00,0.2316,0.2316,0.2307,0.2307,127654.0
2023-08-17 08:45:00,0.2308,0.2314,0.2304,0.2309,135804.0
2023-08-17 09:00:00,0.2308,0.2316,0.2296,0.2311,154175.0
2023-08-17 09:15:00,0.2314,0.2336,0.2314,0.2335,83681.0
2023-08-17 09:30:00,0.2335,0.2345,0.2328,0.2342,90667.0
2023-08-17 09:45:00,0.2341,0.2344,0.2333,0.2335,58119.0
2023-08-17 10:00:00,0.2335,0.2337,0.2328,0.2332,65677.0
2023-08-17 10:15:00,0.2331,0.2331,0.2321,0.2323,76924.0
2023-08-17 10:30:00,0.2326,0.2326,0.2304,0.2306,113688.0
2023-08-17 10:45:00,0.2309,0.2323,0.2309,0.2322,32020.0
2023-08-17 11:00:00,0.2321,0.2333,0.2316,0.2316,73968.0
2023-08-17 11:15:00,0.2316,0.2339,0.2316,0.2324,117642.0
2023-08-17 11:30:00,0.2324,0.2335,0.2322,0.2325,472804.0
2023-08-17 11:45:00,0.2325,0.2332,0.2322,0.2325,20021.0
2023-08-17 12:00:00,0.2327,0.2329,0.232,0.2325,72955.0
2023-08-17 12:15:00,0.2323,0.2346,0.2323,0.2343,151672.0
2023-08-17 12:30:00,0.2342,0.2349,0.2335,0.2343,111825.0
2023-08-17 12:45:00,0.2342,0.2345,0.233,0.2333,127496.0
2023-08-17 13:00:00,0.2332,0.2334,0.2326,0.2329,52380.0
2023-08-17 13:15:00,0.233,0.2341,0.2325,0.234,76269.0
2023-08-17 13:30:00,0.234,0.234,0.232,0.2322,66737.0
2023-08-17 13:45:00,0.2321,0.2323,0.2311,0.2318,99746.0
2023-08-17 14:00:00,0.2316,0.2326,0.2307,0.2308,59774.0
2023-08-17 14:15:00,0.2309,0.2318,0.2307,0.2312,186072.0
2023-08-17 14:30:00,0.2314,0.2315,0.2304,0.231,137671.0
2023-08-17 14:45:00,0.2312,0.2323,0.2307,0.2322,97031.0
2023-08-17 15:00:00,0.2321,0.2342,0.2313,0.2338,195023.0
2023-08-17 15:15:00,0.2339,0.2342,0.2329,0.2329,197302.0
2023-08-17 15:30:00,0.2327,0.233,0.229,0.2304,599470.0
2023-08-17 15:45:00,0.2304,0.2312,0.2284,0.2296,455204.0
2023-08-17 16:00:00,0.2293,0.2303,0.2278,0.2289,319908.0
2023-08-17 16:15:00,0.229,0.2311,0.229,0.2307,186953.0
2023-08-17 16:30:00,0.2308,0.2324,0.2308,0.2317,109831.0
2023-08-17 16:45:00,0.2318,0.2318,0.2306,0.231,61127.0
2023-08-17 17:00:00,0.231,0.2327,0.2309,0.2324,90727.0
2023-08-17 17:15:00,0.2324,0.2332,0.2323,0.2331,77455.0
2023-08-17 17:30:00,0.2333,0.2336,0.2319,0.2319,85205.0
2023-08-17 17:45:00,0.2321,0.2324,0.2313,0.2323,78141.0
2023-08-17 18:00:00,0.2323,0.2331,0.2323,0.2326,30949.0
2023-08-17 18:15:00,0.2325,0.2333,0.2324,0.2328,25152.0
2023-08-17 18:30:00,0.2326,0.2328,0.2318,0.2318,33459.0
2023-08-17 18:45:00,0.2321,0.2328,0.2319,0.2325,22243.0
2023-08-17 19:00:00,0.2327,0.2333,0.2325,0.2325,29046.0
2023-08-17 19:15:00,0.2329,0.2337,0.2328,0.2332,32767.0
2023-08-17 19:30:00,0.2332,0.2334,0.2331,0.2332,22555.0
2023-08-17 19:45:00,0.2332,0.2336,0.2331,0.2335,42910.0
2023-08-17 20:00:00,0.2335,0.2341,0.2334,0.2336,114918.0
2023-08-17 20:15:00,0.2332,0.2332,0.2326,0.2326,20678.0
2023-08-17 20:30:00,0.2326,0.2331,0.2309,0.2313,158190.0
2023-08-17 20:45:00,0.2313,0.2316,0.2291,0.2313,153923.0
2023-08-17 21:00:00,0.2313,0.2321,0.2285,0.2285,163529.0
2023-08-17 21:15:00,0.2287,0.2305,0.2285,0.2289,79619.0
2023-08-17 21:30:00,0.2288,0.2288,0.19,0.19,2956591.0
2023-08-17 21:45:00,0.19,0.2159,0.19,0.2048,1855907.0
2023-08-17 22:00:00,0.205,0.2065,0.2023,0.2036,879309.0
2023-08-17 22:15:00,0.2038,0.211,0.2035,0.2097,615911.0
2023-08-17 22:30:00,0.2097,0.2104,0.2058,0.2068,445901.0
2023-08-17 22:45:00,0.2068,0.2131,0.2063,0.2128,486911.0
2023-08-17 23:00:00,0.2131,0.2148,0.2101,0.2134,459387.0
2023-08-17 23:15:00,0.2133,0.2145,0.2098,0.2108,498053.0
2023-08-17 23:30:00,0.2109,0.2109,0.2065,0.2081,294798.0
2023-08-17 23:45:00,0.2081,0.2086,0.2056,0.2059,483196.0
2023-08-18 00:00:00,0.2057,0.2104,0.2053,0.2087,271307.0
2023-08-18 00:15:00,0.2087,0.2093,0.2072,0.2074,171664.0
2023-08-18 00:30:00,0.2071,0.2077,0.2047,0.2047,331987.0
2023-08-18 00:45:00,0.2046,0.2085,0.2044,0.2083,176229.0
2023-08-18 01:00:00,0.2082,0.2087,0.207,0.2071,74990.0
2023-08-18 01:15:00,0.2072,0.209,0.2069,0.2084,94585.0
2023-08-18 01:30:00,0.2082,0.2104,0.2077,0.2104,173659.0
2023-08-18 01:45:00,0.2101,0.2116,0.2095,0.2111,447470.0
2023-08-18 02:00:00,0.211,0.2194,0.2107,0.216,926493.0
2023-08-18 02:15:00,0.216,0.216,0.2137,0.215,180484.0
2023-08-18 02:30:00,0.2148,0.2161,0.2123,0.2131,336137.0
2023-08-18 02:45:00,0.2129,0.2152,0.2127,0.213,147512.0
2023-08-18 03:00:00,0.2129,0.2151,0.2129,0.2139,180138.0
2023-08-18 03:15:00,0.2139,0.2159,0.2138,0.2157,136142.0
2023-08-18 03:30:00,0.2154,0.2182,0.2133,0.2138,286281.0
2023-08-18 03:45:00,0.2138,0.2156,0.2136,0.2156,146576.0
2023-08-18 04:00:00,0.2156,0.2165,0.2153,0.2156,149583.0
2023-08-18 04:15:00,0.2154,0.2154,0.2129,0.2129,286721.0
2023-08-18 04:30:00,0.213,0.2136,0.2108,0.211,412020.0
2023-08-18 04:45:00,0.2109,0.2116,0.21,0.2115,122992.0
2023-08-18 05:00:00,0.2116,0.2129,0.2116,0.2122,81009.0
2023-08-18 05:15:00,0.2124,0.2126,0.2115,0.2123,86772.0
2023-08-18 05:30:00,0.2125,0.2134,0.2115,0.2118,87498.0
2023-08-18 05:45:00,0.2119,0.2125,0.2118,0.2121,121652.0
2023-08-18 06:00:00,0.212,0.2152,0.2119,0.2152,149233.0
2023-08-18 06:15:00,0.2149,0.2149,0.2126,0.2132,103633.0
2023-08-18 06:30:00,0.2133,0.2165,0.2132,0.2165,642635.0
2023-08-18 06:45:00,0.2164,0.2164,0.2143,0.2151,221939.0
2023-08-18 07:00:00,0.2151,0.2156,0.2145,0.2152,215395.0
2023-08-18 07:15:00,0.2152,0.2152,0.2136,0.214,89290.0
2023-08-18 07:30:00,0.2138,0.2143,0.213,0.2142,112021.0
2023-08-18 07:45:00,0.214,0.2178,0.2139,0.2152,428925.0
2023-08-18 08:00:00,0.2151,0.2187,0.2151,0.2179,204464.0
2023-08-18 08:15:00,0.2175,0.2175,0.2144,0.2153,371210.0
2023-08-18 08:30:00,0.2154,0.2154,0.2137,0.2151,175121.0
2023-08-18 08:45:00,0.2153,0.2162,0.2148,0.2161,124078.0
2023-08-18 09:00:00,0.2159,0.216,0.2141,0.215,128325.0
2023-08-18 09:15:00,0.2148,0.2155,0.2141,0.2141,82462.0
2023-08-18 09:30:00,0.2141,0.2144,0.2137,0.214,125776.0
2023-08-18 09:45:00,0.2139,0.214,0.2128,0.213,188603.0
2023-08-18 10:00:00,0.2131,0.2143,0.2131,0.2137,43293.0
2023-08-18 10:15:00,0.214,0.2149,0.214,0.2142,123418.0
2023-08-18 10:30:00,0.2142,0.2154,0.2142,0.2152,57359.0
2023-08-18 10:45:00,0.2153,0.2163,0.2153,0.2158,110910.0
2023-08-18 11:00:00,0.2158,0.216,0.2154,0.2156,61559.0
2023-08-18 11:15:00,0.2157,0.2161,0.2145,0.2146,147445.0
2023-08-18 11:30:00,0.2149,0.2171,0.2149,0.217,96735.0
2023-08-18 11:45:00,0.2169,0.2184,0.2167,0.2168,225855.0
2023-08-18 12:00:00,0.2167,0.2169,0.2148,0.2151,70382.0
2023-08-18 12:15:00,0.215,0.2157,0.2144,0.2147,89116.0
2023-08-18 12:30:00,0.2145,0.2157,0.2144,0.2154,51241.0
2023-08-18 12:45:00,0.2154,0.2155,0.2146,0.2146,73205.0
2023-08-18 13:00:00,0.2146,0.2152,0.2145,0.2149,60693.0
2023-08-18 13:15:00,0.2147,0.2149,0.2144,0.2147,45974.0
2023-08-18 13:30:00,0.2149,0.2167,0.2149,0.2165,71778.0
2023-08-18 13:45:00,0.2166,0.2179,0.2155,0.2158,146379.0
2023-08-18 14:00:00,0.2159,0.2168,0.2159,0.2163,90388.0
2023-08-18 14:15:00,0.2162,0.2162,0.2146,0.2149,190556.0
2023-08-18 14:30:00,0.2148,0.2165,0.2148,0.2165,112942.0
2023-08-18 14:45:00,0.2164,0.2165,0.2146,0.2154,118076.0
2023-08-18 15:00:00,0.2154,0.2177,0.2154,0.2173,89770.0
2023-08-18 15:15:00,0.2176,0.2191,0.2168,0.2168,142468.0
2023-08-18 15:30:00,0.2169,0.2171,0.216,0.2165,54415.0
2023-08-18 15:45:00,0.2165,0.2174,0.2158,0.2166,264910.0
2023-08-18 16:00:00,0.2168,0.2187,0.2168,0.2175,253038.0
2023-08-18 16:15:00,0.2175,0.2175,0.2163,0.2163,31407.0
2023-08-18 16:30:00,0.2162,0.2166,0.2155,0.2161,108361.0
2023-08-18 16:45:00,0.2161,0.2171,0.2145,0.2161,136804.0
2023-08-18 17:00:00,0.216,0.2162,0.214,0.2162,132232.0
2023-08-18 17:15:00,0.2163,0.2177,0.2156,0.2177,102253.0
2023-08-18 17:30:00,0.2176,0.2197,0.2165,0.2187,236378.0
2023-08-18 17:45:00,0.2189,0.2193,0.2176,0.2178,138775.0
2023-08-18 18:00:00,0.2179,0.218,0.2165,0.2168,190413.0
2023-08-18 18:15:00,0.2171,0.2182,0.217,0.2182,40105.0
2023-08-18 18:30:00,0.2182,0.2198,0.218,0.2192,90624.0
2023-08-18 18:45:00,0.2192,0.2207,0.2191,0.2193,290189.0
2023-08-18 19:00:00,0.2191,0.2191,0.2178,0.2179,105419.0
2023-08-18 19:15:00,0.2179,0.2186,0.2178,0.2182,85065.0
2023-08-18 19:30:00,0.2184,0.2184,0.2176,0.2177,10660.0
2023-08-18 19:45:00,0.2178,0.2188,0.2178,0.218,112745.0
2023-08-18 20:00:00,0.2179,0.2185,0.2173,0.2182,84287.0
2023-08-18 20:15:00,0.2182,0.2198,0.2182,0.2198,30040.0
2023-08-18 20:30:00,0.2197,0.2197,0.2185,0.2186,33497.0
2023-08-18 20:45:00,0.2186,0.2187,0.2177,0.2177,10735.0
2023-08-18 21:00:00,0.2177,0.2186,0.2177,0.2186,40990.0
2023-08-18 21:15:00,0.2185,0.2189,0.2182,0.2185,36447.0
2023-08-18 21:30:00,0.2185,0.2185,0.2177,0.2183,59349.0
2023-08-18 21:45:00,0.2182,0.2187,0.2179,0.2185,17690.0
2023-08-18 22:00:00,0.2186,0.2189,0.2183,0.2187,27922.0
2023-08-18 22:15:00,0.2187,0.2187,0.2174,0.2177,41948.0
2023-08-18 22:30:00,0.2177,0.2185,0.2177,0.2184,14600.0
2023-08-18 22:45:00,0.2187,0.2188,0.2175,0.2175,52031.0
2023-08-18 23:00:00,0.218,0.2187,0.2176,0.2184,21679.0
2023-08-18 23:15:00,0.2183,0.2186,0.218,0.2185,60069.0
2023-08-18 23:30:00,0.2185,0.2185,0.2177,0.2181,12804.0
2023-08-18 23:45:00,0.2181,0.219,0.2179,0.2182,12347.0
2023-08-19 00:00:00,0.2182,0.2208,0.218,0.2208,167282.0
2023-08-19 00:15:00,0.2209,0.2209,0.2186,0.2197,112217.0
2023-08-19 00:30:00,0.2197,0.2221,0.2195,0.2221,144428.0
2023-08-19 00:45:00,0.2219,0.2221,0.2208,0.2214,90483.0
2023-08-19 01:00:00,0.2213,0.2213,0.2198,0.2198,49929.0
2023-08-19 01:15:00,0.22,0.22,0.2188,0.2195,59248.0
2023-08-19 01:30:00,0.2194,0.2194,0.2183,0.219,35786.0
2023-08-19 01:45:00,0.2187,0.2192,0.2168,0.2168,253752.0
2023-08-19 02:00:00,0.2168,0.2184,0.2168,0.2181,164007.0
2023-08-19 02:15:00,0.2181,0.2192,0.2179,0.219,96708.0
2023-08-19 02:30:00,0.219,0.2194,0.2185,0.2187,59820.0
2023-08-19 02:45:00,0.2186,0.2188,0.2182,0.2182,21535.0
2023-08-19 03:00:00,0.218,0.218,0.2163,0.2163,236386.0
2023-08-19 03:15:00,0.2162,0.2168,0.2157,0.2168,130751.0
2023-08-19 03:30:00,0.217,0.2175,0.217,0.2172,25716.0
2023-08-19 03:45:00,0.2172,0.2176,0.217,0.2176,29530.0
2023-08-19 04:00:00,0.2177,0.2178,0.2168,0.2171,33252.0
2023-08-19 04:15:00,0.2172,0.2177,0.2168,0.2175,118140.0
2023-08-19 04:30:00,0.2176,0.2187,0.2176,0.2184,46405.0
2023-08-19 04:45:00,0.2188,0.2195,0.2188,0.2189,52378.0
2023-08-19 05:00:00,0.2188,0.2188,0.2181,0.2182,49167.0
2023-08-19 05:15:00,0.218,0.2188,0.2179,0.2179,65094.0
2023-08-19 05:30:00,0.2178,0.2179,0.217,0.217,112096.0
2023-08-19 05:45:00,0.217,0.2173,0.2169,0.2173,46895.0
2023-08-19 06:00:00,0.217,0.2176,0.217,0.2176,25651.0
2023-08-19 06:15:00,0.2176,0.2176,0.2165,0.2165,223274.0
2023-08-19 06:30:00,0.2166,0.2166,0.214,0.214,567267.0
2023-08-19 06:45:00,0.2139,0.215,0.2131,0.2137,739441.0
2023-08-19 07:00:00,0.2138,0.2148,0.2137,0.2139,198128.0
2023-08-19 07:15:00,0.214,0.2141,0.2134,0.2141,143562.0
2023-08-19 07:30:00,0.2141,0.2159,0.2141,0.2158,82293.0
2023-08-19 07:45:00,0.2157,0.2157,0.2147,0.215,111891.0
2023-08-19 08:00:00,0.215,0.2155,0.2145,0.2151,89496.0
2023-08-19 08:15:00,0.2152,0.2166,0.2152,0.2164,103004.0
2023-08-19 08:30:00,0.2165,0.2168,0.2153,0.2159,140145.0
2023-08-19 08:45:00,0.216,0.2167,0.2157,0.2166,73771.0
2023-08-19 09:00:00,0.2165,0.2166,0.216,0.2166,38519.0
2023-08-19 09:15:00,0.2167,0.2169,0.2162,0.2166,60955.0
2023-08-19 09:30:00,0.2166,0.2168,0.216,0.2168,61276.0
2023-08-19 09:45:00,0.217,0.217,0.2163,0.2164,41972.0
2023-08-19 10:00:00,0.2164,0.2167,0.2159,0.2166,172737.0
2023-08-19 10:15:00,0.2164,0.2169,0.2164,0.2169,23242.0
2023-08-19 10:30:00,0.2169,0.2176,0.2168,0.2175,130889.0
2023-08-19 10:45:00,0.2175,0.2175,0.2171,0.2171,29547.0
2023-08-19 11:00:00,0.2172,0.2174,0.217,0.2171,35965.0
2023-08-19 11:15:00,0.2175,0.2177,0.217,0.2171,57617.0
2023-08-19 11:30:00,0.2173,0.2181,0.2173,0.2176,48315.0
2023-08-19 11:45:00,0.2173,0.2187,0.2172,0.2183,158315.0
2023-08-19 12:00:00,0.2181,0.2183,0.2167,0.217,43242.0
2023-08-19 12:15:00,0.2171,0.2178,0.2171,0.2173,31406.0
2023-08-19 12:30:00,0.2173,0.2179,0.217,0.2171,57903.0
2023-08-19 12:45:00,0.2173,0.2179,0.2173,0.2177,58734.0
2023-08-19 13:00:00,0.2176,0.2177,0.2174,0.2176,22877.0
2023-08-19 13:15:00,0.2178,0.2179,0.2173,0.2177,54108.0
2023-08-19 13:30:00,0.2178,0.2179,0.2169,0.2169,92609.0
2023-08-19 13:45:00,0.2169,0.217,0.2164,0.2168,74853.0
2023-08-19 14:00:00,0.2167,0.2182,0.2167,0.2181,53212.0
2023-08-19 14:15:00,0.2179,0.2184,0.2178,0.2181,19417.0
2023-08-19 14:30:00,0.2181,0.2184,0.2174,0.2177,182063.0
2023-08-19 14:45:00,0.2176,0.2181,0.2176,0.2178,62429.0
2023-08-19 15:00:00,0.2178,0.2183,0.2169,0.2176,121534.0
2023-08-19 15:15:00,0.2178,0.2182,0.2176,0.2179,67323.0
2023-08-19 15:30:00,0.2178,0.2184,0.2176,0.2184,32980.0
2023-08-19 15:45:00,0.2184,0.2208,0.2182,0.2206,119818.0
2023-08-19 16:00:00,0.2203,0.2205,0.2196,0.2204,106619.0
2023-08-19 16:15:00,0.2201,0.222,0.2201,0.2216,163359.0
2023-08-19 16:30:00,0.2217,0.2217,0.2202,0.2217,139736.0
2023-08-19 16:45:00,0.2219,0.2245,0.2218,0.2243,373483.0
2023-08-19 17:00:00,0.2241,0.2242,0.2214,0.2216,248767.0
2023-08-19 17:15:00,0.2218,0.2218,0.2202,0.2207,100861.0
2023-08-19 17:30:00,0.2207,0.2211,0.2204,0.2208,97898.0
2023-08-19 17:45:00,0.2208,0.2222,0.2208,0.2213,39588.0
2023-08-19 18:00:00,0.2212,0.2212,0.2203,0.2205,60573.0
2023-08-19 18:15:00,0.2204,0.2204,0.2195,0.2202,59435.0
2023-08-19 18:30:00,0.2204,0.2215,0.2204,0.2215,67080.0
2023-08-19 18:45:00,0.2215,0.2215,0.2209,0.2212,7619.0
2023-08-19 19:00:00,0.221,0.221,0.2202,0.2204,29366.0
2023-08-19 19:15:00,0.2207,0.2207,0.2199,0.2202,7584.0
2023-08-19 19:30:00,0.22,0.2206,0.22,0.2203,7906.0
2023-08-19 19:45:00,0.2207,0.221,0.22,0.22,28715.0
2023-08-19 20:00:00,0.2202,0.2205,0.2199,0.2202,21598.0
2023-08-19 20:15:00,0.2202,0.2202,0.2181,0.2186,120785.0
2023-08-19 20:30:00,0.2187,0.2196,0.2187,0.2189,64616.0
2023-08-19 20:45:00,0.2189,0.2201,0.2189,0.2197,9481.0
2023-08-19 21:00:00,0.2195,0.2195,0.2186,0.2186,49931.0
2023-08-19 21:15:00,0.2184,0.219,0.2184,0.2186,23929.0
2023-08-19 21:30:00,0.219,0.2191,0.2184,0.2189,28222.0
2023-08-19 21:45:00,0.2189,0.2192,0.2187,0.2192,3982.0
2023-08-19 22:00:00,0.2189,0.2193,0.2186,0.2193,28143.0
2023-08-19 22:15:00,0.2194,0.2196,0.2192,0.2193,3192.0
2023-08-19 22:30:00,0.2194,0.2194,0.2184,0.2184,32181.0
2023-08-19 22:45:00,0.2183,0.2183,0.2177,0.2179,14410.0
2023-08-19 23:00:00,0.2181,0.2186,0.2181,0.2186,25412.0
2023-08-19 23:15:00,0.2185,0.2198,0.2185,0.2198,20478.0
2023-08-19 23:30:00,0.2197,0.2199,0.2194,0.2198,41201.0
2023-08-19 23:45:00,0.2197,0.2198,0.2191,0.2193,24135.0
2023-08-20 00:00:00,0.2192,0.2204,0.219,0.2202,48991.0
2023-08-20 00:15:00,0.2204,0.2209,0.2201,0.2204,65952.0
2023-08-20 00:30:00,0.2204,0.2204,0.2188,0.2203,43436.0
2023-08-20 00:45:00,0.2199,0.2215,0.2199,0.2212,130515.0
2023-08-20 01:00:00,0.2209,0.2211,0.2203,0.2207,56771.0
2023-08-20 01:15:00,0.2204,0.2204,0.22,0.2201,21343.0
2023-08-20 01:30:00,0.2202,0.2202,0.2194,0.2201,37637.0
2023-08-20 01:45:00,0.2202,0.2207,0.2202,0.2207,8629.0
2023-08-20 02:00:00,0.2206,0.2206,0.2199,0.2205,64056.0
2023-08-20 02:15:00,0.2206,0.2221,0.2205,0.2217,123697.0
2023-08-20 02:30:00,0.2218,0.2225,0.2218,0.2224,79191.0
2023-08-20 02:45:00,0.2223,0.2229,0.2221,0.2221,116367.0
2023-08-20 03:00:00,0.2221,0.2221,0.2219,0.2221,25988.0
2023-08-20 03:15:00,0.2222,0.2228,0.2221,0.2225,66385.0
2023-08-20 03:30:00,0.2226,0.2226,0.222,0.222,26611.0
2023-08-20 03:45:00,0.222,0.2224,0.2215,0.2219,135182.0
2023-08-20 04:00:00,0.2218,0.2225,0.2218,0.2225,37863.0
2023-08-20 04:15:00,0.2226,0.2232,0.222,0.2221,23104.0
2023-08-20 04:30:00,0.222,0.2222,0.2213,0.222,64062.0
2023-08-20 04:45:00,0.222,0.2224,0.222,0.222,10314.0
2023-08-20 05:00:00,0.222,0.222,0.2206,0.2211,96085.0
2023-08-20 05:15:00,0.2212,0.2214,0.2205,0.2213,27527.0
2023-08-20 05:30:00,0.2214,0.2214,0.2208,0.2208,38110.0
2023-08-20 05:45:00,0.2208,0.2208,0.2193,0.2193,156091.0
2023-08-20 06:00:00,0.2191,0.2199,0.2188,0.2199,53750.0
2023-08-20 06:15:00,0.2197,0.2197,0.2191,0.2195,44420.0
2023-08-20 06:30:00,0.2196,0.2204,0.2192,0.2204,63617.0
2023-08-20 06:45:00,0.2204,0.2204,0.2197,0.2201,28392.0
2023-08-20 07:00:00,0.2199,0.2201,0.2197,0.22,19218.0
2023-08-20 07:15:00,0.2199,0.2204,0.2197,0.2202,17199.0
2023-08-20 07:30:00,0.2203,0.2218,0.2202,0.2218,62525.0
2023-08-20 07:45:00,0.2216,0.2219,0.2211,0.2219,94743.0
2023-08-20 08:00:00,0.2219,0.2219,0.2196,0.2199,130653.0
2023-08-20 08:15:00,0.2199,0.2214,0.2191,0.2214,348687.0
2023-08-20 08:30:00,0.2213,0.2215,0.2195,0.2197,327392.0
2023-08-20 08:45:00,0.2198,0.2204,0.2196,0.22,88505.0
2023-08-20 09:00:00,0.2197,0.2199,0.2194,0.2194,66192.0
2023-08-20 09:15:00,0.2194,0.22,0.2192,0.2199,47908.0
2023-08-20 09:30:00,0.2198,0.2202,0.2198,0.2202,38743.0
2023-08-20 09:45:00,0.2202,0.2209,0.2202,0.2207,35512.0
2023-08-20 10:00:00,0.2207,0.2213,0.2205,0.221,93042.0
2023-08-20 10:15:00,0.221,0.2212,0.2199,0.2201,65075.0
2023-08-20 10:30:00,0.2202,0.2207,0.22,0.2207,52047.0
2023-08-20 10:45:00,0.2206,0.2207,0.2203,0.2207,12166.0
2023-08-20 11:00:00,0.2209,0.2214,0.2208,0.2214,25098.0
2023-08-20 11:15:00,0.2212,0.2215,0.2205,0.2206,147240.0
2023-08-20 11:30:00,0.2203,0.2206,0.2203,0.2204,8898.0
2023-08-20 11:45:00,0.2206,0.221,0.2202,0.2208,64621.0
2023-08-20 12:00:00,0.2208,0.2208,0.2202,0.2203,33023.0
2023-08-20 12:15:00,0.2205,0.2205,0.2199,0.2202,12388.0
2023-08-20 12:30:00,0.22,0.2206,0.22,0.2205,70224.0
2023-08-20 12:45:00,0.2204,0.2208,0.2197,0.2197,208650.0
2023-08-20 13:00:00,0.2201,0.2209,0.2201,0.2204,44472.0
2023-08-20 13:15:00,0.2203,0.2203,0.2195,0.2197,39451.0
2023-08-20 13:30:00,0.2198,0.2203,0.2198,0.2203,63988.0
2023-08-20 13:45:00,0.2202,0.2206,0.22,0.2202,15201.0
2023-08-20 14:00:00,0.2203,0.2203,0.2197,0.2201,31594.0
2023-08-20 14:15:00,0.2201,0.2201,0.2183,0.2185,99939.0
2023-08-20 14:30:00,0.2186,0.2188,0.2171,0.2177,139559.0
2023-08-20 14:45:00,0.2175,0.218,0.216,0.2173,217680.0
2023-08-20 15:00:00,0.2173,0.2179,0.2165,0.2174,72819.0
2023-08-20 15:15:00,0.2174,0.2192,0.217,0.2184,145378.0
2023-08-20 15:30:00,0.218,0.2181,0.2172,0.2175,67233.0
2023-08-20 15:45:00,0.2174,0.218,0.217,0.218,13454.0
2023-08-20 16:00:00,0.218,0.2183,0.2176,0.2179,12919.0
2023-08-20 16:15:00,0.2178,0.2179,0.2172,0.2177,99785.0
2023-08-20 16:30:00,0.2177,0.2194,0.2176,0.2183,292194.0
2023-08-20 16:45:00,0.2182,0.2183,0.2172,0.2176,25522.0
2023-08-20 17:00:00,0.2177,0.218,0.2174,0.218,16058.0
2023-08-20 17:15:00,0.2186,0.2188,0.2184,0.2188,34765.0
2023-08-20 17:30:00,0.219,0.2199,0.219,0.2197,12904.0
2023-08-20 17:45:00,0.22,0.2204,0.22,0.22,104572.0
2023-08-20 18:00:00,0.2204,0.2204,0.22,0.2203,25351.0
2023-08-20 18:15:00,0.2205,0.2208,0.2202,0.2206,15733.0
2023-08-20 18:30:00,0.2206,0.2209,0.2205,0.2205,21561.0
2023-08-20 18:45:00,0.2206,0.2209,0.22,0.22,28212.0
2023-08-20 19:00:00,0.2199,0.2212,0.2199,0.2211,85816.0
2023-08-20 19:15:00,0.2213,0.2218,0.2212,0.2218,29666.0
2023-08-20 19:30:00,0.2214,0.2215,0.221,0.2214,9331.0
2023-08-20 19:45:00,0.2216,0.2218,0.2211,0.2217,26573.0
2023-08-20 20:00:00,0.2216,0.222,0.2212,0.222,58010.0
2023-08-20 20:15:00,0.2223,0.2234,0.2221,0.2226,157576.0
2023-08-20 20:30:00,0.2227,0.2237,0.222,0.2237,31382.0
2023-08-20 20:45:00,0.2238,0.2239,0.2232,0.2232,17308.0
2023-08-20 21:00:00,0.2234,0.2234,0.2219,0.2223,63412.0
2023-08-20 21:15:00,0.2224,0.2226,0.2223,0.2223,28324.0
2023-08-20 21:30:00,0.2224,0.2225,0.2221,0.2225,11838.0
2023-08-20 21:45:00,0.2225,0.2225,0.2222,0.2222,3533.0
2023-08-20 22:00:00,0.2224,0.2228,0.2221,0.2223,101290.0
2023-08-20 22:15:00,0.2225,0.2236,0.2225,0.2232,51375.0
2023-08-20 22:30:00,0.2231,0.2234,0.2224,0.2226,40785.0
2023-08-20 22:45:00,0.2224,0.2224,0.2224,0.2224,3200.0
2023-08-20 23:00:00,0.2224,0.2224,0.2216,0.2217,20398.0
2023-08-20 23:15:00,0.2215,0.2219,0.2212,0.2219,30979.0
2023-08-20 23:30:00,0.2219,0.2225,0.2219,0.2225,10456.0
2023-08-20 23:45:00,0.2224,0.2224,0.2214,0.222,31307.0
2023-08-21 00:00:00,0.2221,0.2225,0.2211,0.2214,64348.0
2023-08-21 00:15:00,0.2211,0.2223,0.2211,0.2216,55523.0
2023-08-21 00:30:00,0.2218,0.222,0.2216,0.2218,17773.0
2023-08-21 00:45:00,0.2221,0.2235,0.2221,0.2231,35379.0
2023-08-21 01:00:00,0.2232,0.224,0.2226,0.2226,46411.0
2023-08-21 01:15:00,0.2229,0.2234,0.2227,0.2231,43092.0
2023-08-21 01:30:00,0.2233,0.2237,0.2229,0.2236,77883.0
2023-08-21 01:45:00,0.2239,0.224,0.2227,0.2233,52184.0
2023-08-21 02:00:00,0.2231,0.2241,0.2229,0.2241,143291.0
2023-08-21 02:15:00,0.2241,0.2253,0.2227,0.2227,217676.0
2023-08-21 02:30:00,0.2231,0.2231,0.2221,0.2226,51241.0
2023-08-21 02:45:00,0.2226,0.2227,0.2219,0.2219,77146.0
2023-08-21 03:00:00,0.2223,0.2224,0.2213,0.2213,66135.0
2023-08-21 03:15:00,0.2213,0.2217,0.2207,0.2213,168467.0
2023-08-21 03:30:00,0.2213,0.2222,0.2213,0.2217,56531.0
2023-08-21 03:45:00,0.2215,0.2215,0.2206,0.221,62851.0
2023-08-21 04:00:00,0.2209,0.2211,0.2202,0.2205,54919.0
2023-08-21 04:15:00,0.2206,0.2207,0.2197,0.2199,100614.0
2023-08-21 04:30:00,0.2197,0.2197,0.2192,0.2192,32357.0
2023-08-21 04:45:00,0.2192,0.2195,0.2184,0.219,53351.0
2023-08-21 05:00:00,0.2189,0.2196,0.2184,0.2196,174460.0
2023-08-21 05:15:00,0.2194,0.2197,0.2192,0.2197,3598.0
2023-08-21 05:30:00,0.22,0.2217,0.22,0.2201,121531.0
2023-08-21 05:45:00,0.2202,0.2205,0.22,0.2204,43360.0
2023-08-21 06:00:00,0.2204,0.2205,0.2202,0.2204,8279.0
2023-08-21 06:15:00,0.2205,0.221,0.2205,0.221,21798.0
2023-08-21 06:30:00,0.221,0.221,0.2199,0.2199,5861.0
2023-08-21 06:45:00,0.2199,0.2201,0.2188,0.2192,33579.0
2023-08-21 07:00:00,0.2191,0.2192,0.2185,0.2189,63620.0
2023-08-21 07:15:00,0.2187,0.219,0.2173,0.2173,366262.0
2023-08-21 07:30:00,0.2174,0.2181,0.2174,0.2178,34957.0
2023-08-21 07:45:00,0.2182,0.2182,0.218,0.218,34291.0
2023-08-21 08:00:00,0.2179,0.2182,0.2179,0.2182,17188.0
2023-08-21 08:15:00,0.2182,0.2186,0.2171,0.2182,132645.0
2023-08-21 08:30:00,0.218,0.2183,0.2173,0.2175,77378.0
2023-08-21 08:45:00,0.2174,0.2179,0.2172,0.2179,33789.0
2023-08-21 09:00:00,0.2177,0.2181,0.2177,0.2181,102297.0
2023-08-21 09:15:00,0.218,0.2183,0.2168,0.2175,248477.0
2023-08-21 09:30:00,0.2171,0.2175,0.2167,0.2167,29887.0
2023-08-21 09:45:00,0.2167,0.2167,0.2156,0.216,114581.0
2023-08-21 10:00:00,0.2162,0.2162,0.2111,0.2128,835865.0
2023-08-21 10:15:00,0.2128,0.2131,0.2116,0.212,339520.0
2023-08-21 10:30:00,0.2121,0.2123,0.2099,0.2104,646230.0
2023-08-21 10:45:00,0.2103,0.211,0.2088,0.2104,173583.0
2023-08-21 11:00:00,0.2106,0.2113,0.2102,0.211,56323.0
2023-08-21 11:15:00,0.2114,0.2124,0.2113,0.2123,79658.0
2023-08-21 11:30:00,0.2125,0.2132,0.2124,0.2132,83983.0
2023-08-21 11:45:00,0.2132,0.214,0.2128,0.2133,99816.0
2023-08-21 12:00:00,0.2137,0.2145,0.2135,0.2142,54015.0
2023-08-21 12:15:00,0.2141,0.2142,0.2137,0.214,22514.0
2023-08-21 12:30:00,0.2137,0.2139,0.213,0.2139,72659.0
2023-08-21 12:45:00,0.2139,0.214,0.2122,0.2124,105856.0
2023-08-21 13:00:00,0.2124,0.2134,0.2124,0.2132,25529.0
2023-08-21 13:15:00,0.2132,0.2132,0.2109,0.2115,187378.0
2023-08-21 13:30:00,0.2115,0.2133,0.2115,0.2131,111048.0
2023-08-21 13:45:00,0.2128,0.2145,0.2121,0.2145,88425.0
2023-08-21 14:00:00,0.2145,0.2163,0.214,0.2156,112748.0
2023-08-21 14:15:00,0.2155,0.2157,0.2144,0.2144,61638.0
2023-08-21 14:30:00,0.2144,0.2152,0.2143,0.2152,21604.0
2023-08-21 14:45:00,0.215,0.2152,0.2147,0.2148,50054.0
2023-08-21 15:00:00,0.2147,0.2147,0.2138,0.2139,62407.0
2023-08-21 15:15:00,0.2138,0.2138,0.2057,0.2093,364912.0
2023-08-21 15:30:00,0.2093,0.2119,0.2092,0.211,252047.0
2023-08-21 15:45:00,0.2107,0.2116,0.2105,0.2106,196982.0
2023-08-21 16:00:00,0.2109,0.2119,0.2105,0.2108,189674.0
2023-08-21 16:15:00,0.2107,0.2133,0.2107,0.2123,149316.0
2023-08-21 16:30:00,0.2127,0.2127,0.2117,0.2122,19355.0
2023-08-21 16:45:00,0.2122,0.2134,0.212,0.2122,99670.0
2023-08-21 17:00:00,0.212,0.2131,0.212,0.213,21250.0
2023-08-21 17:15:00,0.2127,0.2144,0.2127,0.2142,57666.0
2023-08-21 17:30:00,0.2141,0.2142,0.2137,0.2137,28857.0
2023-08-21 17:45:00,0.2142,0.2142,0.2135,0.2138,1732.0
2023-08-21 18:00:00,0.2139,0.2142,0.2136,0.2142,25360.0
2023-08-21 18:15:00,0.2143,0.2144,0.2139,0.2141,10057.0
2023-08-21 18:30:00,0.214,0.2142,0.2138,0.214,3834.0
2023-08-21 18:45:00,0.2145,0.2152,0.2145,0.2145,19470.0
2023-08-21 19:00:00,0.2145,0.2154,0.2145,0.2153,65358.0
2023-08-21 19:15:00,0.2153,0.2159,0.215,0.2152,33876.0
2023-08-21 19:30:00,0.2157,0.2163,0.2154,0.216,22277.0
2023-08-21 19:45:00,0.2157,0.2161,0.2157,0.216,23212.0
2023-08-21 20:00:00,0.2158,0.2158,0.2147,0.215,14133.0
2023-08-21 20:15:00,0.2151,0.2154,0.2151,0.2154,15928.0
2023-08-21 20:30:00,0.2152,0.2154,0.2149,0.2149,8924.0
2023-08-21 20:45:00,0.215,0.2158,0.215,0.2158,14256.0
2023-08-21 21:00:00,0.2154,0.216,0.2154,0.2157,24956.0
2023-08-21 21:15:00,0.2157,0.2157,0.2155,0.2155,3618.0
2023-08-21 21:30:00,0.2157,0.2174,0.2157,0.2174,20420.0
2023-08-21 21:45:00,0.2175,0.2178,0.2174,0.2178,16660.0
2023-08-21 22:00:00,0.2178,0.2184,0.2171,0.2178,203910.0
2023-08-21 22:15:00,0.2179,0.2183,0.2178,0.2183,73971.0
2023-08-21 22:30:00,0.2184,0.2184,0.2171,0.2177,24611.0
2023-08-21 22:45:00,0.2177,0.2181,0.2173,0.2173,47338.0
2023-08-21 23:00:00,0.2173,0.2175,0.2167,0.2168,35669.0
2023-08-21 23:15:00,0.2169,0.2172,0.2166,0.2167,27708.0
2023-08-21 23:30:00,0.2169,0.2171,0.2166,0.2166,15757.0
2023-08-21 23:45:00,0.2169,0.2169,0.2159,0.2161,10975.0
2023-08-22 00:00:00,0.2162,0.2171,0.2157,0.2163,52658.0
2023-08-22 00:15:00,0.2165,0.2167,0.2164,0.2167,17999.0
2023-08-22 00:30:00,0.2166,0.217,0.2164,0.2166,51270.0
2023-08-22 00:45:00,0.2169,0.2169,0.2162,0.2164,29204.0
2023-08-22 01:00:00,0.2159,0.216,0.2158,0.216,8333.0
2023-08-22 01:15:00,0.2159,0.2164,0.2157,0.2158,25549.0
2023-08-22 01:30:00,0.2158,0.2158,0.215,0.2155,54314.0
2023-08-22 01:45:00,0.2158,0.2158,0.215,0.2151,121817.0
2023-08-22 02:00:00,0.2154,0.2155,0.2151,0.2153,8696.0
2023-08-22 02:15:00,0.2154,0.2158,0.2154,0.2158,11641.0
2023-08-22 02:30:00,0.2158,0.2158,0.2155,0.2158,35897.0
2023-08-22 02:45:00,0.2158,0.216,0.2154,0.216,13916.0
2023-08-22 03:00:00,0.216,0.2163,0.2155,0.216,125570.0
2023-08-22 03:15:00,0.2162,0.2162,0.2149,0.2149,58960.0
2023-08-22 03:30:00,0.2152,0.2153,0.2147,0.2151,17621.0
2023-08-22 03:45:00,0.215,0.2154,0.2149,0.2154,9860.0
2023-08-22 04:00:00,0.2153,0.2153,0.2141,0.2143,18519.0
2023-08-22 04:15:00,0.2141,0.2143,0.2129,0.2136,139687.0
2023-08-22 04:30:00,0.2135,0.2136,0.213,0.2133,56464.0
2023-08-22 04:45:00,0.2132,0.2134,0.2126,0.213,42873.0
2023-08-22 05:00:00,0.2129,0.2135,0.2125,0.2131,41212.0
2023-08-22 05:15:00,0.213,0.213,0.2125,0.2127,11085.0
2023-08-22 05:30:00,0.2127,0.213,0.2125,0.2129,14662.0
2023-08-22 05:45:00,0.2129,0.213,0.2125,0.2126,31845.0
2023-08-22 06:00:00,0.213,0.2134,0.2127,0.2128,102326.0
2023-08-22 06:15:00,0.213,0.2131,0.2123,0.2128,75454.0
2023-08-22 06:30:00,0.2128,0.2135,0.212,0.2122,74432.0
2023-08-22 06:45:00,0.2122,0.2132,0.2122,0.2132,17148.0
2023-08-22 07:00:00,0.2132,0.2143,0.2131,0.2141,98666.0
2023-08-22 07:15:00,0.2143,0.2151,0.2141,0.2143,106695.0
2023-08-22 07:30:00,0.2141,0.215,0.2141,0.2149,98997.0
2023-08-22 07:45:00,0.2147,0.215,0.2146,0.2146,25216.0
2023-08-22 08:00:00,0.2146,0.2146,0.2141,0.2144,87804.0
2023-08-22 08:15:00,0.2144,0.2144,0.2138,0.2142,106056.0
2023-08-22 08:30:00,0.2141,0.2145,0.214,0.2145,68372.0
2023-08-22 08:45:00,0.2144,0.2146,0.2139,0.2139,66164.0
2023-08-22 09:00:00,0.214,0.2147,0.2136,0.2141,197089.0
2023-08-22 09:15:00,0.2141,0.2141,0.2131,0.2137,44534.0
2023-08-22 09:30:00,0.2136,0.2136,0.2132,0.2132,30196.0
2023-08-22 09:45:00,0.2133,0.2134,0.2129,0.2129,14503.0
2023-08-22 10:00:00,0.213,0.2135,0.2127,0.2128,75713.0
2023-08-22 10:15:00,0.2128,0.2132,0.2128,0.2132,25547.0
2023-08-22 10:30:00,0.213,0.2131,0.2121,0.2122,50224.0
2023-08-22 10:45:00,0.2122,0.2125,0.212,0.212,28603.0
2023-08-22 11:00:00,0.2121,0.2127,0.2121,0.2122,65833.0
2023-08-22 11:15:00,0.2123,0.2133,0.2122,0.2133,44104.0
2023-08-22 11:30:00,0.2131,0.2131,0.2126,0.2126,55536.0
2023-08-22 11:45:00,0.2126,0.2126,0.2118,0.212,123795.0
2023-08-22 12:00:00,0.212,0.2134,0.2118,0.2132,104418.0
2023-08-22 12:15:00,0.2135,0.2143,0.2135,0.2136,93487.0
2023-08-22 12:30:00,0.2136,0.2141,0.2135,0.2141,10994.0
2023-08-22 12:45:00,0.2139,0.2139,0.2126,0.2127,52385.0
2023-08-22 13:00:00,0.2125,0.2127,0.2117,0.2118,24329.0
2023-08-22 13:15:00,0.2119,0.2119,0.2112,0.2112,7999.0
2023-08-22 13:30:00,0.2112,0.2121,0.2104,0.2117,194208.0
2023-08-22 13:45:00,0.2116,0.2118,0.21,0.2104,100015.0
2023-08-22 14:00:00,0.2101,0.2109,0.209,0.2102,126793.0
2023-08-22 14:15:00,0.2103,0.2103,0.21,0.21,14880.0
2023-08-22 14:30:00,0.2098,0.21,0.2088,0.2095,63074.0
2023-08-22 14:45:00,0.2096,0.2099,0.2087,0.2089,80759.0
2023-08-22 15:00:00,0.2091,0.2097,0.2087,0.2096,60543.0
2023-08-22 15:15:00,0.2095,0.2103,0.2094,0.2099,46399.0
2023-08-22 15:30:00,0.2101,0.2104,0.2099,0.2099,72790.0
2023-08-22 15:45:00,0.21,0.21,0.2076,0.2086,284921.0
2023-08-22 16:00:00,0.2088,0.209,0.2081,0.2083,82483.0
2023-08-22 16:15:00,0.2085,0.2086,0.2063,0.2067,230342.0
2023-08-22 16:30:00,0.2066,0.2096,0.2064,0.2093,104525.0
2023-08-22 16:45:00,0.2094,0.2104,0.2088,0.2099,92012.0
2023-08-22 17:00:00,0.21,0.2103,0.2096,0.2099,8770.0
2023-08-22 17:15:00,0.2097,0.2097,0.2086,0.2089,20979.0
2023-08-22 17:30:00,0.2088,0.2088,0.2058,0.2062,149215.0
2023-08-22 17:45:00,0.2064,0.2077,0.2064,0.2067,61998.0
2023-08-22 18:00:00,0.2069,0.2077,0.2058,0.207,96375.0
2023-08-22 18:15:00,0.2069,0.2079,0.2067,0.2078,44081.0
2023-08-22 18:30:00,0.2078,0.2098,0.2076,0.2095,91649.0
2023-08-22 18:45:00,0.2092,0.2094,0.2087,0.2092,38739.0
2023-08-22 19:00:00,0.2093,0.2099,0.2089,0.2095,20142.0
2023-08-22 19:15:00,0.2095,0.2095,0.2089,0.2089,53868.0
2023-08-22 19:30:00,0.209,0.209,0.2081,0.2081,60503.0
2023-08-22 19:45:00,0.2082,0.2082,0.2071,0.2074,35655.0
2023-08-22 20:00:00,0.2075,0.2084,0.2075,0.2084,33316.0
2023-08-22 20:15:00,0.2086,0.2095,0.2086,0.2095,41776.0
2023-08-22 20:30:00,0.2097,0.2097,0.2092,0.2093,34127.0
2023-08-22 20:45:00,0.2092,0.2096,0.2088,0.2096,18369.0
2023-08-22 21:00:00,0.2096,0.2097,0.2091,0.2092,17927.0
2023-08-22 21:15:00,0.2092,0.2094,0.2034,0.2056,249730.0
2023-08-22 21:30:00,0.2055,0.2077,0.2054,0.2077,64099.0
2023-08-22 21:45:00,0.2077,0.2081,0.2075,0.2079,49676.0
2023-08-22 22:00:00,0.2077,0.2083,0.2073,0.2082,124707.0
2023-08-22 22:15:00,0.2083,0.2104,0.2082,0.21,58522.0
2023-08-22 22:30:00,0.2103,0.2113,0.2102,0.2111,94582.0
2023-08-22 22:45:00,0.2115,0.2118,0.2112,0.2116,70034.0
2023-08-22 23:00:00,0.2116,0.2145,0.2113,0.2142,125614.0
2023-08-22 23:15:00,0.2141,0.2142,0.2134,0.2135,67020.0
2023-08-22 23:30:00,0.2136,0.2139,0.2135,0.2135,18284.0
2023-08-22 23:45:00,0.2134,0.2138,0.2131,0.2137,8188.0
2023-08-23 00:00:00,0.2137,0.2154,0.2137,0.2154,107433.0
2023-08-23 00:15:00,0.2151,0.2156,0.2148,0.215,49574.0
2023-08-23 00:30:00,0.2148,0.2168,0.2145,0.2162,82927.0
2023-08-23 00:45:00,0.2163,0.2163,0.2156,0.2159,61982.0
2023-08-23 01:00:00,0.216,0.216,0.2146,0.2146,39532.0
2023-08-23 01:15:00,0.2149,0.2151,0.2144,0.2145,31316.0
2023-08-23 01:30:00,0.2148,0.2168,0.2148,0.2166,89515.0
2023-08-23 01:45:00,0.2167,0.2169,0.2157,0.2158,104817.0
2023-08-23 02:00:00,0.2158,0.2164,0.2152,0.2154,78004.0
2023-08-23 02:15:00,0.2153,0.2154,0.215,0.2154,29557.0
2023-08-23 02:30:00,0.2154,0.2158,0.2151,0.2155,11781.0
2023-08-23 02:45:00,0.2154,0.2156,0.2151,0.2151,12721.0
2023-08-23 03:00:00,0.2154,0.2154,0.2149,0.2149,29221.0
2023-08-23 03:15:00,0.2149,0.2151,0.2142,0.2142,34008.0
2023-08-23 03:30:00,0.2141,0.2147,0.2141,0.2143,36515.0
2023-08-23 03:45:00,0.2144,0.2145,0.2139,0.2142,5850.0
2023-08-23 04:00:00,0.2143,0.2143,0.2136,0.2136,32024.0
2023-08-23 04:15:00,0.2137,0.2141,0.2135,0.2139,8657.0
2023-08-23 04:30:00,0.214,0.2152,0.2139,0.2149,132483.0
2023-08-23 04:45:00,0.2151,0.2152,0.2147,0.2152,43668.0
2023-08-23 05:00:00,0.2151,0.2151,0.214,0.214,33663.0
2023-08-23 05:15:00,0.2141,0.2141,0.2136,0.2136,20004.0
2023-08-23 05:30:00,0.2137,0.2137,0.2132,0.2135,18550.0
2023-08-23 05:45:00,0.2133,0.2145,0.2133,0.2145,21877.0
2023-08-23 06:00:00,0.2144,0.2145,0.214,0.214,19123.0
2023-08-23 06:15:00,0.2143,0.2143,0.2139,0.2139,94173.0
2023-08-23 06:30:00,0.2142,0.2142,0.2135,0.214,38637.0
2023-08-23 06:45:00,0.2141,0.216,0.214,0.2151,77881.0
2023-08-23 07:00:00,0.2151,0.2151,0.2143,0.2149,21796.0
2023-08-23 07:15:00,0.2148,0.2161,0.2148,0.2159,63995.0
2023-08-23 07:30:00,0.2159,0.2159,0.2146,0.2149,120012.0
2023-08-23 07:45:00,0.2154,0.2156,0.215,0.2151,65326.0
2023-08-23 08:00:00,0.2151,0.2151,0.2146,0.2147,36326.0
2023-08-23 08:15:00,0.2147,0.2149,0.2143,0.2144,66059.0
2023-08-23 08:30:00,0.2145,0.2146,0.2143,0.2146,7551.0
2023-08-23 08:45:00,0.2144,0.2147,0.2138,0.2142,147840.0
2023-08-23 09:00:00,0.2144,0.2144,0.2134,0.2142,19850.0
2023-08-23 09:15:00,0.2141,0.2142,0.2134,0.214,33759.0
2023-08-23 09:30:00,0.2139,0.2148,0.2138,0.2148,127997.0
2023-08-23 09:45:00,0.2149,0.2156,0.2149,0.2155,52471.0
2023-08-23 10:00:00,0.2151,0.2151,0.2142,0.2142,29711.0
2023-08-23 10:15:00,0.2143,0.215,0.2143,0.2149,31269.0
2023-08-23 10:30:00,0.2149,0.2152,0.2147,0.215,15886.0
2023-08-23 10:45:00,0.2152,0.2153,0.2146,0.2147,38166.0
2023-08-23 11:00:00,0.2148,0.2149,0.2137,0.2139,39940.0
2023-08-23 11:15:00,0.2138,0.2146,0.2138,0.2145,25946.0
2023-08-23 11:30:00,0.2145,0.2148,0.2143,0.2144,12514.0
2023-08-23 11:45:00,0.2145,0.2145,0.2143,0.2143,4701.0
2023-08-23 12:00:00,0.2143,0.2147,0.2139,0.2145,52264.0
2023-08-23 12:15:00,0.2146,0.2147,0.2135,0.2137,41037.0
2023-08-23 12:30:00,0.2137,0.2137,0.2126,0.2128,34975.0
2023-08-23 12:45:00,0.2127,0.213,0.2121,0.2122,74188.0
2023-08-23 13:00:00,0.2123,0.2128,0.2118,0.2124,110460.0
2023-08-23 13:15:00,0.2119,0.2129,0.2119,0.2128,42982.0
2023-08-23 13:30:00,0.2127,0.2156,0.2127,0.2154,173823.0
2023-08-23 13:45:00,0.2153,0.216,0.2148,0.216,163169.0
2023-08-23 14:00:00,0.2158,0.217,0.2156,0.216,178639.0
2023-08-23 14:15:00,0.2161,0.2171,0.2156,0.2171,76237.0
2023-08-23 14:30:00,0.2172,0.2177,0.2167,0.2173,149722.0
2023-08-23 14:45:00,0.2176,0.2197,0.2175,0.2182,298062.0
2023-08-23 15:00:00,0.2181,0.2184,0.2175,0.2181,155672.0
2023-08-23 15:15:00,0.2182,0.2186,0.2177,0.218,81300.0
2023-08-23 15:30:00,0.218,0.218,0.2171,0.2173,60912.0
2023-08-23 15:45:00,0.2172,0.2185,0.2172,0.2178,132152.0
2023-08-23 16:00:00,0.218,0.2185,0.2175,0.2185,36002.0
2023-08-23 16:15:00,0.2185,0.221,0.2185,0.2205,116498.0
2023-08-23 16:30:00,0.221,0.222,0.2209,0.2217,184772.0
2023-08-23 16:45:00,0.222,0.2231,0.222,0.2226,105510.0
2023-08-23 17:00:00,0.2226,0.2227,0.2213,0.2226,142065.0
2023-08-23 17:15:00,0.2224,0.2231,0.2211,0.2214,168790.0
2023-08-23 17:30:00,0.2214,0.2229,0.2211,0.2222,227555.0
2023-08-23 17:45:00,0.2221,0.2221,0.2214,0.2214,79015.0
2023-08-23 18:00:00,0.2215,0.2226,0.2211,0.2225,45073.0
2023-08-23 18:15:00,0.2227,0.2228,0.2214,0.2216,61180.0
2023-08-23 18:30:00,0.2219,0.2219,0.2204,0.2211,186870.0
2023-08-23 18:45:00,0.2212,0.2216,0.2207,0.2213,60895.0
2023-08-23 19:00:00,0.2212,0.2227,0.2209,0.222,172210.0
2023-08-23 19:15:00,0.222,0.2224,0.2219,0.2223,25474.0
2023-08-23 19:30:00,0.2223,0.2235,0.2219,0.2232,60964.0
2023-08-23 19:45:00,0.2233,0.2242,0.2233,0.2235,153607.0
2023-08-23 20:00:00,0.2234,0.2234,0.2226,0.2229,54369.0
2023-08-23 20:15:00,0.2229,0.2238,0.2221,0.2235,213812.0
2023-08-23 20:30:00,0.2235,0.2235,0.2228,0.2231,22805.0
2023-08-23 20:45:00,0.2231,0.2231,0.2225,0.2225,13458.0
2023-08-23 21:00:00,0.2224,0.2224,0.2215,0.2217,47923.0
2023-08-23 21:15:00,0.2217,0.2224,0.2215,0.2216,193835.0
2023-08-23 21:30:00,0.2216,0.2218,0.2209,0.2212,20316.0
2023-08-23 21:45:00,0.2215,0.2215,0.2191,0.22,65370.0
2023-08-23 22:00:00,0.2197,0.221,0.2197,0.221,18915.0
2023-08-23 22:15:00,0.2211,0.2214,0.2206,0.2214,77852.0
2023-08-23 22:30:00,0.2213,0.2217,0.2212,0.2217,12741.0
2023-08-23 22:45:00,0.2215,0.2215,0.221,0.2212,16451.0
2023-08-23 23:00:00,0.2212,0.2216,0.2212,0.2212,5639.0
2023-08-23 23:15:00,0.2211,0.2216,0.2211,0.2216,31350.0
2023-08-23 23:30:00,0.2213,0.2215,0.221,0.2215,99623.0
2023-08-23 23:45:00,0.2215,0.2217,0.2211,0.2217,31519.0
2023-08-24 00:00:00,0.2217,0.2217,0.221,0.2215,72183.0
2023-08-24 00:15:00,0.2212,0.2213,0.221,0.2211,50050.0
2023-08-24 00:30:00,0.2211,0.2217,0.2206,0.2217,258618.0
2023-08-24 00:45:00,0.2217,0.2217,0.2212,0.2212,39211.0
2023-08-24 01:00:00,0.2211,0.2211,0.2197,0.2198,74450.0
2023-08-24 01:15:00,0.2197,0.2203,0.2192,0.2201,154230.0
2023-08-24 01:30:00,0.2199,0.2202,0.2196,0.2198,12808.0
2023-08-24 01:45:00,0.2201,0.2204,0.2199,0.22,18687.0
2023-08-24 02:00:00,0.22,0.2201,0.2197,0.2198,10284.0
2023-08-24 02:15:00,0.2197,0.2197,0.2189,0.2192,20788.0
2023-08-24 02:30:00,0.2194,0.2198,0.2194,0.2197,30424.0
2023-08-24 02:45:00,0.2197,0.2197,0.2194,0.2195,24792.0
2023-08-24 03:00:00,0.2197,0.2199,0.2195,0.2198,6429.0
2023-08-24 03:15:00,0.2198,0.22,0.2195,0.2197,13385.0
2023-08-24 03:30:00,0.2197,0.2197,0.2192,0.2193,14093.0
2023-08-24 03:45:00,0.2194,0.2194,0.2192,0.2194,1786.0
2023-08-24 04:00:00,0.2194,0.2194,0.2188,0.219,33640.0
2023-08-24 04:15:00,0.2189,0.2189,0.2177,0.2184,112186.0
2023-08-24 04:30:00,0.2184,0.219,0.2184,0.2187,43092.0
2023-08-24 04:45:00,0.2191,0.2209,0.2181,0.2197,1750152.0
2023-08-24 05:00:00,0.2196,0.2216,0.2188,0.2214,1676341.0
2023-08-24 05:15:00,0.2213,0.2223,0.2212,0.2222,174559.0
2023-08-24 05:30:00,0.2221,0.2224,0.2205,0.2208,61902.0
2023-08-24 05:45:00,0.2208,0.2209,0.2201,0.2201,29551.0
2023-08-24 06:00:00,0.22,0.22,0.2186,0.2188,90591.0
2023-08-24 06:15:00,0.2188,0.2189,0.2184,0.2189,60998.0
2023-08-24 06:30:00,0.219,0.2201,0.219,0.2201,47053.0
2023-08-24 06:45:00,0.2201,0.2202,0.2191,0.2192,48277.0
2023-08-24 07:00:00,0.2191,0.2199,0.2188,0.2191,61223.0
2023-08-24 07:15:00,0.219,0.2196,0.219,0.2196,31911.0
2023-08-24 07:30:00,0.2198,0.2199,0.2192,0.2197,183377.0
2023-08-24 07:45:00,0.2196,0.2201,0.2196,0.22,57020.0
2023-08-24 08:00:00,0.22,0.22,0.2195,0.2195,43798.0
2023-08-24 08:15:00,0.2195,0.2207,0.2193,0.2196,233023.0
2023-08-24 08:30:00,0.2195,0.2195,0.2184,0.2192,42956.0
2023-08-24 08:45:00,0.2192,0.2196,0.2186,0.2196,65485.0
2023-08-24 09:00:00,0.2196,0.2199,0.2191,0.2194,20023.0
2023-08-24 09:15:00,0.2196,0.2199,0.2192,0.2196,23213.0
2023-08-24 09:30:00,0.2197,0.2198,0.2186,0.2188,21715.0
2023-08-24 09:45:00,0.2189,0.2189,0.2181,0.2185,47341.0
2023-08-24 10:00:00,0.2185,0.2189,0.2181,0.2189,26134.0
2023-08-24 10:15:00,0.2189,0.2192,0.2187,0.2192,9943.0
2023-08-24 10:30:00,0.2188,0.2188,0.2183,0.2183,20949.0
2023-08-24 10:45:00,0.2184,0.2193,0.2184,0.2189,17317.0
2023-08-24 11:00:00,0.2188,0.2197,0.2186,0.2197,90910.0
2023-08-24 11:15:00,0.2199,0.2211,0.2199,0.2208,80493.0
2023-08-24 11:30:00,0.2209,0.2211,0.22,0.2201,34346.0
2023-08-24 11:45:00,0.22,0.2201,0.2192,0.22,76830.0
2023-08-24 12:00:00,0.2197,0.2198,0.219,0.2193,54206.0
2023-08-24 12:15:00,0.2193,0.2207,0.2193,0.2205,36186.0
2023-08-24 12:30:00,0.2204,0.2204,0.2194,0.22,37198.0
2023-08-24 12:45:00,0.2199,0.2212,0.2199,0.2208,86303.0
2023-08-24 13:00:00,0.2206,0.2215,0.2203,0.2215,51562.0
2023-08-24 13:15:00,0.2213,0.2214,0.2205,0.2209,54869.0
2023-08-24 13:30:00,0.2207,0.2207,0.2193,0.2197,106337.0
2023-08-24 13:45:00,0.2199,0.2205,0.2193,0.2202,47078.0
2023-08-24 14:00:00,0.2203,0.2208,0.2198,0.2203,57193.0
2023-08-24 14:15:00,0.2205,0.221,0.2201,0.2203,74700.0
2023-08-24 14:30:00,0.2202,0.2202,0.217,0.2171,268426.0
2023-08-24 14:45:00,0.2171,0.2179,0.2166,0.2172,437073.0
2023-08-24 15:00:00,0.2169,0.2179,0.2161,0.2166,197888.0
2023-08-24 15:15:00,0.2167,0.2169,0.2157,0.2157,78518.0
2023-08-24 15:30:00,0.2158,0.2176,0.2157,0.2172,85330.0
2023-08-24 15:45:00,0.2172,0.2175,0.2168,0.2168,20614.0
2023-08-24 16:00:00,0.2173,0.2176,0.2168,0.2176,18036.0
2023-08-24 16:15:00,0.2175,0.2181,0.2166,0.217,104051.0
2023-08-24 16:30:00,0.2171,0.2178,0.2163,0.2177,119616.0
2023-08-24 16:45:00,0.2176,0.2181,0.2174,0.2175,41596.0
2023-08-24 17:00:00,0.2176,0.2178,0.2172,0.2173,38155.0
2023-08-24 17:15:00,0.2172,0.2175,0.2168,0.2173,50570.0
2023-08-24 17:30:00,0.2173,0.2173,0.2151,0.2162,63449.0
2023-08-24 17:45:00,0.2162,0.2169,0.2162,0.2168,33357.0
2023-08-24 18:00:00,0.2167,0.2169,0.2159,0.2159,16016.0
2023-08-24 18:15:00,0.2159,0.2163,0.2157,0.2161,9857.0
2023-08-24 18:30:00,0.2162,0.2164,0.2157,0.2159,29867.0
2023-08-24 18:45:00,0.2159,0.216,0.2158,0.2158,8657.0
2023-08-24 19:00:00,0.216,0.2165,0.216,0.2165,10105.0
2023-08-24 19:15:00,0.2166,0.2171,0.2165,0.2171,9058.0
2023-08-24 19:30:00,0.2171,0.2171,0.2164,0.2165,16206.0
2023-08-24 19:45:00,0.2165,0.2169,0.2165,0.2168,112613.0
2023-08-24 20:00:00,0.2166,0.2166,0.2155,0.2159,285632.0
2023-08-24 20:15:00,0.2158,0.2163,0.2158,0.2163,17546.0
2023-08-24 20:30:00,0.2163,0.2163,0.215,0.2154,20197.0
2023-08-24 20:45:00,0.2154,0.2154,0.2114,0.2124,511438.0
2023-08-24 21:00:00,0.2124,0.2128,0.2122,0.2126,62313.0
2023-08-24 21:15:00,0.2129,0.2135,0.2129,0.2135,21630.0
2023-08-24 21:30:00,0.2135,0.2137,0.2131,0.2135,53925.0
2023-08-24 21:45:00,0.2138,0.214,0.2138,0.214,3161.0
2023-08-24 22:00:00,0.214,0.2143,0.2134,0.2138,17647.0
2023-08-24 22:15:00,0.2137,0.2139,0.2134,0.2135,18505.0
2023-08-24 22:30:00,0.2133,0.2136,0.2132,0.2133,64433.0
2023-08-24 22:45:00,0.2133,0.214,0.2133,0.2134,17667.0
2023-08-24 23:00:00,0.2134,0.2134,0.2123,0.213,38996.0
2023-08-24 23:15:00,0.2129,0.2134,0.2127,0.2132,14912.0
2023-08-24 23:30:00,0.2132,0.2135,0.2132,0.2135,12256.0
2023-08-24 23:45:00,0.2136,0.2148,0.2134,0.2146,42043.0
2023-08-25 00:00:00,0.2147,0.2147,0.2128,0.2131,34907.0
2023-08-25 00:15:00,0.2131,0.2134,0.2131,0.2132,14739.0
2023-08-25 00:30:00,0.2134,0.2134,0.212,0.2122,23539.0
2023-08-25 00:45:00,0.2123,0.2124,0.212,0.212,53136.0
2023-08-25 01:00:00,0.2119,0.2123,0.2117,0.2121,12032.0
2023-08-25 01:15:00,0.2122,0.2126,0.2116,0.2126,59696.0
2023-08-25 01:30:00,0.2126,0.2126,0.2117,0.2123,10277.0
2023-08-25 01:45:00,0.2124,0.2137,0.2124,0.2134,169442.0
2023-08-25 02:00:00,0.2134,0.2137,0.2134,0.2137,7412.0
2023-08-25 02:15:00,0.2137,0.2139,0.2134,0.2139,16788.0
2023-08-25 02:30:00,0.2137,0.2137,0.2127,0.2132,26328.0
2023-08-25 02:45:00,0.2128,0.2128,0.2121,0.2121,2216.0
2023-08-25 03:00:00,0.2122,0.2127,0.2121,0.2127,70626.0
2023-08-25 03:15:00,0.2127,0.2128,0.2089,0.2103,212366.0
2023-08-25 03:30:00,0.2101,0.2105,0.2099,0.2104,58630.0
2023-08-25 03:45:00,0.2104,0.2106,0.21,0.2104,29415.0
2023-08-25 04:00:00,0.2106,0.2108,0.2096,0.21,27525.0
2023-08-25 04:15:00,0.21,0.21,0.2088,0.2088,49591.0
2023-08-25 04:30:00,0.2087,0.209,0.207,0.2076,234800.0
2023-08-25 04:45:00,0.2076,0.2077,0.2064,0.2067,89895.0
2023-08-25 05:00:00,0.207,0.2081,0.2064,0.2081,98039.0
2023-08-25 05:15:00,0.2085,0.2093,0.2085,0.2093,17579.0
2023-08-25 05:30:00,0.2093,0.2096,0.2091,0.2095,19247.0
2023-08-25 05:45:00,0.2095,0.2104,0.2093,0.2093,66896.0
2023-08-25 06:00:00,0.2096,0.2096,0.209,0.2094,16899.0
2023-08-25 06:15:00,0.2094,0.2094,0.2086,0.2092,23816.0
2023-08-25 06:30:00,0.2092,0.2092,0.2081,0.2082,54973.0
2023-08-25 06:45:00,0.2083,0.2085,0.2079,0.2084,11610.0
2023-08-25 07:00:00,0.2083,0.2095,0.2083,0.2092,78235.0
2023-08-25 07:15:00,0.2093,0.2096,0.2092,0.2092,15974.0
2023-08-25 07:30:00,0.2093,0.2095,0.2084,0.2088,48651.0
2023-08-25 07:45:00,0.2086,0.2087,0.2081,0.2086,56144.0
2023-08-25 08:00:00,0.2086,0.2091,0.2084,0.2088,46911.0
2023-08-25 08:15:00,0.2088,0.2094,0.2087,0.209,160707.0
2023-08-25 08:30:00,0.2087,0.2087,0.2081,0.2083,41504.0
2023-08-25 08:45:00,0.2083,0.2086,0.2081,0.2081,20703.0
2023-08-25 09:00:00,0.2085,0.2085,0.2074,0.2082,116951.0
2023-08-25 09:15:00,0.2085,0.2099,0.2085,0.2098,45140.0
2023-08-25 09:30:00,0.2097,0.2097,0.2092,0.2092,24502.0
2023-08-25 09:45:00,0.2092,0.2092,0.2087,0.2091,7836.0
2023-08-25 10:00:00,0.2086,0.209,0.2086,0.2089,10791.0
2023-08-25 10:15:00,0.2093,0.2097,0.2091,0.2091,16012.0
2023-08-25 10:30:00,0.2092,0.2094,0.2086,0.2086,5478.0
2023-08-25 10:45:00,0.2089,0.2089,0.208,0.2083,30945.0
2023-08-25 11:00:00,0.2085,0.209,0.2085,0.2088,32533.0
2023-08-25 11:15:00,0.2088,0.2092,0.2087,0.2092,1501.0
2023-08-25 11:30:00,0.2092,0.2095,0.2091,0.2092,45085.0
2023-08-25 11:45:00,0.209,0.2092,0.2086,0.2092,8664.0
2023-08-25 12:00:00,0.2089,0.2095,0.2089,0.2093,28195.0
2023-08-25 12:15:00,0.2093,0.2093,0.2084,0.2084,25586.0
2023-08-25 12:30:00,0.2087,0.2088,0.2081,0.2085,16895.0
2023-08-25 12:45:00,0.2082,0.2087,0.2079,0.2082,73979.0
2023-08-25 13:00:00,0.2085,0.2087,0.2079,0.2082,136936.0
2023-08-25 13:15:00,0.2086,0.2087,0.2073,0.2085,37125.0
2023-08-25 13:30:00,0.2081,0.2085,0.2076,0.2076,33447.0
2023-08-25 13:45:00,0.2076,0.2077,0.207,0.2071,40987.0
2023-08-25 14:00:00,0.2071,0.2078,0.2064,0.2078,168073.0
2023-08-25 14:15:00,0.2078,0.2106,0.2078,0.2079,153682.0
2023-08-25 14:30:00,0.208,0.2083,0.2068,0.2068,89918.0
2023-08-25 14:45:00,0.2068,0.2075,0.2064,0.2066,37202.0
2023-08-25 15:00:00,0.207,0.2088,0.2062,0.2082,163381.0
2023-08-25 15:15:00,0.2084,0.209,0.2076,0.2088,30194.0
2023-08-25 15:30:00,0.2087,0.2095,0.2083,0.209,55136.0
2023-08-25 15:45:00,0.2089,0.2089,0.2081,0.2087,12672.0
2023-08-25 16:00:00,0.2089,0.2091,0.2078,0.2081,10259.0
2023-08-25 16:15:00,0.2082,0.2085,0.208,0.2085,12157.0
2023-08-25 16:30:00,0.2084,0.2084,0.2069,0.2071,39225.0
2023-08-25 16:45:00,0.2071,0.2092,0.2071,0.2085,557325.0
2023-08-25 17:00:00,0.2083,0.2083,0.2073,0.2075,80473.0
2023-08-25 17:15:00,0.2075,0.2075,0.2065,0.2065,35244.0
2023-08-25 17:30:00,0.2066,0.2069,0.2063,0.2067,48905.0
2023-08-25 17:45:00,0.2068,0.2076,0.2066,0.2074,22650.0
2023-08-25 18:00:00,0.2073,0.2076,0.2064,0.2066,43163.0
2023-08-25 18:15:00,0.207,0.2076,0.2065,0.2068,269383.0
2023-08-25 18:30:00,0.2071,0.2077,0.2069,0.2077,21596.0
2023-08-25 18:45:00,0.2077,0.2086,0.2076,0.2085,20416.0
2023-08-25 19:00:00,0.2085,0.2087,0.2079,0.2081,36496.0
2023-08-25 19:15:00,0.2082,0.2082,0.2075,0.2078,13668.0
2023-08-25 19:30:00,0.2077,0.2078,0.207,0.2074,42665.0
2023-08-25 19:45:00,0.2072,0.2077,0.2071,0.2074,4904.0
2023-08-25 20:00:00,0.2072,0.2072,0.2067,0.2067,24923.0
2023-08-25 20:15:00,0.2068,0.207,0.2066,0.2066,2074.0
2023-08-25 20:30:00,0.2065,0.2067,0.2061,0.2062,14734.0
2023-08-25 20:45:00,0.2065,0.207,0.2065,0.207,13523.0
2023-08-25 21:00:00,0.2066,0.2067,0.2061,0.2063,41096.0
2023-08-25 21:15:00,0.2061,0.2061,0.206,0.206,20539.0
2023-08-25 21:30:00,0.206,0.2062,0.206,0.206,5143.0
2023-08-25 21:45:00,0.2062,0.2067,0.2062,0.2066,6029.0
2023-08-25 22:00:00,0.2069,0.2071,0.2069,0.2071,3377.0
2023-08-25 22:15:00,0.2071,0.2071,0.2063,0.2065,16022.0
2023-08-25 22:30:00,0.2064,0.207,0.2064,0.2068,18580.0
2023-08-25 22:45:00,0.2069,0.2078,0.2069,0.2078,6514.0
2023-08-25 23:00:00,0.2077,0.2077,0.2076,0.2076,2602.0
2023-08-25 23:15:00,0.2076,0.2076,0.2067,0.2071,31952.0
2023-08-25 23:30:00,0.2072,0.2078,0.2069,0.2077,22792.0
2023-08-25 23:45:00,0.2079,0.208,0.2079,0.208,20000.0
2023-08-26 00:00:00,0.2079,0.208,0.2071,0.2071,18552.0
2023-08-26 00:15:00,0.2069,0.2079,0.2068,0.2075,66258.0
2023-08-26 00:30:00,0.2075,0.2075,0.207,0.2071,12354.0
2023-08-26 00:45:00,0.207,0.2075,0.207,0.2071,17040.0
2023-08-26 01:00:00,0.2072,0.2082,0.2072,0.2079,25562.0
2023-08-26 01:15:00,0.208,0.209,0.208,0.209,45525.0
2023-08-26 01:30:00,0.209,0.209,0.2086,0.2088,20039.0
2023-08-26 01:45:00,0.209,0.2093,0.2089,0.209,48696.0
2023-08-26 02:00:00,0.2092,0.2103,0.2092,0.2103,25126.0
2023-08-26 02:15:00,0.2102,0.2113,0.21,0.2105,288597.0
2023-08-26 02:30:00,0.2107,0.2109,0.2104,0.2104,8357.0
2023-08-26 02:45:00,0.2103,0.2115,0.2103,0.2112,35931.0
2023-08-26 03:00:00,0.2114,0.2115,0.2108,0.2111,11103.0
2023-08-26 03:15:00,0.2112,0.2115,0.2106,0.2113,78376.0
2023-08-26 03:30:00,0.2112,0.2125,0.211,0.2125,29042.0
2023-08-26 03:45:00,0.2123,0.2123,0.2118,0.212,15576.0
2023-08-26 04:00:00,0.2121,0.2129,0.2118,0.2128,84334.0
2023-08-26 04:15:00,0.2128,0.2135,0.2127,0.2131,84975.0
2023-08-26 04:30:00,0.2131,0.2131,0.2126,0.213,37686.0
2023-08-26 04:45:00,0.2131,0.2131,0.2125,0.2125,23155.0
2023-08-26 05:00:00,0.2127,0.2131,0.2125,0.2131,22735.0
2023-08-26 05:15:00,0.2133,0.2134,0.2129,0.2132,29869.0
2023-08-26 05:30:00,0.2133,0.2133,0.2118,0.2119,38528.0
2023-08-26 05:45:00,0.212,0.212,0.2116,0.212,22698.0
2023-08-26 06:00:00,0.2121,0.2122,0.212,0.2122,11145.0
2023-08-26 06:15:00,0.2122,0.2129,0.212,0.2129,21149.0
2023-08-26 06:30:00,0.2128,0.2135,0.2125,0.2133,48198.0
2023-08-26 06:45:00,0.2133,0.2139,0.2133,0.2139,44553.0
2023-08-26 07:00:00,0.214,0.2143,0.2137,0.2143,32541.0
2023-08-26 07:15:00,0.2142,0.2142,0.2137,0.2138,30360.0
2023-08-26 07:30:00,0.2137,0.214,0.2133,0.214,41180.0
2023-08-26 07:45:00,0.214,0.2144,0.2136,0.214,21467.0
2023-08-26 08:00:00,0.2139,0.2147,0.2135,0.2147,22050.0
2023-08-26 08:15:00,0.2144,0.2145,0.2141,0.2144,13233.0
2023-08-26 08:30:00,0.2141,0.2143,0.2137,0.2137,26722.0
2023-08-26 08:45:00,0.2135,0.2139,0.2133,0.2136,18967.0
2023-08-26 09:00:00,0.2135,0.2138,0.2134,0.2135,7562.0
2023-08-26 09:15:00,0.2135,0.2149,0.2135,0.2143,69329.0
2023-08-26 09:30:00,0.2141,0.2141,0.2133,0.2137,29804.0
2023-08-26 09:45:00,0.2135,0.2136,0.213,0.2131,37685.0
2023-08-26 10:00:00,0.2131,0.2132,0.2129,0.2132,4631.0
2023-08-26 10:15:00,0.2131,0.2131,0.2126,0.2127,31134.0
2023-08-26 10:30:00,0.2129,0.213,0.2122,0.2122,17968.0
2023-08-26 10:45:00,0.2125,0.2135,0.2125,0.2135,64409.0
2023-08-26 11:00:00,0.2133,0.2133,0.213,0.2133,9069.0
2023-08-26 11:15:00,0.2134,0.2134,0.2128,0.2128,8104.0
2023-08-26 11:30:00,0.2129,0.2138,0.2129,0.2133,27041.0
2023-08-26 11:45:00,0.2134,0.2138,0.213,0.2134,75582.0
2023-08-26 12:00:00,0.2133,0.2133,0.2122,0.2123,37157.0
2023-08-26 12:15:00,0.2124,0.2125,0.2112,0.2113,50951.0
2023-08-26 12:30:00,0.2114,0.2117,0.2114,0.2117,14430.0
2023-08-26 12:45:00,0.2118,0.2119,0.2115,0.2119,32874.0
2023-08-26 13:00:00,0.2119,0.2133,0.2119,0.2129,123931.0
2023-08-26 13:15:00,0.2129,0.2129,0.2122,0.2124,88420.0
2023-08-26 13:30:00,0.2124,0.2124,0.2119,0.212,23062.0
2023-08-26 13:45:00,0.212,0.212,0.2106,0.2112,173943.0
2023-08-26 14:00:00,0.2113,0.2114,0.2108,0.2108,4854.0
2023-08-26 14:15:00,0.2109,0.2112,0.2109,0.2112,6492.0
2023-08-26 14:30:00,0.2112,0.2114,0.2109,0.2114,23172.0
2023-08-26 14:45:00,0.2113,0.2118,0.2113,0.2116,13299.0
2023-08-26 15:00:00,0.2117,0.2117,0.2106,0.2107,75052.0
2023-08-26 15:15:00,0.2105,0.2109,0.2104,0.2106,6498.0
2023-08-26 15:30:00,0.2107,0.2109,0.2106,0.2108,15924.0
2023-08-26 15:45:00,0.2108,0.2109,0.2104,0.2104,16569.0
2023-08-26 16:00:00,0.2106,0.2108,0.2105,0.2105,8254.0
2023-08-26 16:15:00,0.2104,0.2104,0.2099,0.2099,61696.0
2023-08-26 16:30:00,0.2097,0.2098,0.2089,0.209,62165.0
2023-08-26 16:45:00,0.209,0.2091,0.2088,0.2089,12806.0
2023-08-26 17:00:00,0.2088,0.2092,0.2082,0.2089,130265.0
2023-08-26 17:15:00,0.2089,0.2091,0.2087,0.2089,92988.0
2023-08-26 17:30:00,0.2089,0.209,0.2085,0.2087,15282.0
2023-08-26 17:45:00,0.2086,0.2086,0.2084,0.2086,2785.0
2023-08-26 18:00:00,0.209,0.209,0.2083,0.2083,21475.0
2023-08-26 18:15:00,0.2082,0.2086,0.2082,0.2082,7256.0
2023-08-26 18:30:00,0.2082,0.2082,0.2074,0.2076,101156.0
2023-08-26 18:45:00,0.2076,0.2081,0.2074,0.2081,29080.0
2023-08-26 19:00:00,0.2082,0.2085,0.208,0.2085,30996.0
2023-08-26 19:15:00,0.2085,0.2085,0.2081,0.2081,16715.0
2023-08-26 19:30:00,0.2083,0.2083,0.208,0.208,10379.0
2023-08-26 19:45:00,0.208,0.2083,0.2077,0.2082,13007.0
2023-08-26 20:00:00,0.2081,0.2081,0.2079,0.208,9304.0
2023-08-26 20:15:00,0.2081,0.2095,0.2081,0.2088,96167.0
2023-08-26 20:30:00,0.2088,0.2089,0.2083,0.2083,18955.0
2023-08-26 20:45:00,0.2084,0.2094,0.2084,0.209,30725.0
2023-08-26 21:00:00,0.2089,0.2089,0.2084,0.2088,43237.0
2023-08-26 21:15:00,0.2089,0.2094,0.2088,0.2094,6305.0
2023-08-26 21:30:00,0.2093,0.2093,0.2089,0.209,10540.0
2023-08-26 21:45:00,0.209,0.2098,0.209,0.2097,19495.0
2023-08-26 22:00:00,0.2096,0.2098,0.209,0.2091,74001.0
2023-08-26 22:15:00,0.209,0.2092,0.2088,0.209,30467.0
2023-08-26 22:30:00,0.2089,0.2089,0.2086,0.2088,6881.0
2023-08-26 22:45:00,0.2089,0.2089,0.2088,0.2089,27317.0
2023-08-26 23:00:00,0.209,0.209,0.208,0.2081,11660.0
2023-08-26 23:15:00,0.2081,0.2083,0.2079,0.2083,7007.0
2023-08-26 23:30:00,0.2083,0.2089,0.2083,0.2085,32223.0
2023-08-26 23:45:00,0.2087,0.2088,0.2085,0.2085,13376.0
2023-08-27 00:00:00,0.2085,0.2094,0.2085,0.2093,15807.0
2023-08-27 00:15:00,0.2093,0.2093,0.2088,0.2091,36375.0
2023-08-27 00:30:00,0.2088,0.2089,0.2078,0.2078,24966.0
2023-08-27 00:45:00,0.2078,0.2079,0.2073,0.2073,27692.0
2023-08-27 01:00:00,0.2075,0.2075,0.2073,0.2074,12694.0
2023-08-27 01:15:00,0.2071,0.2073,0.2069,0.207,62381.0
2023-08-27 01:30:00,0.2071,0.2071,0.2066,0.2069,23208.0
2023-08-27 01:45:00,0.2069,0.2076,0.2069,0.2074,38657.0
2023-08-27 02:00:00,0.2073,0.2074,0.207,0.207,16522.0
2023-08-27 02:15:00,0.2071,0.2074,0.207,0.2071,48777.0
2023-08-27 02:30:00,0.2071,0.2071,0.2067,0.2069,8391.0
2023-08-27 02:45:00,0.2068,0.2068,0.2063,0.2063,2976.0
2023-08-27 03:00:00,0.2062,0.2073,0.2062,0.2073,41588.0
2023-08-27 03:15:00,0.2074,0.2075,0.2074,0.2074,17293.0
2023-08-27 03:30:00,0.2075,0.2075,0.2073,0.2073,14189.0
2023-08-27 03:45:00,0.2072,0.2074,0.2066,0.2066,42308.0
2023-08-27 04:00:00,0.2065,0.207,0.2065,0.2065,37757.0
2023-08-27 04:15:00,0.2066,0.2068,0.2065,0.2067,26941.0
2023-08-27 04:30:00,0.2067,0.207,0.2067,0.2069,10358.0
2023-08-27 04:45:00,0.207,0.2073,0.207,0.2072,9867.0
2023-08-27 05:00:00,0.2071,0.2078,0.207,0.2072,147308.0
2023-08-27 05:15:00,0.2071,0.2071,0.2066,0.2069,95589.0
2023-08-27 05:30:00,0.2069,0.2071,0.2066,0.2066,18924.0
2023-08-27 05:45:00,0.2066,0.2071,0.2066,0.2071,31464.0
2023-08-27 06:00:00,0.2069,0.207,0.2068,0.2068,670.0
2023-08-27 06:15:00,0.2068,0.2069,0.2063,0.2063,44840.0
2023-08-27 06:30:00,0.2065,0.2065,0.2061,0.2063,15938.0
2023-08-27 06:45:00,0.2063,0.2068,0.206,0.2064,37136.0
2023-08-27 07:00:00,0.2065,0.2065,0.206,0.2063,59085.0
2023-08-27 07:15:00,0.2063,0.2065,0.2062,0.2062,7930.0
2023-08-27 07:30:00,0.2062,0.2066,0.2062,0.2065,38629.0
2023-08-27 07:45:00,0.2065,0.2066,0.2063,0.2063,11687.0
2023-08-27 08:00:00,0.2064,0.2067,0.2061,0.2066,35236.0
2023-08-27 08:15:00,0.2062,0.2064,0.206,0.2061,47029.0
2023-08-27 08:30:00,0.206,0.2063,0.2058,0.2059,19833.0
2023-08-27 08:45:00,0.2059,0.2062,0.2058,0.2061,55746.0
2023-08-27 09:00:00,0.2062,0.2062,0.2053,0.2054,83535.0
2023-08-27 09:15:00,0.2055,0.206,0.2053,0.2055,58481.0
2023-08-27 09:30:00,0.2053,0.2057,0.2052,0.2056,47737.0
2023-08-27 09:45:00,0.2056,0.207,0.2056,0.2065,92527.0
2023-08-27 10:00:00,0.2066,0.2068,0.2063,0.2064,42499.0
2023-08-27 10:15:00,0.2065,0.207,0.2064,0.207,42945.0
2023-08-27 10:30:00,0.2071,0.2072,0.2068,0.2069,16962.0
2023-08-27 10:45:00,0.2069,0.2071,0.2065,0.2066,61826.0
2023-08-27 11:00:00,0.2065,0.2067,0.2062,0.2063,64643.0
2023-08-27 11:15:00,0.2063,0.2068,0.2063,0.2066,14090.0
2023-08-27 11:30:00,0.2066,0.2066,0.2055,0.2059,36028.0
2023-08-27 11:45:00,0.2058,0.2065,0.2057,0.2065,93653.0
2023-08-27 12:00:00,0.2066,0.2071,0.206,0.2067,64312.0
2023-08-27 12:15:00,0.2066,0.2071,0.2062,0.2063,50736.0
2023-08-27 12:30:00,0.2063,0.2065,0.2062,0.2064,4930.0
2023-08-27 12:45:00,0.2064,0.2071,0.2063,0.2068,26838.0
2023-08-27 13:00:00,0.2068,0.2077,0.2068,0.2074,34082.0
2023-08-27 13:15:00,0.2075,0.2077,0.2066,0.2074,82595.0
2023-08-27 13:30:00,0.2073,0.2074,0.2069,0.2069,16004.0
2023-08-27 13:45:00,0.2069,0.2072,0.2068,0.2072,10919.0
2023-08-27 14:00:00,0.2073,0.208,0.2072,0.2077,22489.0
2023-08-27 14:15:00,0.2079,0.2082,0.2078,0.2081,26595.0
2023-08-27 14:30:00,0.2083,0.2088,0.2083,0.2087,78922.0
2023-08-27 14:45:00,0.2087,0.2091,0.2083,0.2086,80205.0
2023-08-27 15:00:00,0.2087,0.2089,0.2082,0.2083,29616.0
2023-08-27 15:15:00,0.2083,0.2089,0.2083,0.2088,13679.0
2023-08-27 15:30:00,0.2089,0.2089,0.2082,0.2088,31146.0
2023-08-27 15:45:00,0.2089,0.209,0.2083,0.2086,51295.0
2023-08-27 16:00:00,0.2086,0.2091,0.2086,0.209,40423.0
2023-08-27 16:15:00,0.2092,0.2094,0.209,0.2094,32530.0
2023-08-27 16:30:00,0.2095,0.2097,0.2092,0.2093,48448.0
2023-08-27 16:45:00,0.2094,0.2103,0.2094,0.2103,49735.0
2023-08-27 17:00:00,0.2104,0.2105,0.2098,0.21,114654.0
2023-08-27 17:15:00,0.21,0.21,0.2092,0.2094,162123.0
2023-08-27 17:30:00,0.2093,0.2093,0.209,0.2091,37358.0
2023-08-27 17:45:00,0.209,0.2092,0.2088,0.2088,76352.0
2023-08-27 18:00:00,0.2088,0.2088,0.2083,0.2085,35453.0
2023-08-27 18:15:00,0.2084,0.209,0.2084,0.2089,12657.0
2023-08-27 18:30:00,0.2089,0.2089,0.2087,0.2089,3424.0
2023-08-27 18:45:00,0.2089,0.2093,0.2089,0.2091,4427.0
2023-08-27 19:00:00,0.2092,0.2095,0.2091,0.2095,22098.0
2023-08-27 19:15:00,0.2094,0.2095,0.2094,0.2095,27725.0
2023-08-27 19:30:00,0.2095,0.2095,0.2092,0.2094,17086.0
2023-08-27 19:45:00,0.2095,0.2095,0.209,0.2091,23648.0
2023-08-27 20:00:00,0.2092,0.2095,0.2091,0.2095,16414.0
2023-08-27 20:15:00,0.2095,0.2095,0.2092,0.2094,8393.0
2023-08-27 20:30:00,0.2094,0.2094,0.2093,0.2094,1111.0
2023-08-27 20:45:00,0.2093,0.2094,0.2092,0.2093,5265.0
2023-08-27 21:00:00,0.2093,0.2093,0.2091,0.2093,16612.0
2023-08-27 21:15:00,0.2092,0.2094,0.2091,0.2093,72271.0
2023-08-27 21:30:00,0.2093,0.2093,0.2092,0.2092,9081.0
2023-08-27 21:45:00,0.2089,0.2089,0.2084,0.2084,26525.0
2023-08-27 22:00:00,0.2085,0.2085,0.2083,0.2084,10721.0
2023-08-27 22:15:00,0.2084,0.2088,0.2084,0.2087,17196.0
2023-08-27 22:30:00,0.2088,0.2089,0.2087,0.2088,10575.0
2023-08-27 22:45:00,0.2089,0.2092,0.2089,0.2091,19396.0
2023-08-27 23:00:00,0.2093,0.21,0.2092,0.21,260924.0
2023-08-27 23:15:00,0.2101,0.2104,0.2098,0.21,48287.0
2023-08-27 23:30:00,0.2098,0.2106,0.2098,0.2101,86474.0
2023-08-27 23:45:00,0.2101,0.2103,0.21,0.21,32055.0
2023-08-28 00:00:00,0.21,0.2109,0.2097,0.2106,40579.0
2023-08-28 00:15:00,0.2106,0.2109,0.2097,0.2097,71699.0
2023-08-28 00:30:00,0.2098,0.2107,0.2098,0.2104,27993.0
2023-08-28 00:45:00,0.2104,0.2111,0.2094,0.2103,78993.0
2023-08-28 01:00:00,0.2103,0.2108,0.21,0.2101,28634.0
2023-08-28 01:15:00,0.2101,0.2104,0.2098,0.2104,73112.0
2023-08-28 01:30:00,0.2103,0.211,0.2091,0.2097,59896.0
2023-08-28 01:45:00,0.2094,0.2105,0.2094,0.2098,72775.0
2023-08-28 02:00:00,0.2098,0.2098,0.2092,0.2092,96166.0
2023-08-28 02:15:00,0.2092,0.2096,0.2077,0.2078,443323.0
2023-08-28 02:30:00,0.2078,0.2081,0.2076,0.2077,111913.0
2023-08-28 02:45:00,0.2077,0.2077,0.2057,0.2058,164216.0
2023-08-28 03:00:00,0.2057,0.2067,0.2057,0.206,117011.0
2023-08-28 03:15:00,0.206,0.2067,0.206,0.2067,36496.0
2023-08-28 03:30:00,0.2067,0.2071,0.2065,0.2066,46177.0
2023-08-28 03:45:00,0.2066,0.207,0.2063,0.2065,53437.0
2023-08-28 04:00:00,0.2066,0.2068,0.206,0.2068,22386.0
2023-08-28 04:15:00,0.2068,0.207,0.2067,0.2069,14090.0
2023-08-28 04:30:00,0.2069,0.2073,0.2069,0.2071,66259.0
2023-08-28 04:45:00,0.2072,0.2074,0.2072,0.2074,12475.0
2023-08-28 05:00:00,0.2073,0.2075,0.207,0.2075,48335.0
2023-08-28 05:15:00,0.2074,0.2076,0.2063,0.2063,122849.0
2023-08-28 05:30:00,0.2063,0.2064,0.202,0.2023,808272.0
2023-08-28 05:45:00,0.2022,0.2033,0.2021,0.2033,88482.0
2023-08-28 06:00:00,0.2032,0.2035,0.2027,0.2027,48917.0
2023-08-28 06:15:00,0.2028,0.2028,0.201,0.2013,251770.0
2023-08-28 06:30:00,0.2014,0.2022,0.2014,0.2018,56699.0
2023-08-28 06:45:00,0.2019,0.202,0.2018,0.2018,14389.0
2023-08-28 07:00:00,0.2018,0.202,0.199,0.1994,641429.0
2023-08-28 07:15:00,0.1994,0.1994,0.1983,0.1987,173558.0
2023-08-28 07:30:00,0.1986,0.1987,0.1975,0.1978,197860.0
2023-08-28 07:45:00,0.1979,0.1993,0.1979,0.1991,81895.0
2023-08-28 08:00:00,0.1991,0.1992,0.1981,0.1983,69423.0
2023-08-28 08:15:00,0.1983,0.199,0.198,0.1984,224008.0
2023-08-28 08:30:00,0.1983,0.1994,0.1979,0.1994,65513.0
2023-08-28 08:45:00,0.1994,0.2,0.1993,0.1998,69483.0
2023-08-28 09:00:00,0.1997,0.2002,0.1942,0.1951,748142.0
2023-08-28 09:15:00,0.1951,0.1968,0.1939,0.1964,485608.0
2023-08-28 09:30:00,0.1964,0.1967,0.1961,0.1965,76444.0
2023-08-28 09:45:00,0.1966,0.197,0.1964,0.197,64900.0
2023-08-28 10:00:00,0.197,0.1972,0.1965,0.1969,67824.0
2023-08-28 10:15:00,0.1968,0.1975,0.1968,0.1974,66145.0
2023-08-28 10:30:00,0.1974,0.1977,0.1973,0.1974,23822.0
2023-08-28 10:45:00,0.1976,0.1984,0.1976,0.1984,19152.0
2023-08-28 11:00:00,0.1984,0.1985,0.1983,0.1984,13923.0
2023-08-28 11:15:00,0.1983,0.1985,0.1982,0.1983,23209.0
2023-08-28 11:30:00,0.1983,0.1988,0.1983,0.1988,30386.0
2023-08-28 11:45:00,0.1987,0.2002,0.1983,0.2002,332753.0
2023-08-28 12:00:00,0.2001,0.2016,0.1995,0.2014,182834.0
2023-08-28 12:15:00,0.2015,0.2047,0.2014,0.204,298266.0
2023-08-28 12:30:00,0.2041,0.2052,0.2034,0.2039,190785.0
2023-08-28 12:45:00,0.2038,0.204,0.2027,0.2027,66200.0
2023-08-28 13:00:00,0.2029,0.2032,0.2019,0.202,164165.0
2023-08-28 13:15:00,0.2019,0.2028,0.2019,0.2028,34308.0
2023-08-28 13:30:00,0.2027,0.2043,0.2025,0.2043,62628.0
2023-08-28 13:45:00,0.2043,0.2044,0.2033,0.2033,34783.0
2023-08-28 14:00:00,0.2032,0.2035,0.2028,0.2031,202777.0
2023-08-28 14:15:00,0.2033,0.2042,0.2033,0.204,18607.0
2023-08-28 14:30:00,0.204,0.2044,0.2032,0.2032,41922.0
2023-08-28 14:45:00,0.2033,0.2035,0.2028,0.203,20576.0
2023-08-28 15:00:00,0.2034,0.2034,0.2023,0.2025,32752.0
2023-08-28 15:15:00,0.2023,0.2029,0.2022,0.2026,150403.0
2023-08-28 15:30:00,0.2025,0.2032,0.2025,0.2026,33905.0
2023-08-28 15:45:00,0.2027,0.2027,0.2015,0.202,127624.0
2023-08-28 16:00:00,0.2021,0.2027,0.2019,0.2026,44834.0
2023-08-28 16:15:00,0.2028,0.2028,0.2012,0.2013,78559.0
2023-08-28 16:30:00,0.2015,0.2021,0.2013,0.2021,25049.0
2023-08-28 16:45:00,0.2022,0.2028,0.202,0.2025,47044.0
2023-08-28 17:00:00,0.2026,0.2031,0.2026,0.203,19766.0
2023-08-28 17:15:00,0.203,0.2032,0.2028,0.2029,10738.0
2023-08-28 17:30:00,0.203,0.2033,0.2028,0.2031,22990.0
2023-08-28 17:45:00,0.203,0.2034,0.203,0.203,22342.0
2023-08-28 18:00:00,0.2033,0.2034,0.2023,0.2029,24272.0
2023-08-28 18:15:00,0.2028,0.2031,0.2026,0.2029,13652.0
2023-08-28 18:30:00,0.2029,0.2033,0.2026,0.203,43455.0
2023-08-28 18:45:00,0.2029,0.2031,0.2026,0.2031,19503.0
2023-08-28 19:00:00,0.203,0.2033,0.2029,0.2032,59118.0
2023-08-28 19:15:00,0.2032,0.2033,0.2005,0.2017,115536.0
2023-08-28 19:30:00,0.2017,0.2022,0.2017,0.2018,4961.0
2023-08-28 19:45:00,0.202,0.2025,0.2017,0.2025,31993.0
2023-08-28 20:00:00,0.2024,0.2026,0.2017,0.2019,51645.0
2023-08-28 20:15:00,0.2019,0.2023,0.2018,0.2023,76044.0
2023-08-28 20:30:00,0.2023,0.2027,0.2022,0.2025,12784.0
2023-08-28 20:45:00,0.2024,0.2024,0.2019,0.2019,6638.0
2023-08-28 21:00:00,0.2022,0.2022,0.2016,0.2016,18871.0
2023-08-28 21:15:00,0.2017,0.2022,0.2017,0.202,44366.0
2023-08-28 21:30:00,0.2019,0.2022,0.2017,0.2017,11652.0
2023-08-28 21:45:00,0.2016,0.2016,0.2009,0.2013,38812.0
2023-08-28 22:00:00,0.2012,0.2016,0.2011,0.2016,43869.0
2023-08-28 22:15:00,0.2016,0.2022,0.2016,0.2022,29571.0
2023-08-28 22:30:00,0.202,0.2022,0.2019,0.2022,16473.0
2023-08-28 22:45:00,0.2021,0.2022,0.2019,0.2019,7345.0
2023-08-28 23:00:00,0.2021,0.2026,0.2021,0.2025,44807.0
2023-08-28 23:15:00,0.2025,0.2032,0.2025,0.2028,16368.0
2023-08-28 23:30:00,0.2029,0.2029,0.2023,0.2024,14454.0
2023-08-28 23:45:00,0.2025,0.2025,0.2021,0.2022,12622.0
2023-08-29 00:00:00,0.2022,0.2027,0.2021,0.2024,90312.0
2023-08-29 00:15:00,0.2024,0.2025,0.2018,0.2018,45074.0
2023-08-29 00:30:00,0.2018,0.2021,0.2013,0.2017,55299.0
2023-08-29 00:45:00,0.202,0.2024,0.2017,0.2024,58965.0
2023-08-29 01:00:00,0.2023,0.2028,0.202,0.2026,19208.0
2023-08-29 01:15:00,0.2028,0.204,0.2026,0.203,93245.0
2023-08-29 01:30:00,0.2032,0.2041,0.2032,0.2034,81023.0
2023-08-29 01:45:00,0.2033,0.2038,0.2018,0.2018,183298.0
2023-08-29 02:00:00,0.202,0.2021,0.2001,0.2003,97755.0
2023-08-29 02:15:00,0.2003,0.2014,0.2003,0.2007,232804.0
2023-08-29 02:30:00,0.2006,0.2006,0.1996,0.1996,114297.0
2023-08-29 02:45:00,0.1997,0.1997,0.1991,0.1993,57512.0
2023-08-29 03:00:00,0.1995,0.1995,0.1982,0.1982,34417.0
2023-08-29 03:15:00,0.1982,0.1986,0.1978,0.198,36068.0
2023-08-29 03:30:00,0.1981,0.1987,0.1979,0.1986,42838.0
2023-08-29 03:45:00,0.1986,0.199,0.1985,0.1989,7427.0
2023-08-29 04:00:00,0.1988,0.1989,0.1981,0.1984,91387.0
2023-08-29 04:15:00,0.1983,0.1989,0.198,0.1989,49485.0
2023-08-29 04:30:00,0.1988,0.199,0.1986,0.1986,5139.0
2023-08-29 04:45:00,0.1986,0.199,0.1986,0.1986,14142.0
2023-08-29 05:00:00,0.1986,0.1991,0.1984,0.1991,42489.0
2023-08-29 05:15:00,0.199,0.1992,0.1985,0.1985,63148.0
2023-08-29 05:30:00,0.1985,0.1988,0.1985,0.1987,18783.0
2023-08-29 05:45:00,0.1987,0.1991,0.1986,0.1986,12791.0
2023-08-29 06:00:00,0.1987,0.1988,0.1978,0.1978,46501.0
2023-08-29 06:15:00,0.1977,0.198,0.1973,0.1973,71472.0
2023-08-29 06:30:00,0.1974,0.1975,0.1966,0.1972,112420.0
2023-08-29 06:45:00,0.1972,0.1974,0.1967,0.1968,26351.0
2023-08-29 07:00:00,0.1968,0.1972,0.1959,0.1959,212747.0
2023-08-29 07:15:00,0.196,0.1969,0.196,0.1968,46026.0
2023-08-29 07:30:00,0.1966,0.1968,0.1956,0.1959,75696.0
2023-08-29 07:45:00,0.1959,0.196,0.1953,0.1958,115099.0
2023-08-29 08:00:00,0.1956,0.1956,0.1943,0.1953,107032.0
2023-08-29 08:15:00,0.1951,0.1952,0.194,0.1946,126573.0
2023-08-29 08:30:00,0.1947,0.1948,0.194,0.1946,47211.0
2023-08-29 08:45:00,0.1946,0.1949,0.1942,0.1943,38470.0
2023-08-29 09:00:00,0.1943,0.1949,0.1943,0.1946,20583.0
2023-08-29 09:15:00,0.1944,0.1948,0.1944,0.1947,30283.0
2023-08-29 09:30:00,0.1946,0.1947,0.1943,0.1945,53980.0
2023-08-29 09:45:00,0.1943,0.1944,0.1933,0.1938,176097.0
2023-08-29 10:00:00,0.1939,0.1939,0.1933,0.1933,69980.0
2023-08-29 10:15:00,0.1934,0.1934,0.1906,0.191,334887.0
2023-08-29 10:30:00,0.191,0.1918,0.19,0.1915,307826.0
2023-08-29 10:45:00,0.1915,0.1916,0.1906,0.1914,51301.0
2023-08-29 11:00:00,0.1913,0.1926,0.1913,0.1924,129570.0
2023-08-29 11:15:00,0.1924,0.1928,0.1922,0.1922,46946.0
2023-08-29 11:30:00,0.1922,0.1931,0.1922,0.1927,196648.0
2023-08-29 11:45:00,0.1927,0.1938,0.1925,0.1933,228615.0
2023-08-29 12:00:00,0.1932,0.194,0.1932,0.1938,49403.0
2023-08-29 12:15:00,0.1936,0.1939,0.1933,0.1938,63509.0
2023-08-29 12:30:00,0.1938,0.1953,0.1938,0.1948,115172.0
2023-08-29 12:45:00,0.1949,0.1951,0.1944,0.1951,24189.0
2023-08-29 13:00:00,0.1951,0.1961,0.1949,0.1954,184092.0
2023-08-29 13:15:00,0.1953,0.1953,0.1942,0.1943,65887.0
2023-08-29 13:30:00,0.1945,0.1959,0.1943,0.1957,158236.0
2023-08-29 13:45:00,0.1958,0.1969,0.1954,0.1955,63587.0
2023-08-29 14:00:00,0.1956,0.1981,0.1956,0.197,209145.0
2023-08-29 14:15:00,0.1974,0.2061,0.1974,0.205,1049940.0
2023-08-29 14:30:00,0.2051,0.21,0.2045,0.2095,1176888.0
2023-08-29 14:45:00,0.2094,0.21,0.2033,0.2071,1029964.0
2023-08-29 15:00:00,0.2071,0.2174,0.2071,0.2107,2350347.0
2023-08-29 15:15:00,0.2107,0.2123,0.209,0.2109,456560.0
2023-08-29 15:30:00,0.2109,0.2126,0.2102,0.2123,600765.0
2023-08-29 15:45:00,0.2123,0.2129,0.2101,0.2115,576729.0
2023-08-29 16:00:00,0.2115,0.2158,0.2115,0.2144,305127.0
2023-08-29 16:15:00,0.2145,0.2165,0.2141,0.2156,194057.0
2023-08-29 16:30:00,0.2156,0.2164,0.2144,0.2161,270199.0
2023-08-29 16:45:00,0.2163,0.2164,0.2153,0.216,216577.0
2023-08-29 17:00:00,0.2158,0.2202,0.2152,0.2175,929984.0
2023-08-29 17:15:00,0.2174,0.2207,0.2168,0.2198,564032.0
2023-08-29 17:30:00,0.2198,0.2211,0.2181,0.2186,282635.0
2023-08-29 17:45:00,0.2187,0.2187,0.2158,0.2159,244624.0
2023-08-29 18:00:00,0.216,0.2187,0.2148,0.2184,271994.0
2023-08-29 18:15:00,0.2182,0.2184,0.2167,0.2176,96147.0
2023-08-29 18:30:00,0.2175,0.2188,0.2175,0.2182,45649.0
2023-08-29 18:45:00,0.2181,0.2188,0.2161,0.2161,97151.0
2023-08-29 19:00:00,0.216,0.2176,0.2157,0.217,217100.0
2023-08-29 19:15:00,0.2171,0.2171,0.2164,0.2167,21929.0
2023-08-29 19:30:00,0.2166,0.2178,0.2161,0.2174,50516.0
2023-08-29 19:45:00,0.2172,0.2175,0.2171,0.2175,20432.0
2023-08-29 20:00:00,0.2175,0.2188,0.2175,0.2179,164913.0
2023-08-29 20:15:00,0.218,0.2186,0.2175,0.2183,109714.0
2023-08-29 20:30:00,0.2184,0.2184,0.2165,0.217,147543.0
2023-08-29 20:45:00,0.2172,0.2173,0.2154,0.2154,49940.0
2023-08-29 21:00:00,0.2155,0.2179,0.2155,0.2175,63596.0
2023-08-29 21:15:00,0.2176,0.2197,0.2174,0.2196,179889.0
2023-08-29 21:30:00,0.2194,0.2274,0.2194,0.2265,1062141.0
2023-08-29 21:45:00,0.2264,0.2288,0.223,0.2288,1141874.0
2023-08-29 22:00:00,0.2287,0.2298,0.2236,0.2253,915258.0
2023-08-29 22:15:00,0.2253,0.2261,0.2215,0.2219,474344.0
2023-08-29 22:30:00,0.2219,0.2237,0.2219,0.2237,155866.0
2023-08-29 22:45:00,0.2237,0.2257,0.2235,0.2242,223294.0
2023-08-29 23:00:00,0.2243,0.2277,0.2242,0.2249,499083.0
2023-08-29 23:15:00,0.2248,0.2248,0.222,0.2231,425227.0
2023-08-29 23:30:00,0.223,0.2245,0.223,0.2242,200102.0
2023-08-29 23:45:00,0.2247,0.2249,0.2234,0.2238,265388.0
2023-08-30 00:00:00,0.2239,0.2283,0.2239,0.2277,713314.0
2023-08-30 00:15:00,0.228,0.23,0.2242,0.2242,693592.0
2023-08-30 00:30:00,0.2242,0.2251,0.2229,0.2231,395919.0
2023-08-30 00:45:00,0.2236,0.2242,0.2212,0.2216,477635.0
2023-08-30 01:00:00,0.2214,0.2223,0.2181,0.2194,727596.0
2023-08-30 01:15:00,0.2194,0.2194,0.2164,0.2164,623343.0
2023-08-30 01:30:00,0.2163,0.2209,0.2161,0.2206,467520.0
2023-08-30 01:45:00,0.2206,0.2216,0.2189,0.2191,353638.0
2023-08-30 02:00:00,0.2192,0.2204,0.2189,0.219,240899.0
2023-08-30 02:15:00,0.2193,0.2217,0.2189,0.2197,662256.0
2023-08-30 02:30:00,0.22,0.2222,0.2189,0.2189,1401322.0
2023-08-30 02:45:00,0.2193,0.2194,0.2171,0.2175,116779.0
2023-08-30 03:00:00,0.2174,0.2181,0.2172,0.2181,118543.0
2023-08-30 03:15:00,0.2181,0.2182,0.2163,0.2169,173348.0
2023-08-30 03:30:00,0.2168,0.2177,0.2168,0.2172,114364.0
2023-08-30 03:45:00,0.2172,0.2195,0.2172,0.2189,99828.0
2023-08-30 04:00:00,0.2187,0.2208,0.2186,0.2208,151473.0
2023-08-30 04:15:00,0.2207,0.2233,0.2206,0.2227,292564.0
2023-08-30 04:30:00,0.2227,0.2227,0.2208,0.2213,179289.0
2023-08-30 04:45:00,0.2215,0.2244,0.2215,0.2244,486915.0
2023-08-30 05:00:00,0.2244,0.2255,0.2222,0.2224,285499.0
2023-08-30 05:15:00,0.2222,0.223,0.221,0.2211,227545.0
2023-08-30 05:30:00,0.2214,0.2215,0.2201,0.221,96736.0
2023-08-30 05:45:00,0.2212,0.2227,0.221,0.2224,86900.0
2023-08-30 06:00:00,0.2221,0.2232,0.2217,0.2219,102360.0
2023-08-30 06:15:00,0.2217,0.2226,0.2208,0.2212,115194.0
2023-08-30 06:30:00,0.2214,0.222,0.2203,0.2206,123126.0
2023-08-30 06:45:00,0.2209,0.2209,0.2186,0.2193,307300.0
2023-08-30 07:00:00,0.2193,0.2217,0.2189,0.2208,172204.0
2023-08-30 07:15:00,0.2208,0.2229,0.2199,0.2227,196223.0
2023-08-30 07:30:00,0.2227,0.233,0.2222,0.2287,1921051.0
2023-08-30 07:45:00,0.2288,0.234,0.2265,0.2295,2128347.0
2023-08-30 08:00:00,0.2297,0.2319,0.2254,0.226,1279524.0
2023-08-30 08:15:00,0.2259,0.2296,0.2227,0.2288,1169461.0
2023-08-30 08:30:00,0.2287,0.2352,0.2283,0.2315,2992938.0
2023-08-30 08:45:00,0.2314,0.2316,0.2272,0.23,1097723.0
2023-08-30 09:00:00,0.2302,0.2333,0.2277,0.2327,1875961.0
2023-08-30 09:15:00,0.2328,0.2331,0.2253,0.2258,1732360.0
2023-08-30 09:30:00,0.2257,0.2277,0.2242,0.2249,864703.0
2023-08-30 09:45:00,0.2247,0.2292,0.2231,0.2252,1169705.0
2023-08-30 10:00:00,0.2252,0.2308,0.2242,0.2301,966274.0
2023-08-30 10:15:00,0.2301,0.2308,0.2271,0.2302,791919.0
2023-08-30 10:30:00,0.2302,0.2303,0.2273,0.2285,479007.0
2023-08-30 10:45:00,0.2284,0.2294,0.226,0.2283,509260.0
2023-08-30 11:00:00,0.2283,0.2286,0.2245,0.2245,963714.0
2023-08-30 11:15:00,0.2246,0.2256,0.2236,0.2248,361732.0
2023-08-30 11:30:00,0.2246,0.2276,0.2233,0.2275,483117.0
2023-08-30 11:45:00,0.2275,0.2275,0.2219,0.2224,536450.0
2023-08-30 12:00:00,0.2222,0.2232,0.221,0.2218,346147.0
2023-08-30 12:15:00,0.2216,0.2244,0.2212,0.2234,254297.0
2023-08-30 12:30:00,0.2235,0.2238,0.2211,0.2215,235624.0
2023-08-30 12:45:00,0.2213,0.2226,0.2199,0.2219,596789.0
2023-08-30 13:00:00,0.222,0.2227,0.2213,0.2224,169586.0
2023-08-30 13:15:00,0.2226,0.2245,0.2225,0.2234,280790.0
2023-08-30 13:30:00,0.2236,0.2239,0.2161,0.2194,823889.0
2023-08-30 13:45:00,0.219,0.2203,0.2168,0.2187,229813.0
2023-08-30 14:00:00,0.2186,0.22,0.2179,0.2197,277579.0
2023-08-30 14:15:00,0.2197,0.2206,0.2174,0.2183,421793.0
2023-08-30 14:30:00,0.2178,0.2192,0.214,0.2164,636294.0
2023-08-30 14:45:00,0.2164,0.2173,0.2142,0.2159,540568.0
2023-08-30 15:00:00,0.2156,0.2164,0.2134,0.2156,507584.0
2023-08-30 15:15:00,0.2156,0.2162,0.2135,0.2149,319147.0
2023-08-30 15:30:00,0.2151,0.2178,0.215,0.2176,349481.0
2023-08-30 15:45:00,0.2174,0.2218,0.2166,0.2205,386479.0
2023-08-30 16:00:00,0.2203,0.2213,0.218,0.2181,217039.0
2023-08-30 16:15:00,0.218,0.2325,0.2179,0.2306,2344541.0
2023-08-30 16:30:00,0.2307,0.2358,0.2282,0.2283,2903170.0
2023-08-30 16:45:00,0.2283,0.2318,0.227,0.2285,1031004.0
2023-08-30 17:00:00,0.2285,0.2356,0.228,0.2291,1575253.0
2023-08-30 17:15:00,0.2292,0.2314,0.2284,0.2295,253898.0
2023-08-30 17:30:00,0.2292,0.233,0.2288,0.2308,684256.0
2023-08-30 17:45:00,0.2308,0.2318,0.2277,0.2287,640244.0
2023-08-30 18:00:00,0.2288,0.2288,0.2248,0.2267,520051.0
2023-08-30 18:15:00,0.2269,0.2311,0.2267,0.2292,681257.0
2023-08-30 18:30:00,0.2293,0.2308,0.229,0.2294,538488.0
2023-08-30 18:45:00,0.2291,0.2328,0.229,0.2325,475100.0
2023-08-30 19:00:00,0.2326,0.2335,0.2295,0.2335,597940.0
2023-08-30 19:15:00,0.2335,0.2389,0.2323,0.2366,1443157.0
2023-08-30 19:30:00,0.2365,0.2389,0.2318,0.2328,973199.0
2023-08-30 19:45:00,0.2327,0.2336,0.2295,0.2302,492480.0
2023-08-30 20:00:00,0.2303,0.232,0.23,0.231,385667.0
2023-08-30 20:15:00,0.2313,0.2335,0.2306,0.2309,466180.0
2023-08-30 20:30:00,0.2306,0.2326,0.2302,0.2307,217520.0
2023-08-30 20:45:00,0.2306,0.2345,0.2304,0.2312,434690.0
2023-08-30 21:00:00,0.231,0.2316,0.2289,0.2311,268912.0
2023-08-30 21:15:00,0.2311,0.2312,0.229,0.2293,200605.0
2023-08-30 21:30:00,0.2293,0.2299,0.2274,0.2292,387365.0
2023-08-30 21:45:00,0.2292,0.2306,0.2287,0.2292,117269.0
2023-08-30 22:00:00,0.2293,0.2312,0.2293,0.2302,157507.0
2023-08-30 22:15:00,0.2309,0.231,0.2298,0.2298,89064.0
2023-08-30 22:30:00,0.2299,0.2322,0.2289,0.2305,373311.0
2023-08-30 22:45:00,0.2306,0.2334,0.2306,0.2326,255672.0
2023-08-30 23:00:00,0.2325,0.2339,0.2322,0.2333,156760.0
2023-08-30 23:15:00,0.2336,0.2367,0.2336,0.236,316518.0
2023-08-30 23:30:00,0.2359,0.2369,0.233,0.2342,297143.0
2023-08-30 23:45:00,0.2342,0.2379,0.2333,0.2359,301636.0
2023-08-31 00:00:00,0.2359,0.2373,0.233,0.2335,565867.0
2023-08-31 00:15:00,0.2334,0.2334,0.2288,0.2289,486444.0
2023-08-31 00:30:00,0.2286,0.2298,0.2269,0.2284,457574.0
2023-08-31 00:45:00,0.2285,0.2348,0.2285,0.2336,671014.0
2023-08-31 01:00:00,0.2336,0.2336,0.2289,0.2293,226837.0
2023-08-31 01:15:00,0.2296,0.2309,0.2279,0.2292,222724.0
2023-08-31 01:30:00,0.2292,0.2336,0.2286,0.2317,315138.0
2023-08-31 01:45:00,0.232,0.2379,0.2319,0.2323,820235.0
2023-08-31 02:00:00,0.2324,0.2329,0.2299,0.2311,229553.0
2023-08-31 02:15:00,0.2315,0.2326,0.2305,0.2313,163956.0
2023-08-31 02:30:00,0.2312,0.2312,0.2282,0.2282,355880.0
2023-08-31 02:45:00,0.2283,0.231,0.2266,0.231,1484415.0
2023-08-31 03:00:00,0.2313,0.24,0.2307,0.2384,2810138.0
2023-08-31 03:15:00,0.2383,0.2416,0.2351,0.2385,4213339.0
2023-08-31 03:30:00,0.2386,0.2429,0.236,0.2403,2002310.0
2023-08-31 03:45:00,0.2403,0.242,0.2385,0.2414,1464277.0
2023-08-31 04:00:00,0.2415,0.2415,0.2333,0.2351,1826610.0
2023-08-31 04:15:00,0.2351,0.2378,0.2322,0.2327,2782646.0
2023-08-31 04:30:00,0.2328,0.2328,0.2221,0.2232,4118459.0
2023-08-31 04:45:00,0.2231,0.2272,0.221,0.227,4878468.0
2023-08-31 05:00:00,0.2271,0.2289,0.2232,0.2239,1617636.0
2023-08-31 05:15:00,0.2242,0.2264,0.2214,0.2261,996455.0
2023-08-31 05:30:00,0.2262,0.228,0.2259,0.2268,346800.0
2023-08-31 05:45:00,0.2267,0.2278,0.2264,0.2277,236597.0
2023-08-31 06:00:00,0.2278,0.2289,0.2243,0.2243,447211.0
2023-08-31 06:15:00,0.2243,0.225,0.2236,0.2237,260716.0
2023-08-31 06:30:00,0.2238,0.225,0.2235,0.2241,461207.0
2023-08-31 06:45:00,0.2239,0.2247,0.2216,0.2221,647562.0
2023-08-31 07:00:00,0.2222,0.2234,0.2205,0.2212,481723.0
2023-08-31 07:15:00,0.2211,0.2215,0.2185,0.2205,806044.0
2023-08-31 07:30:00,0.2205,0.2246,0.2205,0.2208,796341.0
2023-08-31 07:45:00,0.2208,0.2225,0.2202,0.2225,296379.0
2023-08-31 08:00:00,0.2226,0.2233,0.2202,0.222,389604.0
2023-08-31 08:15:00,0.2219,0.2236,0.2216,0.2236,239578.0
2023-08-31 08:30:00,0.2237,0.2254,0.223,0.2254,216313.0
2023-08-31 08:45:00,0.2253,0.2259,0.2237,0.2252,302687.0
2023-08-31 09:00:00,0.2251,0.227,0.2246,0.2253,410361.0
2023-08-31 09:15:00,0.2254,0.227,0.225,0.225,277946.0
2023-08-31 09:30:00,0.2251,0.2262,0.2245,0.2245,125572.0
2023-08-31 09:45:00,0.2247,0.2276,0.2236,0.2261,452719.0
2023-08-31 10:00:00,0.2261,0.228,0.2261,0.2266,220512.0
2023-08-31 10:15:00,0.2265,0.2276,0.226,0.227,276878.0
2023-08-31 10:30:00,0.227,0.228,0.225,0.225,393739.0
2023-08-31 10:45:00,0.2251,0.2256,0.2233,0.2233,247119.0
2023-08-31 11:00:00,0.2236,0.2251,0.2235,0.225,70001.0
2023-08-31 11:15:00,0.2249,0.2261,0.2239,0.2255,256579.0
2023-08-31 11:30:00,0.2254,0.2281,0.2249,0.2281,260974.0
2023-08-31 11:45:00,0.228,0.2282,0.2253,0.2253,241006.0
2023-08-31 12:00:00,0.2254,0.2265,0.2237,0.2249,337462.0
2023-08-31 12:15:00,0.2248,0.2251,0.2236,0.2239,228252.0
2023-08-31 12:30:00,0.2239,0.2253,0.2236,0.2253,123203.0
2023-08-31 12:45:00,0.2253,0.226,0.2238,0.2239,264769.0
2023-08-31 13:00:00,0.2239,0.2245,0.2208,0.2227,672730.0
2023-08-31 13:15:00,0.223,0.223,0.2213,0.2217,376918.0
2023-08-31 13:30:00,0.2218,0.2223,0.221,0.2221,64679.0
2023-08-31 13:45:00,0.2221,0.2223,0.2201,0.2216,294547.0
2023-08-31 14:00:00,0.2217,0.223,0.2209,0.2216,150463.0
2023-08-31 14:15:00,0.2215,0.2222,0.2208,0.2222,118540.0
2023-08-31 14:30:00,0.2223,0.2235,0.222,0.222,369822.0
2023-08-31 14:45:00,0.2221,0.224,0.2221,0.2238,128102.0
2023-08-31 15:00:00,0.2237,0.2238,0.221,0.2212,267779.0
2023-08-31 15:15:00,0.2212,0.2213,0.218,0.219,676783.0
2023-08-31 15:30:00,0.2189,0.2199,0.2152,0.2175,660459.0
2023-08-31 15:45:00,0.2177,0.2192,0.217,0.2175,330786.0
2023-08-31 16:00:00,0.2176,0.219,0.2162,0.2182,279586.0
2023-08-31 16:15:00,0.2183,0.2202,0.2182,0.2189,289580.0
2023-08-31 16:30:00,0.2187,0.2198,0.2175,0.218,290518.0
2023-08-31 16:45:00,0.218,0.2198,0.2152,0.2155,670941.0
2023-08-31 17:00:00,0.2156,0.216,0.21,0.2154,1108509.0
2023-08-31 17:15:00,0.2152,0.2154,0.2135,0.2145,130073.0
2023-08-31 17:30:00,0.2147,0.2149,0.2134,0.2142,267755.0
2023-08-31 17:45:00,0.2143,0.2153,0.2141,0.2146,137317.0
2023-08-31 18:00:00,0.2147,0.2175,0.2147,0.2175,177025.0
2023-08-31 18:15:00,0.2172,0.2174,0.2156,0.2174,156408.0
2023-08-31 18:30:00,0.2173,0.2182,0.2168,0.2168,244219.0
2023-08-31 18:45:00,0.2169,0.2175,0.2164,0.2165,271840.0
2023-08-31 19:00:00,0.2164,0.2177,0.2151,0.2172,93452.0
2023-08-31 19:15:00,0.2174,0.2181,0.217,0.2176,240143.0
2023-08-31 19:30:00,0.2177,0.2184,0.2176,0.2182,93124.0
2023-08-31 19:45:00,0.2181,0.2185,0.2166,0.2168,77064.0
2023-08-31 20:00:00,0.2167,0.2176,0.2157,0.2172,168574.0
2023-08-31 20:15:00,0.2172,0.2172,0.216,0.2167,81822.0
2023-08-31 20:30:00,0.2166,0.2174,0.2162,0.2167,29055.0
2023-08-31 20:45:00,0.2169,0.2175,0.2166,0.2172,26152.0
2023-08-31 21:00:00,0.217,0.217,0.2135,0.2156,345557.0
2023-08-31 21:15:00,0.2154,0.2166,0.2154,0.2161,135520.0
2023-08-31 21:30:00,0.2162,0.2163,0.2152,0.2154,149805.0
2023-08-31 21:45:00,0.2154,0.2168,0.2154,0.2164,39674.0
2023-08-31 22:00:00,0.2166,0.2166,0.2149,0.2157,121094.0
2023-08-31 22:15:00,0.2155,0.2165,0.2151,0.2155,119504.0
2023-08-31 22:30:00,0.2155,0.2162,0.2155,0.2158,95091.0
2023-08-31 22:45:00,0.2162,0.2172,0.2162,0.2171,32672.0
2023-08-31 23:00:00,0.217,0.2174,0.2166,0.2173,210391.0
2023-08-31 23:15:00,0.2171,0.2175,0.2161,0.2162,88047.0
2023-08-31 23:30:00,0.2162,0.2175,0.2162,0.2173,109287.0
2023-08-31 23:45:00,0.2172,0.2172,0.216,0.2162,57995.0
2023-09-01 00:00:00,0.2163,0.2188,0.2162,0.2169,429225.0
2023-09-01 00:15:00,0.217,0.2172,0.2151,0.216,198367.0
2023-09-01 00:30:00,0.216,0.217,0.2156,0.2164,134318.0
2023-09-01 00:45:00,0.2166,0.2174,0.2163,0.2166,128141.0
2023-09-01 01:00:00,0.2165,0.2167,0.214,0.2143,372224.0
2023-09-01 01:15:00,0.2145,0.2147,0.213,0.2133,303193.0
2023-09-01 01:30:00,0.2132,0.2133,0.2123,0.2132,212292.0
2023-09-01 01:45:00,0.2131,0.2132,0.2118,0.2119,289289.0
2023-09-01 02:00:00,0.2118,0.2134,0.2117,0.2133,136486.0
2023-09-01 02:15:00,0.2133,0.2138,0.2129,0.2138,143238.0
2023-09-01 02:30:00,0.2138,0.2153,0.2138,0.2153,51427.0
2023-09-01 02:45:00,0.2153,0.2162,0.2145,0.2145,112754.0
2023-09-01 03:00:00,0.2146,0.2158,0.2142,0.2156,113519.0
2023-09-01 03:15:00,0.2155,0.2157,0.215,0.2151,51462.0
2023-09-01 03:30:00,0.2152,0.216,0.215,0.2159,21987.0
2023-09-01 03:45:00,0.216,0.2161,0.2149,0.215,60385.0
2023-09-01 04:00:00,0.2152,0.2159,0.2152,0.2155,90893.0
2023-09-01 04:15:00,0.2155,0.2159,0.2146,0.2148,132682.0
2023-09-01 04:30:00,0.2146,0.2148,0.2137,0.2144,66625.0
2023-09-01 04:45:00,0.2144,0.2148,0.2139,0.2139,81305.0
2023-09-01 05:00:00,0.214,0.2149,0.214,0.2143,117024.0
2023-09-01 05:15:00,0.2144,0.2148,0.2136,0.214,160988.0
2023-09-01 05:30:00,0.214,0.2142,0.2127,0.2129,241612.0
2023-09-01 05:45:00,0.2128,0.2141,0.2126,0.2133,150723.0
2023-09-01 06:00:00,0.2135,0.215,0.2135,0.215,90087.0
2023-09-01 06:15:00,0.2148,0.2148,0.214,0.2141,73826.0
2023-09-01 06:30:00,0.2142,0.215,0.2138,0.215,42560.0
2023-09-01 06:45:00,0.215,0.2253,0.2149,0.2217,1520824.0
2023-09-01 07:00:00,0.2215,0.2278,0.2213,0.2276,1721449.0
2023-09-01 07:15:00,0.2274,0.2284,0.2248,0.2259,1402028.0
2023-09-01 07:30:00,0.226,0.2289,0.2258,0.2266,1050345.0
2023-09-01 07:45:00,0.2268,0.2278,0.2249,0.2272,270163.0
2023-09-01 08:00:00,0.227,0.2309,0.2266,0.229,931262.0
2023-09-01 08:15:00,0.229,0.2291,0.2256,0.2257,545959.0
2023-09-01 08:30:00,0.2259,0.2288,0.2259,0.2282,282990.0
2023-09-01 08:45:00,0.2282,0.2292,0.2262,0.227,346727.0
2023-09-01 09:00:00,0.2271,0.2304,0.2263,0.2286,1233677.0
2023-09-01 09:15:00,0.2286,0.2305,0.2274,0.2301,652808.0
2023-09-01 09:30:00,0.2301,0.2307,0.2281,0.2286,425734.0
2023-09-01 09:45:00,0.2287,0.231,0.2285,0.2305,816279.0
2023-09-01 10:00:00,0.2302,0.2303,0.228,0.2294,383734.0
2023-09-01 10:15:00,0.2294,0.2308,0.2291,0.2303,287821.0
2023-09-01 10:30:00,0.2303,0.2304,0.2251,0.2252,840641.0
2023-09-01 10:45:00,0.2251,0.2272,0.225,0.2267,541849.0
2023-09-01 11:00:00,0.2267,0.2273,0.2252,0.226,406888.0
2023-09-01 11:15:00,0.2263,0.2276,0.2257,0.227,91801.0
2023-09-01 11:30:00,0.2274,0.2291,0.2274,0.2287,83100.0
2023-09-01 11:45:00,0.229,0.2306,0.2286,0.2297,301426.0
2023-09-01 12:00:00,0.23,0.2388,0.2294,0.2367,1952167.0
2023-09-01 12:15:00,0.2366,0.2489,0.2362,0.2436,4883966.0
2023-09-01 12:30:00,0.2433,0.2435,0.236,0.2362,1799423.0
2023-09-01 12:45:00,0.2362,0.2413,0.2362,0.2407,1179446.0
2023-09-01 13:00:00,0.2409,0.241,0.2344,0.2344,939090.0
2023-09-01 13:15:00,0.2343,0.2359,0.233,0.2353,633908.0
2023-09-01 13:30:00,0.2356,0.2378,0.2346,0.236,760561.0
2023-09-01 13:45:00,0.2359,0.2372,0.2335,0.2359,589086.0
2023-09-01 14:00:00,0.2357,0.2397,0.235,0.2396,853492.0
2023-09-01 14:15:00,0.2395,0.2407,0.2367,0.2371,1219281.0
2023-09-01 14:30:00,0.2369,0.2372,0.2306,0.2323,1527439.0
2023-09-01 14:45:00,0.2325,0.2347,0.2302,0.2344,647542.0
2023-09-01 15:00:00,0.2345,0.236,0.2319,0.2357,494722.0
2023-09-01 15:15:00,0.2356,0.2402,0.2355,0.236,1208459.0
2023-09-01 15:30:00,0.2357,0.2397,0.2357,0.2391,606725.0
2023-09-01 15:45:00,0.239,0.239,0.2347,0.2348,682616.0
2023-09-01 16:00:00,0.2349,0.2366,0.2328,0.2338,458623.0
2023-09-01 16:15:00,0.2338,0.2391,0.2309,0.2385,1028452.0
2023-09-01 16:30:00,0.2389,0.2408,0.2362,0.2382,1049910.0
2023-09-01 16:45:00,0.2382,0.2435,0.2365,0.2397,1805005.0
2023-09-01 17:00:00,0.2396,0.2462,0.2394,0.242,2718126.0
2023-09-01 17:15:00,0.2421,0.2522,0.2419,0.2445,4343739.0
2023-09-01 17:30:00,0.245,0.252,0.237,0.2382,2801720.0
2023-09-01 17:45:00,0.2384,0.2429,0.2367,0.239,1390464.0
2023-09-01 18:00:00,0.2388,0.2423,0.2372,0.2372,801663.0
2023-09-01 18:15:00,0.2376,0.2387,0.2343,0.2345,973248.0
2023-09-01 18:30:00,0.2347,0.2426,0.2347,0.2402,896367.0
2023-09-01 18:45:00,0.2402,0.2422,0.239,0.2406,603186.0
2023-09-01 19:00:00,0.2406,0.2423,0.2397,0.2404,230610.0
2023-09-01 19:15:00,0.2408,0.2425,0.2393,0.2423,364576.0
2023-09-01 19:30:00,0.2423,0.2437,0.24,0.2408,1179248.0
2023-09-01 19:45:00,0.2407,0.2435,0.2401,0.243,290846.0
2023-09-01 20:00:00,0.243,0.2431,0.2401,0.2405,332563.0
2023-09-01 20:15:00,0.2405,0.247,0.2405,0.2468,599058.0
2023-09-01 20:30:00,0.2466,0.2468,0.2441,0.2443,519586.0
2023-09-01 20:45:00,0.2445,0.25,0.2421,0.2478,1478590.0
2023-09-01 21:00:00,0.2476,0.2507,0.2466,0.2484,1025053.0
2023-09-01 21:15:00,0.2484,0.2484,0.2453,0.2455,1007090.0
2023-09-01 21:30:00,0.2454,0.2549,0.2453,0.2484,2000122.0
2023-09-01 21:45:00,0.2485,0.2501,0.2462,0.25,732246.0
2023-09-01 22:00:00,0.25,0.2547,0.2481,0.2513,2010227.0
2023-09-01 22:15:00,0.2511,0.27,0.2506,0.2602,5919942.0
2023-09-01 22:30:00,0.2598,0.2726,0.2526,0.2613,5498248.0
2023-09-01 22:45:00,0.2616,0.2737,0.2585,0.261,5530424.0
2023-09-01 23:00:00,0.2611,0.2611,0.2511,0.2536,2529123.0
2023-09-01 23:15:00,0.2537,0.2544,0.2475,0.2536,2973714.0
2023-09-01 23:30:00,0.2536,0.2564,0.2515,0.2526,1167796.0
2023-09-01 23:45:00,0.2527,0.2543,0.2476,0.249,1046245.0
2023-09-02 00:00:00,0.2489,0.2495,0.2431,0.2456,1639930.0
2023-09-02 00:15:00,0.2458,0.2517,0.2444,0.2499,1142719.0
2023-09-02 00:30:00,0.2498,0.2525,0.2489,0.2496,1034513.0
2023-09-02 00:45:00,0.2494,0.2503,0.2459,0.2468,684971.0
2023-09-02 01:00:00,0.2467,0.2469,0.2432,0.2432,848666.0
2023-09-02 01:15:00,0.2433,0.2442,0.2412,0.2422,1171535.0
2023-09-02 01:30:00,0.242,0.242,0.2379,0.2389,995468.0
2023-09-02 01:45:00,0.2389,0.2397,0.2368,0.239,418146.0
2023-09-02 02:00:00,0.2386,0.2407,0.2375,0.2406,403691.0
2023-09-02 02:15:00,0.2406,0.2418,0.2386,0.2418,346032.0
2023-09-02 02:30:00,0.2418,0.244,0.2404,0.2437,400950.0
2023-09-02 02:45:00,0.2438,0.2482,0.2437,0.2459,1072608.0
2023-09-02 03:00:00,0.2456,0.2522,0.2455,0.2517,1453307.0
2023-09-02 03:15:00,0.252,0.2522,0.2477,0.2486,866657.0
2023-09-02 03:30:00,0.2489,0.2514,0.2474,0.2513,604724.0
2023-09-02 03:45:00,0.2513,0.2515,0.2489,0.2505,441389.0
2023-09-02 04:00:00,0.2505,0.253,0.2488,0.2496,1028662.0
2023-09-02 04:15:00,0.2496,0.25,0.2445,0.2447,1214691.0
2023-09-02 04:30:00,0.2451,0.2456,0.24,0.24,1770541.0
2023-09-02 04:45:00,0.24,0.241,0.238,0.2397,751642.0
2023-09-02 05:00:00,0.2397,0.2445,0.2397,0.2439,947146.0
2023-09-02 05:15:00,0.244,0.2443,0.2364,0.2401,1356839.0
2023-09-02 05:30:00,0.2398,0.2407,0.2375,0.2404,718826.0
2023-09-02 05:45:00,0.2405,0.2407,0.2365,0.237,882528.0
2023-09-02 06:00:00,0.2367,0.2403,0.2367,0.2386,528028.0
2023-09-02 06:15:00,0.2384,0.2384,0.2341,0.2348,817829.0
2023-09-02 06:30:00,0.235,0.2386,0.2346,0.2376,1106408.0
2023-09-02 06:45:00,0.2378,0.2409,0.2377,0.2408,993654.0
2023-09-02 07:00:00,0.2407,0.2432,0.24,0.2415,788719.0
2023-09-02 07:15:00,0.2415,0.244,0.2405,0.2415,673988.0
2023-09-02 07:30:00,0.2413,0.2452,0.2412,0.243,750566.0
2023-09-02 07:45:00,0.243,0.2436,0.2412,0.2417,369497.0
2023-09-02 08:00:00,0.2417,0.2442,0.2403,0.2405,585772.0
2023-09-02 08:15:00,0.2404,0.2406,0.2355,0.2358,810893.0
2023-09-02 08:30:00,0.2358,0.2363,0.2303,0.2313,1206784.0
2023-09-02 08:45:00,0.2313,0.2331,0.2273,0.2274,1479777.0
2023-09-02 09:00:00,0.2276,0.2318,0.2272,0.2295,987329.0
2023-09-02 09:15:00,0.2296,0.2337,0.2296,0.2318,275567.0
2023-09-02 09:30:00,0.2318,0.234,0.231,0.2338,380992.0
2023-09-02 09:45:00,0.2336,0.2352,0.2331,0.2336,378534.0
2023-09-02 10:00:00,0.2337,0.2342,0.2322,0.2335,341471.0
2023-09-02 10:15:00,0.2331,0.2335,0.2321,0.2331,303262.0
2023-09-02 10:30:00,0.233,0.2356,0.2326,0.2353,273917.0
2023-09-02 10:45:00,0.2352,0.2362,0.2335,0.2343,266764.0
2023-09-02 11:00:00,0.2344,0.2352,0.233,0.2334,234572.0
2023-09-02 11:15:00,0.2334,0.2362,0.2332,0.2362,288678.0
2023-09-02 11:30:00,0.236,0.2365,0.2343,0.2356,390320.0
2023-09-02 11:45:00,0.236,0.2368,0.2353,0.2359,322541.0
2023-09-02 12:00:00,0.236,0.2364,0.2324,0.2329,485115.0
2023-09-02 12:15:00,0.2329,0.2332,0.2312,0.2313,401487.0
2023-09-02 12:30:00,0.2312,0.2327,0.2312,0.2314,307024.0
2023-09-02 12:45:00,0.2312,0.2317,0.2303,0.2305,444306.0
2023-09-02 13:00:00,0.2307,0.2313,0.2281,0.23,1107479.0
2023-09-02 13:15:00,0.2301,0.2318,0.229,0.2316,333554.0
2023-09-02 13:30:00,0.2317,0.2328,0.2303,0.2327,339227.0
2023-09-02 13:45:00,0.2327,0.2338,0.232,0.2337,215855.0
2023-09-02 14:00:00,0.2337,0.2345,0.23,0.2308,646207.0
2023-09-02 14:15:00,0.2308,0.2321,0.2295,0.232,410515.0
2023-09-02 14:30:00,0.2321,0.2341,0.2321,0.2338,308312.0
2023-09-02 14:45:00,0.2337,0.2337,0.2304,0.2307,250269.0
2023-09-02 15:00:00,0.2307,0.2323,0.2306,0.2317,304971.0
2023-09-02 15:15:00,0.2317,0.2344,0.2317,0.2344,211219.0
2023-09-02 15:30:00,0.2344,0.2344,0.2321,0.2324,272059.0
2023-09-02 15:45:00,0.2325,0.2332,0.2304,0.231,568179.0
2023-09-02 16:00:00,0.2311,0.2318,0.2288,0.2306,461430.0
2023-09-02 16:15:00,0.2307,0.2312,0.2304,0.2304,203797.0
2023-09-02 16:30:00,0.2303,0.2316,0.2299,0.2316,103909.0
2023-09-02 16:45:00,0.2317,0.2331,0.2317,0.233,301365.0
2023-09-02 17:00:00,0.233,0.2336,0.2282,0.2295,937402.0
2023-09-02 17:15:00,0.2295,0.2316,0.2291,0.2316,232538.0
2023-09-02 17:30:00,0.2316,0.2321,0.2307,0.2318,94072.0
2023-09-02 17:45:00,0.2317,0.2317,0.2289,0.2295,134443.0
2023-09-02 18:00:00,0.2296,0.2319,0.229,0.2319,294272.0
2023-09-02 18:15:00,0.2318,0.2318,0.2286,0.2286,242387.0
2023-09-02 18:30:00,0.2284,0.2304,0.2279,0.2289,334750.0
2023-09-02 18:45:00,0.2289,0.2316,0.2287,0.229,285546.0
2023-09-02 19:00:00,0.2289,0.2318,0.2288,0.2314,139439.0
2023-09-02 19:15:00,0.2311,0.232,0.231,0.2317,55938.0
2023-09-02 19:30:00,0.2317,0.2324,0.2316,0.2324,84417.0
2023-09-02 19:45:00,0.2324,0.2329,0.2323,0.2323,97050.0
2023-09-02 20:00:00,0.2324,0.2337,0.232,0.232,181332.0
2023-09-02 20:15:00,0.232,0.2333,0.2316,0.2333,208103.0
2023-09-02 20:30:00,0.2332,0.2334,0.2321,0.2328,154513.0
2023-09-02 20:45:00,0.2328,0.2343,0.2325,0.2333,186959.0
2023-09-02 21:00:00,0.2332,0.2336,0.2322,0.2326,68472.0
2023-09-02 21:15:00,0.2326,0.2338,0.2326,0.2335,90953.0
2023-09-02 21:30:00,0.2334,0.2334,0.2318,0.2328,113304.0
2023-09-02 21:45:00,0.2328,0.2334,0.2319,0.2333,79743.0
2023-09-02 22:00:00,0.2334,0.2344,0.2321,0.2321,223585.0
2023-09-02 22:15:00,0.2324,0.2332,0.2322,0.2332,163006.0
2023-09-02 22:30:00,0.2333,0.2333,0.2317,0.2322,71020.0
2023-09-02 22:45:00,0.2322,0.2331,0.2322,0.233,81444.0
2023-09-02 23:00:00,0.2331,0.2339,0.233,0.2332,107708.0
2023-09-02 23:15:00,0.2331,0.2361,0.2331,0.235,289189.0
2023-09-02 23:30:00,0.235,0.2352,0.234,0.2349,207360.0
2023-09-02 23:45:00,0.235,0.2354,0.2344,0.2344,57649.0
2023-09-03 00:00:00,0.2344,0.2378,0.2344,0.2362,392669.0
2023-09-03 00:15:00,0.2361,0.2366,0.2328,0.2331,642748.0
2023-09-03 00:30:00,0.2331,0.2331,0.2305,0.2306,859490.0
2023-09-03 00:45:00,0.231,0.2325,0.231,0.2321,122118.0
2023-09-03 01:00:00,0.2321,0.2327,0.2317,0.2318,116745.0
2023-09-03 01:15:00,0.2319,0.2325,0.2308,0.2311,188760.0
2023-09-03 01:30:00,0.2312,0.2315,0.2288,0.2292,321191.0
2023-09-03 01:45:00,0.2293,0.2314,0.2293,0.2308,141563.0
2023-09-03 02:00:00,0.2306,0.2324,0.2306,0.2313,115571.0
2023-09-03 02:15:00,0.2311,0.2313,0.2306,0.231,66831.0
2023-09-03 02:30:00,0.231,0.2322,0.2306,0.2322,38726.0
2023-09-03 02:45:00,0.232,0.2326,0.232,0.2326,46689.0
2023-09-03 03:00:00,0.2325,0.2332,0.2321,0.2321,41209.0
2023-09-03 03:15:00,0.2323,0.2336,0.2319,0.2334,162135.0
2023-09-03 03:30:00,0.2333,0.2363,0.2332,0.2358,364063.0
2023-09-03 03:45:00,0.2358,0.2366,0.2352,0.2352,186588.0
2023-09-03 04:00:00,0.2351,0.237,0.2345,0.2369,112513.0
2023-09-03 04:15:00,0.2369,0.2378,0.2346,0.2361,421017.0
2023-09-03 04:30:00,0.2362,0.2387,0.2362,0.2387,176966.0
2023-09-03 04:45:00,0.2387,0.2387,0.2346,0.235,286816.0
2023-09-03 05:00:00,0.2348,0.238,0.2347,0.238,102590.0
2023-09-03 05:15:00,0.238,0.2395,0.2371,0.2387,365256.0
2023-09-03 05:30:00,0.2389,0.2389,0.2377,0.2382,131640.0
2023-09-03 05:45:00,0.2382,0.2417,0.2382,0.2401,547156.0
2023-09-03 06:00:00,0.2397,0.2422,0.2388,0.2418,342430.0
2023-09-03 06:15:00,0.2418,0.2422,0.2383,0.2388,369971.0
2023-09-03 06:30:00,0.2389,0.2389,0.2371,0.238,245393.0
2023-09-03 06:45:00,0.238,0.2389,0.2377,0.2388,31440.0
2023-09-03 07:00:00,0.2388,0.2388,0.2365,0.2379,143609.0
2023-09-03 07:15:00,0.2383,0.2385,0.2361,0.2362,399330.0
2023-09-03 07:30:00,0.2363,0.2381,0.2358,0.2377,137930.0
2023-09-03 07:45:00,0.238,0.239,0.2378,0.2387,36495.0
2023-09-03 08:00:00,0.2387,0.2387,0.2334,0.2345,446227.0
2023-09-03 08:15:00,0.2344,0.2365,0.2342,0.2356,144142.0
2023-09-03 08:30:00,0.2355,0.2375,0.235,0.2368,117822.0
2023-09-03 08:45:00,0.2368,0.2374,0.2343,0.2356,84791.0
2023-09-03 09:00:00,0.2355,0.2355,0.234,0.2348,160343.0
2023-09-03 09:15:00,0.2348,0.2365,0.2339,0.2358,317826.0
2023-09-03 09:30:00,0.2358,0.2364,0.235,0.235,162476.0
2023-09-03 09:45:00,0.2351,0.2356,0.2339,0.2343,171484.0
2023-09-03 10:00:00,0.2339,0.2339,0.2328,0.2331,267370.0
2023-09-03 10:15:00,0.2331,0.2334,0.2312,0.2319,526736.0
2023-09-03 10:30:00,0.2318,0.2321,0.23,0.2321,295514.0
2023-09-03 10:45:00,0.2322,0.2322,0.2312,0.2316,144277.0
2023-09-03 11:00:00,0.2317,0.2317,0.2304,0.2305,180829.0
2023-09-03 11:15:00,0.2306,0.2313,0.2304,0.2311,116896.0
2023-09-03 11:30:00,0.2312,0.2312,0.2306,0.231,75575.0
2023-09-03 11:45:00,0.2311,0.2324,0.2305,0.2324,163348.0
2023-09-03 12:00:00,0.2325,0.2326,0.2308,0.2314,68929.0
2023-09-03 12:15:00,0.2313,0.2325,0.2306,0.2318,215718.0
2023-09-03 12:30:00,0.2318,0.233,0.2314,0.2328,139557.0
2023-09-03 12:45:00,0.2327,0.2337,0.231,0.2314,523820.0
2023-09-03 13:00:00,0.2314,0.2328,0.2305,0.2328,105643.0
2023-09-03 13:15:00,0.2328,0.234,0.2326,0.2335,130050.0
2023-09-03 13:30:00,0.2338,0.2342,0.2331,0.2333,154131.0
2023-09-03 13:45:00,0.2334,0.2335,0.2322,0.2326,60438.0
2023-09-03 14:00:00,0.2324,0.2329,0.2315,0.232,207289.0
2023-09-03 14:15:00,0.2321,0.234,0.2321,0.2333,76604.0
2023-09-03 14:30:00,0.2335,0.2352,0.2333,0.235,132527.0
2023-09-03 14:45:00,0.235,0.2353,0.2339,0.234,50774.0
2023-09-03 15:00:00,0.2341,0.2353,0.2338,0.2351,112247.0
2023-09-03 15:15:00,0.235,0.2365,0.2342,0.2356,375104.0
2023-09-03 15:30:00,0.2356,0.2359,0.2344,0.2356,167044.0
2023-09-03 15:45:00,0.2356,0.2363,0.2346,0.2358,200434.0
2023-09-03 16:00:00,0.2357,0.2358,0.2333,0.234,199198.0
2023-09-03 16:15:00,0.2342,0.2354,0.2328,0.2333,71417.0
2023-09-03 16:30:00,0.2333,0.2333,0.2314,0.2326,94051.0
2023-09-03 16:45:00,0.2328,0.2331,0.2302,0.2311,411078.0
2023-09-03 17:00:00,0.231,0.2327,0.231,0.232,114535.0
2023-09-03 17:15:00,0.2319,0.2326,0.2316,0.2316,67454.0
2023-09-03 17:30:00,0.2316,0.2318,0.2281,0.2297,247827.0
2023-09-03 17:45:00,0.2296,0.2307,0.2295,0.2305,136582.0
2023-09-03 18:00:00,0.2305,0.2315,0.2304,0.2315,26090.0
2023-09-03 18:15:00,0.2314,0.2342,0.2314,0.233,149309.0
2023-09-03 18:30:00,0.2332,0.2337,0.2327,0.2331,100352.0
2023-09-03 18:45:00,0.233,0.2334,0.232,0.2321,76000.0
2023-09-03 19:00:00,0.2322,0.2327,0.2319,0.2322,63517.0
2023-09-03 19:15:00,0.2321,0.233,0.2316,0.2327,56793.0
2023-09-03 19:30:00,0.2327,0.2335,0.2327,0.2331,26468.0
2023-09-03 19:45:00,0.2331,0.2335,0.2326,0.2329,77556.0
2023-09-03 20:00:00,0.2329,0.2336,0.2326,0.2326,56954.0
2023-09-03 20:15:00,0.2327,0.2327,0.2313,0.2318,83844.0
2023-09-03 20:30:00,0.2319,0.2325,0.2316,0.2322,37782.0
2023-09-03 20:45:00,0.2325,0.2334,0.2319,0.2334,141435.0
2023-09-03 21:00:00,0.2334,0.2336,0.2328,0.2328,79310.0
2023-09-03 21:15:00,0.2327,0.2327,0.2316,0.2322,20691.0
2023-09-03 21:30:00,0.2324,0.2328,0.232,0.2322,47378.0
2023-09-03 21:45:00,0.2321,0.2321,0.231,0.2313,32237.0
2023-09-03 22:00:00,0.2312,0.2323,0.2311,0.2321,31206.0
2023-09-03 22:15:00,0.2321,0.2329,0.2318,0.2329,45169.0
2023-09-03 22:30:00,0.2326,0.2331,0.2321,0.2323,215138.0
2023-09-03 22:45:00,0.2323,0.2328,0.232,0.2325,26233.0
2023-09-03 23:00:00,0.2325,0.2327,0.2316,0.2322,34439.0
2023-09-03 23:15:00,0.2322,0.2331,0.232,0.232,80650.0
2023-09-03 23:30:00,0.2321,0.2322,0.2318,0.2321,14545.0
2023-09-03 23:45:00,0.2323,0.2331,0.2321,0.2325,175886.0
2023-09-04 00:00:00,0.2325,0.233,0.2325,0.233,46004.0
2023-09-04 00:15:00,0.2331,0.2374,0.233,0.2369,321698.0
2023-09-04 00:30:00,0.2369,0.2369,0.235,0.2354,227350.0
2023-09-04 00:45:00,0.2356,0.2369,0.2351,0.2368,56662.0
2023-09-04 01:00:00,0.2366,0.2377,0.2359,0.2371,154963.0
2023-09-04 01:15:00,0.2371,0.2371,0.2347,0.2347,117247.0
2023-09-04 01:30:00,0.2347,0.2364,0.2347,0.2361,58408.0
2023-09-04 01:45:00,0.236,0.2375,0.2356,0.2362,223891.0
2023-09-04 02:00:00,0.2363,0.2366,0.2352,0.2352,118815.0
2023-09-04 02:15:00,0.2352,0.2357,0.2343,0.2345,209516.0
2023-09-04 02:30:00,0.2344,0.2355,0.234,0.2354,87833.0
2023-09-04 02:45:00,0.2355,0.2374,0.2351,0.2371,103831.0
2023-09-04 03:00:00,0.2372,0.2389,0.2369,0.2382,199772.0
2023-09-04 03:15:00,0.2384,0.2386,0.2366,0.238,139475.0
2023-09-04 03:30:00,0.238,0.2382,0.235,0.2356,201382.0
2023-09-04 03:45:00,0.2356,0.2357,0.2346,0.2356,126302.0
2023-09-04 04:00:00,0.2356,0.236,0.2307,0.2319,773747.0
2023-09-04 04:15:00,0.232,0.2325,0.2307,0.2316,347677.0
2023-09-04 04:30:00,0.2316,0.2327,0.231,0.2323,160954.0
2023-09-04 04:45:00,0.2322,0.2325,0.2311,0.2316,244977.0
2023-09-04 05:00:00,0.2317,0.2321,0.2309,0.2318,139394.0
2023-09-04 05:15:00,0.2318,0.2327,0.231,0.2316,297875.0
2023-09-04 05:30:00,0.2314,0.2334,0.2275,0.2283,2242430.0
2023-09-04 05:45:00,0.2284,0.2286,0.222,0.2246,1160391.0
2023-09-04 06:00:00,0.2245,0.2256,0.2241,0.225,406417.0
2023-09-04 06:15:00,0.2252,0.2268,0.2252,0.2264,184049.0
2023-09-04 06:30:00,0.2265,0.2269,0.226,0.2266,176389.0
2023-09-04 06:45:00,0.2266,0.2271,0.2262,0.227,53117.0
2023-09-04 07:00:00,0.2269,0.2287,0.2269,0.2286,130623.0
2023-09-04 07:15:00,0.2286,0.2296,0.2282,0.2285,223016.0
2023-09-04 07:30:00,0.2285,0.2296,0.2282,0.2296,89874.0
2023-09-04 07:45:00,0.2296,0.2343,0.229,0.2343,471921.0
2023-09-04 08:00:00,0.2343,0.2424,0.2343,0.2364,5844018.0
2023-09-04 08:15:00,0.2364,0.2368,0.2333,0.2342,385132.0
2023-09-04 08:30:00,0.2341,0.2347,0.2285,0.2332,5228391.0
2023-09-04 08:45:00,0.2336,0.2395,0.2336,0.2365,5432754.0
2023-09-04 09:00:00,0.2367,0.2369,0.2328,0.2338,1060518.0
2023-09-04 09:15:00,0.2335,0.2394,0.2302,0.2389,6266746.0
2023-09-04 09:30:00,0.2389,0.2408,0.2288,0.2318,8335592.0
2023-09-04 09:45:00,0.2318,0.2324,0.229,0.2302,582975.0
2023-09-04 10:00:00,0.2302,0.2315,0.2299,0.2313,150987.0
2023-09-04 10:15:00,0.2312,0.2313,0.2292,0.2302,305223.0
2023-09-04 10:30:00,0.2302,0.2313,0.2292,0.2297,110191.0
2023-09-04 10:45:00,0.2297,0.231,0.2291,0.2306,199705.0
2023-09-04 11:00:00,0.2306,0.2316,0.2304,0.2313,143735.0
2023-09-04 11:15:00,0.2314,0.2319,0.2304,0.2316,140236.0
2023-09-04 11:30:00,0.2314,0.2319,0.2305,0.2314,77177.0
2023-09-04 11:45:00,0.2314,0.2316,0.2306,0.2309,109564.0
2023-09-04 12:00:00,0.2311,0.2335,0.2311,0.2322,275907.0
2023-09-04 12:15:00,0.2323,0.2335,0.2322,0.2332,90418.0
2023-09-04 12:30:00,0.2332,0.2347,0.233,0.2333,254860.0
2023-09-04 12:45:00,0.2333,0.234,0.232,0.2332,349521.0
2023-09-04 13:00:00,0.2332,0.2346,0.232,0.2345,340853.0
2023-09-04 13:15:00,0.2344,0.2359,0.2341,0.2353,267931.0
2023-09-04 13:30:00,0.2355,0.2355,0.232,0.2334,556777.0
2023-09-04 13:45:00,0.2335,0.2336,0.2321,0.2333,176592.0
2023-09-04 14:00:00,0.2333,0.2333,0.2318,0.2324,169866.0
2023-09-04 14:15:00,0.2324,0.2334,0.2322,0.2334,193338.0
2023-09-04 14:30:00,0.233,0.2347,0.2328,0.2332,417487.0
2023-09-04 14:45:00,0.2331,0.2335,0.231,0.2315,222517.0
2023-09-04 15:00:00,0.2314,0.2315,0.2266,0.229,1080144.0
2023-09-04 15:15:00,0.2291,0.2301,0.2282,0.2297,258691.0
2023-09-04 15:30:00,0.2296,0.2314,0.2285,0.2292,260131.0
2023-09-04 15:45:00,0.2292,0.2299,0.2286,0.2296,97791.0
2023-09-04 16:00:00,0.2296,0.2311,0.2296,0.2304,163212.0
2023-09-04 16:15:00,0.2302,0.2304,0.229,0.2295,222793.0
2023-09-04 16:30:00,0.2294,0.2306,0.2293,0.2299,76096.0
2023-09-04 16:45:00,0.2298,0.2307,0.2296,0.2304,101707.0
2023-09-04 17:00:00,0.2303,0.2321,0.2295,0.232,221053.0
2023-09-04 17:15:00,0.2319,0.232,0.231,0.2315,71878.0
2023-09-04 17:30:00,0.2317,0.2317,0.2307,0.2311,53952.0
2023-09-04 17:45:00,0.2311,0.232,0.231,0.2315,231012.0
2023-09-04 18:00:00,0.2315,0.2323,0.2313,0.2315,48213.0
2023-09-04 18:15:00,0.2318,0.2324,0.2315,0.2315,56127.0
2023-09-04 18:30:00,0.2315,0.232,0.2312,0.232,89318.0
2023-09-04 18:45:00,0.2322,0.2326,0.2317,0.2321,45258.0
2023-09-04 19:00:00,0.2322,0.2325,0.2311,0.2312,29256.0
2023-09-04 19:15:00,0.2313,0.2315,0.2301,0.2306,175663.0
2023-09-04 19:30:00,0.2308,0.2312,0.2305,0.2309,95406.0
2023-09-04 19:45:00,0.2312,0.232,0.2304,0.231,139008.0
2023-09-04 20:00:00,0.2309,0.2311,0.2305,0.2307,42283.0
2023-09-04 20:15:00,0.2305,0.2305,0.2296,0.2296,41011.0
2023-09-04 20:30:00,0.2296,0.2299,0.2291,0.2298,85467.0
2023-09-04 20:45:00,0.2298,0.23,0.2293,0.23,60808.0
2023-09-04 21:00:00,0.2299,0.2301,0.2289,0.2294,72158.0
2023-09-04 21:15:00,0.2294,0.2297,0.2287,0.2295,58482.0
2023-09-04 21:30:00,0.2295,0.2295,0.2275,0.2281,140576.0
2023-09-04 21:45:00,0.2282,0.2292,0.2273,0.2274,189074.0
2023-09-04 22:00:00,0.2274,0.2284,0.2268,0.228,120336.0
2023-09-04 22:15:00,0.2281,0.2292,0.2275,0.228,83178.0
2023-09-04 22:30:00,0.2279,0.2292,0.2278,0.229,22642.0
2023-09-04 22:45:00,0.2289,0.2295,0.2288,0.2295,26166.0
2023-09-04 23:00:00,0.2295,0.2307,0.2295,0.2301,24749.0
2023-09-04 23:15:00,0.2301,0.2313,0.2301,0.2313,34226.0
2023-09-04 23:30:00,0.2311,0.2318,0.2306,0.2316,45165.0
2023-09-04 23:45:00,0.2318,0.232,0.2308,0.2314,150160.0
2023-09-05 00:00:00,0.2315,0.2325,0.2308,0.2324,146875.0
2023-09-05 00:15:00,0.2323,0.2335,0.2315,0.2315,273993.0
2023-09-05 00:30:00,0.2315,0.2333,0.2315,0.2326,103099.0
2023-09-05 00:45:00,0.2329,0.233,0.2314,0.2325,93707.0
2023-09-05 01:00:00,0.2327,0.2331,0.2324,0.2325,56191.0
2023-09-05 01:15:00,0.2325,0.2326,0.2315,0.2321,181474.0
2023-09-05 01:30:00,0.232,0.2353,0.232,0.2348,466982.0
2023-09-05 01:45:00,0.2346,0.2346,0.2329,0.2332,60061.0
2023-09-05 02:00:00,0.2333,0.2352,0.2321,0.2321,273580.0
2023-09-05 02:15:00,0.232,0.2333,0.2317,0.2318,314535.0
2023-09-05 02:30:00,0.2317,0.2321,0.2311,0.232,149314.0
2023-09-05 02:45:00,0.2319,0.2323,0.2308,0.2315,120131.0
2023-09-05 03:00:00,0.2312,0.2328,0.2306,0.2314,179850.0
2023-09-05 03:15:00,0.2313,0.232,0.2303,0.2317,179682.0
2023-09-05 03:30:00,0.2317,0.2332,0.231,0.2313,194246.0
2023-09-05 03:45:00,0.2312,0.2321,0.2311,0.2317,41235.0
2023-09-05 04:00:00,0.2316,0.2325,0.2314,0.2318,107921.0
2023-09-05 04:15:00,0.2319,0.2329,0.2319,0.2324,37365.0
2023-09-05 04:30:00,0.2325,0.2342,0.2322,0.2337,120690.0
2023-09-05 04:45:00,0.2336,0.2346,0.2333,0.2333,121856.0
2023-09-05 05:00:00,0.2333,0.236,0.2331,0.2355,476250.0
2023-09-05 05:15:00,0.2355,0.2371,0.2336,0.2342,805975.0
2023-09-05 05:30:00,0.2341,0.2341,0.2325,0.233,287271.0
2023-09-05 05:45:00,0.2329,0.2329,0.2301,0.2304,673821.0
2023-09-05 06:00:00,0.2304,0.2312,0.2289,0.2296,247051.0
2023-09-05 06:15:00,0.2295,0.2306,0.2289,0.2289,267409.0
2023-09-05 06:30:00,0.229,0.2296,0.2285,0.2286,103378.0
2023-09-05 06:45:00,0.2287,0.2289,0.228,0.2282,177399.0
2023-09-05 07:00:00,0.2282,0.2294,0.2282,0.2287,154576.0
2023-09-05 07:15:00,0.2284,0.2293,0.2282,0.2293,144580.0
2023-09-05 07:30:00,0.2292,0.2299,0.2289,0.2293,134477.0
2023-09-05 07:45:00,0.2293,0.2301,0.2283,0.2301,350999.0
2023-09-05 08:00:00,0.23,0.2316,0.2275,0.2289,2133263.0
2023-09-05 08:15:00,0.2288,0.2289,0.2278,0.228,131117.0
2023-09-05 08:30:00,0.2282,0.2288,0.2268,0.2275,339761.0
2023-09-05 08:45:00,0.2273,0.2287,0.2273,0.2285,131362.0
2023-09-05 09:00:00,0.2285,0.2289,0.2271,0.2277,144382.0
2023-09-05 09:15:00,0.2279,0.2281,0.2266,0.2269,139861.0
2023-09-05 09:30:00,0.2269,0.2269,0.2254,0.2263,134440.0
2023-09-05 09:45:00,0.2265,0.2272,0.2262,0.2269,41505.0
2023-09-05 10:00:00,0.2269,0.2271,0.2264,0.227,93078.0
2023-09-05 10:15:00,0.227,0.2284,0.2269,0.2277,119595.0
2023-09-05 10:30:00,0.2277,0.2285,0.2273,0.2273,75157.0
2023-09-05 10:45:00,0.2274,0.2275,0.2264,0.2269,110602.0
2023-09-05 11:00:00,0.2266,0.2272,0.2253,0.2254,202062.0
2023-09-05 11:15:00,0.2256,0.2257,0.224,0.225,167885.0
2023-09-05 11:30:00,0.2253,0.2254,0.2247,0.2253,61125.0
2023-09-05 11:45:00,0.2254,0.2265,0.2253,0.2262,263440.0
2023-09-05 12:00:00,0.2264,0.2267,0.2243,0.2244,199261.0
2023-09-05 12:15:00,0.2247,0.2248,0.2234,0.2242,175633.0
2023-09-05 12:30:00,0.2242,0.2245,0.2228,0.2243,364908.0
2023-09-05 12:45:00,0.2245,0.225,0.224,0.2249,91926.0
2023-09-05 13:00:00,0.225,0.225,0.2235,0.2239,66553.0
2023-09-05 13:15:00,0.2239,0.224,0.2228,0.2233,99553.0
2023-09-05 13:30:00,0.2233,0.2233,0.2222,0.2228,168537.0
2023-09-05 13:45:00,0.2228,0.2234,0.2218,0.2224,193917.0
2023-09-05 14:00:00,0.2224,0.2247,0.2222,0.2242,200980.0
2023-09-05 14:15:00,0.2243,0.2243,0.2231,0.2235,71406.0
2023-09-05 14:30:00,0.2233,0.224,0.2223,0.2234,171378.0
2023-09-05 14:45:00,0.2239,0.2241,0.2235,0.2235,36472.0
2023-09-05 15:00:00,0.2235,0.2259,0.2234,0.2259,104244.0
2023-09-05 15:15:00,0.2259,0.2261,0.2242,0.2247,210464.0
2023-09-05 15:30:00,0.2248,0.2265,0.2248,0.2262,149891.0
2023-09-05 15:45:00,0.2262,0.2268,0.2255,0.2265,100278.0
2023-09-05 16:00:00,0.2264,0.2279,0.2258,0.2276,228261.0
2023-09-05 16:15:00,0.2277,0.2277,0.2255,0.2258,129275.0
2023-09-05 16:30:00,0.2259,0.2265,0.2256,0.2263,252530.0
2023-09-05 16:45:00,0.2261,0.2267,0.225,0.2261,150404.0
2023-09-05 17:00:00,0.2261,0.2271,0.2255,0.227,89452.0
2023-09-05 17:15:00,0.227,0.227,0.2257,0.2267,70426.0
2023-09-05 17:30:00,0.2267,0.2275,0.2264,0.2265,104297.0
2023-09-05 17:45:00,0.2266,0.2272,0.2261,0.2272,87300.0
2023-09-05 18:00:00,0.227,0.2273,0.226,0.226,100876.0
2023-09-05 18:15:00,0.2262,0.2272,0.2258,0.226,46083.0
2023-09-05 18:30:00,0.2261,0.2263,0.2253,0.2253,52829.0
2023-09-05 18:45:00,0.2254,0.2266,0.2253,0.2265,60572.0
2023-09-05 19:00:00,0.2266,0.2271,0.2262,0.2263,41901.0
2023-09-05 19:15:00,0.2266,0.227,0.2261,0.2263,28690.0
2023-09-05 19:30:00,0.2261,0.2265,0.2255,0.226,43700.0
2023-09-05 19:45:00,0.2255,0.2258,0.2245,0.2252,67154.0
2023-09-05 20:00:00,0.2252,0.2275,0.2244,0.2274,214191.0
2023-09-05 20:15:00,0.2272,0.2274,0.2251,0.2252,260441.0
2023-09-05 20:30:00,0.2252,0.2252,0.2237,0.2237,107655.0
2023-09-05 20:45:00,0.2239,0.2241,0.2235,0.2236,80827.0
2023-09-05 21:00:00,0.2236,0.2241,0.223,0.2239,137932.0
2023-09-05 21:15:00,0.2241,0.2243,0.2238,0.2243,110239.0
2023-09-05 21:30:00,0.2243,0.2248,0.2229,0.223,56984.0
2023-09-05 21:45:00,0.2231,0.2234,0.2225,0.2225,79430.0
2023-09-05 22:00:00,0.2229,0.2233,0.2223,0.2229,33266.0
2023-09-05 22:15:00,0.223,0.223,0.2221,0.2229,127800.0
2023-09-05 22:30:00,0.2231,0.2233,0.2224,0.2225,68915.0
2023-09-05 22:45:00,0.2225,0.2229,0.2221,0.2222,80690.0
2023-09-05 23:00:00,0.2225,0.2229,0.2223,0.2226,26653.0
2023-09-05 23:15:00,0.2226,0.2232,0.2221,0.2224,84422.0
2023-09-05 23:30:00,0.2223,0.2229,0.2222,0.2226,52988.0
2023-09-05 23:45:00,0.2226,0.2232,0.2225,0.2232,66893.0
2023-09-06 00:00:00,0.2232,0.2259,0.2231,0.2257,172507.0
2023-09-06 00:15:00,0.2256,0.2256,0.2241,0.2243,94540.0
2023-09-06 00:30:00,0.2244,0.2248,0.2228,0.2243,129513.0
2023-09-06 00:45:00,0.2243,0.2254,0.2238,0.2252,202898.0
2023-09-06 01:00:00,0.2253,0.227,0.2246,0.2266,159478.0
2023-09-06 01:15:00,0.2266,0.2267,0.2256,0.2256,32283.0
2023-09-06 01:30:00,0.2256,0.2256,0.2238,0.2239,157792.0
2023-09-06 01:45:00,0.2238,0.2241,0.2232,0.224,39086.0
2023-09-06 02:00:00,0.2239,0.2248,0.2232,0.2248,86472.0
2023-09-06 02:15:00,0.2247,0.2263,0.2245,0.2256,186820.0
2023-09-06 02:30:00,0.226,0.2275,0.2258,0.2273,127040.0
2023-09-06 02:45:00,0.2274,0.2275,0.2262,0.227,114737.0
2023-09-06 03:00:00,0.227,0.2298,0.227,0.229,506483.0
2023-09-06 03:15:00,0.2291,0.2294,0.2258,0.226,241392.0
2023-09-06 03:30:00,0.2258,0.2258,0.2237,0.2252,286704.0
2023-09-06 03:45:00,0.2252,0.2252,0.224,0.2243,92737.0
2023-09-06 04:00:00,0.2244,0.2248,0.2236,0.2245,81464.0
2023-09-06 04:15:00,0.2246,0.2252,0.2246,0.2248,63108.0
2023-09-06 04:30:00,0.2246,0.2251,0.2238,0.2238,65544.0
2023-09-06 04:45:00,0.2237,0.2243,0.2222,0.2223,1242511.0
2023-09-06 05:00:00,0.2223,0.2234,0.22,0.2212,310741.0
2023-09-06 05:15:00,0.2212,0.2227,0.2203,0.2222,189955.0
2023-09-06 05:30:00,0.2222,0.2222,0.2191,0.2197,471033.0
2023-09-06 05:45:00,0.2199,0.2201,0.2183,0.2187,265373.0
2023-09-06 06:00:00,0.2186,0.2202,0.2184,0.2195,384107.0
2023-09-06 06:15:00,0.2195,0.2222,0.2195,0.221,692637.0
2023-09-06 06:30:00,0.221,0.2214,0.2203,0.2209,71119.0
2023-09-06 06:45:00,0.2206,0.2217,0.2205,0.2206,176445.0
2023-09-06 07:00:00,0.2204,0.2217,0.2203,0.2212,158618.0
2023-09-06 07:15:00,0.2214,0.2219,0.2204,0.221,99195.0
2023-09-06 07:30:00,0.221,0.2225,0.221,0.2218,121513.0
2023-09-06 07:45:00,0.2221,0.2224,0.221,0.2213,76463.0
2023-09-06 08:00:00,0.2212,0.2215,0.2207,0.2209,33954.0
2023-09-06 08:15:00,0.221,0.2218,0.2205,0.2216,107341.0
2023-09-06 08:30:00,0.2217,0.2232,0.2217,0.2227,125799.0
2023-09-06 08:45:00,0.2228,0.2232,0.2225,0.2226,31374.0
2023-09-06 09:00:00,0.2226,0.224,0.2224,0.2233,224607.0
2023-09-06 09:15:00,0.2233,0.2236,0.2227,0.2235,77128.0
2023-09-06 09:30:00,0.2234,0.2251,0.2234,0.2249,191715.0
2023-09-06 09:45:00,0.2249,0.226,0.2246,0.225,171661.0
2023-09-06 10:00:00,0.2245,0.2257,0.2243,0.2253,92386.0
2023-09-06 10:15:00,0.2252,0.2258,0.2252,0.2256,24805.0
2023-09-06 10:30:00,0.2257,0.2257,0.2248,0.2248,112738.0
2023-09-06 10:45:00,0.2246,0.2248,0.2237,0.2248,126135.0
2023-09-06 11:00:00,0.2248,0.2252,0.224,0.224,71301.0
2023-09-06 11:15:00,0.2242,0.2253,0.2234,0.2241,281489.0
2023-09-06 11:30:00,0.2242,0.2249,0.2239,0.2241,72051.0
2023-09-06 11:45:00,0.2242,0.2243,0.2236,0.2239,59266.0
2023-09-06 12:00:00,0.2239,0.2249,0.2236,0.2243,109008.0
2023-09-06 12:15:00,0.2243,0.2245,0.2236,0.2242,41650.0
2023-09-06 12:30:00,0.2242,0.2243,0.2233,0.2237,41765.0
2023-09-06 12:45:00,0.2238,0.2242,0.2234,0.224,78308.0
2023-09-06 13:00:00,0.224,0.2242,0.2233,0.2234,66077.0
2023-09-06 13:15:00,0.2232,0.2244,0.2231,0.2241,54560.0
2023-09-06 13:30:00,0.2242,0.225,0.2228,0.2249,193021.0
2023-09-06 13:45:00,0.225,0.2256,0.2245,0.2249,141891.0
2023-09-06 14:00:00,0.2248,0.2253,0.2234,0.2249,160884.0
2023-09-06 14:15:00,0.2249,0.2249,0.2233,0.2235,95402.0
2023-09-06 14:30:00,0.2232,0.2243,0.223,0.2233,201713.0
2023-09-06 14:45:00,0.2232,0.2242,0.223,0.2239,133842.0
2023-09-06 15:00:00,0.2238,0.2238,0.2218,0.2218,84335.0
2023-09-06 15:15:00,0.2218,0.2228,0.2207,0.2219,137331.0
2023-09-06 15:30:00,0.2219,0.2235,0.2218,0.2235,59046.0
2023-09-06 15:45:00,0.2235,0.2243,0.2235,0.2236,63273.0
2023-09-06 16:00:00,0.2236,0.224,0.2232,0.2235,59407.0
2023-09-06 16:15:00,0.2236,0.2244,0.2232,0.2233,112984.0
2023-09-06 16:30:00,0.2233,0.2234,0.223,0.223,92492.0
2023-09-06 16:45:00,0.2232,0.224,0.2232,0.2234,31897.0
2023-09-06 17:00:00,0.223,0.2237,0.2208,0.2226,243564.0
2023-09-06 17:15:00,0.2228,0.2244,0.222,0.2242,202278.0
2023-09-06 17:30:00,0.2241,0.225,0.2234,0.2246,107447.0
2023-09-06 17:45:00,0.2247,0.2308,0.2247,0.2283,510424.0
2023-09-06 18:00:00,0.2284,0.2315,0.2284,0.2295,429688.0
2023-09-06 18:15:00,0.2295,0.2295,0.2269,0.2278,178081.0
2023-09-06 18:30:00,0.2274,0.2284,0.227,0.2283,51478.0
2023-09-06 18:45:00,0.2284,0.2292,0.2278,0.2281,229721.0
2023-09-06 19:00:00,0.2279,0.2285,0.2272,0.2282,195478.0
2023-09-06 19:15:00,0.2281,0.2288,0.2277,0.2277,52468.0
2023-09-06 19:30:00,0.228,0.2293,0.228,0.2284,72569.0
2023-09-06 19:45:00,0.2285,0.2288,0.2282,0.2285,18544.0
2023-09-06 20:00:00,0.2283,0.2298,0.2283,0.2298,101772.0
2023-09-06 20:15:00,0.2296,0.2309,0.2296,0.2305,481707.0
2023-09-06 20:30:00,0.2305,0.232,0.2297,0.2301,437608.0
2023-09-06 20:45:00,0.23,0.23,0.2287,0.2295,139685.0
2023-09-06 21:00:00,0.2295,0.2309,0.2295,0.2307,125574.0
2023-09-06 21:15:00,0.2308,0.2308,0.2292,0.2301,438826.0
2023-09-06 21:30:00,0.2301,0.2305,0.2294,0.2305,60201.0
2023-09-06 21:45:00,0.2305,0.2312,0.2305,0.231,58496.0
2023-09-06 22:00:00,0.231,0.2331,0.2309,0.2311,384271.0
2023-09-06 22:15:00,0.2313,0.232,0.2307,0.2317,99849.0
2023-09-06 22:30:00,0.2314,0.2317,0.2309,0.2317,112595.0
2023-09-06 22:45:00,0.2316,0.2319,0.2309,0.2313,95664.0
2023-09-06 23:00:00,0.2311,0.2321,0.2304,0.2318,91396.0
2023-09-06 23:15:00,0.2317,0.2321,0.231,0.231,104123.0
2023-09-06 23:30:00,0.231,0.231,0.2296,0.2302,299109.0
2023-09-06 23:45:00,0.2304,0.2313,0.2304,0.2313,30514.0
2023-09-07 00:00:00,0.2314,0.2335,0.2307,0.2307,394272.0
2023-09-07 00:15:00,0.2306,0.2321,0.2304,0.2317,97978.0
2023-09-07 00:30:00,0.2319,0.2335,0.2319,0.2333,308249.0
2023-09-07 00:45:00,0.2332,0.2341,0.2317,0.2322,377372.0
2023-09-07 01:00:00,0.2322,0.2323,0.2298,0.2303,140442.0
2023-09-07 01:15:00,0.2302,0.2309,0.2291,0.2296,258709.0
2023-09-07 01:30:00,0.2295,0.2302,0.2288,0.23,144679.0
2023-09-07 01:45:00,0.23,0.2313,0.2296,0.2309,208177.0
2023-09-07 02:00:00,0.2309,0.231,0.2293,0.2303,119179.0
2023-09-07 02:15:00,0.2303,0.2309,0.23,0.2308,63757.0
2023-09-07 02:30:00,0.2307,0.2307,0.2294,0.23,42836.0
2023-09-07 02:45:00,0.2301,0.2304,0.2295,0.2296,232853.0
2023-09-07 03:00:00,0.2297,0.2297,0.2286,0.2289,24251.0
2023-09-07 03:15:00,0.2292,0.2297,0.2287,0.2291,123272.0
2023-09-07 03:30:00,0.2291,0.2297,0.2289,0.2294,44123.0
2023-09-07 03:45:00,0.2294,0.23,0.2293,0.2297,76146.0
2023-09-07 04:00:00,0.2298,0.2298,0.2287,0.2289,136005.0
2023-09-07 04:15:00,0.2289,0.229,0.2274,0.2278,96771.0
2023-09-07 04:30:00,0.2278,0.2282,0.2272,0.2277,56805.0
2023-09-07 04:45:00,0.2277,0.2278,0.2273,0.2277,31066.0
2023-09-07 05:00:00,0.2277,0.2277,0.2267,0.2269,64963.0
2023-09-07 05:15:00,0.2268,0.2274,0.2268,0.2272,34583.0
2023-09-07 05:30:00,0.2274,0.2275,0.2268,0.2268,69416.0
2023-09-07 05:45:00,0.2269,0.2282,0.2268,0.2276,40318.0
2023-09-07 06:00:00,0.2276,0.2277,0.2269,0.2273,35840.0
2023-09-07 06:15:00,0.2272,0.2278,0.2272,0.2275,25350.0
2023-09-07 06:30:00,0.2276,0.228,0.2266,0.2272,66787.0
2023-09-07 06:45:00,0.2274,0.2274,0.2265,0.2267,118550.0
2023-09-07 07:00:00,0.2269,0.2271,0.226,0.2263,133434.0
2023-09-07 07:15:00,0.2264,0.2268,0.2262,0.2264,35994.0
2023-09-07 07:30:00,0.2265,0.2267,0.2261,0.2261,32665.0
2023-09-07 07:45:00,0.2262,0.2264,0.226,0.226,26167.0
2023-09-07 08:00:00,0.226,0.2263,0.2248,0.2251,143783.0
2023-09-07 08:15:00,0.225,0.2253,0.2244,0.2249,127441.0
2023-09-07 08:30:00,0.2249,0.2255,0.2249,0.2253,85915.0
2023-09-07 08:45:00,0.2253,0.2256,0.2251,0.2253,13851.0
2023-09-07 09:00:00,0.2252,0.2265,0.2247,0.2265,265043.0
2023-09-07 09:15:00,0.2266,0.2266,0.2257,0.2259,56448.0
2023-09-07 09:30:00,0.226,0.2268,0.225,0.2259,309591.0
2023-09-07 09:45:00,0.2259,0.2269,0.2259,0.2262,251918.0
2023-09-07 10:00:00,0.2262,0.2273,0.2261,0.2273,41937.0
2023-09-07 10:15:00,0.2273,0.2278,0.227,0.2271,229001.0
2023-09-07 10:30:00,0.227,0.2274,0.227,0.2274,48349.0
2023-09-07 10:45:00,0.2274,0.2274,0.2255,0.2264,176139.0
2023-09-07 11:00:00,0.2264,0.2268,0.2264,0.2266,13430.0
2023-09-07 11:15:00,0.2267,0.2273,0.2261,0.227,313106.0
2023-09-07 11:30:00,0.2268,0.2278,0.2258,0.2259,133811.0
2023-09-07 11:45:00,0.2261,0.2263,0.2233,0.2247,619319.0
2023-09-07 12:00:00,0.2246,0.2252,0.2244,0.2251,210267.0
2023-09-07 12:15:00,0.2252,0.2253,0.224,0.2248,77677.0
2023-09-07 12:30:00,0.2248,0.2248,0.2238,0.224,119680.0
2023-09-07 12:45:00,0.2241,0.2241,0.2224,0.2235,161190.0
2023-09-07 13:00:00,0.2236,0.2238,0.223,0.2234,99634.0
2023-09-07 13:15:00,0.2234,0.2242,0.2233,0.2242,124751.0
2023-09-07 13:30:00,0.2242,0.2262,0.224,0.2261,179400.0
2023-09-07 13:45:00,0.2261,0.2261,0.2255,0.226,67201.0
2023-09-07 14:00:00,0.226,0.2283,0.226,0.2282,185502.0
2023-09-07 14:15:00,0.2282,0.2282,0.2271,0.2271,57898.0
2023-09-07 14:30:00,0.227,0.2284,0.2263,0.2284,83746.0
2023-09-07 14:45:00,0.2283,0.2287,0.2277,0.2282,50515.0
2023-09-07 15:00:00,0.2283,0.2285,0.2277,0.2278,66292.0
2023-09-07 15:15:00,0.2276,0.2284,0.2274,0.2276,154931.0
2023-09-07 15:30:00,0.2271,0.2277,0.2269,0.2276,51330.0
2023-09-07 15:45:00,0.2278,0.2286,0.2275,0.2281,51003.0
2023-09-07 16:00:00,0.2282,0.2288,0.2279,0.2286,64580.0
2023-09-07 16:15:00,0.2289,0.2292,0.2286,0.2289,64869.0
2023-09-07 16:30:00,0.2291,0.23,0.2289,0.23,89433.0
2023-09-07 16:45:00,0.2299,0.23,0.229,0.2291,31306.0
2023-09-07 17:00:00,0.2291,0.2299,0.2286,0.2296,129364.0
2023-09-07 17:15:00,0.2296,0.2306,0.2295,0.2297,246130.0
2023-09-07 17:30:00,0.2299,0.2301,0.2289,0.2293,122500.0
2023-09-07 17:45:00,0.2292,0.2299,0.2292,0.2293,65644.0
2023-09-07 18:00:00,0.2295,0.2296,0.2279,0.2292,159154.0
2023-09-07 18:15:00,0.229,0.2292,0.2287,0.2291,42106.0
2023-09-07 18:30:00,0.229,0.2291,0.2279,0.2279,49851.0
2023-09-07 18:45:00,0.2279,0.2282,0.2276,0.228,34109.0
2023-09-07 19:00:00,0.2276,0.228,0.2273,0.2277,129302.0
2023-09-07 19:15:00,0.2277,0.2281,0.2274,0.2277,60834.0
2023-09-07 19:30:00,0.2277,0.228,0.2275,0.228,26161.0
2023-09-07 19:45:00,0.228,0.228,0.2274,0.2274,92949.0
2023-09-07 20:00:00,0.2276,0.228,0.2272,0.2276,47327.0
2023-09-07 20:15:00,0.2276,0.2277,0.2274,0.2276,32167.0
2023-09-07 20:30:00,0.2276,0.2276,0.2272,0.2275,57314.0
2023-09-07 20:45:00,0.2274,0.2279,0.2272,0.2277,20028.0
2023-09-07 21:00:00,0.2279,0.2291,0.2273,0.229,170270.0
2023-09-07 21:15:00,0.229,0.23,0.2281,0.2281,79138.0
2023-09-07 21:30:00,0.2282,0.2283,0.2276,0.2276,46040.0
2023-09-07 21:45:00,0.2278,0.2279,0.2268,0.2268,42781.0
2023-09-07 22:00:00,0.2274,0.2283,0.2272,0.2277,70114.0
2023-09-07 22:15:00,0.2279,0.2285,0.2278,0.2278,49016.0
2023-09-07 22:30:00,0.228,0.229,0.228,0.2286,55102.0
2023-09-07 22:45:00,0.2286,0.2289,0.228,0.2282,41629.0
2023-09-07 23:00:00,0.2282,0.2291,0.2282,0.2286,71534.0
2023-09-07 23:15:00,0.2287,0.2289,0.2284,0.2285,17388.0
2023-09-07 23:30:00,0.2284,0.2289,0.2282,0.2284,36733.0
2023-09-07 23:45:00,0.2283,0.2289,0.2281,0.2289,57137.0
2023-09-08 00:00:00,0.2292,0.2295,0.2287,0.229,45198.0
2023-09-08 00:15:00,0.229,0.236,0.2289,0.2337,1116651.0
2023-09-08 00:30:00,0.2335,0.2382,0.2335,0.2361,1020818.0
2023-09-08 00:45:00,0.2354,0.2379,0.2333,0.2367,639783.0
2023-09-08 01:00:00,0.2368,0.2379,0.2338,0.2355,389217.0
2023-09-08 01:15:00,0.2356,0.2356,0.2338,0.2339,115163.0
2023-09-08 01:30:00,0.2338,0.2359,0.2338,0.2355,79713.0
2023-09-08 01:45:00,0.2353,0.2377,0.2348,0.2377,266624.0
2023-09-08 02:00:00,0.2376,0.2376,0.234,0.2348,339340.0
2023-09-08 02:15:00,0.2346,0.2351,0.2339,0.2339,70894.0
2023-09-08 02:30:00,0.2339,0.2355,0.2336,0.2346,91989.0
2023-09-08 02:45:00,0.2345,0.2351,0.2315,0.2318,600714.0
2023-09-08 03:00:00,0.2318,0.234,0.2302,0.234,559640.0
2023-09-08 03:15:00,0.2338,0.2343,0.2315,0.2327,513042.0
2023-09-08 03:30:00,0.2325,0.2337,0.2325,0.2337,66970.0
2023-09-08 03:45:00,0.2338,0.2361,0.2338,0.2349,237428.0
2023-09-08 04:00:00,0.2349,0.2363,0.2348,0.2351,279327.0
2023-09-08 04:15:00,0.235,0.2356,0.2338,0.2356,89025.0
2023-09-08 04:30:00,0.2352,0.239,0.2351,0.239,615474.0
2023-09-08 04:45:00,0.2388,0.24,0.237,0.2378,379002.0
2023-09-08 05:00:00,0.2378,0.2382,0.2366,0.2377,177867.0
2023-09-08 05:15:00,0.2376,0.2385,0.2368,0.2368,259782.0
2023-09-08 05:30:00,0.237,0.2375,0.2356,0.2374,292720.0
2023-09-08 05:45:00,0.2374,0.2381,0.2341,0.2356,384920.0
2023-09-08 06:00:00,0.2358,0.236,0.231,0.2317,470906.0
2023-09-08 06:15:00,0.2318,0.2323,0.2291,0.2296,805825.0
2023-09-08 06:30:00,0.2296,0.2331,0.2296,0.233,212027.0
2023-09-08 06:45:00,0.2329,0.2331,0.232,0.2324,175293.0
2023-09-08 07:00:00,0.2323,0.2336,0.2323,0.2334,99068.0
2023-09-08 07:15:00,0.2334,0.2375,0.2333,0.2373,241304.0
2023-09-08 07:30:00,0.237,0.237,0.2356,0.2356,261663.0
2023-09-08 07:45:00,0.2355,0.236,0.2336,0.2342,171356.0
2023-09-08 08:00:00,0.2343,0.2343,0.2314,0.2319,233558.0
2023-09-08 08:15:00,0.2318,0.2324,0.2309,0.2324,114121.0
2023-09-08 08:30:00,0.2324,0.2329,0.2316,0.232,193928.0
2023-09-08 08:45:00,0.232,0.2325,0.2318,0.2324,78051.0
2023-09-08 09:00:00,0.2324,0.2332,0.2321,0.2331,103645.0
2023-09-08 09:15:00,0.2329,0.2337,0.232,0.2331,197964.0
2023-09-08 09:30:00,0.2329,0.2331,0.2322,0.2324,93599.0
2023-09-08 09:45:00,0.2324,0.2331,0.2314,0.2315,105837.0
2023-09-08 10:00:00,0.2315,0.2315,0.2264,0.2285,546343.0
2023-09-08 10:15:00,0.2284,0.2299,0.2277,0.2298,171342.0
2023-09-08 10:30:00,0.2295,0.2306,0.2295,0.2304,86522.0
2023-09-08 10:45:00,0.2304,0.2304,0.2291,0.2292,52703.0
2023-09-08 11:00:00,0.2292,0.2297,0.229,0.2297,56816.0
2023-09-08 11:15:00,0.2295,0.2295,0.2284,0.2288,142924.0
2023-09-08 11:30:00,0.2285,0.2288,0.2278,0.2282,54050.0
2023-09-08 11:45:00,0.2278,0.2282,0.2274,0.2277,82893.0
2023-09-08 12:00:00,0.2276,0.2288,0.227,0.2287,209535.0
2023-09-08 12:15:00,0.2285,0.2296,0.2285,0.2296,18113.0
2023-09-08 12:30:00,0.2294,0.2299,0.2288,0.2297,68956.0
2023-09-08 12:45:00,0.2297,0.23,0.2289,0.2295,82833.0
2023-09-08 13:00:00,0.2295,0.2313,0.2295,0.2306,133617.0
2023-09-08 13:15:00,0.2306,0.2307,0.2283,0.2285,165651.0
2023-09-08 13:30:00,0.2287,0.2295,0.2283,0.2287,165025.0
2023-09-08 13:45:00,0.2288,0.2301,0.2288,0.2298,86770.0
2023-09-08 14:00:00,0.2298,0.2323,0.2297,0.2313,357606.0
2023-09-08 14:15:00,0.2313,0.2314,0.2303,0.2312,148147.0
2023-09-08 14:30:00,0.2311,0.2313,0.2295,0.2298,146740.0
2023-09-08 14:45:00,0.2297,0.2297,0.2288,0.2295,56979.0
2023-09-08 15:00:00,0.2294,0.23,0.2289,0.2297,39769.0
2023-09-08 15:15:00,0.2298,0.2302,0.2297,0.2302,31891.0
2023-09-08 15:30:00,0.23,0.2311,0.2297,0.2297,193225.0
2023-09-08 15:45:00,0.2297,0.2297,0.2289,0.2289,136996.0
2023-09-08 16:00:00,0.2288,0.2301,0.2286,0.23,117042.0
2023-09-08 16:15:00,0.2302,0.2309,0.2288,0.2288,274017.0
2023-09-08 16:30:00,0.2288,0.2298,0.228,0.2287,138899.0
2023-09-08 16:45:00,0.229,0.2292,0.2279,0.2289,113886.0
2023-09-08 17:00:00,0.2293,0.2312,0.2293,0.2312,128098.0
2023-09-08 17:15:00,0.2312,0.2312,0.23,0.23,34550.0
2023-09-08 17:30:00,0.23,0.2301,0.2295,0.2295,8256.0
2023-09-08 17:45:00,0.2296,0.23,0.2296,0.23,19572.0
2023-09-08 18:00:00,0.2298,0.2303,0.2296,0.2299,18540.0
2023-09-08 18:15:00,0.2296,0.2304,0.2295,0.2301,28414.0
2023-09-08 18:30:00,0.2301,0.2303,0.2298,0.23,10017.0
2023-09-08 18:45:00,0.23,0.2302,0.2298,0.2302,14571.0
2023-09-08 19:00:00,0.2303,0.2308,0.2299,0.2308,24227.0
2023-09-08 19:15:00,0.2308,0.2308,0.2303,0.2308,29729.0
2023-09-08 19:30:00,0.2308,0.2308,0.2291,0.2295,330270.0
2023-09-08 19:45:00,0.2295,0.2295,0.229,0.2291,71026.0
2023-09-08 20:00:00,0.229,0.232,0.229,0.2318,274442.0
2023-09-08 20:15:00,0.2317,0.2317,0.2298,0.2303,129966.0
2023-09-08 20:30:00,0.23,0.2305,0.2298,0.23,71750.0
2023-09-08 20:45:00,0.23,0.2302,0.2298,0.23,23144.0
2023-09-08 21:00:00,0.2301,0.2309,0.2297,0.2309,49423.0
2023-09-08 21:15:00,0.2306,0.2306,0.2301,0.2301,6083.0
2023-09-08 21:30:00,0.2302,0.2304,0.23,0.23,7104.0
2023-09-08 21:45:00,0.23,0.2306,0.2299,0.2306,12902.0
2023-09-08 22:00:00,0.2304,0.2305,0.2297,0.23,16015.0
2023-09-08 22:15:00,0.23,0.2303,0.2299,0.2302,18673.0
2023-09-08 22:30:00,0.2303,0.231,0.2301,0.2308,40763.0
2023-09-08 22:45:00,0.2308,0.2312,0.2308,0.2311,13797.0
2023-09-08 23:00:00,0.2311,0.2321,0.2311,0.2318,241356.0
2023-09-08 23:15:00,0.2317,0.2322,0.2316,0.232,64145.0
2023-09-08 23:30:00,0.232,0.2321,0.2316,0.2316,23434.0
2023-09-08 23:45:00,0.2316,0.2324,0.2316,0.2323,31803.0
2023-09-09 00:00:00,0.2322,0.2324,0.2313,0.2313,61754.0
2023-09-09 00:15:00,0.2314,0.2315,0.2307,0.2309,51961.0
2023-09-09 00:30:00,0.231,0.2312,0.2298,0.23,103365.0
2023-09-09 00:45:00,0.23,0.2303,0.2292,0.2292,115234.0
2023-09-09 01:00:00,0.2296,0.2313,0.2296,0.2309,55276.0
2023-09-09 01:15:00,0.2309,0.231,0.2301,0.2304,118706.0
2023-09-09 01:30:00,0.2306,0.2306,0.2301,0.2301,38692.0
2023-09-09 01:45:00,0.2302,0.2307,0.2298,0.2301,79278.0
2023-09-09 02:00:00,0.2301,0.2301,0.2282,0.2288,194103.0
2023-09-09 02:15:00,0.229,0.2293,0.2288,0.229,59231.0
2023-09-09 02:30:00,0.2291,0.2302,0.2291,0.2298,54514.0
2023-09-09 02:45:00,0.2298,0.2303,0.2296,0.2302,29961.0
2023-09-09 03:00:00,0.2302,0.2312,0.2302,0.2306,165913.0
2023-09-09 03:15:00,0.2306,0.2306,0.2298,0.2298,33297.0
2023-09-09 03:30:00,0.23,0.2311,0.2299,0.2309,130157.0
2023-09-09 03:45:00,0.2303,0.2304,0.23,0.23,22016.0
2023-09-09 04:00:00,0.2304,0.2304,0.2295,0.2297,37307.0
2023-09-09 04:15:00,0.2298,0.2299,0.2292,0.2297,38973.0
2023-09-09 04:30:00,0.2299,0.2299,0.2293,0.2298,28691.0
2023-09-09 04:45:00,0.2296,0.2297,0.2292,0.2292,22873.0
2023-09-09 05:00:00,0.2292,0.2295,0.228,0.2284,108419.0
2023-09-09 05:15:00,0.2284,0.2285,0.2276,0.228,111941.0
2023-09-09 05:30:00,0.228,0.2286,0.228,0.2282,22653.0
2023-09-09 05:45:00,0.2283,0.2283,0.2262,0.2267,207185.0
2023-09-09 06:00:00,0.2268,0.2274,0.2267,0.2273,27183.0
2023-09-09 06:15:00,0.2273,0.2278,0.227,0.2276,42017.0
2023-09-09 06:30:00,0.2277,0.2282,0.2277,0.2281,14783.0
2023-09-09 06:45:00,0.2281,0.2282,0.2278,0.2282,109116.0
2023-09-09 07:00:00,0.2283,0.2287,0.2273,0.2277,86955.0
2023-09-09 07:15:00,0.2276,0.229,0.2272,0.229,36681.0
2023-09-09 07:30:00,0.2291,0.2291,0.2282,0.2283,32384.0
2023-09-09 07:45:00,0.2282,0.2286,0.228,0.2285,71448.0
2023-09-09 08:00:00,0.2286,0.2291,0.2286,0.229,12953.0
2023-09-09 08:15:00,0.229,0.2297,0.2283,0.2283,278275.0
2023-09-09 08:30:00,0.2285,0.2286,0.2279,0.228,60751.0
2023-09-09 08:45:00,0.2281,0.2283,0.2279,0.2282,67110.0
2023-09-09 09:00:00,0.2283,0.2285,0.228,0.2283,86072.0
2023-09-09 09:15:00,0.2283,0.2289,0.2282,0.2287,48084.0
2023-09-09 09:30:00,0.2287,0.2291,0.2286,0.2289,25167.0
2023-09-09 09:45:00,0.2288,0.2289,0.2284,0.2287,97772.0
2023-09-09 10:00:00,0.2285,0.2288,0.2284,0.2284,60634.0
2023-09-09 10:15:00,0.2284,0.2284,0.2277,0.228,116002.0
2023-09-09 10:30:00,0.2282,0.2282,0.2277,0.2281,18927.0
2023-09-09 10:45:00,0.2281,0.2288,0.2281,0.2286,116870.0
2023-09-09 11:00:00,0.2287,0.229,0.2283,0.2283,78064.0
2023-09-09 11:15:00,0.2285,0.229,0.2283,0.229,20730.0
2023-09-09 11:30:00,0.2288,0.2298,0.2288,0.2297,24726.0
2023-09-09 11:45:00,0.2296,0.2297,0.2287,0.2291,125616.0
2023-09-09 12:00:00,0.2291,0.2296,0.2287,0.2289,33167.0
2023-09-09 12:15:00,0.2289,0.229,0.2286,0.2287,12396.0
2023-09-09 12:30:00,0.229,0.2292,0.2272,0.2274,100881.0
2023-09-09 12:45:00,0.2273,0.2279,0.227,0.2273,64043.0
2023-09-09 13:00:00,0.2272,0.2275,0.2265,0.2275,68268.0
2023-09-09 13:15:00,0.2276,0.2278,0.2273,0.2275,23513.0
2023-09-09 13:30:00,0.2275,0.2275,0.2254,0.2261,194228.0
2023-09-09 13:45:00,0.2262,0.2265,0.2245,0.2246,134699.0
2023-09-09 14:00:00,0.2245,0.2252,0.2244,0.2249,132429.0
2023-09-09 14:15:00,0.2248,0.2249,0.2237,0.2242,187860.0
2023-09-09 14:30:00,0.2239,0.2244,0.2237,0.2241,135025.0
2023-09-09 14:45:00,0.224,0.2246,0.2237,0.2241,127156.0
2023-09-09 15:00:00,0.2241,0.2257,0.2241,0.2257,64472.0
2023-09-09 15:15:00,0.2258,0.2261,0.2248,0.2251,37963.0
2023-09-09 15:30:00,0.225,0.2255,0.225,0.2252,72448.0
2023-09-09 15:45:00,0.225,0.2257,0.225,0.2257,21931.0
2023-09-09 16:00:00,0.2256,0.2258,0.2251,0.2255,100029.0
2023-09-09 16:15:00,0.2252,0.2252,0.2248,0.2248,23209.0
2023-09-09 16:30:00,0.2247,0.2249,0.2238,0.2244,32426.0
2023-09-09 16:45:00,0.2244,0.2244,0.2238,0.2239,95488.0
2023-09-09 17:00:00,0.2239,0.2241,0.2236,0.2238,38167.0
2023-09-09 17:15:00,0.2237,0.2243,0.2225,0.2232,69075.0
2023-09-09 17:30:00,0.2231,0.2231,0.2223,0.2226,98916.0
2023-09-09 17:45:00,0.2228,0.2232,0.2227,0.2229,23426.0
2023-09-09 18:00:00,0.2229,0.2229,0.2223,0.2226,74942.0
2023-09-09 18:15:00,0.2228,0.2229,0.2216,0.2217,223654.0
2023-09-09 18:30:00,0.2217,0.2225,0.2217,0.2224,107182.0
2023-09-09 18:45:00,0.2223,0.2229,0.2223,0.2227,22004.0
2023-09-09 19:00:00,0.2226,0.2227,0.2223,0.2223,14028.0
2023-09-09 19:15:00,0.2223,0.2227,0.2223,0.2227,19400.0
2023-09-09 19:30:00,0.2227,0.2229,0.2224,0.2227,8115.0
2023-09-09 19:45:00,0.2229,0.2232,0.2228,0.2232,112630.0
2023-09-09 20:00:00,0.2231,0.2232,0.2227,0.2228,12655.0
2023-09-09 20:15:00,0.2229,0.223,0.2228,0.2229,6256.0
2023-09-09 20:30:00,0.223,0.223,0.2221,0.2221,47231.0
2023-09-09 20:45:00,0.2221,0.2223,0.2221,0.2222,15706.0
2023-09-09 21:00:00,0.2223,0.2228,0.2223,0.2228,3750.0
2023-09-09 21:15:00,0.2227,0.2237,0.2225,0.223,176481.0
2023-09-09 21:30:00,0.2229,0.2229,0.2224,0.2227,18069.0
2023-09-09 21:45:00,0.2228,0.2232,0.2227,0.2228,20541.0
2023-09-09 22:00:00,0.2231,0.2233,0.2225,0.2233,35270.0
2023-09-09 22:15:00,0.2235,0.2235,0.2233,0.2234,1554.0
2023-09-09 22:30:00,0.2234,0.2235,0.2226,0.2226,43061.0
2023-09-09 22:45:00,0.2226,0.2229,0.2226,0.2228,9660.0
2023-09-09 23:00:00,0.2229,0.2229,0.2224,0.2224,27448.0
2023-09-09 23:15:00,0.2224,0.2225,0.2223,0.2225,32058.0
2023-09-09 23:30:00,0.2226,0.2228,0.2224,0.2224,35006.0
2023-09-09 23:45:00,0.2224,0.2227,0.222,0.2223,51385.0
2023-09-10 00:00:00,0.2225,0.2225,0.2181,0.2199,454539.0
2023-09-10 00:15:00,0.2197,0.2202,0.2133,0.2171,672453.0
2023-09-10 00:30:00,0.2172,0.2185,0.2172,0.2177,225375.0
2023-09-10 00:45:00,0.2177,0.2183,0.2172,0.2174,94039.0
2023-09-10 01:00:00,0.2173,0.2177,0.2146,0.2164,392608.0
2023-09-10 01:15:00,0.2163,0.218,0.2162,0.2174,511766.0
2023-09-10 01:30:00,0.2175,0.2187,0.2173,0.2176,273781.0
2023-09-10 01:45:00,0.2176,0.218,0.2174,0.2176,118406.0
2023-09-10 02:00:00,0.2174,0.2182,0.2171,0.2171,118856.0
2023-09-10 02:15:00,0.217,0.217,0.2157,0.2158,85063.0
2023-09-10 02:30:00,0.2159,0.2168,0.2156,0.2164,56751.0
2023-09-10 02:45:00,0.2163,0.2168,0.2162,0.2163,34644.0
2023-09-10 03:00:00,0.2163,0.2165,0.216,0.2161,85157.0
2023-09-10 03:15:00,0.2159,0.216,0.215,0.215,148744.0
2023-09-10 03:30:00,0.2151,0.2157,0.215,0.2157,37735.0
2023-09-10 03:45:00,0.2155,0.2156,0.2151,0.2156,20619.0
2023-09-10 04:00:00,0.2154,0.2155,0.2139,0.2147,82776.0
2023-09-10 04:15:00,0.215,0.2151,0.2015,0.2063,1793680.0
2023-09-10 04:30:00,0.2065,0.2085,0.2053,0.2069,380406.0
2023-09-10 04:45:00,0.2069,0.2096,0.2068,0.2093,465106.0
2023-09-10 05:00:00,0.2093,0.2111,0.2089,0.2102,208386.0
2023-09-10 05:15:00,0.2101,0.2117,0.2101,0.2117,183645.0
2023-09-10 05:30:00,0.2115,0.2123,0.2108,0.2121,278428.0
2023-09-10 05:45:00,0.2122,0.2125,0.2115,0.2118,68471.0
2023-09-10 06:00:00,0.2118,0.2131,0.2115,0.2129,113409.0
2023-09-10 06:15:00,0.2127,0.2132,0.2126,0.213,22916.0
2023-09-10 06:30:00,0.213,0.2145,0.2127,0.2139,315798.0
2023-09-10 06:45:00,0.214,0.2152,0.2137,0.214,155691.0
2023-09-10 07:00:00,0.2141,0.215,0.2139,0.215,48928.0
2023-09-10 07:15:00,0.215,0.215,0.2144,0.2146,17423.0
2023-09-10 07:30:00,0.2147,0.215,0.2144,0.2147,14104.0
2023-09-10 07:45:00,0.215,0.215,0.2129,0.2135,253383.0
2023-09-10 08:00:00,0.2134,0.2137,0.2121,0.2128,194483.0
2023-09-10 08:15:00,0.2129,0.2134,0.2121,0.2122,80635.0
2023-09-10 08:30:00,0.2121,0.2127,0.2117,0.2124,84877.0
2023-09-10 08:45:00,0.2126,0.2128,0.2122,0.2123,26355.0
2023-09-10 09:00:00,0.2121,0.2121,0.2096,0.2105,411320.0
2023-09-10 09:15:00,0.2106,0.2113,0.2103,0.2108,164026.0
2023-09-10 09:30:00,0.211,0.2112,0.2107,0.2111,30675.0
2023-09-10 09:45:00,0.2113,0.2114,0.2106,0.2108,38456.0
2023-09-10 10:00:00,0.2108,0.211,0.2103,0.2109,55903.0
2023-09-10 10:15:00,0.2108,0.2108,0.2098,0.2105,84629.0
2023-09-10 10:30:00,0.2105,0.2105,0.2096,0.2099,55948.0
2023-09-10 10:45:00,0.2099,0.2101,0.2088,0.209,139774.0
2023-09-10 11:00:00,0.2091,0.2102,0.2091,0.2102,80025.0
2023-09-10 11:15:00,0.2103,0.2103,0.2096,0.2099,72391.0
2023-09-10 11:30:00,0.2099,0.2113,0.2099,0.211,100154.0
2023-09-10 11:45:00,0.2111,0.2113,0.2101,0.2101,38683.0
2023-09-10 12:00:00,0.2102,0.2112,0.21,0.2109,86318.0
2023-09-10 12:15:00,0.2107,0.2113,0.2104,0.2113,22567.0
2023-09-10 12:30:00,0.2114,0.2114,0.2107,0.2111,10984.0
2023-09-10 12:45:00,0.211,0.2118,0.2109,0.2114,114390.0
2023-09-10 13:00:00,0.2115,0.2115,0.2111,0.2111,30819.0
2023-09-10 13:15:00,0.2111,0.2111,0.2105,0.2107,48804.0
2023-09-10 13:30:00,0.2106,0.211,0.2103,0.2107,51467.0
2023-09-10 13:45:00,0.2108,0.2116,0.2108,0.2113,21760.0
2023-09-10 14:00:00,0.2114,0.2116,0.2111,0.2116,18210.0
2023-09-10 14:15:00,0.2116,0.212,0.211,0.2112,92571.0
2023-09-10 14:30:00,0.2111,0.2114,0.2103,0.2104,199285.0
2023-09-10 14:45:00,0.2102,0.2102,0.209,0.2098,176751.0
2023-09-10 15:00:00,0.2099,0.2099,0.207,0.2087,513057.0
2023-09-10 15:15:00,0.2086,0.2094,0.2086,0.2093,195759.0
2023-09-10 15:30:00,0.2093,0.2102,0.209,0.21,35029.0
2023-09-10 15:45:00,0.2101,0.2102,0.2096,0.21,29358.0
2023-09-10 16:00:00,0.2099,0.21,0.2096,0.2096,47218.0
2023-09-10 16:15:00,0.2098,0.2098,0.2085,0.2092,50924.0
2023-09-10 16:30:00,0.2091,0.2091,0.2083,0.2085,52987.0
2023-09-10 16:45:00,0.2088,0.2093,0.2074,0.2093,161177.0
2023-09-10 17:00:00,0.2094,0.2094,0.2076,0.2085,41475.0
2023-09-10 17:15:00,0.2084,0.2091,0.208,0.2086,87577.0
2023-09-10 17:30:00,0.2086,0.209,0.2083,0.2085,26808.0
2023-09-10 17:45:00,0.2089,0.209,0.2083,0.2087,26383.0
2023-09-10 18:00:00,0.2086,0.2098,0.2086,0.2096,32583.0
2023-09-10 18:15:00,0.2094,0.2102,0.2094,0.21,19035.0
2023-09-10 18:30:00,0.21,0.21,0.2091,0.2096,40469.0
2023-09-10 18:45:00,0.2094,0.2096,0.2094,0.2094,8519.0
2023-09-10 19:00:00,0.2095,0.2098,0.2091,0.2093,1526.0
2023-09-10 19:15:00,0.209,0.2092,0.2083,0.2083,33770.0
2023-09-10 19:30:00,0.2084,0.2089,0.2072,0.2085,82454.0
2023-09-10 19:45:00,0.2087,0.2102,0.2086,0.2098,81333.0
2023-09-10 20:00:00,0.2095,0.2113,0.2095,0.2107,59895.0
2023-09-10 20:15:00,0.2107,0.2118,0.2105,0.2118,97004.0
2023-09-10 20:30:00,0.2117,0.2123,0.2111,0.2114,22034.0
2023-09-10 20:45:00,0.2112,0.2116,0.211,0.2115,22204.0
2023-09-10 21:00:00,0.2116,0.2121,0.2111,0.212,22627.0
2023-09-10 21:15:00,0.2119,0.2121,0.2116,0.2116,20592.0
2023-09-10 21:30:00,0.2119,0.2122,0.2119,0.212,13963.0
2023-09-10 21:45:00,0.2118,0.2119,0.2112,0.2117,15184.0
2023-09-10 22:00:00,0.2119,0.2119,0.2106,0.211,61002.0
2023-09-10 22:15:00,0.2111,0.2116,0.2106,0.2109,143535.0
2023-09-10 22:30:00,0.211,0.2116,0.2103,0.2103,15996.0
2023-09-10 22:45:00,0.2101,0.2101,0.2092,0.2093,37242.0
2023-09-10 23:00:00,0.2094,0.2096,0.2092,0.2093,7625.0
2023-09-10 23:15:00,0.2092,0.2092,0.2088,0.2088,32364.0
2023-09-10 23:30:00,0.2087,0.21,0.2087,0.2093,55902.0
2023-09-10 23:45:00,0.2093,0.2098,0.2092,0.2094,92247.0
2023-09-11 00:00:00,0.2095,0.2116,0.2095,0.2112,190499.0
2023-09-11 00:15:00,0.2112,0.2114,0.2098,0.21,92337.0
2023-09-11 00:30:00,0.21,0.2111,0.2079,0.2082,115065.0
2023-09-11 00:45:00,0.208,0.2091,0.2071,0.2086,69714.0
2023-09-11 01:00:00,0.2085,0.2093,0.2083,0.2085,75365.0
2023-09-11 01:15:00,0.2086,0.2095,0.2082,0.2089,51527.0
2023-09-11 01:30:00,0.2087,0.2087,0.2073,0.2074,85695.0
2023-09-11 01:45:00,0.2074,0.2092,0.2073,0.2086,116326.0
2023-09-11 02:00:00,0.2085,0.2089,0.208,0.208,73050.0
2023-09-11 02:15:00,0.208,0.2096,0.2079,0.2096,52115.0
2023-09-11 02:30:00,0.2096,0.2116,0.2096,0.2112,36127.0
2023-09-11 02:45:00,0.211,0.211,0.2101,0.2103,49050.0
2023-09-11 03:00:00,0.2105,0.2111,0.2099,0.2099,113348.0
2023-09-11 03:15:00,0.2099,0.2105,0.2087,0.2087,73369.0
2023-09-11 03:30:00,0.2087,0.2092,0.2081,0.209,86522.0
2023-09-11 03:45:00,0.209,0.2091,0.2086,0.2087,48211.0
2023-09-11 04:00:00,0.2089,0.209,0.2083,0.2087,43612.0
2023-09-11 04:15:00,0.2086,0.2086,0.2076,0.2077,57437.0
2023-09-11 04:30:00,0.2079,0.2084,0.2079,0.208,51920.0
2023-09-11 04:45:00,0.2082,0.2106,0.208,0.2092,249974.0
2023-09-11 05:00:00,0.2092,0.2095,0.2087,0.2088,120253.0
2023-09-11 05:15:00,0.2089,0.2093,0.2089,0.209,46222.0
2023-09-11 05:30:00,0.2089,0.2108,0.2089,0.2104,50383.0
2023-09-11 05:45:00,0.2104,0.2112,0.21,0.2112,101084.0
2023-09-11 06:00:00,0.2114,0.2117,0.2102,0.2112,77235.0
2023-09-11 06:15:00,0.2114,0.2115,0.2106,0.2112,30893.0
2023-09-11 06:30:00,0.211,0.2116,0.2107,0.2111,23015.0
2023-09-11 06:45:00,0.211,0.2114,0.2103,0.2103,83074.0
2023-09-11 07:00:00,0.2101,0.211,0.2095,0.2095,149642.0
2023-09-11 07:15:00,0.2094,0.2094,0.2085,0.2086,30775.0
2023-09-11 07:30:00,0.2086,0.2093,0.2085,0.2087,17578.0
2023-09-11 07:45:00,0.2089,0.2094,0.2083,0.2083,26965.0
2023-09-11 08:00:00,0.2087,0.2089,0.2067,0.2068,95453.0
2023-09-11 08:15:00,0.2068,0.207,0.2051,0.2058,323415.0
2023-09-11 08:30:00,0.2058,0.2065,0.2042,0.2056,90889.0
2023-09-11 08:45:00,0.2058,0.207,0.2056,0.2064,159889.0
2023-09-11 09:00:00,0.2062,0.2073,0.2062,0.207,66322.0
2023-09-11 09:15:00,0.2069,0.2074,0.2036,0.2049,191964.0
2023-09-11 09:30:00,0.2048,0.2058,0.2038,0.2043,155151.0
2023-09-11 09:45:00,0.2042,0.2054,0.2042,0.2045,231258.0
2023-09-11 10:00:00,0.2045,0.205,0.2025,0.2028,214558.0
2023-09-11 10:15:00,0.2028,0.2032,0.197,0.1999,885811.0
2023-09-11 10:30:00,0.1997,0.2016,0.1997,0.2014,228462.0
2023-09-11 10:45:00,0.2014,0.2019,0.2004,0.2012,245603.0
2023-09-11 11:00:00,0.2008,0.2019,0.2007,0.2007,282083.0
2023-09-11 11:15:00,0.2005,0.2005,0.199,0.1993,564830.0
2023-09-11 11:30:00,0.1995,0.2003,0.1993,0.1997,164090.0
2023-09-11 11:45:00,0.1999,0.2,0.199,0.1992,93526.0
2023-09-11 12:00:00,0.1992,0.2014,0.1992,0.201,141960.0
2023-09-11 12:15:00,0.201,0.2017,0.201,0.2013,94608.0
2023-09-11 12:30:00,0.2013,0.2028,0.2012,0.2022,203782.0
2023-09-11 12:45:00,0.2021,0.2036,0.2021,0.2033,156553.0
2023-09-11 13:00:00,0.2037,0.2039,0.2022,0.2028,87328.0
2023-09-11 13:15:00,0.2026,0.2029,0.2023,0.2029,63630.0
2023-09-11 13:30:00,0.2029,0.2037,0.202,0.2022,177274.0
2023-09-11 13:45:00,0.202,0.202,0.2011,0.2011,57821.0
2023-09-11 14:00:00,0.2013,0.2013,0.1984,0.2005,538062.0
2023-09-11 14:15:00,0.2003,0.2027,0.2001,0.2023,304425.0
2023-09-11 14:30:00,0.2026,0.2034,0.2007,0.2021,291953.0
2023-09-11 14:45:00,0.2021,0.2058,0.2005,0.2043,398597.0
2023-09-11 15:00:00,0.2044,0.2055,0.2025,0.2041,395242.0
2023-09-11 15:15:00,0.204,0.2053,0.202,0.2048,376010.0
2023-09-11 15:30:00,0.2045,0.2055,0.2035,0.2055,281242.0
2023-09-11 15:45:00,0.2056,0.2084,0.2048,0.2059,439231.0
2023-09-11 16:00:00,0.206,0.2061,0.2038,0.204,221140.0
2023-09-11 16:15:00,0.204,0.2052,0.2037,0.2052,113471.0
2023-09-11 16:30:00,0.2054,0.2055,0.2045,0.2051,8462.0
2023-09-11 16:45:00,0.2051,0.2062,0.2051,0.2058,98788.0
2023-09-11 17:00:00,0.2059,0.2059,0.2042,0.2042,80899.0
2023-09-11 17:15:00,0.2043,0.2046,0.2036,0.2045,64870.0
2023-09-11 17:30:00,0.2045,0.2052,0.2045,0.2047,57770.0
2023-09-11 17:45:00,0.2047,0.2063,0.2047,0.2063,14797.0
2023-09-11 18:00:00,0.2059,0.206,0.2045,0.2049,30869.0
2023-09-11 18:15:00,0.2049,0.2052,0.2046,0.2047,33078.0
2023-09-11 18:30:00,0.2046,0.2052,0.2046,0.2047,40751.0
2023-09-11 18:45:00,0.2046,0.2046,0.2031,0.2034,84949.0
2023-09-11 19:00:00,0.2034,0.2037,0.2029,0.2035,38262.0
2023-09-11 19:15:00,0.2035,0.2037,0.2004,0.2018,220775.0
2023-09-11 19:30:00,0.202,0.2024,0.2003,0.2023,222848.0
2023-09-11 19:45:00,0.2022,0.2032,0.202,0.2027,47181.0
2023-09-11 20:00:00,0.2028,0.2041,0.2018,0.2039,144550.0
2023-09-11 20:15:00,0.2037,0.2042,0.2033,0.2041,98654.0
2023-09-11 20:30:00,0.2039,0.2048,0.2039,0.2048,26690.0
2023-09-11 20:45:00,0.2047,0.2052,0.2044,0.2044,17980.0
2023-09-11 21:00:00,0.2044,0.2049,0.2033,0.2049,17057.0
2023-09-11 21:15:00,0.2046,0.2046,0.2037,0.2038,27486.0
2023-09-11 21:30:00,0.2037,0.2041,0.2032,0.2032,94999.0
2023-09-11 21:45:00,0.2031,0.2036,0.2031,0.2034,15391.0
2023-09-11 22:00:00,0.2029,0.2038,0.2029,0.2033,24975.0
2023-09-11 22:15:00,0.2035,0.2043,0.2035,0.204,32580.0
2023-09-11 22:30:00,0.2041,0.2041,0.2036,0.2041,7156.0
2023-09-11 22:45:00,0.2038,0.2038,0.2031,0.2031,1433.0
2023-09-11 23:00:00,0.2031,0.2033,0.2027,0.2031,94232.0
2023-09-11 23:15:00,0.2033,0.2033,0.2025,0.2026,11724.0
2023-09-11 23:30:00,0.2028,0.2049,0.2028,0.2046,87799.0
2023-09-11 23:45:00,0.2046,0.2046,0.2038,0.2042,19333.0
2023-09-12 00:00:00,0.2044,0.2047,0.2038,0.2042,33427.0
2023-09-12 00:15:00,0.2043,0.2043,0.2035,0.204,17976.0
2023-09-12 00:30:00,0.2042,0.205,0.2035,0.205,89364.0
2023-09-12 00:45:00,0.205,0.2069,0.2049,0.2063,111157.0
2023-09-12 01:00:00,0.2065,0.2065,0.2053,0.2055,30521.0
2023-09-12 01:15:00,0.2055,0.2056,0.2048,0.2053,50156.0
2023-09-12 01:30:00,0.205,0.2052,0.2043,0.2043,142436.0
2023-09-12 01:45:00,0.2041,0.2044,0.2037,0.2044,103555.0
2023-09-12 02:00:00,0.2043,0.2045,0.2038,0.2044,188928.0
2023-09-12 02:15:00,0.204,0.204,0.2035,0.2038,42424.0
2023-09-12 02:30:00,0.2037,0.2047,0.2037,0.2041,41563.0
2023-09-12 02:45:00,0.204,0.205,0.204,0.2049,44795.0
2023-09-12 03:00:00,0.2047,0.2061,0.2047,0.2061,140515.0
2023-09-12 03:15:00,0.206,0.2132,0.206,0.2112,569028.0
2023-09-12 03:30:00,0.211,0.2115,0.2081,0.2099,558108.0
2023-09-12 03:45:00,0.2099,0.2112,0.209,0.2104,216400.0
2023-09-12 04:00:00,0.2104,0.2108,0.2092,0.2098,59924.0
2023-09-12 04:15:00,0.2098,0.2098,0.2089,0.2092,115927.0
2023-09-12 04:30:00,0.2091,0.2091,0.2084,0.2089,77352.0
2023-09-12 04:45:00,0.2088,0.2088,0.2078,0.2079,31010.0
2023-09-12 05:00:00,0.208,0.208,0.207,0.207,89419.0
2023-09-12 05:15:00,0.2071,0.2071,0.2068,0.2071,51019.0
2023-09-12 05:30:00,0.2069,0.2071,0.2063,0.2067,58039.0
2023-09-12 05:45:00,0.2066,0.2089,0.2066,0.2089,231368.0
2023-09-12 06:00:00,0.2089,0.209,0.2073,0.2074,113191.0
2023-09-12 06:15:00,0.2074,0.2079,0.2071,0.2079,9553.0
2023-09-12 06:30:00,0.2079,0.208,0.2067,0.2069,10444.0
2023-09-12 06:45:00,0.207,0.2071,0.2059,0.2065,256457.0
2023-09-12 07:00:00,0.2067,0.2071,0.2058,0.2058,38111.0
2023-09-12 07:15:00,0.2057,0.2063,0.2055,0.2058,23213.0
2023-09-12 07:30:00,0.2062,0.2069,0.2061,0.2066,35263.0
2023-09-12 07:45:00,0.2066,0.2068,0.2062,0.2067,44855.0
2023-09-12 08:00:00,0.2066,0.2069,0.2061,0.2068,64768.0
2023-09-12 08:15:00,0.207,0.209,0.207,0.2082,211689.0
2023-09-12 08:30:00,0.2082,0.2082,0.2075,0.2075,79411.0
2023-09-12 08:45:00,0.2074,0.2076,0.207,0.207,42927.0
2023-09-12 09:00:00,0.2072,0.2077,0.2068,0.2075,49020.0
2023-09-12 09:15:00,0.2076,0.2082,0.2073,0.208,100748.0
2023-09-12 09:30:00,0.2081,0.209,0.2078,0.2086,126032.0
2023-09-12 09:45:00,0.2088,0.2096,0.2088,0.2096,69408.0
2023-09-12 10:00:00,0.2094,0.2099,0.2088,0.2098,102086.0
2023-09-12 10:15:00,0.2095,0.2135,0.2094,0.2122,371173.0
2023-09-12 10:30:00,0.2121,0.2126,0.2101,0.2102,271912.0
2023-09-12 10:45:00,0.2101,0.2109,0.2099,0.2108,161990.0
2023-09-12 11:00:00,0.211,0.211,0.2101,0.2109,78514.0
2023-09-12 11:15:00,0.2106,0.2106,0.2093,0.2099,94828.0
2023-09-12 11:30:00,0.2098,0.2101,0.2092,0.21,46082.0
2023-09-12 11:45:00,0.2099,0.2108,0.2099,0.2106,65588.0
2023-09-12 12:00:00,0.2106,0.2113,0.2104,0.2111,50762.0
2023-09-12 12:15:00,0.2111,0.2111,0.2101,0.2105,130230.0
2023-09-12 12:30:00,0.2106,0.2107,0.2099,0.2105,58502.0
2023-09-12 12:45:00,0.2105,0.2105,0.2097,0.21,84466.0
2023-09-12 13:00:00,0.2097,0.21,0.2092,0.2093,103007.0
2023-09-12 13:15:00,0.2091,0.2092,0.2084,0.2086,40668.0
2023-09-12 13:30:00,0.2089,0.2097,0.2084,0.2096,117763.0
2023-09-12 13:45:00,0.2096,0.2101,0.2093,0.2099,221335.0
2023-09-12 14:00:00,0.2097,0.2101,0.2086,0.2098,155493.0
2023-09-12 14:15:00,0.2098,0.21,0.2075,0.208,198153.0
2023-09-12 14:30:00,0.2082,0.2086,0.2074,0.2077,212025.0
2023-09-12 14:45:00,0.2078,0.2089,0.2077,0.2088,203862.0
2023-09-12 15:00:00,0.2088,0.2093,0.2084,0.2085,156937.0
2023-09-12 15:15:00,0.2086,0.2089,0.2082,0.2088,96764.0
2023-09-12 15:30:00,0.2089,0.209,0.2077,0.208,97627.0
2023-09-12 15:45:00,0.2081,0.2082,0.2076,0.2081,43939.0
2023-09-12 16:00:00,0.2084,0.2088,0.2078,0.2078,33120.0
2023-09-12 16:15:00,0.2077,0.2091,0.2076,0.2091,36088.0
2023-09-12 16:30:00,0.2092,0.211,0.2081,0.2083,227692.0
2023-09-12 16:45:00,0.2082,0.2083,0.2068,0.2071,65350.0
2023-09-12 17:00:00,0.2072,0.2073,0.2065,0.2066,62330.0
2023-09-12 17:15:00,0.2064,0.2064,0.2032,0.2062,456404.0
2023-09-12 17:30:00,0.206,0.2067,0.2056,0.2058,92038.0
2023-09-12 17:45:00,0.206,0.2064,0.2048,0.2051,27303.0
2023-09-12 18:00:00,0.2049,0.2062,0.2049,0.2062,54747.0
2023-09-12 18:15:00,0.2062,0.2063,0.2059,0.2062,7179.0
2023-09-12 18:30:00,0.2061,0.2064,0.2057,0.2061,96805.0
2023-09-12 18:45:00,0.2061,0.2065,0.2059,0.2064,8007.0
2023-09-12 19:00:00,0.2066,0.2074,0.2066,0.2074,10173.0
2023-09-12 19:15:00,0.2073,0.2095,0.2073,0.2076,187596.0
2023-09-12 19:30:00,0.2073,0.208,0.207,0.208,15267.0
2023-09-12 19:45:00,0.2077,0.2079,0.2076,0.2076,4564.0
2023-09-12 20:00:00,0.2075,0.208,0.2073,0.2074,5885.0
2023-09-12 20:15:00,0.2075,0.2076,0.2072,0.2076,38024.0
2023-09-12 20:30:00,0.2075,0.2078,0.2075,0.2078,6096.0
2023-09-12 20:45:00,0.2078,0.2078,0.2071,0.2071,10449.0
2023-09-12 21:00:00,0.207,0.2082,0.207,0.2077,14560.0
2023-09-12 21:15:00,0.2078,0.2082,0.2078,0.208,10702.0
2023-09-12 21:30:00,0.208,0.208,0.2072,0.2072,7618.0
2023-09-12 21:45:00,0.2074,0.2079,0.2074,0.2077,16700.0
2023-09-12 22:00:00,0.2077,0.2078,0.2067,0.2071,22628.0
2023-09-12 22:15:00,0.2069,0.2071,0.2061,0.2063,139616.0
2023-09-12 22:30:00,0.2062,0.2065,0.206,0.2065,16913.0
2023-09-12 22:45:00,0.2063,0.2066,0.2063,0.2064,5756.0
2023-09-12 23:00:00,0.2062,0.2064,0.2058,0.2059,35347.0
2023-09-12 23:15:00,0.206,0.2061,0.2057,0.2059,35766.0
2023-09-12 23:30:00,0.2059,0.2062,0.2052,0.2053,46327.0
2023-09-12 23:45:00,0.2052,0.2058,0.2052,0.2058,20589.0
2023-09-13 00:00:00,0.2055,0.2065,0.2045,0.2061,76313.0
2023-09-13 00:15:00,0.2062,0.2078,0.2062,0.2071,142686.0
2023-09-13 00:30:00,0.2071,0.2075,0.2063,0.2071,71137.0
2023-09-13 00:45:00,0.207,0.2074,0.2067,0.2069,8992.0
2023-09-13 01:00:00,0.2071,0.2075,0.2065,0.2075,31713.0
2023-09-13 01:15:00,0.2073,0.2074,0.2063,0.2066,13130.0
2023-09-13 01:30:00,0.2066,0.2069,0.2057,0.2061,96348.0
2023-09-13 01:45:00,0.2055,0.2062,0.2054,0.2058,90531.0
2023-09-13 02:00:00,0.2058,0.2068,0.2056,0.2065,46146.0
2023-09-13 02:15:00,0.2066,0.2066,0.2058,0.2059,63242.0
2023-09-13 02:30:00,0.206,0.206,0.2052,0.2055,27981.0
2023-09-13 02:45:00,0.2057,0.2059,0.2048,0.2048,34329.0
2023-09-13 03:00:00,0.2048,0.2056,0.2048,0.2049,35253.0
2023-09-13 03:15:00,0.2051,0.2052,0.2037,0.2038,91266.0
2023-09-13 03:30:00,0.2036,0.2036,0.2028,0.203,136479.0
2023-09-13 03:45:00,0.2029,0.203,0.2016,0.2024,239874.0
2023-09-13 04:00:00,0.2025,0.204,0.2024,0.2036,84058.0
2023-09-13 04:15:00,0.2033,0.2053,0.2033,0.205,35858.0
2023-09-13 04:30:00,0.205,0.2052,0.2047,0.2051,33218.0
2023-09-13 04:45:00,0.205,0.2053,0.2049,0.2051,16055.0
2023-09-13 05:00:00,0.2054,0.2054,0.2043,0.2043,142434.0
2023-09-13 05:15:00,0.2045,0.2045,0.2036,0.2043,82488.0
2023-09-13 05:30:00,0.2042,0.2043,0.2039,0.2042,63088.0
2023-09-13 05:45:00,0.2042,0.2052,0.2041,0.2049,19699.0
2023-09-13 06:00:00,0.2049,0.2049,0.2044,0.2045,12575.0
2023-09-13 06:15:00,0.2047,0.2055,0.2047,0.2054,78882.0
2023-09-13 06:30:00,0.2054,0.2062,0.2054,0.2061,20613.0
2023-09-13 06:45:00,0.2061,0.2063,0.2058,0.2058,26714.0
2023-09-13 07:00:00,0.206,0.2067,0.2059,0.2063,50681.0
2023-09-13 07:15:00,0.2063,0.2068,0.2062,0.2063,38175.0
2023-09-13 07:30:00,0.2063,0.2107,0.2063,0.2076,414329.0
2023-09-13 07:45:00,0.2076,0.2079,0.2061,0.207,163167.0
2023-09-13 08:00:00,0.2068,0.2079,0.2064,0.2073,38907.0
2023-09-13 08:15:00,0.2071,0.2083,0.2067,0.2083,38506.0
2023-09-13 08:30:00,0.2085,0.2086,0.2078,0.2086,49726.0
2023-09-13 08:45:00,0.2086,0.2088,0.2076,0.208,48692.0
2023-09-13 09:00:00,0.2083,0.2083,0.2074,0.2079,50376.0
2023-09-13 09:15:00,0.2081,0.2091,0.208,0.2089,62510.0
2023-09-13 09:30:00,0.2088,0.2094,0.2084,0.2085,127928.0
2023-09-13 09:45:00,0.2085,0.2094,0.2083,0.2093,42593.0
2023-09-13 10:00:00,0.2093,0.2093,0.2082,0.2085,93157.0
2023-09-13 10:15:00,0.2087,0.2091,0.2081,0.2081,30395.0
2023-09-13 10:30:00,0.2083,0.2083,0.2075,0.208,113897.0
2023-09-13 10:45:00,0.2081,0.2085,0.208,0.2083,40338.0
2023-09-13 11:00:00,0.2084,0.2086,0.2082,0.2082,6697.0
2023-09-13 11:15:00,0.2083,0.2088,0.2078,0.2088,37413.0
2023-09-13 11:30:00,0.2087,0.2088,0.2081,0.2085,106662.0
2023-09-13 11:45:00,0.2086,0.2094,0.2086,0.209,43260.0
2023-09-13 12:00:00,0.2092,0.2092,0.2081,0.2089,86685.0
2023-09-13 12:15:00,0.2091,0.2093,0.2083,0.2085,71236.0
2023-09-13 12:30:00,0.2086,0.209,0.207,0.2079,192404.0
2023-09-13 12:45:00,0.2078,0.2096,0.2078,0.2096,60315.0
2023-09-13 13:00:00,0.2096,0.2099,0.2085,0.2085,105582.0
2023-09-13 13:15:00,0.2085,0.2089,0.2081,0.2086,18506.0
2023-09-13 13:30:00,0.2084,0.2096,0.2084,0.2091,20309.0
2023-09-13 13:45:00,0.2092,0.2097,0.2085,0.2092,31843.0
2023-09-13 14:00:00,0.2094,0.2105,0.209,0.2101,167819.0
2023-09-13 14:15:00,0.2101,0.2107,0.2095,0.2104,74206.0
2023-09-13 14:30:00,0.2103,0.212,0.2103,0.2113,313479.0
2023-09-13 14:45:00,0.2113,0.2115,0.2108,0.2112,46820.0
2023-09-13 15:00:00,0.2112,0.2115,0.2108,0.2109,32690.0
2023-09-13 15:15:00,0.2109,0.2118,0.2107,0.2114,60668.0
2023-09-13 15:30:00,0.2116,0.2118,0.2111,0.2113,25352.0
2023-09-13 15:45:00,0.2114,0.2117,0.2107,0.2108,26993.0
2023-09-13 16:00:00,0.2109,0.2111,0.2102,0.2104,78183.0
2023-09-13 16:15:00,0.2108,0.2115,0.2108,0.2115,30623.0
2023-09-13 16:30:00,0.2112,0.2116,0.211,0.2114,59529.0
2023-09-13 16:45:00,0.2114,0.2122,0.2108,0.211,166196.0
2023-09-13 17:00:00,0.211,0.2111,0.2105,0.2109,18549.0
2023-09-13 17:15:00,0.2111,0.2118,0.2093,0.2099,146587.0
2023-09-13 17:30:00,0.2099,0.2114,0.2097,0.2099,139578.0
2023-09-13 17:45:00,0.2098,0.2101,0.2092,0.2093,64413.0
2023-09-13 18:00:00,0.2093,0.2103,0.2093,0.2094,99545.0
2023-09-13 18:15:00,0.2093,0.2095,0.2088,0.2091,100608.0
2023-09-13 18:30:00,0.2088,0.2088,0.2077,0.2082,173016.0
2023-09-13 18:45:00,0.2083,0.2089,0.2079,0.2081,48489.0
2023-09-13 19:00:00,0.208,0.2087,0.2075,0.2082,29473.0
2023-09-13 19:15:00,0.2082,0.2093,0.2082,0.2092,41351.0
2023-09-13 19:30:00,0.2092,0.2112,0.2092,0.2107,186242.0
2023-09-13 19:45:00,0.2106,0.211,0.2106,0.211,87404.0
2023-09-13 20:00:00,0.2107,0.2108,0.2101,0.2102,20866.0
2023-09-13 20:15:00,0.2104,0.2105,0.2103,0.2103,9095.0
2023-09-13 20:30:00,0.2103,0.2111,0.2102,0.211,34705.0
2023-09-13 20:45:00,0.2112,0.2114,0.211,0.211,27123.0
2023-09-13 21:00:00,0.211,0.211,0.2103,0.2103,22984.0
2023-09-13 21:15:00,0.2104,0.2106,0.2102,0.2103,18655.0
2023-09-13 21:30:00,0.2104,0.2104,0.2101,0.2101,13950.0
2023-09-13 21:45:00,0.21,0.21,0.2094,0.2094,19282.0
2023-09-13 22:00:00,0.2096,0.2101,0.2095,0.2095,13634.0
2023-09-13 22:15:00,0.2096,0.21,0.2094,0.2099,32614.0
2023-09-13 22:30:00,0.2099,0.21,0.2089,0.2089,7031.0
2023-09-13 22:45:00,0.2089,0.2093,0.2086,0.2091,152711.0
2023-09-13 23:00:00,0.209,0.2093,0.209,0.209,4776.0
2023-09-13 23:15:00,0.209,0.2092,0.2086,0.2087,6381.0
2023-09-13 23:30:00,0.2088,0.209,0.2083,0.2086,24000.0
2023-09-13 23:45:00,0.2086,0.209,0.2086,0.2089,8151.0
2023-09-14 00:00:00,0.209,0.2094,0.2069,0.2082,212882.0
2023-09-14 00:15:00,0.2082,0.2083,0.2076,0.2081,158422.0
2023-09-14 00:30:00,0.2082,0.2106,0.208,0.2103,76515.0
2023-09-14 00:45:00,0.2103,0.2132,0.2103,0.2129,134319.0
2023-09-14 01:00:00,0.2129,0.213,0.2109,0.2114,199047.0
2023-09-14 01:15:00,0.2112,0.2112,0.2097,0.2107,194547.0
2023-09-14 01:30:00,0.2107,0.2117,0.2104,0.2105,107365.0
2023-09-14 01:45:00,0.2102,0.2102,0.2093,0.2097,99852.0
2023-09-14 02:00:00,0.2098,0.2101,0.2093,0.2101,18865.0
2023-09-14 02:15:00,0.2101,0.2101,0.2089,0.2093,40930.0
2023-09-14 02:30:00,0.2093,0.2099,0.2093,0.2098,24348.0
2023-09-14 02:45:00,0.2097,0.2099,0.2096,0.2099,4196.0
2023-09-14 03:00:00,0.2099,0.2101,0.2097,0.2098,19940.0
2023-09-14 03:15:00,0.2098,0.2098,0.2092,0.2092,30703.0
2023-09-14 03:30:00,0.2091,0.2092,0.2088,0.2089,12877.0
2023-09-14 03:45:00,0.2089,0.2094,0.2087,0.2092,90857.0
2023-09-14 04:00:00,0.2092,0.2102,0.2092,0.2101,37848.0
2023-09-14 04:15:00,0.21,0.21,0.2079,0.2083,144499.0
2023-09-14 04:30:00,0.2082,0.2082,0.2079,0.2081,14581.0
2023-09-14 04:45:00,0.2079,0.2079,0.2074,0.2078,23902.0
2023-09-14 05:00:00,0.2076,0.2082,0.2076,0.2082,21416.0
2023-09-14 05:15:00,0.2081,0.2081,0.2071,0.2071,51664.0
2023-09-14 05:30:00,0.2071,0.2073,0.2062,0.2062,158617.0
2023-09-14 05:45:00,0.2064,0.2069,0.2063,0.2069,40483.0
2023-09-14 06:00:00,0.2069,0.2081,0.2069,0.2081,121364.0
2023-09-14 06:15:00,0.2081,0.2083,0.2079,0.2082,28872.0
2023-09-14 06:30:00,0.2082,0.2082,0.2077,0.2082,48267.0
2023-09-14 06:45:00,0.2081,0.2081,0.2078,0.2079,32406.0
2023-09-14 07:00:00,0.2082,0.2084,0.2078,0.208,50558.0
2023-09-14 07:15:00,0.208,0.208,0.2075,0.2079,25763.0
2023-09-14 07:30:00,0.208,0.209,0.208,0.209,71137.0
2023-09-14 07:45:00,0.209,0.2091,0.2086,0.2087,12430.0
2023-09-14 08:00:00,0.2087,0.2091,0.2085,0.2086,55177.0
2023-09-14 08:15:00,0.2085,0.2088,0.2085,0.2088,27279.0
2023-09-14 08:30:00,0.2088,0.2091,0.2085,0.2089,41891.0
2023-09-14 08:45:00,0.2088,0.2088,0.2077,0.208,72329.0
2023-09-14 09:00:00,0.208,0.2084,0.2079,0.2084,121921.0
2023-09-14 09:15:00,0.2085,0.2087,0.2081,0.2083,35105.0
2023-09-14 09:30:00,0.2084,0.2084,0.2082,0.2084,24517.0
2023-09-14 09:45:00,0.2084,0.2086,0.2082,0.2084,55922.0
2023-09-14 10:00:00,0.2084,0.2084,0.2082,0.2084,15013.0
2023-09-14 10:15:00,0.2084,0.2092,0.2082,0.2091,193109.0
2023-09-14 10:30:00,0.2091,0.2093,0.2083,0.2084,69024.0
2023-09-14 10:45:00,0.2083,0.2084,0.2078,0.2081,119061.0
2023-09-14 11:00:00,0.2082,0.2089,0.2082,0.2089,49607.0
2023-09-14 11:15:00,0.2089,0.2099,0.2089,0.2099,210943.0
2023-09-14 11:30:00,0.2099,0.2099,0.209,0.209,65448.0
2023-09-14 11:45:00,0.2089,0.2097,0.2089,0.2096,67435.0
2023-09-14 12:00:00,0.2096,0.2111,0.2096,0.2102,360590.0
2023-09-14 12:15:00,0.2101,0.2104,0.2082,0.2088,209716.0
2023-09-14 12:30:00,0.2085,0.2095,0.2085,0.2095,46616.0
2023-09-14 12:45:00,0.2096,0.2101,0.2095,0.2101,39325.0
2023-09-14 13:00:00,0.2099,0.211,0.2098,0.2109,77156.0
2023-09-14 13:15:00,0.2109,0.2123,0.2106,0.2113,187387.0
2023-09-14 13:30:00,0.2113,0.2118,0.2097,0.2106,125584.0
2023-09-14 13:45:00,0.2108,0.2109,0.2099,0.2103,138123.0
2023-09-14 14:00:00,0.2105,0.211,0.2098,0.2109,156872.0
2023-09-14 14:15:00,0.211,0.2123,0.2109,0.2118,101823.0
2023-09-14 14:30:00,0.2119,0.2122,0.2105,0.2111,44737.0
2023-09-14 14:45:00,0.2112,0.2115,0.2104,0.2108,205567.0
2023-09-14 15:00:00,0.2108,0.2115,0.2106,0.211,125683.0
2023-09-14 15:15:00,0.2108,0.2108,0.2094,0.2096,51790.0
2023-09-14 15:30:00,0.2096,0.2102,0.2094,0.2096,97679.0
2023-09-14 15:45:00,0.2098,0.2103,0.2097,0.2103,59592.0
2023-09-14 16:00:00,0.2104,0.2114,0.2102,0.2112,221544.0
2023-09-14 16:15:00,0.2113,0.2118,0.21,0.2104,197813.0
2023-09-14 16:30:00,0.2104,0.211,0.2092,0.2101,96935.0
2023-09-14 16:45:00,0.2101,0.2104,0.2097,0.2103,46845.0
2023-09-14 17:00:00,0.2104,0.2117,0.2104,0.2112,184632.0
2023-09-14 17:15:00,0.2112,0.2115,0.211,0.2114,39796.0
2023-09-14 17:30:00,0.2114,0.2126,0.2114,0.212,56643.0
2023-09-14 17:45:00,0.2118,0.2121,0.2114,0.2115,17193.0
2023-09-14 18:00:00,0.2116,0.2118,0.211,0.2118,46442.0
2023-09-14 18:15:00,0.2118,0.2125,0.2117,0.2123,59096.0
2023-09-14 18:30:00,0.2123,0.2134,0.2122,0.2125,98001.0
2023-09-14 18:45:00,0.2121,0.2121,0.2112,0.2113,62927.0
2023-09-14 19:00:00,0.2112,0.2123,0.2112,0.212,51946.0
2023-09-14 19:15:00,0.212,0.2123,0.2119,0.2122,26325.0
2023-09-14 19:30:00,0.2119,0.2125,0.2119,0.2123,9419.0
2023-09-14 19:45:00,0.2125,0.2132,0.2125,0.2131,28159.0
2023-09-14 20:00:00,0.2128,0.2132,0.2118,0.2118,31770.0
2023-09-14 20:15:00,0.2118,0.2122,0.2116,0.2117,22272.0
2023-09-14 20:30:00,0.2118,0.2119,0.2112,0.2113,15645.0
2023-09-14 20:45:00,0.2113,0.2123,0.2108,0.2118,107257.0
2023-09-14 21:00:00,0.2116,0.2118,0.2111,0.2114,68219.0
2023-09-14 21:15:00,0.2118,0.2121,0.2116,0.2119,16471.0
2023-09-14 21:30:00,0.2119,0.2124,0.2119,0.212,16333.0
2023-09-14 21:45:00,0.212,0.212,0.2114,0.2118,33993.0
2023-09-14 22:00:00,0.2121,0.2121,0.2118,0.2121,12842.0
2023-09-14 22:15:00,0.2121,0.2129,0.2121,0.2128,37361.0
2023-09-14 22:30:00,0.2128,0.2132,0.2128,0.2132,11064.0
2023-09-14 22:45:00,0.2132,0.2132,0.2129,0.2129,12291.0
2023-09-14 23:00:00,0.2128,0.2128,0.2124,0.2126,19614.0
2023-09-14 23:15:00,0.2127,0.2127,0.2112,0.2114,114260.0
2023-09-14 23:30:00,0.2113,0.2113,0.2102,0.2104,92111.0
2023-09-14 23:45:00,0.2104,0.211,0.2104,0.2109,33986.0
2023-09-15 00:00:00,0.2108,0.2115,0.2102,0.2102,12594.0
2023-09-15 00:15:00,0.2101,0.2112,0.2101,0.2111,83941.0
2023-09-15 00:30:00,0.2109,0.2124,0.2109,0.212,148161.0
2023-09-15 00:45:00,0.2122,0.2122,0.2111,0.2111,9774.0
2023-09-15 01:00:00,0.2112,0.2113,0.2098,0.2108,81191.0
2023-09-15 01:15:00,0.2104,0.2118,0.2103,0.2115,41131.0
2023-09-15 01:30:00,0.2118,0.2118,0.211,0.2114,22088.0
2023-09-15 01:45:00,0.2117,0.2123,0.2114,0.2122,68705.0
2023-09-15 02:00:00,0.2124,0.2135,0.2124,0.2134,115676.0
2023-09-15 02:15:00,0.2135,0.2139,0.2133,0.2137,36928.0
2023-09-15 02:30:00,0.2138,0.2142,0.2136,0.214,49567.0
2023-09-15 02:45:00,0.2141,0.2142,0.2138,0.2139,26602.0
2023-09-15 03:00:00,0.214,0.2141,0.2122,0.2131,162894.0
2023-09-15 03:15:00,0.213,0.2131,0.2123,0.2125,20006.0
2023-09-15 03:30:00,0.2125,0.2143,0.2125,0.2129,298077.0
2023-09-15 03:45:00,0.2129,0.2141,0.2129,0.2141,159336.0
2023-09-15 04:00:00,0.2141,0.2142,0.2129,0.2133,237125.0
2023-09-15 04:15:00,0.2133,0.2135,0.2128,0.2128,96950.0
2023-09-15 04:30:00,0.2128,0.2132,0.2122,0.2132,75078.0
2023-09-15 04:45:00,0.2133,0.2139,0.2133,0.2137,28314.0
2023-09-15 05:00:00,0.2136,0.215,0.2136,0.2145,136550.0
2023-09-15 05:15:00,0.2145,0.2146,0.2138,0.2143,50760.0
2023-09-15 05:30:00,0.2144,0.2145,0.2127,0.2127,57792.0
2023-09-15 05:45:00,0.2126,0.2127,0.2119,0.2123,141024.0
2023-09-15 06:00:00,0.2123,0.2129,0.2123,0.2127,31917.0
2023-09-15 06:15:00,0.2127,0.2129,0.2122,0.2125,137608.0
2023-09-15 06:30:00,0.2125,0.2126,0.2107,0.2108,100735.0
2023-09-15 06:45:00,0.2108,0.2114,0.2108,0.2111,35908.0
2023-09-15 07:00:00,0.2112,0.2114,0.2111,0.2111,27807.0
2023-09-15 07:15:00,0.211,0.211,0.2102,0.2105,30280.0
2023-09-15 07:30:00,0.2105,0.2111,0.2105,0.2111,14395.0
2023-09-15 07:45:00,0.2111,0.2112,0.2108,0.2109,10445.0
2023-09-15 08:00:00,0.2109,0.2109,0.2103,0.2106,83528.0
2023-09-15 08:15:00,0.2106,0.2113,0.2106,0.2111,87075.0
2023-09-15 08:30:00,0.2115,0.2117,0.2114,0.2117,33378.0
2023-09-15 08:45:00,0.2117,0.212,0.2108,0.2118,92373.0
2023-09-15 09:00:00,0.2118,0.2121,0.2111,0.2112,33534.0
2023-09-15 09:15:00,0.2111,0.2111,0.2104,0.2107,85354.0
2023-09-15 09:30:00,0.2106,0.2117,0.2106,0.2115,39152.0
2023-09-15 09:45:00,0.2113,0.2122,0.2113,0.2122,116227.0
2023-09-15 10:00:00,0.212,0.2121,0.2116,0.212,41006.0
2023-09-15 10:15:00,0.212,0.2122,0.2113,0.2121,86766.0
2023-09-15 10:30:00,0.2122,0.2126,0.2121,0.2124,65445.0
2023-09-15 10:45:00,0.2124,0.2131,0.2124,0.2128,114689.0
2023-09-15 11:00:00,0.2126,0.2126,0.2111,0.2111,66512.0
2023-09-15 11:15:00,0.2112,0.2115,0.2108,0.2108,66118.0
2023-09-15 11:30:00,0.2108,0.2114,0.2108,0.2109,35141.0
2023-09-15 11:45:00,0.2108,0.211,0.2101,0.2101,90514.0
2023-09-15 12:00:00,0.2105,0.2109,0.2104,0.2107,63964.0
2023-09-15 12:15:00,0.2108,0.2108,0.2101,0.2106,173367.0
2023-09-15 12:30:00,0.2104,0.2109,0.2103,0.2104,46425.0
2023-09-15 12:45:00,0.2104,0.2109,0.2104,0.2106,59549.0
2023-09-15 13:00:00,0.2107,0.2115,0.2107,0.2114,81269.0
2023-09-15 13:15:00,0.2113,0.2118,0.2113,0.2118,33420.0
2023-09-15 13:30:00,0.2118,0.2126,0.2117,0.2122,86625.0
2023-09-15 13:45:00,0.2121,0.2123,0.2115,0.2119,58485.0
2023-09-15 14:00:00,0.2117,0.214,0.2117,0.2137,177464.0
2023-09-15 14:15:00,0.2139,0.2145,0.2125,0.2127,230773.0
2023-09-15 14:30:00,0.2127,0.2129,0.2078,0.2089,293309.0
2023-09-15 14:45:00,0.2091,0.2101,0.2084,0.2101,115675.0
2023-09-15 15:00:00,0.2099,0.2113,0.2099,0.211,34515.0
2023-09-15 15:15:00,0.2111,0.2121,0.2111,0.212,63197.0
2023-09-15 15:30:00,0.212,0.2129,0.212,0.2129,76341.0
2023-09-15 15:45:00,0.2129,0.2139,0.2128,0.2137,188613.0
2023-09-15 16:00:00,0.2136,0.2136,0.2118,0.2118,126812.0
2023-09-15 16:15:00,0.2119,0.2136,0.2119,0.2136,88357.0
2023-09-15 16:30:00,0.2136,0.2143,0.2132,0.2142,138659.0
2023-09-15 16:45:00,0.2143,0.2144,0.2138,0.214,52549.0
2023-09-15 17:00:00,0.214,0.2143,0.213,0.2133,191280.0
2023-09-15 17:15:00,0.2133,0.2137,0.213,0.213,34999.0
2023-09-15 17:30:00,0.213,0.2132,0.2123,0.2127,89233.0
2023-09-15 17:45:00,0.2127,0.2128,0.212,0.2121,49809.0
2023-09-15 18:00:00,0.2123,0.2132,0.2123,0.2128,37631.0
2023-09-15 18:15:00,0.2127,0.2127,0.2122,0.2123,21362.0
2023-09-15 18:30:00,0.2123,0.213,0.212,0.2126,44343.0
2023-09-15 18:45:00,0.2126,0.2128,0.212,0.2128,25768.0
2023-09-15 19:00:00,0.2125,0.2142,0.2124,0.2141,53949.0
2023-09-15 19:15:00,0.2142,0.2154,0.2142,0.2154,122588.0
2023-09-15 19:30:00,0.2152,0.2154,0.2144,0.2145,64940.0
2023-09-15 19:45:00,0.2147,0.2155,0.2147,0.2148,80925.0
2023-09-15 20:00:00,0.2148,0.2152,0.2146,0.2152,12341.0
2023-09-15 20:15:00,0.2152,0.2156,0.2151,0.2153,69056.0
2023-09-15 20:30:00,0.2153,0.2156,0.2148,0.2152,98553.0
2023-09-15 20:45:00,0.215,0.2156,0.2149,0.2152,31762.0
2023-09-15 21:00:00,0.2155,0.2169,0.2148,0.2161,178936.0
2023-09-15 21:15:00,0.2161,0.2161,0.2152,0.2153,58598.0
2023-09-15 21:30:00,0.2153,0.2154,0.2139,0.2146,129827.0
2023-09-15 21:45:00,0.2147,0.2154,0.2147,0.2149,48227.0
2023-09-15 22:00:00,0.215,0.2164,0.215,0.2163,50168.0
2023-09-15 22:15:00,0.2165,0.2182,0.2165,0.218,133314.0
2023-09-15 22:30:00,0.2181,0.2194,0.2177,0.2189,245037.0
2023-09-15 22:45:00,0.2191,0.2193,0.218,0.2188,150535.0
2023-09-15 23:00:00,0.219,0.2196,0.2179,0.2179,101855.0
2023-09-15 23:15:00,0.218,0.218,0.217,0.2171,154928.0
2023-09-15 23:30:00,0.217,0.2187,0.217,0.2183,136080.0
2023-09-15 23:45:00,0.2183,0.2186,0.2177,0.2178,161340.0
2023-09-16 00:00:00,0.218,0.2194,0.2176,0.2193,248322.0
2023-09-16 00:15:00,0.2193,0.2212,0.2189,0.2209,263671.0
2023-09-16 00:30:00,0.221,0.2213,0.2186,0.2189,442736.0
2023-09-16 00:45:00,0.2187,0.2201,0.2184,0.2192,48626.0
2023-09-16 01:00:00,0.2191,0.2211,0.2191,0.2209,104197.0
2023-09-16 01:15:00,0.2212,0.2213,0.2193,0.2194,134833.0
2023-09-16 01:30:00,0.2192,0.2195,0.2186,0.2189,49908.0
2023-09-16 01:45:00,0.2191,0.2218,0.2191,0.2213,201863.0
2023-09-16 02:00:00,0.2212,0.2252,0.2208,0.2239,982925.0
2023-09-16 02:15:00,0.2241,0.227,0.2227,0.2261,420910.0
2023-09-16 02:30:00,0.2261,0.2397,0.226,0.2341,3638978.0
2023-09-16 02:45:00,0.2342,0.2371,0.231,0.2356,1859714.0
2023-09-16 03:00:00,0.2359,0.2359,0.2317,0.2344,567555.0
2023-09-16 03:15:00,0.2341,0.2532,0.2332,0.2515,5591075.0
2023-09-16 03:30:00,0.2514,0.2563,0.2484,0.2519,4356893.0
2023-09-16 03:45:00,0.2517,0.2526,0.247,0.2481,1957795.0
2023-09-16 04:00:00,0.2481,0.265,0.2415,0.264,5338279.0
2023-09-16 04:15:00,0.2645,0.2668,0.2545,0.2611,4230552.0
2023-09-16 04:30:00,0.2609,0.2634,0.2562,0.2586,2409447.0
2023-09-16 04:45:00,0.2585,0.261,0.2545,0.2603,1791956.0
2023-09-16 05:00:00,0.2602,0.2633,0.2565,0.2576,1705124.0
2023-09-16 05:15:00,0.2577,0.2604,0.2497,0.2525,2484660.0
2023-09-16 05:30:00,0.2527,0.2546,0.248,0.2525,2168443.0
2023-09-16 05:45:00,0.2526,0.2555,0.2521,0.2538,956647.0
2023-09-16 06:00:00,0.2535,0.2559,0.25,0.2502,1184496.0
2023-09-16 06:15:00,0.2501,0.2533,0.2483,0.2497,1083399.0
2023-09-16 06:30:00,0.2497,0.2542,0.2484,0.252,1565693.0
2023-09-16 06:45:00,0.2519,0.2556,0.2507,0.2552,927934.0
2023-09-16 07:00:00,0.2554,0.2561,0.2518,0.255,977312.0
2023-09-16 07:15:00,0.255,0.257,0.2515,0.2569,938073.0
2023-09-16 07:30:00,0.2568,0.2597,0.2523,0.2529,1582060.0
2023-09-16 07:45:00,0.2531,0.2549,0.2528,0.2535,618847.0
2023-09-16 08:00:00,0.2534,0.2602,0.252,0.253,1651611.0
2023-09-16 08:15:00,0.2532,0.256,0.2472,0.2482,2173968.0
2023-09-16 08:30:00,0.2484,0.2507,0.2444,0.2463,1348532.0
2023-09-16 08:45:00,0.2464,0.2493,0.2449,0.247,531321.0
2023-09-16 09:00:00,0.2469,0.2469,0.2413,0.2427,1328365.0
2023-09-16 09:15:00,0.2427,0.2452,0.241,0.2448,630556.0
2023-09-16 09:30:00,0.2447,0.2471,0.2437,0.246,788700.0
2023-09-16 09:45:00,0.246,0.2476,0.2434,0.2437,547190.0
2023-09-16 10:00:00,0.2439,0.2511,0.2429,0.2508,1172257.0
2023-09-16 10:15:00,0.2506,0.2508,0.2463,0.2491,917955.0
2023-09-16 10:30:00,0.2493,0.2493,0.2461,0.2476,572307.0
2023-09-16 10:45:00,0.2476,0.248,0.2462,0.247,344473.0
2023-09-16 11:00:00,0.2469,0.2474,0.2436,0.2441,459736.0
2023-09-16 11:15:00,0.2441,0.2441,0.2414,0.2424,1088136.0
2023-09-16 11:30:00,0.2423,0.2465,0.2399,0.2445,1561902.0
2023-09-16 11:45:00,0.2446,0.2463,0.2435,0.2454,362794.0
2023-09-16 12:00:00,0.2455,0.2457,0.2408,0.2434,746645.0
2023-09-16 12:15:00,0.2433,0.2449,0.238,0.2408,1148400.0
2023-09-16 12:30:00,0.2411,0.2417,0.239,0.2409,515370.0
2023-09-16 12:45:00,0.2408,0.2412,0.2364,0.2382,623285.0
2023-09-16 13:00:00,0.2383,0.239,0.2351,0.2357,723128.0
2023-09-16 13:15:00,0.236,0.2367,0.2336,0.2357,928967.0
2023-09-16 13:30:00,0.2357,0.2368,0.2339,0.2356,343047.0
2023-09-16 13:45:00,0.2355,0.2377,0.234,0.2358,534138.0
2023-09-16 14:00:00,0.2356,0.2378,0.2339,0.2342,798434.0
2023-09-16 14:15:00,0.2342,0.2346,0.23,0.2307,1318114.0
2023-09-16 14:30:00,0.2307,0.2325,0.23,0.2302,418241.0
2023-09-16 14:45:00,0.2301,0.2307,0.2243,0.2258,1533922.0
2023-09-16 15:00:00,0.226,0.2277,0.2232,0.2274,1011437.0
2023-09-16 15:15:00,0.2275,0.2298,0.2269,0.2293,479810.0
2023-09-16 15:30:00,0.2293,0.232,0.229,0.2318,427561.0
2023-09-16 15:45:00,0.2318,0.2331,0.2293,0.2302,474669.0
2023-09-16 16:00:00,0.2301,0.2326,0.2299,0.2319,199166.0
2023-09-16 16:15:00,0.2319,0.2324,0.2291,0.23,391960.0
2023-09-16 16:30:00,0.23,0.2322,0.23,0.2316,147473.0
2023-09-16 16:45:00,0.2317,0.2322,0.2308,0.2312,169040.0
2023-09-16 17:00:00,0.2313,0.2323,0.2305,0.2323,124031.0
2023-09-16 17:15:00,0.2322,0.2333,0.2317,0.2328,110073.0
2023-09-16 17:30:00,0.2326,0.2335,0.2323,0.2334,166251.0
2023-09-16 17:45:00,0.2332,0.234,0.2326,0.2331,144407.0
2023-09-16 18:00:00,0.2332,0.2337,0.2322,0.2324,80839.0
2023-09-16 18:15:00,0.2325,0.2334,0.2323,0.2325,59677.0
2023-09-16 18:30:00,0.2327,0.2327,0.2311,0.2313,78413.0
2023-09-16 18:45:00,0.2313,0.2324,0.2309,0.2309,100090.0
2023-09-16 19:00:00,0.2309,0.2332,0.2305,0.2318,143035.0
2023-09-16 19:15:00,0.2318,0.2318,0.2301,0.2301,85982.0
2023-09-16 19:30:00,0.2303,0.2303,0.229,0.2295,133479.0
2023-09-16 19:45:00,0.2295,0.2305,0.2294,0.2303,39273.0
2023-09-16 20:00:00,0.2301,0.2328,0.2301,0.232,111132.0
2023-09-16 20:15:00,0.2319,0.2328,0.2318,0.2326,47008.0
2023-09-16 20:30:00,0.2328,0.2328,0.2308,0.2322,30122.0
2023-09-16 20:45:00,0.2321,0.2323,0.2312,0.2312,16184.0
2023-09-16 21:00:00,0.2315,0.233,0.2314,0.2327,94004.0
2023-09-16 21:15:00,0.2326,0.2332,0.2316,0.2329,34739.0
2023-09-16 21:30:00,0.2328,0.2336,0.2323,0.2334,55646.0
2023-09-16 21:45:00,0.2334,0.2349,0.2334,0.2347,184713.0
2023-09-16 22:00:00,0.2347,0.2347,0.2326,0.2327,56928.0
2023-09-16 22:15:00,0.2327,0.2333,0.2323,0.2333,38184.0
2023-09-16 22:30:00,0.2333,0.2342,0.2332,0.234,83865.0
2023-09-16 22:45:00,0.2339,0.2357,0.2339,0.2356,322322.0
2023-09-16 23:00:00,0.2355,0.2368,0.2346,0.2351,351144.0
2023-09-16 23:15:00,0.2352,0.2378,0.2338,0.236,255556.0
2023-09-16 23:30:00,0.2361,0.2372,0.236,0.237,157103.0
2023-09-16 23:45:00,0.237,0.237,0.2333,0.2333,221618.0
2023-09-17 00:00:00,0.2336,0.2341,0.2296,0.2306,559705.0
2023-09-17 00:15:00,0.2304,0.2321,0.2293,0.2307,210417.0
2023-09-17 00:30:00,0.2306,0.2316,0.2304,0.2311,146585.0
2023-09-17 00:45:00,0.2314,0.2315,0.2268,0.2289,455174.0
2023-09-17 01:00:00,0.2286,0.2288,0.2256,0.2275,539659.0
2023-09-17 01:15:00,0.2276,0.2283,0.2266,0.2276,211133.0
2023-09-17 01:30:00,0.2276,0.2284,0.2257,0.2276,171537.0
2023-09-17 01:45:00,0.2278,0.2302,0.2272,0.2283,284715.0
2023-09-17 02:00:00,0.2281,0.2295,0.2271,0.2295,199112.0
2023-09-17 02:15:00,0.2293,0.2306,0.2288,0.2289,178438.0
2023-09-17 02:30:00,0.2289,0.2294,0.2281,0.2294,88724.0
2023-09-17 02:45:00,0.2294,0.2297,0.2287,0.2288,28911.0
2023-09-17 03:00:00,0.2291,0.2294,0.2282,0.2283,236937.0
2023-09-17 03:15:00,0.2283,0.2292,0.2276,0.228,168332.0
2023-09-17 03:30:00,0.228,0.2281,0.2268,0.2277,300933.0
2023-09-17 03:45:00,0.228,0.2299,0.228,0.2294,78692.0
2023-09-17 04:00:00,0.2295,0.2299,0.228,0.2297,99156.0
2023-09-17 04:15:00,0.2299,0.2299,0.2286,0.2287,155316.0
2023-09-17 04:30:00,0.2291,0.2298,0.2288,0.2291,151230.0
2023-09-17 04:45:00,0.2291,0.23,0.229,0.2291,182580.0
2023-09-17 05:00:00,0.229,0.2291,0.2274,0.228,262556.0
2023-09-17 05:15:00,0.2279,0.2279,0.227,0.2275,151762.0
2023-09-17 05:30:00,0.2275,0.2285,0.2274,0.2284,155596.0
2023-09-17 05:45:00,0.2284,0.2299,0.2284,0.2284,113024.0
2023-09-17 06:00:00,0.2284,0.229,0.2283,0.2288,51537.0
2023-09-17 06:15:00,0.229,0.2297,0.2286,0.2287,116621.0
2023-09-17 06:30:00,0.229,0.2294,0.2282,0.2282,82664.0
2023-09-17 06:45:00,0.2282,0.2289,0.2281,0.2289,63285.0
2023-09-17 07:00:00,0.2289,0.2289,0.2279,0.2281,61320.0
2023-09-17 07:15:00,0.2281,0.2311,0.2281,0.23,368809.0
2023-09-17 07:30:00,0.2302,0.2312,0.2296,0.2303,146964.0
2023-09-17 07:45:00,0.2303,0.2303,0.2263,0.227,270842.0
2023-09-17 08:00:00,0.227,0.2285,0.2262,0.2285,386748.0
2023-09-17 08:15:00,0.2282,0.2332,0.2276,0.2309,645175.0
2023-09-17 08:30:00,0.2311,0.2319,0.2299,0.2311,213979.0
2023-09-17 08:45:00,0.2311,0.2313,0.2302,0.2305,62884.0
2023-09-17 09:00:00,0.2306,0.2317,0.2293,0.2302,271042.0
2023-09-17 09:15:00,0.2303,0.2303,0.2294,0.2297,95630.0
2023-09-17 09:30:00,0.23,0.2302,0.2293,0.2294,42356.0
2023-09-17 09:45:00,0.2296,0.2302,0.2296,0.2297,25724.0
2023-09-17 10:00:00,0.2296,0.2307,0.2294,0.2307,52231.0
2023-09-17 10:15:00,0.2307,0.2315,0.2304,0.2307,155643.0
2023-09-17 10:30:00,0.2307,0.2325,0.2307,0.232,138439.0
2023-09-17 10:45:00,0.2319,0.2333,0.2316,0.2327,134243.0
2023-09-17 11:00:00,0.2328,0.2331,0.2314,0.2322,109778.0
2023-09-17 11:15:00,0.2325,0.2336,0.2321,0.2333,141066.0
2023-09-17 11:30:00,0.2331,0.2337,0.2328,0.2331,79127.0
2023-09-17 11:45:00,0.233,0.2343,0.2322,0.2323,303023.0
2023-09-17 12:00:00,0.2322,0.233,0.2309,0.2311,197558.0
2023-09-17 12:15:00,0.2309,0.2316,0.2305,0.2311,161303.0
2023-09-17 12:30:00,0.231,0.2322,0.2308,0.2322,152911.0
2023-09-17 12:45:00,0.2319,0.2337,0.2316,0.2337,116691.0
2023-09-17 13:00:00,0.2336,0.234,0.2316,0.232,240833.0
2023-09-17 13:15:00,0.232,0.2344,0.232,0.2337,214369.0
2023-09-17 13:30:00,0.2337,0.234,0.2327,0.2335,174264.0
2023-09-17 13:45:00,0.2335,0.2346,0.233,0.2343,135310.0
2023-09-17 14:00:00,0.2344,0.2344,0.2317,0.2318,211007.0
2023-09-17 14:15:00,0.2316,0.2331,0.2314,0.2325,114091.0
2023-09-17 14:30:00,0.2323,0.2329,0.2317,0.2321,72742.0
2023-09-17 14:45:00,0.2324,0.233,0.2311,0.2313,161977.0
2023-09-17 15:00:00,0.2313,0.2316,0.2305,0.2308,160384.0
2023-09-17 15:15:00,0.2306,0.2307,0.2295,0.23,179878.0
2023-09-17 15:30:00,0.2301,0.2305,0.229,0.2298,142868.0
2023-09-17 15:45:00,0.2298,0.2309,0.2297,0.2309,222218.0
2023-09-17 16:00:00,0.2309,0.2318,0.2297,0.2306,121468.0
2023-09-17 16:15:00,0.2302,0.2304,0.2283,0.2291,217972.0
2023-09-17 16:30:00,0.229,0.229,0.2271,0.2273,331343.0
2023-09-17 16:45:00,0.2272,0.228,0.2265,0.2267,346449.0
2023-09-17 17:00:00,0.2267,0.2283,0.2264,0.2277,258435.0
2023-09-17 17:15:00,0.2276,0.2281,0.2265,0.2274,106273.0
2023-09-17 17:30:00,0.2271,0.2282,0.2268,0.2281,74144.0
2023-09-17 17:45:00,0.2281,0.2285,0.2268,0.2268,99946.0
2023-09-17 18:00:00,0.2267,0.2271,0.226,0.2269,237398.0
2023-09-17 18:15:00,0.2269,0.227,0.2262,0.227,77492.0
2023-09-17 18:30:00,0.227,0.2277,0.2267,0.2277,86697.0
2023-09-17 18:45:00,0.2277,0.2281,0.2277,0.2281,46226.0
2023-09-17 19:00:00,0.228,0.2287,0.228,0.228,39441.0
2023-09-17 19:15:00,0.228,0.228,0.2269,0.2269,108942.0
2023-09-17 19:30:00,0.2271,0.2273,0.2267,0.227,83075.0
2023-09-17 19:45:00,0.227,0.2273,0.2269,0.227,45721.0
2023-09-17 20:00:00,0.227,0.2276,0.227,0.2274,51053.0
2023-09-17 20:15:00,0.2274,0.2277,0.2269,0.227,41868.0
2023-09-17 20:30:00,0.2269,0.2269,0.2215,0.2235,716375.0
2023-09-17 20:45:00,0.2234,0.2234,0.2205,0.2217,324137.0
2023-09-17 21:00:00,0.2216,0.2245,0.2208,0.2236,158481.0
2023-09-17 21:15:00,0.2238,0.2245,0.2232,0.2232,63641.0
2023-09-17 21:30:00,0.2232,0.2242,0.2232,0.2233,12788.0
2023-09-17 21:45:00,0.2233,0.224,0.2231,0.224,68964.0
2023-09-17 22:00:00,0.2237,0.2245,0.2237,0.2243,67877.0
2023-09-17 22:15:00,0.2244,0.2257,0.2244,0.2257,54995.0
2023-09-17 22:30:00,0.2254,0.2254,0.2243,0.2245,22144.0
2023-09-17 22:45:00,0.2244,0.2258,0.2241,0.2258,114543.0
2023-09-17 23:00:00,0.2258,0.2259,0.225,0.2253,125009.0
2023-09-17 23:15:00,0.2253,0.2257,0.2246,0.2248,32061.0
2023-09-17 23:30:00,0.2247,0.2261,0.2242,0.2255,135652.0
2023-09-17 23:45:00,0.2256,0.2268,0.2256,0.2265,100667.0
2023-09-18 00:00:00,0.2264,0.2268,0.2259,0.2259,103134.0
2023-09-18 00:15:00,0.2258,0.2259,0.2235,0.2235,108607.0
2023-09-18 00:30:00,0.2234,0.2234,0.2206,0.2223,408276.0
2023-09-18 00:45:00,0.2224,0.2237,0.2218,0.2225,81109.0
2023-09-18 01:00:00,0.2225,0.2252,0.2225,0.225,88526.0
2023-09-18 01:15:00,0.2254,0.2262,0.224,0.2258,145123.0
2023-09-18 01:30:00,0.2255,0.2261,0.2249,0.2256,43296.0
2023-09-18 01:45:00,0.2262,0.2266,0.2261,0.2266,96904.0
2023-09-18 02:00:00,0.2266,0.231,0.2261,0.2271,429291.0
2023-09-18 02:15:00,0.227,0.2304,0.227,0.2301,321839.0
2023-09-18 02:30:00,0.2303,0.232,0.2289,0.2299,277191.0
2023-09-18 02:45:00,0.2299,0.2339,0.2299,0.2333,647532.0
2023-09-18 03:00:00,0.2334,0.2345,0.2314,0.2314,452910.0
2023-09-18 03:15:00,0.2314,0.2327,0.231,0.2326,115496.0
2023-09-18 03:30:00,0.2325,0.2334,0.2311,0.2326,285929.0
2023-09-18 03:45:00,0.2326,0.2358,0.2326,0.2357,570513.0
2023-09-18 04:00:00,0.2358,0.2369,0.2329,0.2346,735626.0
2023-09-18 04:15:00,0.2347,0.236,0.234,0.234,311831.0
2023-09-18 04:30:00,0.2336,0.2337,0.2313,0.2316,445311.0
2023-09-18 04:45:00,0.2316,0.2316,0.229,0.2314,339650.0
2023-09-18 05:00:00,0.2315,0.2337,0.2315,0.2335,72308.0
2023-09-18 05:15:00,0.2332,0.2344,0.2328,0.2337,175128.0
2023-09-18 05:30:00,0.2339,0.2339,0.2322,0.2323,228450.0
2023-09-18 05:45:00,0.2324,0.2337,0.2318,0.2337,200615.0
2023-09-18 06:00:00,0.2336,0.2362,0.2336,0.2349,261763.0
2023-09-18 06:15:00,0.2348,0.2348,0.2329,0.2337,193774.0
2023-09-18 06:30:00,0.2339,0.2353,0.2325,0.2335,241936.0
2023-09-18 06:45:00,0.2331,0.2331,0.2312,0.2312,181652.0
2023-09-18 07:00:00,0.2313,0.2335,0.2307,0.2335,1115945.0
2023-09-18 07:15:00,0.2335,0.2348,0.2314,0.2325,1135434.0
2023-09-18 07:30:00,0.2326,0.2348,0.2322,0.2346,283094.0
2023-09-18 07:45:00,0.2344,0.2354,0.2337,0.2354,243733.0
2023-09-18 08:00:00,0.2355,0.2355,0.2335,0.2345,147616.0
2023-09-18 08:15:00,0.2346,0.2358,0.2338,0.2355,115496.0
2023-09-18 08:30:00,0.2356,0.2358,0.2345,0.235,77496.0
2023-09-18 08:45:00,0.2345,0.2349,0.2335,0.2349,313382.0
2023-09-18 09:00:00,0.2349,0.2376,0.2337,0.2376,512042.0
2023-09-18 09:15:00,0.2376,0.2406,0.2363,0.2365,499822.0
2023-09-18 09:30:00,0.2365,0.2384,0.2365,0.2384,116450.0
2023-09-18 09:45:00,0.2385,0.2399,0.2375,0.2392,233090.0
2023-09-18 10:00:00,0.2391,0.242,0.2378,0.2393,580056.0
2023-09-18 10:15:00,0.2394,0.2398,0.2375,0.2389,249269.0
2023-09-18 10:30:00,0.2391,0.2398,0.2382,0.2387,195775.0
2023-09-18 10:45:00,0.2388,0.2419,0.2388,0.2408,361889.0
2023-09-18 11:00:00,0.2408,0.2431,0.2401,0.2404,536394.0
2023-09-18 11:15:00,0.2405,0.2443,0.2401,0.2436,557115.0
2023-09-18 11:30:00,0.2437,0.2446,0.2417,0.2425,493046.0
2023-09-18 11:45:00,0.2424,0.2438,0.242,0.2431,199683.0
2023-09-18 12:00:00,0.2432,0.2443,0.2392,0.2401,480902.0
2023-09-18 12:15:00,0.2402,0.2418,0.2402,0.2407,172369.0
2023-09-18 12:30:00,0.241,0.2431,0.2404,0.2417,253789.0
2023-09-18 12:45:00,0.2418,0.2429,0.2408,0.2426,175687.0
2023-09-18 13:00:00,0.2425,0.243,0.2392,0.2401,525497.0
2023-09-18 13:15:00,0.24,0.2418,0.2398,0.2406,179966.0
2023-09-18 13:30:00,0.2404,0.2427,0.2403,0.2426,221537.0
2023-09-18 13:45:00,0.2424,0.2427,0.2395,0.2412,219109.0
2023-09-18 14:00:00,0.2413,0.2448,0.2413,0.2446,484851.0
2023-09-18 14:15:00,0.2446,0.2473,0.2438,0.2443,891549.0
2023-09-18 14:30:00,0.2444,0.2453,0.2431,0.2439,326830.0
2023-09-18 14:45:00,0.2439,0.2463,0.2438,0.2451,195938.0
2023-09-18 15:00:00,0.2451,0.2453,0.2434,0.2448,237412.0
2023-09-18 15:15:00,0.2448,0.2448,0.244,0.2444,81961.0
2023-09-18 15:30:00,0.2446,0.2463,0.2439,0.2439,312442.0
2023-09-18 15:45:00,0.2441,0.2448,0.2428,0.2433,432459.0
2023-09-18 16:00:00,0.2434,0.2457,0.2418,0.2425,384717.0
2023-09-18 16:15:00,0.2423,0.2424,0.2401,0.2422,346116.0
2023-09-18 16:30:00,0.2425,0.2454,0.2425,0.2454,325048.0
2023-09-18 16:45:00,0.2453,0.2465,0.2451,0.2463,238976.0
2023-09-18 17:00:00,0.2462,0.2462,0.2434,0.2443,122511.0
2023-09-18 17:15:00,0.244,0.2441,0.2416,0.2423,255352.0
2023-09-18 17:30:00,0.2423,0.2431,0.2375,0.2399,1055600.0
2023-09-18 17:45:00,0.2399,0.2408,0.2393,0.24,194875.0
2023-09-18 18:00:00,0.2401,0.2419,0.2397,0.2413,153491.0
2023-09-18 18:15:00,0.2417,0.2424,0.2403,0.2406,152732.0
2023-09-18 18:30:00,0.2404,0.2411,0.2392,0.2396,171857.0
2023-09-18 18:45:00,0.2395,0.2405,0.2391,0.2401,120720.0
2023-09-18 19:00:00,0.2399,0.243,0.2396,0.2424,61033.0
2023-09-18 19:15:00,0.2425,0.2433,0.2419,0.2433,67272.0
2023-09-18 19:30:00,0.2432,0.2448,0.2428,0.2441,88415.0
2023-09-18 19:45:00,0.2443,0.245,0.2427,0.2429,101568.0
2023-09-18 20:00:00,0.243,0.2435,0.2417,0.2423,185637.0
2023-09-18 20:15:00,0.2422,0.2423,0.2411,0.2418,50705.0
2023-09-18 20:30:00,0.2419,0.2425,0.2413,0.2424,40667.0
2023-09-18 20:45:00,0.2424,0.2425,0.2414,0.2419,49658.0
2023-09-18 21:00:00,0.242,0.2425,0.2408,0.2425,58251.0
2023-09-18 21:15:00,0.2424,0.2425,0.2415,0.2423,61987.0
2023-09-18 21:30:00,0.2426,0.2432,0.2424,0.2432,52027.0
2023-09-18 21:45:00,0.2433,0.2433,0.2421,0.2427,46678.0
2023-09-18 22:00:00,0.2432,0.2434,0.2424,0.2426,16728.0
2023-09-18 22:15:00,0.2427,0.2433,0.2423,0.2433,43117.0
2023-09-18 22:30:00,0.2434,0.2435,0.2421,0.243,59011.0
2023-09-18 22:45:00,0.243,0.2448,0.243,0.2446,74416.0
2023-09-18 23:00:00,0.2445,0.2445,0.2421,0.2424,100621.0
2023-09-18 23:15:00,0.2421,0.2431,0.2416,0.2416,80687.0
2023-09-18 23:30:00,0.2415,0.2428,0.2412,0.2412,102841.0
2023-09-18 23:45:00,0.2411,0.2416,0.2408,0.2411,36410.0
2023-09-19 00:00:00,0.2408,0.2421,0.2397,0.2398,174575.0
2023-09-19 00:15:00,0.2398,0.2398,0.237,0.2388,486707.0
2023-09-19 00:30:00,0.2388,0.2404,0.2386,0.2393,215624.0
2023-09-19 00:45:00,0.2392,0.2394,0.238,0.2383,144378.0
2023-09-19 01:00:00,0.2382,0.241,0.2378,0.2402,162551.0
2023-09-19 01:15:00,0.2401,0.2406,0.2395,0.2406,110327.0
2023-09-19 01:30:00,0.2405,0.2405,0.2396,0.2402,133709.0
2023-09-19 01:45:00,0.2401,0.2401,0.2384,0.2384,49710.0
2023-09-19 02:00:00,0.2385,0.2405,0.2384,0.24,80332.0
2023-09-19 02:15:00,0.2397,0.2399,0.239,0.239,67684.0
2023-09-19 02:30:00,0.2389,0.2399,0.2388,0.2393,83375.0
2023-09-19 02:45:00,0.2393,0.2404,0.2392,0.2402,17882.0
2023-09-19 03:00:00,0.2403,0.2403,0.2389,0.239,77501.0
2023-09-19 03:15:00,0.2389,0.2399,0.2389,0.2389,47193.0
2023-09-19 03:30:00,0.2392,0.2393,0.2384,0.2385,43685.0
2023-09-19 03:45:00,0.2387,0.2392,0.2386,0.2388,45608.0
2023-09-19 04:00:00,0.2388,0.2388,0.2382,0.2382,27632.0
2023-09-19 04:15:00,0.2382,0.2383,0.2372,0.238,201227.0
2023-09-19 04:30:00,0.238,0.238,0.2372,0.2372,122945.0
2023-09-19 04:45:00,0.2372,0.2417,0.2372,0.2412,253214.0
2023-09-19 05:00:00,0.2414,0.2439,0.2403,0.2438,710012.0
2023-09-19 05:15:00,0.2439,0.2461,0.2429,0.2454,597927.0
2023-09-19 05:30:00,0.2453,0.2453,0.2419,0.2424,136624.0
2023-09-19 05:45:00,0.2426,0.2454,0.2426,0.2443,337214.0
2023-09-19 06:00:00,0.2441,0.2446,0.243,0.244,123244.0
2023-09-19 06:15:00,0.2439,0.244,0.2426,0.2429,185222.0
2023-09-19 06:30:00,0.243,0.2479,0.243,0.2458,644545.0
2023-09-19 06:45:00,0.2456,0.2459,0.2445,0.2445,216773.0
2023-09-19 07:00:00,0.2445,0.2446,0.2424,0.244,282051.0
2023-09-19 07:15:00,0.2441,0.2468,0.2435,0.2448,460767.0
2023-09-19 07:30:00,0.2447,0.245,0.243,0.2433,143632.0
2023-09-19 07:45:00,0.2435,0.2473,0.2435,0.2455,426120.0
2023-09-19 08:00:00,0.2456,0.2461,0.2425,0.2446,209558.0
2023-09-19 08:15:00,0.2446,0.2469,0.2445,0.2467,271317.0
2023-09-19 08:30:00,0.2466,0.2484,0.2458,0.2481,335326.0
2023-09-19 08:45:00,0.2482,0.2507,0.2469,0.2495,857959.0
2023-09-19 09:00:00,0.2497,0.2499,0.2465,0.247,895241.0
2023-09-19 09:15:00,0.2476,0.2495,0.2471,0.2489,220434.0
2023-09-19 09:30:00,0.249,0.2535,0.249,0.2517,719777.0
2023-09-19 09:45:00,0.2516,0.253,0.2501,0.251,328923.0
2023-09-19 10:00:00,0.2509,0.2522,0.2497,0.2501,340989.0
2023-09-19 10:15:00,0.2501,0.2528,0.248,0.249,423764.0
2023-09-19 10:30:00,0.2487,0.2504,0.2469,0.2497,305080.0
2023-09-19 10:45:00,0.2498,0.2498,0.248,0.2491,225596.0
2023-09-19 11:00:00,0.2491,0.25,0.2467,0.2468,288193.0
2023-09-19 11:15:00,0.2467,0.2477,0.2457,0.2468,276693.0
2023-09-19 11:30:00,0.247,0.2481,0.2465,0.2481,89865.0
2023-09-19 11:45:00,0.248,0.2485,0.2476,0.2483,67445.0
2023-09-19 12:00:00,0.2483,0.2513,0.2471,0.2504,390868.0
2023-09-19 12:15:00,0.2504,0.2515,0.2496,0.25,312064.0
2023-09-19 12:30:00,0.25,0.2503,0.2461,0.2468,477139.0
2023-09-19 12:45:00,0.2468,0.2479,0.246,0.2471,103900.0
2023-09-19 13:00:00,0.247,0.2475,0.2467,0.2475,76367.0
2023-09-19 13:15:00,0.2476,0.2511,0.2476,0.2509,420305.0
2023-09-19 13:30:00,0.2509,0.2538,0.2507,0.2516,771600.0
2023-09-19 13:45:00,0.2516,0.2522,0.2472,0.2473,398170.0
2023-09-19 14:00:00,0.2473,0.2507,0.2473,0.2507,172399.0
2023-09-19 14:15:00,0.2504,0.2511,0.2495,0.2495,137733.0
2023-09-19 14:30:00,0.2497,0.2498,0.2478,0.2484,179555.0
2023-09-19 14:45:00,0.2487,0.2494,0.2483,0.249,73042.0
2023-09-19 15:00:00,0.2489,0.2499,0.2479,0.2495,77925.0
2023-09-19 15:15:00,0.2496,0.2509,0.2491,0.2504,124401.0
2023-09-19 15:30:00,0.2506,0.2522,0.25,0.2511,116091.0
2023-09-19 15:45:00,0.2511,0.2512,0.2499,0.2504,211628.0
2023-09-19 16:00:00,0.25,0.2507,0.2482,0.2504,270353.0
2023-09-19 16:15:00,0.2505,0.2505,0.2489,0.2492,107016.0
2023-09-19 16:30:00,0.2491,0.2492,0.2482,0.2485,111869.0
2023-09-19 16:45:00,0.2485,0.2486,0.2468,0.2476,350362.0
2023-09-19 17:00:00,0.2476,0.2484,0.2466,0.2484,159184.0
2023-09-19 17:15:00,0.2481,0.2487,0.2478,0.2482,63417.0
2023-09-19 17:30:00,0.2481,0.2495,0.2481,0.2491,38033.0
2023-09-19 17:45:00,0.2491,0.2491,0.2476,0.2485,68992.0
2023-09-19 18:00:00,0.2486,0.2498,0.2484,0.2494,76443.0
2023-09-19 18:15:00,0.2495,0.2504,0.2493,0.2498,75935.0
2023-09-19 18:30:00,0.2498,0.2509,0.2494,0.2508,105532.0
2023-09-19 18:45:00,0.2506,0.2509,0.2495,0.2498,191330.0
2023-09-19 19:00:00,0.2497,0.251,0.2493,0.2499,68149.0
2023-09-19 19:15:00,0.2499,0.2506,0.2493,0.2505,49137.0
2023-09-19 19:30:00,0.2501,0.2507,0.25,0.25,36372.0
2023-09-19 19:45:00,0.2499,0.2504,0.2495,0.25,10271.0
2023-09-19 20:00:00,0.2499,0.2499,0.2477,0.2486,170857.0
2023-09-19 20:15:00,0.2484,0.2484,0.2468,0.2473,61060.0
2023-09-19 20:30:00,0.2475,0.2486,0.2475,0.2482,22360.0
2023-09-19 20:45:00,0.2484,0.2487,0.2483,0.2487,6016.0
2023-09-19 21:00:00,0.2488,0.2499,0.248,0.2492,42861.0
2023-09-19 21:15:00,0.249,0.249,0.2478,0.2486,36112.0
2023-09-19 21:30:00,0.2483,0.2501,0.2483,0.2499,21414.0
2023-09-19 21:45:00,0.2501,0.2509,0.2499,0.2503,86337.0
2023-09-19 22:00:00,0.2504,0.2506,0.249,0.2493,52646.0
2023-09-19 22:15:00,0.2492,0.2492,0.2482,0.2486,185450.0
2023-09-19 22:30:00,0.2483,0.2494,0.2483,0.2492,41795.0
2023-09-19 22:45:00,0.2493,0.2493,0.2485,0.2488,46045.0
2023-09-19 23:00:00,0.2487,0.2488,0.248,0.248,21674.0
2023-09-19 23:15:00,0.2483,0.2487,0.2478,0.2479,64065.0
2023-09-19 23:30:00,0.2479,0.2482,0.2472,0.2482,51960.0
2023-09-19 23:45:00,0.2482,0.249,0.2482,0.249,45465.0
2023-09-20 00:00:00,0.2491,0.2498,0.2475,0.2476,203509.0
2023-09-20 00:15:00,0.2476,0.2476,0.2426,0.2433,496728.0
2023-09-20 00:30:00,0.2435,0.2457,0.2435,0.2451,129058.0
2023-09-20 00:45:00,0.2456,0.2468,0.2449,0.2468,73207.0
2023-09-20 01:00:00,0.2469,0.2495,0.2468,0.2491,129011.0
2023-09-20 01:15:00,0.2492,0.2511,0.2481,0.2508,122320.0
2023-09-20 01:30:00,0.2508,0.2513,0.25,0.2511,125144.0
2023-09-20 01:45:00,0.2511,0.2521,0.2506,0.252,163272.0
2023-09-20 02:00:00,0.252,0.2524,0.2497,0.2497,131871.0
2023-09-20 02:15:00,0.2496,0.2499,0.2483,0.2496,82904.0
2023-09-20 02:30:00,0.2496,0.2498,0.2478,0.248,136365.0
2023-09-20 02:45:00,0.2484,0.2488,0.2469,0.2473,292049.0
2023-09-20 03:00:00,0.2476,0.2479,0.2467,0.2469,100153.0
2023-09-20 03:15:00,0.247,0.247,0.2455,0.2463,216708.0
2023-09-20 03:30:00,0.2458,0.2465,0.2449,0.246,196395.0
2023-09-20 03:45:00,0.2459,0.2459,0.2429,0.244,359921.0
2023-09-20 04:00:00,0.244,0.2457,0.2431,0.2452,89464.0
2023-09-20 04:15:00,0.2451,0.2455,0.2447,0.245,27671.0
2023-09-20 04:30:00,0.245,0.2457,0.2447,0.2455,43234.0
2023-09-20 04:45:00,0.2455,0.2456,0.2448,0.2448,20929.0
2023-09-20 05:00:00,0.2448,0.2461,0.2446,0.2446,54935.0
2023-09-20 05:15:00,0.2446,0.2447,0.2428,0.2433,233902.0
2023-09-20 05:30:00,0.2434,0.2436,0.2433,0.2433,38616.0
2023-09-20 05:45:00,0.2433,0.2438,0.2433,0.2435,21500.0
2023-09-20 06:00:00,0.2437,0.2449,0.2418,0.2447,111897.0
2023-09-20 06:15:00,0.2446,0.2463,0.2446,0.246,209965.0
2023-09-20 06:30:00,0.2461,0.2479,0.2456,0.2458,208344.0
2023-09-20 06:45:00,0.2455,0.246,0.2447,0.2456,99882.0
2023-09-20 07:00:00,0.246,0.2463,0.2451,0.2456,120937.0
2023-09-20 07:15:00,0.2455,0.2464,0.2452,0.2452,37887.0
2023-09-20 07:30:00,0.2455,0.2464,0.2454,0.2461,42842.0
2023-09-20 07:45:00,0.2462,0.2465,0.2456,0.2459,16939.0
2023-09-20 08:00:00,0.2461,0.2472,0.2453,0.247,153876.0
2023-09-20 08:15:00,0.247,0.2472,0.2457,0.2461,79816.0
2023-09-20 08:30:00,0.2459,0.2462,0.2455,0.2462,24023.0
2023-09-20 08:45:00,0.2462,0.2469,0.2459,0.2468,111460.0
2023-09-20 09:00:00,0.2467,0.2488,0.2467,0.2474,416768.0
2023-09-20 09:15:00,0.2473,0.2479,0.2441,0.2442,678260.0
2023-09-20 09:30:00,0.2442,0.2444,0.243,0.243,122585.0
2023-09-20 09:45:00,0.2432,0.2432,0.2385,0.2405,679746.0
2023-09-20 10:00:00,0.2402,0.2408,0.239,0.2391,288047.0
2023-09-20 10:15:00,0.2392,0.2403,0.2378,0.2401,358405.0
2023-09-20 10:30:00,0.2401,0.2407,0.2397,0.2404,103145.0
2023-09-20 10:45:00,0.2406,0.2416,0.2406,0.2416,83633.0
2023-09-20 11:00:00,0.2415,0.2416,0.2399,0.24,112922.0
2023-09-20 11:15:00,0.2399,0.2413,0.2399,0.2411,92829.0
2023-09-20 11:30:00,0.2407,0.2408,0.24,0.2406,47711.0
2023-09-20 11:45:00,0.2406,0.2406,0.2396,0.2398,81491.0
2023-09-20 12:00:00,0.2402,0.2408,0.2397,0.2399,88408.0
2023-09-20 12:15:00,0.2397,0.24,0.2389,0.239,47506.0
2023-09-20 12:30:00,0.2389,0.2391,0.2353,0.2368,545651.0
2023-09-20 12:45:00,0.2366,0.2375,0.2358,0.2371,156525.0
2023-09-20 13:00:00,0.2371,0.2388,0.2371,0.2386,54781.0
2023-09-20 13:15:00,0.2388,0.2391,0.2376,0.2381,152292.0
2023-09-20 13:30:00,0.238,0.2394,0.2375,0.2394,58472.0
2023-09-20 13:45:00,0.2394,0.2408,0.2393,0.2405,81019.0
2023-09-20 14:00:00,0.2406,0.2415,0.2393,0.2393,118602.0
2023-09-20 14:15:00,0.2395,0.2408,0.2388,0.2403,64682.0
2023-09-20 14:30:00,0.2403,0.2408,0.2395,0.2399,51370.0
2023-09-20 14:45:00,0.24,0.24,0.2387,0.2391,88919.0
2023-09-20 15:00:00,0.2391,0.2404,0.2388,0.2404,65428.0
2023-09-20 15:15:00,0.2402,0.2412,0.2402,0.2411,73053.0
2023-09-20 15:30:00,0.2409,0.2412,0.2402,0.2411,53752.0
2023-09-20 15:45:00,0.2411,0.2419,0.2411,0.2416,163539.0
2023-09-20 16:00:00,0.2417,0.2417,0.2403,0.2411,78417.0
2023-09-20 16:15:00,0.2411,0.2417,0.2403,0.2405,63160.0
2023-09-20 16:30:00,0.2403,0.2417,0.2403,0.2412,41491.0
2023-09-20 16:45:00,0.2414,0.2418,0.2407,0.2407,179044.0
2023-09-20 17:00:00,0.2409,0.2411,0.2396,0.2399,28810.0
2023-09-20 17:15:00,0.2402,0.2411,0.24,0.24,73622.0
2023-09-20 17:30:00,0.2403,0.2403,0.2385,0.2387,110155.0
2023-09-20 17:45:00,0.2392,0.2398,0.239,0.2394,42524.0
2023-09-20 18:00:00,0.2396,0.2417,0.2387,0.2412,407123.0
2023-09-20 18:15:00,0.2414,0.2429,0.2414,0.2423,138938.0
2023-09-20 18:30:00,0.2421,0.2444,0.2421,0.244,225452.0
2023-09-20 18:45:00,0.2441,0.2452,0.2436,0.2444,118262.0
2023-09-20 19:00:00,0.2444,0.2449,0.2426,0.243,97620.0
2023-09-20 19:15:00,0.243,0.2434,0.2388,0.2407,391237.0
2023-09-20 19:30:00,0.2406,0.2416,0.2404,0.2413,104809.0
2023-09-20 19:45:00,0.2412,0.2414,0.2393,0.2413,107623.0
2023-09-20 20:00:00,0.2412,0.2434,0.2412,0.2434,48844.0
2023-09-20 20:15:00,0.2432,0.2434,0.2426,0.243,44241.0
2023-09-20 20:30:00,0.2429,0.2443,0.2429,0.2443,21400.0
2023-09-20 20:45:00,0.2444,0.2449,0.244,0.2446,39807.0
2023-09-20 21:00:00,0.2446,0.2455,0.2445,0.2455,106988.0
2023-09-20 21:15:00,0.2455,0.2466,0.2455,0.2464,50688.0
2023-09-20 21:30:00,0.2464,0.2473,0.2463,0.2465,51177.0
2023-09-20 21:45:00,0.2465,0.2468,0.2449,0.245,74630.0
2023-09-20 22:00:00,0.2456,0.246,0.245,0.2453,24908.0
2023-09-20 22:15:00,0.2454,0.2459,0.2452,0.2455,11951.0
2023-09-20 22:30:00,0.2457,0.2457,0.2448,0.2455,44741.0
2023-09-20 22:45:00,0.2453,0.2457,0.2447,0.2448,37140.0
2023-09-20 23:00:00,0.2448,0.2448,0.2442,0.2442,10923.0
2023-09-20 23:15:00,0.2442,0.2452,0.2441,0.2452,24873.0
2023-09-20 23:30:00,0.2452,0.2469,0.2452,0.2462,49642.0
2023-09-20 23:45:00,0.2465,0.2471,0.2462,0.247,30328.0
2023-09-21 00:00:00,0.2468,0.251,0.2462,0.2494,620539.0
2023-09-21 00:15:00,0.2496,0.2505,0.2484,0.2495,256913.0
2023-09-21 00:30:00,0.2496,0.2506,0.2492,0.2506,44248.0
2023-09-21 00:45:00,0.2505,0.2509,0.2495,0.2498,60042.0
2023-09-21 01:00:00,0.2498,0.2509,0.2479,0.2483,231937.0
2023-09-21 01:15:00,0.2484,0.249,0.2451,0.2453,236369.0
2023-09-21 01:30:00,0.2452,0.2458,0.243,0.2442,367471.0
2023-09-21 01:45:00,0.2442,0.2453,0.244,0.2451,142891.0
2023-09-21 02:00:00,0.2453,0.2484,0.2451,0.2476,190828.0
2023-09-21 02:15:00,0.2473,0.2475,0.2455,0.2467,91178.0
2023-09-21 02:30:00,0.2468,0.2472,0.2446,0.2446,132763.0
2023-09-21 02:45:00,0.2451,0.2453,0.2448,0.2451,46235.0
2023-09-21 03:00:00,0.2453,0.246,0.2448,0.2449,43470.0
2023-09-21 03:15:00,0.2449,0.2449,0.2422,0.2437,417870.0
2023-09-21 03:30:00,0.2437,0.2449,0.2435,0.2449,35991.0
2023-09-21 03:45:00,0.2449,0.2455,0.2442,0.2454,50635.0
2023-09-21 04:00:00,0.2454,0.2463,0.2447,0.2462,89628.0
2023-09-21 04:15:00,0.2459,0.2466,0.2455,0.2459,52990.0
2023-09-21 04:30:00,0.2459,0.247,0.2459,0.2468,27806.0
2023-09-21 04:45:00,0.2465,0.2465,0.2461,0.2462,8500.0
2023-09-21 05:00:00,0.2461,0.2461,0.2441,0.2442,107662.0
2023-09-21 05:15:00,0.2441,0.2447,0.2423,0.2426,51289.0
2023-09-21 05:30:00,0.2427,0.2434,0.2423,0.2433,143589.0
2023-09-21 05:45:00,0.2433,0.2437,0.2426,0.2426,75438.0
2023-09-21 06:00:00,0.2427,0.2429,0.2395,0.2397,221527.0
2023-09-21 06:15:00,0.2397,0.2405,0.2375,0.2376,403110.0
2023-09-21 06:30:00,0.2376,0.239,0.2372,0.2387,139452.0
2023-09-21 06:45:00,0.2388,0.24,0.2388,0.2392,138099.0
2023-09-21 07:00:00,0.2392,0.2396,0.2387,0.2396,17811.0
2023-09-21 07:15:00,0.2396,0.2402,0.2385,0.24,53469.0
2023-09-21 07:30:00,0.2397,0.2398,0.2385,0.2387,137774.0
2023-09-21 07:45:00,0.2384,0.239,0.2377,0.2377,27385.0
2023-09-21 08:00:00,0.2378,0.2383,0.2364,0.238,143752.0
2023-09-21 08:15:00,0.2381,0.2381,0.2363,0.2366,83296.0
2023-09-21 08:30:00,0.2366,0.2366,0.2358,0.2363,156266.0
2023-09-21 08:45:00,0.2365,0.2368,0.2351,0.2358,211487.0
2023-09-21 09:00:00,0.236,0.2362,0.2348,0.235,156300.0
2023-09-21 09:15:00,0.2351,0.2352,0.2323,0.2333,282549.0
2023-09-21 09:30:00,0.2332,0.2343,0.2329,0.2339,196831.0
2023-09-21 09:45:00,0.2339,0.2343,0.2311,0.2316,536505.0
2023-09-21 10:00:00,0.2318,0.2319,0.231,0.2311,122816.0
2023-09-21 10:15:00,0.231,0.231,0.229,0.2303,573990.0
2023-09-21 10:30:00,0.2305,0.2316,0.2291,0.2311,279519.0
2023-09-21 10:45:00,0.2313,0.2313,0.2288,0.229,224947.0
2023-09-21 11:00:00,0.229,0.2309,0.2286,0.2301,199775.0
2023-09-21 11:15:00,0.2305,0.2313,0.2303,0.2312,48670.0
2023-09-21 11:30:00,0.2311,0.2311,0.2299,0.2299,120671.0
2023-09-21 11:45:00,0.2298,0.231,0.2297,0.2309,42930.0
2023-09-21 12:00:00,0.2308,0.2321,0.2307,0.2312,126898.0
2023-09-21 12:15:00,0.2313,0.2313,0.2299,0.2301,90259.0
2023-09-21 12:30:00,0.2301,0.231,0.2294,0.2304,116551.0
2023-09-21 12:45:00,0.2303,0.2309,0.2296,0.2308,91465.0
2023-09-21 13:00:00,0.2309,0.2309,0.2299,0.2302,84696.0
2023-09-21 13:15:00,0.2299,0.2304,0.2296,0.2304,89131.0
2023-09-21 13:30:00,0.2301,0.2303,0.2283,0.2299,191019.0
2023-09-21 13:45:00,0.2296,0.2309,0.2292,0.2305,77034.0
2023-09-21 14:00:00,0.2305,0.2326,0.2305,0.2316,228456.0
2023-09-21 14:15:00,0.2318,0.2323,0.2316,0.2319,87255.0
2023-09-21 14:30:00,0.2321,0.2323,0.2313,0.2321,32163.0
2023-09-21 14:45:00,0.2322,0.2324,0.2311,0.2318,18672.0
2023-09-21 15:00:00,0.2318,0.2322,0.2316,0.2322,47912.0
2023-09-21 15:15:00,0.232,0.2325,0.2315,0.2317,58216.0
2023-09-21 15:30:00,0.2317,0.2317,0.2309,0.2313,15734.0
2023-09-21 15:45:00,0.2313,0.2323,0.2312,0.2314,11040.0
2023-09-21 16:00:00,0.2312,0.2315,0.2302,0.2303,13946.0
2023-09-21 16:15:00,0.2302,0.2302,0.2293,0.2294,34543.0
2023-09-21 16:30:00,0.2293,0.2302,0.229,0.229,55465.0
2023-09-21 16:45:00,0.2294,0.2299,0.2292,0.2295,64977.0
2023-09-21 17:00:00,0.2295,0.2307,0.2293,0.2305,175158.0
2023-09-21 17:15:00,0.2307,0.2308,0.2302,0.2304,25862.0
2023-09-21 17:30:00,0.2305,0.2306,0.2295,0.2297,38999.0
2023-09-21 17:45:00,0.2297,0.2302,0.2295,0.2299,18788.0
2023-09-21 18:00:00,0.2299,0.2307,0.2297,0.2303,29161.0
2023-09-21 18:15:00,0.2303,0.2309,0.2303,0.2307,8171.0
2023-09-21 18:30:00,0.2306,0.2306,0.2302,0.2302,10311.0
2023-09-21 18:45:00,0.2305,0.2309,0.2302,0.2308,51529.0
2023-09-21 19:00:00,0.2308,0.2316,0.2307,0.2314,66274.0
2023-09-21 19:15:00,0.2311,0.2318,0.231,0.2317,5529.0
2023-09-21 19:30:00,0.2316,0.2317,0.2311,0.2313,4898.0
2023-09-21 19:45:00,0.2313,0.2319,0.231,0.2319,30006.0
2023-09-21 20:00:00,0.2319,0.2319,0.2298,0.2303,23192.0
2023-09-21 20:15:00,0.2303,0.2306,0.2283,0.2289,138907.0
2023-09-21 20:30:00,0.229,0.2296,0.2287,0.2294,85371.0
2023-09-21 20:45:00,0.2292,0.2296,0.2291,0.2291,6454.0
2023-09-21 21:00:00,0.2291,0.2297,0.2285,0.2287,20424.0
2023-09-21 21:15:00,0.2287,0.229,0.2283,0.2284,48482.0
2023-09-21 21:30:00,0.2285,0.2285,0.2276,0.228,76917.0
2023-09-21 21:45:00,0.228,0.2297,0.228,0.2297,90933.0
2023-09-21 22:00:00,0.2298,0.2299,0.2282,0.2285,103701.0
2023-09-21 22:15:00,0.2284,0.2288,0.2273,0.2277,115674.0
2023-09-21 22:30:00,0.2278,0.2282,0.2274,0.2282,32890.0
2023-09-21 22:45:00,0.2283,0.2295,0.2283,0.2294,41053.0
2023-09-21 23:00:00,0.2294,0.2299,0.2292,0.2294,18877.0
2023-09-21 23:15:00,0.2292,0.2297,0.2292,0.2295,8991.0
2023-09-21 23:30:00,0.2292,0.2297,0.2289,0.2297,5921.0
2023-09-21 23:45:00,0.2293,0.2293,0.2284,0.2288,84697.0
2023-09-22 00:00:00,0.229,0.23,0.2277,0.2279,87618.0
2023-09-22 00:15:00,0.2277,0.2283,0.2238,0.2263,514180.0
2023-09-22 00:30:00,0.2263,0.2287,0.2261,0.2284,74013.0
2023-09-22 00:45:00,0.2285,0.2299,0.2283,0.2298,45468.0
2023-09-22 01:00:00,0.2299,0.2304,0.2267,0.2271,46661.0
2023-09-22 01:15:00,0.2273,0.229,0.2273,0.2284,243606.0
2023-09-22 01:30:00,0.2283,0.2293,0.2283,0.2291,42642.0
2023-09-22 01:45:00,0.2292,0.2295,0.2289,0.2294,12506.0
2023-09-22 02:00:00,0.2294,0.2294,0.2285,0.2288,18439.0
2023-09-22 02:15:00,0.2288,0.2288,0.2274,0.2277,84752.0
2023-09-22 02:30:00,0.2277,0.228,0.2273,0.2273,72935.0
2023-09-22 02:45:00,0.2271,0.2278,0.2271,0.2275,35099.0
2023-09-22 03:00:00,0.2277,0.2299,0.2275,0.2296,127427.0
2023-09-22 03:15:00,0.2296,0.2302,0.2293,0.2294,54387.0
2023-09-22 03:30:00,0.2294,0.23,0.229,0.2298,18023.0
2023-09-22 03:45:00,0.2298,0.2311,0.2298,0.231,39899.0
2023-09-22 04:00:00,0.2311,0.2315,0.2308,0.2308,33040.0
2023-09-22 04:15:00,0.2308,0.2312,0.2307,0.2312,19739.0
2023-09-22 04:30:00,0.2311,0.2313,0.2295,0.2295,189233.0
2023-09-22 04:45:00,0.2296,0.2303,0.2292,0.2299,154862.0
2023-09-22 05:00:00,0.23,0.23,0.2293,0.2293,24435.0
2023-09-22 05:15:00,0.2293,0.2298,0.2293,0.2298,16933.0
2023-09-22 05:30:00,0.2297,0.2306,0.2293,0.2306,17556.0
2023-09-22 05:45:00,0.2306,0.2339,0.2304,0.2337,296897.0
2023-09-22 06:00:00,0.2338,0.234,0.2311,0.2311,106674.0
2023-09-22 06:15:00,0.2309,0.2312,0.2303,0.2312,109260.0
2023-09-22 06:30:00,0.2312,0.2322,0.2311,0.2321,98676.0
2023-09-22 06:45:00,0.2322,0.2325,0.2318,0.232,55906.0
2023-09-22 07:00:00,0.2322,0.2322,0.23,0.2304,38917.0
2023-09-22 07:15:00,0.2305,0.2305,0.2296,0.2298,57205.0
2023-09-22 07:30:00,0.2299,0.2313,0.2299,0.2313,32414.0
2023-09-22 07:45:00,0.2312,0.2331,0.2311,0.2323,88449.0
2023-09-22 08:00:00,0.2323,0.2334,0.2322,0.2334,93441.0
2023-09-22 08:15:00,0.2334,0.2334,0.2327,0.2329,46698.0
2023-09-22 08:30:00,0.2329,0.2334,0.2325,0.2326,29111.0
2023-09-22 08:45:00,0.2326,0.2329,0.2323,0.2323,8444.0
2023-09-22 09:00:00,0.2326,0.2326,0.231,0.231,64429.0
2023-09-22 09:15:00,0.231,0.2316,0.2307,0.2309,30861.0
2023-09-22 09:30:00,0.2308,0.2321,0.2308,0.2321,89003.0
2023-09-22 09:45:00,0.232,0.232,0.231,0.231,105742.0
2023-09-22 10:00:00,0.231,0.2317,0.231,0.2317,32365.0
2023-09-22 10:15:00,0.2317,0.2321,0.2315,0.2317,90673.0
2023-09-22 10:30:00,0.2318,0.2318,0.2311,0.2315,36842.0
2023-09-22 10:45:00,0.2315,0.2315,0.2304,0.2305,39326.0
2023-09-22 11:00:00,0.2304,0.2309,0.2302,0.2309,7682.0
2023-09-22 11:15:00,0.2309,0.2311,0.2306,0.2307,4547.0
2023-09-22 11:30:00,0.2305,0.2314,0.2303,0.2311,19682.0
2023-09-22 11:45:00,0.2314,0.2317,0.2313,0.2315,8787.0
2023-09-22 12:00:00,0.2313,0.2316,0.2308,0.2312,25996.0
2023-09-22 12:15:00,0.2312,0.2318,0.2305,0.2317,38266.0
2023-09-22 12:30:00,0.2317,0.2318,0.2306,0.2309,32487.0
2023-09-22 12:45:00,0.2309,0.2311,0.2308,0.2308,2700.0
2023-09-22 13:00:00,0.2309,0.2309,0.2293,0.2298,233518.0
2023-09-22 13:15:00,0.2299,0.2307,0.2295,0.2307,49667.0
2023-09-22 13:30:00,0.2305,0.2306,0.2296,0.2298,89209.0
2023-09-22 13:45:00,0.23,0.2305,0.2295,0.2298,20295.0
2023-09-22 14:00:00,0.23,0.2313,0.2298,0.2304,46944.0
2023-09-22 14:15:00,0.2302,0.2312,0.2298,0.231,34258.0
2023-09-22 14:30:00,0.231,0.2346,0.2308,0.2338,651228.0
2023-09-22 14:45:00,0.2335,0.2337,0.2325,0.2337,115092.0
2023-09-22 15:00:00,0.2336,0.2337,0.2315,0.2317,58432.0
2023-09-22 15:15:00,0.2317,0.2333,0.2317,0.233,154848.0
2023-09-22 15:30:00,0.233,0.2338,0.233,0.2334,135885.0
2023-09-22 15:45:00,0.2337,0.234,0.2325,0.2325,121967.0
2023-09-22 16:00:00,0.2325,0.2329,0.2314,0.2328,135329.0
2023-09-22 16:15:00,0.2327,0.2346,0.2326,0.2335,122773.0
2023-09-22 16:30:00,0.2336,0.2338,0.2306,0.2315,169490.0
2023-09-22 16:45:00,0.2314,0.2314,0.2304,0.2307,31302.0
2023-09-22 17:00:00,0.2308,0.2322,0.2307,0.2319,35967.0
2023-09-22 17:15:00,0.2316,0.2326,0.2313,0.2326,23005.0
2023-09-22 17:30:00,0.2327,0.235,0.2327,0.2342,378277.0
2023-09-22 17:45:00,0.2339,0.234,0.2329,0.2338,58205.0
2023-09-22 18:00:00,0.2336,0.2343,0.2332,0.2338,53131.0
2023-09-22 18:15:00,0.2339,0.234,0.2334,0.234,16851.0
2023-09-22 18:30:00,0.234,0.2351,0.2339,0.2349,89939.0
2023-09-22 18:45:00,0.2348,0.2352,0.2346,0.2349,34924.0
2023-09-22 19:00:00,0.2348,0.2359,0.2344,0.2351,114742.0
2023-09-22 19:15:00,0.2355,0.2365,0.2351,0.2363,76278.0
2023-09-22 19:30:00,0.2363,0.2363,0.2346,0.2349,26797.0
2023-09-22 19:45:00,0.2348,0.2349,0.2341,0.2346,28197.0
2023-09-22 20:00:00,0.2342,0.2351,0.2341,0.2349,10767.0
2023-09-22 20:15:00,0.2349,0.236,0.2349,0.2354,30606.0
2023-09-22 20:30:00,0.2352,0.2352,0.2339,0.2339,28142.0
2023-09-22 20:45:00,0.2339,0.2346,0.2339,0.2342,18384.0
2023-09-22 21:00:00,0.2342,0.2345,0.2324,0.2328,132215.0
2023-09-22 21:15:00,0.2327,0.234,0.2326,0.2338,55389.0
2023-09-22 21:30:00,0.234,0.2352,0.234,0.2351,15651.0
2023-09-22 21:45:00,0.2353,0.2363,0.2353,0.2359,53465.0
2023-09-22 22:00:00,0.2363,0.2365,0.2359,0.236,43227.0
2023-09-22 22:15:00,0.2362,0.2365,0.2355,0.2356,54951.0
2023-09-22 22:30:00,0.236,0.236,0.2353,0.236,30457.0
2023-09-22 22:45:00,0.2358,0.236,0.2347,0.2348,30832.0
2023-09-22 23:00:00,0.2346,0.2347,0.2342,0.2347,27902.0
2023-09-22 23:15:00,0.2346,0.2348,0.2333,0.2344,50884.0
2023-09-22 23:30:00,0.2344,0.2352,0.2344,0.2352,7847.0
2023-09-22 23:45:00,0.2352,0.2354,0.2346,0.2349,61652.0
2023-09-23 00:00:00,0.235,0.2373,0.235,0.2369,120288.0
2023-09-23 00:15:00,0.2367,0.2373,0.2363,0.2373,101702.0
2023-09-23 00:30:00,0.2372,0.2374,0.2355,0.2357,77683.0
2023-09-23 00:45:00,0.2358,0.2369,0.2357,0.2363,106280.0
2023-09-23 01:00:00,0.2362,0.2368,0.236,0.2362,114665.0
2023-09-23 01:15:00,0.2365,0.2379,0.2365,0.2373,64294.0
2023-09-23 01:30:00,0.2373,0.2376,0.2365,0.2366,165776.0
2023-09-23 01:45:00,0.2366,0.2366,0.2358,0.2358,31638.0
2023-09-23 02:00:00,0.2361,0.2361,0.2352,0.2352,18241.0
2023-09-23 02:15:00,0.2352,0.2352,0.2299,0.2321,746636.0
2023-09-23 02:30:00,0.2319,0.2323,0.2306,0.2309,229391.0
2023-09-23 02:45:00,0.2309,0.2318,0.2304,0.2317,60084.0
2023-09-23 03:00:00,0.2318,0.2318,0.2303,0.2314,56598.0
2023-09-23 03:15:00,0.2314,0.2315,0.2302,0.231,76162.0
2023-09-23 03:30:00,0.2314,0.2318,0.2314,0.2315,7138.0
2023-09-23 03:45:00,0.2315,0.2315,0.2308,0.231,35541.0
2023-09-23 04:00:00,0.231,0.2312,0.2299,0.2312,131936.0
2023-09-23 04:15:00,0.2312,0.2316,0.2308,0.2316,40351.0
2023-09-23 04:30:00,0.2315,0.2316,0.2311,0.2311,5491.0
2023-09-23 04:45:00,0.2311,0.2313,0.2307,0.231,15301.0
2023-09-23 05:00:00,0.2311,0.2322,0.2311,0.232,63290.0
2023-09-23 05:15:00,0.2319,0.232,0.2315,0.2318,19214.0
2023-09-23 05:30:00,0.2317,0.2317,0.231,0.231,18480.0
2023-09-23 05:45:00,0.231,0.231,0.2301,0.2303,144732.0
2023-09-23 06:00:00,0.2305,0.2313,0.2303,0.2304,87874.0
2023-09-23 06:15:00,0.2303,0.2306,0.2301,0.2304,39750.0
2023-09-23 06:30:00,0.2305,0.2305,0.2297,0.2302,64840.0
2023-09-23 06:45:00,0.23,0.2306,0.2298,0.2303,51723.0
2023-09-23 07:00:00,0.2301,0.2306,0.2301,0.2302,13819.0
2023-09-23 07:15:00,0.2302,0.2305,0.2296,0.2297,85452.0
2023-09-23 07:30:00,0.2299,0.2303,0.2298,0.2298,25420.0
2023-09-23 07:45:00,0.2299,0.23,0.2291,0.2294,39988.0
2023-09-23 08:00:00,0.2294,0.2299,0.2291,0.2298,83211.0
2023-09-23 08:15:00,0.2298,0.23,0.2293,0.23,28619.0
2023-09-23 08:30:00,0.23,0.23,0.2293,0.2294,17311.0
2023-09-23 08:45:00,0.2294,0.2299,0.2294,0.2299,14247.0
2023-09-23 09:00:00,0.2301,0.2303,0.2295,0.2295,38060.0
2023-09-23 09:15:00,0.2297,0.2297,0.2292,0.2294,21331.0
2023-09-23 09:30:00,0.2294,0.2324,0.2293,0.23,331435.0
2023-09-23 09:45:00,0.23,0.2308,0.23,0.2304,13036.0
2023-09-23 10:00:00,0.2306,0.2309,0.2295,0.2296,57933.0
2023-09-23 10:15:00,0.2296,0.2299,0.2292,0.2292,21038.0
2023-09-23 10:30:00,0.2293,0.2293,0.2286,0.2287,56358.0
2023-09-23 10:45:00,0.2288,0.229,0.2284,0.2288,49147.0
2023-09-23 11:00:00,0.2287,0.2293,0.2287,0.2288,28123.0
2023-09-23 11:15:00,0.2287,0.2287,0.228,0.2286,104225.0
2023-09-23 11:30:00,0.2286,0.2288,0.2283,0.2283,31749.0
2023-09-23 11:45:00,0.2283,0.2284,0.2275,0.2281,164473.0
2023-09-23 12:00:00,0.228,0.2285,0.2273,0.2275,128149.0
2023-09-23 12:15:00,0.2272,0.2277,0.227,0.2277,102575.0
2023-09-23 12:30:00,0.2276,0.2287,0.2275,0.2287,25054.0
2023-09-23 12:45:00,0.2288,0.2288,0.2279,0.2281,44745.0
2023-09-23 13:00:00,0.2281,0.2282,0.2274,0.2274,78189.0
2023-09-23 13:15:00,0.2274,0.2276,0.2272,0.2275,24396.0
2023-09-23 13:30:00,0.2277,0.2277,0.2275,0.2275,3769.0
2023-09-23 13:45:00,0.2274,0.2274,0.226,0.2268,135388.0
2023-09-23 14:00:00,0.2267,0.227,0.2263,0.2265,173195.0
2023-09-23 14:15:00,0.2264,0.2272,0.2264,0.2269,33512.0
2023-09-23 14:30:00,0.2271,0.2275,0.2254,0.2256,686334.0
2023-09-23 14:45:00,0.2256,0.2259,0.2251,0.2254,117259.0
2023-09-23 15:00:00,0.2252,0.2261,0.2252,0.2261,63484.0
2023-09-23 15:15:00,0.226,0.2263,0.2225,0.2232,1145688.0
2023-09-23 15:30:00,0.2231,0.2234,0.2226,0.2234,171979.0
2023-09-23 15:45:00,0.2233,0.2236,0.2228,0.2234,52066.0
2023-09-23 16:00:00,0.2235,0.2235,0.2224,0.2227,142712.0
2023-09-23 16:15:00,0.2227,0.2233,0.2221,0.223,92419.0
2023-09-23 16:30:00,0.2231,0.2238,0.2229,0.2238,72879.0
2023-09-23 16:45:00,0.224,0.2254,0.224,0.2249,168397.0
2023-09-23 17:00:00,0.2249,0.2253,0.2245,0.2245,25949.0
2023-09-23 17:15:00,0.2243,0.2252,0.2243,0.2251,42846.0
2023-09-23 17:30:00,0.2252,0.2254,0.2246,0.2252,58620.0
2023-09-23 17:45:00,0.2251,0.2255,0.2248,0.2254,23519.0
2023-09-23 18:00:00,0.225,0.2254,0.2249,0.2254,5857.0
2023-09-23 18:15:00,0.2253,0.2253,0.2245,0.2248,29962.0
2023-09-23 18:30:00,0.2247,0.225,0.2243,0.225,15807.0
2023-09-23 18:45:00,0.2249,0.2251,0.2249,0.2251,10400.0
2023-09-23 19:00:00,0.2251,0.2252,0.225,0.2252,34591.0
2023-09-23 19:15:00,0.2254,0.2255,0.2252,0.2253,1338.0
2023-09-23 19:30:00,0.2252,0.2253,0.2249,0.2252,74119.0
2023-09-23 19:45:00,0.2253,0.2253,0.225,0.225,15651.0
2023-09-23 20:00:00,0.225,0.2264,0.2249,0.2264,99998.0
2023-09-23 20:15:00,0.2261,0.2265,0.2254,0.2265,146877.0
2023-09-23 20:30:00,0.2262,0.2265,0.226,0.226,51758.0
2023-09-23 20:45:00,0.226,0.226,0.2253,0.2256,75290.0
2023-09-23 21:00:00,0.2255,0.2259,0.2255,0.2258,8570.0
2023-09-23 21:15:00,0.2258,0.2262,0.2257,0.226,6980.0
2023-09-23 21:30:00,0.2261,0.2261,0.2257,0.2257,31942.0
2023-09-23 21:45:00,0.2256,0.2258,0.2249,0.2249,67021.0
2023-09-23 22:00:00,0.225,0.2259,0.225,0.2259,21897.0
2023-09-23 22:15:00,0.2256,0.226,0.2253,0.2253,13949.0
2023-09-23 22:30:00,0.2251,0.2255,0.2247,0.2251,56344.0
2023-09-23 22:45:00,0.2253,0.2255,0.225,0.2251,22383.0
2023-09-23 23:00:00,0.2251,0.2259,0.225,0.2259,21225.0
2023-09-23 23:15:00,0.2258,0.2261,0.2256,0.2256,13521.0
2023-09-23 23:30:00,0.2258,0.2261,0.2253,0.2254,8358.0
2023-09-23 23:45:00,0.2254,0.2262,0.2253,0.2262,32872.0
2023-09-24 00:00:00,0.2263,0.2263,0.2252,0.2258,10318.0
2023-09-24 00:15:00,0.2255,0.2266,0.2255,0.2265,193330.0
2023-09-24 00:30:00,0.2266,0.2267,0.2253,0.2253,44663.0
2023-09-24 00:45:00,0.2252,0.2254,0.2243,0.2249,62710.0
2023-09-24 01:00:00,0.2248,0.2249,0.2239,0.2239,48876.0
2023-09-24 01:15:00,0.2242,0.2256,0.2241,0.2253,208891.0
2023-09-24 01:30:00,0.2255,0.2259,0.2251,0.2252,19511.0
2023-09-24 01:45:00,0.2252,0.226,0.225,0.226,10920.0
2023-09-24 02:00:00,0.2257,0.2257,0.2245,0.2249,72479.0
2023-09-24 02:15:00,0.2247,0.2248,0.2246,0.2248,16179.0
2023-09-24 02:30:00,0.2245,0.2251,0.2244,0.225,26935.0
2023-09-24 02:45:00,0.2252,0.2252,0.225,0.225,7193.0
2023-09-24 03:00:00,0.225,0.2255,0.2248,0.2255,22307.0
2023-09-24 03:15:00,0.2253,0.2253,0.2247,0.2247,10051.0
2023-09-24 03:30:00,0.2248,0.2252,0.2248,0.2248,25062.0
2023-09-24 03:45:00,0.2249,0.2249,0.2244,0.2246,3183.0
2023-09-24 04:00:00,0.2247,0.2251,0.2247,0.2247,6388.0
2023-09-24 04:15:00,0.2248,0.2248,0.2245,0.2245,7241.0
2023-09-24 04:30:00,0.2244,0.2244,0.224,0.2242,37454.0
2023-09-24 04:45:00,0.2242,0.2251,0.2242,0.2245,56099.0
2023-09-24 05:00:00,0.2245,0.2248,0.224,0.2246,13342.0
2023-09-24 05:15:00,0.2243,0.2245,0.2241,0.2241,5347.0
2023-09-24 05:30:00,0.2243,0.2243,0.2238,0.2238,15517.0
2023-09-24 05:45:00,0.2236,0.2241,0.2236,0.224,4067.0
2023-09-24 06:00:00,0.224,0.2241,0.2238,0.2239,9466.0
2023-09-24 06:15:00,0.2238,0.2243,0.2236,0.2241,55458.0
2023-09-24 06:30:00,0.2244,0.2246,0.224,0.2244,11921.0
2023-09-24 06:45:00,0.2244,0.2245,0.2242,0.2242,11218.0
2023-09-24 07:00:00,0.2242,0.2245,0.224,0.2245,10099.0
2023-09-24 07:15:00,0.2243,0.2243,0.2236,0.224,52033.0
2023-09-24 07:30:00,0.2239,0.2242,0.2235,0.224,83285.0
2023-09-24 07:45:00,0.2242,0.2244,0.2238,0.2238,5783.0
2023-09-24 08:00:00,0.2238,0.2244,0.2238,0.2243,9963.0
2023-09-24 08:15:00,0.2245,0.225,0.2245,0.2249,19015.0
2023-09-24 08:30:00,0.2249,0.2251,0.2242,0.2242,7164.0
2023-09-24 08:45:00,0.2244,0.2247,0.224,0.2247,8839.0
2023-09-24 09:00:00,0.2248,0.2248,0.2244,0.2244,9964.0
2023-09-24 09:15:00,0.2244,0.2247,0.2241,0.2243,48016.0
2023-09-24 09:30:00,0.2242,0.2242,0.2237,0.2239,43017.0
2023-09-24 09:45:00,0.2239,0.2243,0.2237,0.2243,11691.0
2023-09-24 10:00:00,0.2242,0.2242,0.2237,0.2238,25957.0
2023-09-24 10:15:00,0.2236,0.2276,0.2235,0.2254,429112.0
2023-09-24 10:30:00,0.2254,0.2259,0.2247,0.2258,224360.0
2023-09-24 10:45:00,0.2258,0.2261,0.2247,0.2247,164478.0
2023-09-24 11:00:00,0.2247,0.2251,0.2246,0.2251,32192.0
2023-09-24 11:15:00,0.2252,0.2259,0.2252,0.2258,65481.0
2023-09-24 11:30:00,0.2258,0.2258,0.2256,0.2256,7512.0
2023-09-24 11:45:00,0.2255,0.2259,0.2254,0.2256,51235.0
2023-09-24 12:00:00,0.2257,0.2257,0.2252,0.2252,33128.0
2023-09-24 12:15:00,0.2253,0.2253,0.2244,0.2244,80164.0
2023-09-24 12:30:00,0.2244,0.2244,0.2236,0.2243,102713.0
2023-09-24 12:45:00,0.2243,0.2253,0.2242,0.2247,108842.0
2023-09-24 13:00:00,0.2248,0.2251,0.2243,0.2247,101457.0
2023-09-24 13:15:00,0.2249,0.2254,0.2248,0.225,53104.0
2023-09-24 13:30:00,0.225,0.225,0.2245,0.2246,41236.0
2023-09-24 13:45:00,0.2248,0.2252,0.2248,0.225,40483.0
2023-09-24 14:00:00,0.2251,0.2253,0.2247,0.2252,32448.0
2023-09-24 14:15:00,0.2253,0.2257,0.2248,0.2254,69023.0
2023-09-24 14:30:00,0.2253,0.2256,0.2245,0.2247,39947.0
2023-09-24 14:45:00,0.2247,0.2252,0.2247,0.2252,66217.0
2023-09-24 15:00:00,0.2249,0.2249,0.2244,0.2248,70182.0
2023-09-24 15:15:00,0.2247,0.2247,0.2236,0.2237,105438.0
2023-09-24 15:30:00,0.2239,0.2243,0.2235,0.224,38798.0
2023-09-24 15:45:00,0.2239,0.2242,0.2237,0.2239,27116.0
2023-09-24 16:00:00,0.2236,0.2246,0.2235,0.2242,30130.0
2023-09-24 16:15:00,0.2244,0.2244,0.2236,0.2236,3829.0
2023-09-24 16:30:00,0.2235,0.2251,0.2233,0.224,187406.0
2023-09-24 16:45:00,0.224,0.2249,0.224,0.2244,24706.0
2023-09-24 17:00:00,0.2242,0.2242,0.2236,0.2242,6160.0
2023-09-24 17:15:00,0.2242,0.2245,0.2239,0.2239,43005.0
2023-09-24 17:30:00,0.2239,0.2242,0.2237,0.2242,19611.0
2023-09-24 17:45:00,0.2243,0.2263,0.2243,0.2261,159625.0
2023-09-24 18:00:00,0.2263,0.2265,0.2254,0.2254,62659.0
2023-09-24 18:15:00,0.2251,0.2251,0.2229,0.2248,165025.0
2023-09-24 18:30:00,0.2246,0.2255,0.2246,0.2253,10441.0
2023-09-24 18:45:00,0.2254,0.2254,0.2247,0.225,75637.0
2023-09-24 19:00:00,0.2249,0.2249,0.2239,0.2241,77815.0
2023-09-24 19:15:00,0.2239,0.224,0.2231,0.2235,106186.0
2023-09-24 19:30:00,0.2232,0.2242,0.2231,0.2239,29146.0
2023-09-24 19:45:00,0.2239,0.2245,0.2238,0.224,29529.0
2023-09-24 20:00:00,0.2238,0.2246,0.2237,0.2241,25979.0
2023-09-24 20:15:00,0.2239,0.2239,0.2232,0.2235,57352.0
2023-09-24 20:30:00,0.2237,0.2243,0.2236,0.2238,6308.0
2023-09-24 20:45:00,0.2237,0.2243,0.2237,0.2237,8790.0
2023-09-24 21:00:00,0.2236,0.224,0.2233,0.2233,30705.0
2023-09-24 21:15:00,0.2231,0.2232,0.2223,0.223,154923.0
2023-09-24 21:30:00,0.2229,0.2246,0.2228,0.2246,92177.0
2023-09-24 21:45:00,0.2245,0.2249,0.2242,0.2249,40912.0
2023-09-24 22:00:00,0.225,0.2251,0.2238,0.2241,71115.0
2023-09-24 22:15:00,0.224,0.2247,0.224,0.2246,8698.0
2023-09-24 22:30:00,0.2247,0.2252,0.2245,0.2252,30352.0
2023-09-24 22:45:00,0.2252,0.2252,0.2243,0.2243,8889.0
2023-09-24 23:00:00,0.2242,0.2242,0.2232,0.2235,50883.0
2023-09-24 23:15:00,0.2233,0.2233,0.22,0.2221,233620.0
2023-09-24 23:30:00,0.2218,0.2219,0.2205,0.2214,99515.0
2023-09-24 23:45:00,0.2213,0.2216,0.2202,0.2212,42539.0
2023-09-25 00:00:00,0.2209,0.2215,0.2184,0.2196,382748.0
2023-09-25 00:15:00,0.2196,0.22,0.2174,0.2199,181525.0
2023-09-25 00:30:00,0.2199,0.2204,0.219,0.2204,142478.0
2023-09-25 00:45:00,0.2205,0.223,0.2203,0.223,124005.0
2023-09-25 01:00:00,0.2231,0.2251,0.2228,0.2243,169422.0
2023-09-25 01:15:00,0.2243,0.2252,0.2238,0.225,58122.0
2023-09-25 01:30:00,0.225,0.2252,0.2239,0.2241,35037.0
2023-09-25 01:45:00,0.2241,0.2245,0.2234,0.2236,8499.0
2023-09-25 02:00:00,0.2236,0.2242,0.2236,0.224,16592.0
2023-09-25 02:15:00,0.2241,0.2249,0.2237,0.2238,18315.0
2023-09-25 02:30:00,0.2239,0.2244,0.2239,0.2242,6834.0
2023-09-25 02:45:00,0.2241,0.2245,0.2238,0.2244,26476.0
2023-09-25 03:00:00,0.2244,0.2252,0.2237,0.2247,102194.0
2023-09-25 03:15:00,0.2245,0.225,0.2243,0.2249,24733.0
2023-09-25 03:30:00,0.225,0.2254,0.2242,0.2242,32336.0
2023-09-25 03:45:00,0.2243,0.2247,0.2241,0.2241,13912.0
2023-09-25 04:00:00,0.2242,0.2246,0.2232,0.2239,112242.0
2023-09-25 04:15:00,0.2239,0.2246,0.2239,0.2246,6168.0
2023-09-25 04:30:00,0.2241,0.2241,0.2236,0.2236,33569.0
2023-09-25 04:45:00,0.2236,0.2239,0.2236,0.2239,17403.0
2023-09-25 05:00:00,0.2238,0.2238,0.2235,0.2236,54742.0
2023-09-25 05:15:00,0.2236,0.2238,0.2231,0.2231,50370.0
2023-09-25 05:30:00,0.223,0.2242,0.2229,0.2241,11944.0
2023-09-25 05:45:00,0.224,0.224,0.2234,0.2235,36271.0
2023-09-25 06:00:00,0.2234,0.2236,0.2219,0.2219,230241.0
2023-09-25 06:15:00,0.2224,0.2229,0.2222,0.2229,43847.0
2023-09-25 06:30:00,0.2231,0.2234,0.2227,0.223,54065.0
2023-09-25 06:45:00,0.223,0.2236,0.2229,0.2236,136906.0
2023-09-25 07:00:00,0.2234,0.2246,0.2234,0.2245,57686.0
2023-09-25 07:15:00,0.2246,0.2248,0.2241,0.2244,58960.0
2023-09-25 07:30:00,0.2243,0.2244,0.2237,0.2244,83329.0
2023-09-25 07:45:00,0.2243,0.2246,0.2242,0.2244,27696.0
2023-09-25 08:00:00,0.2244,0.2252,0.2243,0.2246,85865.0
2023-09-25 08:15:00,0.2245,0.2246,0.2244,0.2245,20156.0
2023-09-25 08:30:00,0.2246,0.2246,0.2237,0.2239,99054.0
2023-09-25 08:45:00,0.2239,0.2243,0.2237,0.2243,34474.0
2023-09-25 09:00:00,0.2239,0.2242,0.2236,0.2236,20454.0
2023-09-25 09:15:00,0.2236,0.2236,0.2229,0.2236,37428.0
2023-09-25 09:30:00,0.2235,0.2237,0.2232,0.2232,19906.0
2023-09-25 09:45:00,0.2235,0.2242,0.2235,0.2237,22488.0
2023-09-25 10:00:00,0.2235,0.2236,0.2231,0.2234,54773.0
2023-09-25 10:15:00,0.2235,0.2237,0.2226,0.2234,43992.0
2023-09-25 10:30:00,0.2234,0.2241,0.2233,0.2238,34303.0
2023-09-25 10:45:00,0.2238,0.2241,0.2237,0.2237,13758.0
2023-09-25 11:00:00,0.2239,0.2239,0.2229,0.2229,17689.0
2023-09-25 11:15:00,0.2229,0.2229,0.2223,0.2225,96379.0
2023-09-25 11:30:00,0.2225,0.2226,0.2212,0.2223,326031.0
2023-09-25 11:45:00,0.2223,0.2226,0.2221,0.2223,21018.0
2023-09-25 12:00:00,0.2224,0.2227,0.2222,0.2225,20421.0
2023-09-25 12:15:00,0.2224,0.223,0.2216,0.2228,78586.0
2023-09-25 12:30:00,0.2227,0.2235,0.2227,0.2234,76918.0
2023-09-25 12:45:00,0.2236,0.2239,0.2231,0.2239,8556.0
2023-09-25 13:00:00,0.2238,0.224,0.2233,0.224,7244.0
2023-09-25 13:15:00,0.2241,0.2246,0.224,0.2246,49684.0
2023-09-25 13:30:00,0.2246,0.225,0.2244,0.2249,55509.0
2023-09-25 13:45:00,0.2249,0.2252,0.2247,0.2252,27923.0
2023-09-25 14:00:00,0.2253,0.2266,0.2253,0.2254,163922.0
2023-09-25 14:15:00,0.2254,0.2255,0.2249,0.2249,45318.0
2023-09-25 14:30:00,0.2248,0.2251,0.2244,0.2248,49048.0
2023-09-25 14:45:00,0.2247,0.2248,0.2244,0.2248,13617.0
2023-09-25 15:00:00,0.2247,0.2252,0.2244,0.2251,44986.0
2023-09-25 15:15:00,0.2252,0.2272,0.2252,0.227,239599.0
2023-09-25 15:30:00,0.2271,0.2274,0.2264,0.2273,99890.0
2023-09-25 15:45:00,0.2275,0.2279,0.2269,0.2278,168963.0
2023-09-25 16:00:00,0.2277,0.2285,0.2271,0.2278,125275.0
2023-09-25 16:15:00,0.228,0.2319,0.2278,0.2287,638818.0
2023-09-25 16:30:00,0.2288,0.2288,0.2278,0.2279,52871.0
2023-09-25 16:45:00,0.2278,0.229,0.2273,0.2275,105617.0
2023-09-25 17:00:00,0.2274,0.2283,0.2272,0.2281,39183.0
2023-09-25 17:15:00,0.228,0.228,0.2266,0.2271,50827.0
2023-09-25 17:30:00,0.2273,0.2273,0.2268,0.2272,28588.0
2023-09-25 17:45:00,0.2273,0.228,0.2273,0.2277,36331.0
2023-09-25 18:00:00,0.2281,0.2283,0.2275,0.228,47468.0
2023-09-25 18:15:00,0.2279,0.2284,0.2272,0.2275,79759.0
2023-09-25 18:30:00,0.2274,0.2274,0.2257,0.2263,239817.0
2023-09-25 18:45:00,0.2261,0.2269,0.2259,0.2259,45282.0
2023-09-25 19:00:00,0.226,0.2263,0.2256,0.2261,46408.0
2023-09-25 19:15:00,0.2264,0.2267,0.2262,0.2262,5797.0
2023-09-25 19:30:00,0.2262,0.2266,0.2261,0.2266,7400.0
2023-09-25 19:45:00,0.2266,0.227,0.2266,0.2269,1378.0
2023-09-25 20:00:00,0.227,0.2275,0.227,0.2274,9104.0
2023-09-25 20:15:00,0.2273,0.2273,0.2266,0.2266,31624.0
2023-09-25 20:30:00,0.2266,0.2266,0.2258,0.2259,18151.0
2023-09-25 20:45:00,0.2259,0.2261,0.2256,0.2256,10705.0
2023-09-25 21:00:00,0.2256,0.2258,0.2252,0.2256,32044.0
2023-09-25 21:15:00,0.2259,0.2262,0.2255,0.2262,61846.0
2023-09-25 21:30:00,0.2262,0.2265,0.2261,0.2262,36819.0
2023-09-25 21:45:00,0.2262,0.2263,0.2244,0.2254,364264.0
2023-09-25 22:00:00,0.2254,0.2258,0.2253,0.2258,27396.0
2023-09-25 22:15:00,0.2257,0.2261,0.2254,0.2254,11662.0
2023-09-25 22:30:00,0.2254,0.2254,0.225,0.2253,7822.0
2023-09-25 22:45:00,0.2253,0.2268,0.2252,0.2263,168548.0
2023-09-25 23:00:00,0.2264,0.2266,0.2264,0.2264,20409.0
2023-09-25 23:15:00,0.2264,0.227,0.2264,0.227,71835.0
2023-09-25 23:30:00,0.227,0.227,0.2267,0.2269,14463.0
2023-09-25 23:45:00,0.2267,0.2278,0.2267,0.2277,49498.0
2023-09-26 00:00:00,0.2275,0.228,0.2274,0.228,33595.0
2023-09-26 00:15:00,0.2279,0.2281,0.2274,0.228,74130.0
2023-09-26 00:30:00,0.2279,0.2298,0.2275,0.2292,371464.0
2023-09-26 00:45:00,0.2293,0.2302,0.2291,0.2299,216190.0
2023-09-26 01:00:00,0.2299,0.2299,0.2275,0.2282,284907.0
2023-09-26 01:15:00,0.2283,0.2285,0.2274,0.2276,22590.0
2023-09-26 01:30:00,0.228,0.2283,0.2276,0.2276,25442.0
2023-09-26 01:45:00,0.2279,0.2291,0.2279,0.2291,43871.0
2023-09-26 02:00:00,0.2293,0.2302,0.2291,0.2297,144166.0
2023-09-26 02:15:00,0.2298,0.2307,0.229,0.2302,65638.0
2023-09-26 02:30:00,0.2302,0.2336,0.2294,0.2309,279999.0
2023-09-26 02:45:00,0.2309,0.2324,0.2304,0.2315,149693.0
2023-09-26 03:00:00,0.2313,0.2333,0.2305,0.2323,331274.0
2023-09-26 03:15:00,0.2323,0.2325,0.2305,0.2307,176630.0
2023-09-26 03:30:00,0.2306,0.232,0.2304,0.2318,93316.0
2023-09-26 03:45:00,0.2317,0.2323,0.2313,0.2316,86574.0
2023-09-26 04:00:00,0.2317,0.2318,0.23,0.23,67025.0
2023-09-26 04:15:00,0.2299,0.2303,0.2295,0.2296,41443.0
2023-09-26 04:30:00,0.2297,0.2307,0.2292,0.2304,50649.0
2023-09-26 04:45:00,0.2304,0.2308,0.2302,0.2308,16440.0
2023-09-26 05:00:00,0.2307,0.2314,0.2307,0.231,55519.0
2023-09-26 05:15:00,0.2311,0.2313,0.2303,0.231,77619.0
2023-09-26 05:30:00,0.2309,0.2309,0.2295,0.2304,77991.0
2023-09-26 05:45:00,0.2304,0.2308,0.2299,0.2306,34236.0
2023-09-26 06:00:00,0.2306,0.231,0.2301,0.2305,60540.0
2023-09-26 06:15:00,0.2306,0.2306,0.2291,0.2302,159933.0
2023-09-26 06:30:00,0.2302,0.2303,0.2295,0.2298,63568.0
2023-09-26 06:45:00,0.23,0.2302,0.2294,0.2297,27297.0
2023-09-26 07:00:00,0.2298,0.2298,0.2291,0.2294,55888.0
2023-09-26 07:15:00,0.2293,0.2294,0.2286,0.2287,71113.0
2023-09-26 07:30:00,0.2287,0.2291,0.2286,0.229,38608.0
2023-09-26 07:45:00,0.229,0.2305,0.229,0.229,167929.0
2023-09-26 08:00:00,0.2292,0.2303,0.2289,0.2303,113948.0
2023-09-26 08:15:00,0.2302,0.2309,0.2301,0.2304,133658.0
2023-09-26 08:30:00,0.2305,0.2306,0.2296,0.2298,129564.0
2023-09-26 08:45:00,0.2299,0.2299,0.229,0.229,71810.0
2023-09-26 09:00:00,0.2294,0.2294,0.2276,0.2281,142256.0
2023-09-26 09:15:00,0.2281,0.2292,0.2281,0.2283,153072.0
2023-09-26 09:30:00,0.2281,0.2292,0.2279,0.2292,22372.0
2023-09-26 09:45:00,0.2293,0.2296,0.2288,0.2288,61360.0
2023-09-26 10:00:00,0.2288,0.2289,0.2284,0.2287,59426.0
2023-09-26 10:15:00,0.2285,0.2287,0.2277,0.228,155868.0
2023-09-26 10:30:00,0.2281,0.2281,0.2274,0.2277,73521.0
2023-09-26 10:45:00,0.2277,0.228,0.2276,0.2278,8460.0
2023-09-26 11:00:00,0.2279,0.2279,0.2273,0.2276,88349.0
2023-09-26 11:15:00,0.2275,0.2279,0.2271,0.2277,75275.0
2023-09-26 11:30:00,0.2279,0.2283,0.2277,0.2279,19419.0
2023-09-26 11:45:00,0.2277,0.228,0.227,0.2277,158115.0
2023-09-26 12:00:00,0.2273,0.2282,0.2271,0.228,31284.0
2023-09-26 12:15:00,0.228,0.2301,0.2276,0.2294,149554.0
2023-09-26 12:30:00,0.2293,0.2296,0.2287,0.2294,159046.0
2023-09-26 12:45:00,0.2294,0.2294,0.2285,0.2285,56237.0
2023-09-26 13:00:00,0.2285,0.2288,0.2284,0.2286,28551.0
2023-09-26 13:15:00,0.2286,0.229,0.2284,0.229,41274.0
2023-09-26 13:30:00,0.2288,0.2296,0.2282,0.2296,84139.0
2023-09-26 13:45:00,0.2296,0.2303,0.2292,0.2302,157577.0
2023-09-26 14:00:00,0.2301,0.2302,0.2293,0.23,18680.0
2023-09-26 14:15:00,0.23,0.23,0.2289,0.2294,63557.0
2023-09-26 14:30:00,0.2291,0.2293,0.2282,0.2286,123658.0
2023-09-26 14:45:00,0.2293,0.23,0.2292,0.2294,43249.0
2023-09-26 15:00:00,0.2295,0.23,0.2291,0.23,43856.0
2023-09-26 15:15:00,0.2302,0.2305,0.2297,0.2298,174564.0
2023-09-26 15:30:00,0.2299,0.2299,0.2289,0.2292,24632.0
2023-09-26 15:45:00,0.229,0.2292,0.2281,0.2282,102062.0
2023-09-26 16:00:00,0.2286,0.2291,0.2284,0.2288,19008.0
2023-09-26 16:15:00,0.2288,0.2298,0.2288,0.2294,28142.0
2023-09-26 16:30:00,0.2297,0.2313,0.2294,0.2306,140523.0
2023-09-26 16:45:00,0.2305,0.2318,0.2305,0.2315,118040.0
2023-09-26 17:00:00,0.2317,0.2319,0.2307,0.2307,32096.0
2023-09-26 17:15:00,0.2306,0.2308,0.229,0.2292,56271.0
2023-09-26 17:30:00,0.2295,0.2307,0.2295,0.2299,41381.0
2023-09-26 17:45:00,0.2298,0.232,0.2297,0.2318,146863.0
2023-09-26 18:00:00,0.2318,0.2318,0.2313,0.2315,28212.0
2023-09-26 18:15:00,0.2315,0.2318,0.2307,0.2314,60931.0
2023-09-26 18:30:00,0.2312,0.2325,0.2312,0.2315,116580.0
2023-09-26 18:45:00,0.2315,0.2316,0.2308,0.2309,30932.0
2023-09-26 19:00:00,0.231,0.2325,0.231,0.2324,95796.0
2023-09-26 19:15:00,0.2322,0.233,0.2319,0.2322,155042.0
2023-09-26 19:30:00,0.2324,0.2325,0.2319,0.2319,10663.0
2023-09-26 19:45:00,0.232,0.2323,0.2317,0.2318,64882.0
2023-09-26 20:00:00,0.2319,0.2327,0.2317,0.2323,39414.0
2023-09-26 20:15:00,0.2324,0.2324,0.2317,0.2317,18933.0
2023-09-26 20:30:00,0.2318,0.2325,0.2318,0.2324,35630.0
2023-09-26 20:45:00,0.2325,0.2326,0.231,0.2317,85128.0
2023-09-26 21:00:00,0.2318,0.2325,0.2314,0.2319,62576.0
2023-09-26 21:15:00,0.2318,0.2318,0.2274,0.2299,321097.0
2023-09-26 21:30:00,0.2299,0.2316,0.2297,0.2308,85162.0
2023-09-26 21:45:00,0.2311,0.2316,0.2311,0.2315,10510.0
2023-09-26 22:00:00,0.2316,0.2327,0.2316,0.2326,74395.0
2023-09-26 22:15:00,0.2324,0.2325,0.2321,0.2324,12204.0
2023-09-26 22:30:00,0.2323,0.2327,0.2323,0.2324,92893.0
2023-09-26 22:45:00,0.2325,0.2329,0.2322,0.2327,119959.0
2023-09-26 23:00:00,0.2329,0.2334,0.2321,0.2334,49568.0
2023-09-26 23:15:00,0.2331,0.2336,0.2331,0.2336,36119.0
2023-09-26 23:30:00,0.2335,0.2356,0.2335,0.2356,236790.0
2023-09-26 23:45:00,0.2354,0.2355,0.2343,0.2355,109632.0
2023-09-27 00:00:00,0.2356,0.2368,0.2347,0.235,325175.0
2023-09-27 00:15:00,0.2348,0.2351,0.2336,0.2338,270956.0
2023-09-27 00:30:00,0.2337,0.234,0.2333,0.2339,83415.0
2023-09-27 00:45:00,0.2338,0.235,0.2335,0.235,70786.0
2023-09-27 01:00:00,0.2352,0.2355,0.2337,0.234,113395.0
2023-09-27 01:15:00,0.234,0.2341,0.2336,0.2337,18946.0
2023-09-27 01:30:00,0.2337,0.2352,0.2337,0.2344,119878.0
2023-09-27 01:45:00,0.2344,0.2349,0.2342,0.2349,31525.0
2023-09-27 02:00:00,0.2345,0.2347,0.2337,0.2341,43155.0
2023-09-27 02:15:00,0.2341,0.2347,0.2341,0.2344,33815.0
2023-09-27 02:30:00,0.2344,0.2344,0.2318,0.2322,163285.0
2023-09-27 02:45:00,0.232,0.2326,0.2312,0.2317,133924.0
2023-09-27 03:00:00,0.2318,0.2338,0.2318,0.2333,38757.0
2023-09-27 03:15:00,0.2335,0.2347,0.2335,0.2342,56035.0
2023-09-27 03:30:00,0.2342,0.2353,0.2342,0.2349,76174.0
2023-09-27 03:45:00,0.235,0.2361,0.2348,0.2353,138873.0
2023-09-27 04:00:00,0.2356,0.2356,0.234,0.234,46045.0
2023-09-27 04:15:00,0.234,0.2345,0.2337,0.2337,55564.0
2023-09-27 04:30:00,0.2337,0.234,0.2335,0.234,40814.0
2023-09-27 04:45:00,0.2341,0.2343,0.2334,0.2334,18942.0
2023-09-27 05:00:00,0.2335,0.2336,0.2325,0.2327,46767.0
2023-09-27 05:15:00,0.2327,0.2328,0.231,0.2323,239324.0
2023-09-27 05:30:00,0.2322,0.2328,0.2319,0.2325,53573.0
2023-09-27 05:45:00,0.2325,0.2339,0.2325,0.233,113307.0
2023-09-27 06:00:00,0.233,0.2345,0.233,0.2343,62663.0
2023-09-27 06:15:00,0.2345,0.2352,0.2333,0.2337,195441.0
2023-09-27 06:30:00,0.2337,0.2345,0.2333,0.2336,131674.0
2023-09-27 06:45:00,0.2338,0.2347,0.2337,0.2346,237945.0
2023-09-27 07:00:00,0.2347,0.2347,0.2335,0.234,39584.0
2023-09-27 07:15:00,0.2338,0.2343,0.2334,0.2335,31539.0
2023-09-27 07:30:00,0.2337,0.236,0.2337,0.2345,146466.0
2023-09-27 07:45:00,0.2347,0.2359,0.2347,0.2359,54174.0
2023-09-27 08:00:00,0.2361,0.2361,0.2336,0.234,197273.0
2023-09-27 08:15:00,0.2341,0.2341,0.2329,0.2335,48690.0
2023-09-27 08:30:00,0.2333,0.2342,0.2331,0.2342,70224.0
2023-09-27 08:45:00,0.2342,0.2346,0.2342,0.2343,42956.0
2023-09-27 09:00:00,0.2342,0.2354,0.234,0.2353,84260.0
2023-09-27 09:15:00,0.2355,0.2371,0.2352,0.2357,342259.0
2023-09-27 09:30:00,0.2357,0.2385,0.2357,0.2384,274873.0
2023-09-27 09:45:00,0.2384,0.2398,0.2374,0.2398,157148.0
2023-09-27 10:00:00,0.2398,0.2401,0.2379,0.2385,357125.0
2023-09-27 10:15:00,0.2387,0.2388,0.2374,0.2386,95639.0
2023-09-27 10:30:00,0.239,0.2406,0.239,0.2394,215887.0
2023-09-27 10:45:00,0.2397,0.2406,0.2394,0.2402,129197.0
2023-09-27 11:00:00,0.2401,0.2403,0.2392,0.2402,106714.0
2023-09-27 11:15:00,0.2402,0.2415,0.2402,0.2413,181441.0
2023-09-27 11:30:00,0.2414,0.2432,0.2412,0.242,503664.0
2023-09-27 11:45:00,0.242,0.2448,0.242,0.2441,467106.0
2023-09-27 12:00:00,0.2439,0.2488,0.2422,0.2479,1170270.0
2023-09-27 12:15:00,0.2476,0.2548,0.2462,0.2462,3698418.0
2023-09-27 12:30:00,0.2467,0.2468,0.2417,0.2427,1079290.0
2023-09-27 12:45:00,0.243,0.2441,0.2428,0.2437,283593.0
2023-09-27 13:00:00,0.244,0.2445,0.2427,0.2442,262709.0
2023-09-27 13:15:00,0.244,0.2461,0.2425,0.2447,327320.0
2023-09-27 13:30:00,0.2447,0.2457,0.2433,0.2444,388068.0
2023-09-27 13:45:00,0.2445,0.2445,0.2414,0.2421,479963.0
2023-09-27 14:00:00,0.2422,0.2435,0.2418,0.2433,256073.0
2023-09-27 14:15:00,0.2431,0.2431,0.2392,0.2412,565981.0
2023-09-27 14:30:00,0.2408,0.2409,0.2361,0.2382,656251.0
2023-09-27 14:45:00,0.2381,0.239,0.2368,0.2386,414241.0
2023-09-27 15:00:00,0.2385,0.2414,0.2378,0.2413,336763.0
2023-09-27 15:15:00,0.2415,0.2426,0.2401,0.2426,260285.0
2023-09-27 15:30:00,0.2423,0.2423,0.2397,0.2398,307221.0
2023-09-27 15:45:00,0.24,0.2406,0.2394,0.2398,120282.0
2023-09-27 16:00:00,0.2397,0.2425,0.2394,0.2411,128535.0
2023-09-27 16:15:00,0.2414,0.2425,0.2414,0.2421,82121.0
2023-09-27 16:30:00,0.2422,0.2428,0.2417,0.2423,154782.0
2023-09-27 16:45:00,0.2422,0.2422,0.2403,0.2413,89644.0
2023-09-27 17:00:00,0.2413,0.2427,0.2401,0.2424,141647.0
2023-09-27 17:15:00,0.2423,0.2426,0.2415,0.2415,55557.0
2023-09-27 17:30:00,0.2416,0.242,0.2405,0.2419,99013.0
2023-09-27 17:45:00,0.242,0.2423,0.2412,0.2414,33935.0
2023-09-27 18:00:00,0.2414,0.2422,0.239,0.2416,372118.0
2023-09-27 18:15:00,0.242,0.2433,0.2414,0.2429,318924.0
2023-09-27 18:30:00,0.2431,0.2454,0.2426,0.2436,311883.0
2023-09-27 18:45:00,0.2436,0.2453,0.2435,0.2448,286996.0
2023-09-27 19:00:00,0.2446,0.245,0.2418,0.2428,395216.0
2023-09-27 19:15:00,0.243,0.2443,0.2429,0.2441,169639.0
2023-09-27 19:30:00,0.244,0.2441,0.2429,0.2429,135648.0
2023-09-27 19:45:00,0.2429,0.2431,0.2425,0.2431,37593.0
2023-09-27 20:00:00,0.2432,0.2447,0.2428,0.2442,133747.0
2023-09-27 20:15:00,0.2443,0.2449,0.2431,0.2443,94066.0
2023-09-27 20:30:00,0.2439,0.2446,0.2422,0.2422,45823.0
2023-09-27 20:45:00,0.2424,0.2438,0.2415,0.2434,92972.0
2023-09-27 21:00:00,0.2436,0.2449,0.2434,0.2443,47906.0
2023-09-27 21:15:00,0.2442,0.2448,0.2438,0.2444,154132.0
2023-09-27 21:30:00,0.2443,0.2443,0.2415,0.2424,116101.0
2023-09-27 21:45:00,0.2424,0.2431,0.2419,0.2423,59534.0
2023-09-27 22:00:00,0.2424,0.2431,0.2424,0.2424,53732.0
2023-09-27 22:15:00,0.2425,0.2425,0.2417,0.2422,174198.0
2023-09-27 22:30:00,0.242,0.2425,0.2417,0.2421,36346.0
2023-09-27 22:45:00,0.2422,0.2428,0.2421,0.2425,25543.0
2023-09-27 23:00:00,0.2428,0.2428,0.2419,0.2422,36512.0
2023-09-27 23:15:00,0.2421,0.2421,0.2417,0.242,47727.0
2023-09-27 23:30:00,0.2419,0.243,0.2414,0.243,48839.0
2023-09-27 23:45:00,0.243,0.243,0.2415,0.2418,106626.0
2023-09-28 00:00:00,0.2419,0.2426,0.2407,0.2426,196554.0
2023-09-28 00:15:00,0.2427,0.2448,0.2424,0.2448,241778.0
2023-09-28 00:30:00,0.2448,0.245,0.2422,0.2427,266825.0
2023-09-28 00:45:00,0.2427,0.2435,0.2427,0.2435,32038.0
2023-09-28 01:00:00,0.2437,0.2439,0.2413,0.2423,89672.0
2023-09-28 01:15:00,0.2424,0.2445,0.2424,0.2445,67242.0
2023-09-28 01:30:00,0.2445,0.246,0.2445,0.2446,258113.0
2023-09-28 01:45:00,0.2444,0.2465,0.2442,0.2464,557895.0
2023-09-28 02:00:00,0.2462,0.2487,0.2462,0.248,304104.0
2023-09-28 02:15:00,0.248,0.2483,0.2453,0.2453,104580.0
2023-09-28 02:30:00,0.2455,0.246,0.2445,0.2451,63845.0
2023-09-28 02:45:00,0.2452,0.2455,0.2444,0.2447,24381.0
2023-09-28 03:00:00,0.2448,0.2448,0.2414,0.2421,189661.0
2023-09-28 03:15:00,0.2421,0.2427,0.2415,0.2427,93268.0
2023-09-28 03:30:00,0.2428,0.2436,0.2427,0.2436,36033.0
2023-09-28 03:45:00,0.2436,0.2439,0.2431,0.2432,46823.0
2023-09-28 04:00:00,0.2436,0.2437,0.2419,0.2419,148044.0
2023-09-28 04:15:00,0.2419,0.2442,0.2419,0.2441,74372.0
2023-09-28 04:30:00,0.2443,0.2459,0.244,0.2458,126132.0
2023-09-28 04:45:00,0.2459,0.2479,0.2454,0.2463,179575.0
2023-09-28 05:00:00,0.2463,0.2474,0.2454,0.2467,184596.0
2023-09-28 05:15:00,0.2465,0.248,0.2463,0.2476,71666.0
2023-09-28 05:30:00,0.2478,0.2486,0.2474,0.2486,97029.0
2023-09-28 05:45:00,0.2485,0.2486,0.247,0.2471,85626.0
2023-09-28 06:00:00,0.247,0.2476,0.2456,0.246,90805.0
2023-09-28 06:15:00,0.246,0.2463,0.2453,0.2456,78616.0
2023-09-28 06:30:00,0.2455,0.2487,0.2455,0.2487,116421.0
2023-09-28 06:45:00,0.2488,0.2491,0.247,0.249,301629.0
2023-09-28 07:00:00,0.2491,0.2524,0.2478,0.2479,754077.0
2023-09-28 07:15:00,0.2479,0.248,0.2459,0.2471,334980.0
2023-09-28 07:30:00,0.2469,0.2485,0.2465,0.2481,185096.0
2023-09-28 07:45:00,0.2478,0.2484,0.2472,0.2478,67789.0
2023-09-28 08:00:00,0.2478,0.2487,0.2458,0.2458,100430.0
2023-09-28 08:15:00,0.246,0.2464,0.2442,0.2457,291083.0
2023-09-28 08:30:00,0.2455,0.2456,0.244,0.2452,206232.0
2023-09-28 08:45:00,0.2452,0.2461,0.2448,0.2456,168394.0
2023-09-28 09:00:00,0.2456,0.248,0.2455,0.248,148247.0
2023-09-28 09:15:00,0.248,0.2483,0.2463,0.2464,156966.0
2023-09-28 09:30:00,0.2465,0.2486,0.2465,0.2478,159832.0
2023-09-28 09:45:00,0.2479,0.2484,0.2463,0.2465,196001.0
2023-09-28 10:00:00,0.2465,0.2481,0.2464,0.248,69465.0
2023-09-28 10:15:00,0.248,0.2487,0.2472,0.2476,25874.0
2023-09-28 10:30:00,0.2475,0.253,0.2475,0.2527,625635.0
2023-09-28 10:45:00,0.2528,0.253,0.25,0.2529,384569.0
2023-09-28 11:00:00,0.2528,0.253,0.2507,0.251,312312.0
2023-09-28 11:15:00,0.2509,0.2511,0.2497,0.2507,141492.0
2023-09-28 11:30:00,0.2508,0.2513,0.2493,0.2498,92910.0
2023-09-28 11:45:00,0.2498,0.2506,0.249,0.2505,72352.0
2023-09-28 12:00:00,0.2507,0.2526,0.25,0.2514,365440.0
2023-09-28 12:15:00,0.2514,0.2529,0.2514,0.2519,136636.0
2023-09-28 12:30:00,0.2523,0.2525,0.2497,0.2507,771239.0
2023-09-28 12:45:00,0.2506,0.2574,0.2506,0.2545,868133.0
2023-09-28 13:00:00,0.2545,0.2675,0.2545,0.2633,3662209.0
2023-09-28 13:15:00,0.2634,0.2686,0.2613,0.2638,2341951.0
2023-09-28 13:30:00,0.2639,0.2644,0.2567,0.26,969414.0
2023-09-28 13:45:00,0.2598,0.2636,0.2584,0.2628,655234.0
2023-09-28 14:00:00,0.2626,0.2657,0.2613,0.2636,614731.0
2023-09-28 14:15:00,0.2637,0.2671,0.2621,0.2659,596862.0
2023-09-28 14:30:00,0.2659,0.29,0.2656,0.2879,9799970.0
2023-09-28 14:45:00,0.2879,0.293,0.2727,0.2799,7145348.0
2023-09-28 15:00:00,0.2797,0.2813,0.2753,0.2771,1981337.0
2023-09-28 15:15:00,0.2771,0.2771,0.2706,0.2733,3011350.0
2023-09-28 15:30:00,0.2735,0.2769,0.2683,0.2758,2548587.0
2023-09-28 15:45:00,0.2758,0.2789,0.2744,0.2756,1944629.0
2023-09-28 16:00:00,0.2755,0.2818,0.2739,0.278,1538428.0
2023-09-28 16:15:00,0.2782,0.2787,0.2752,0.2787,934881.0
2023-09-28 16:30:00,0.2788,0.2799,0.2716,0.2738,770965.0
2023-09-28 16:45:00,0.2736,0.2755,0.2728,0.2752,542956.0
2023-09-28 17:00:00,0.275,0.2762,0.2726,0.2756,445086.0
2023-09-28 17:15:00,0.2752,0.2761,0.2737,0.2746,364626.0
2023-09-28 17:30:00,0.2747,0.2754,0.2734,0.2737,393456.0
2023-09-28 17:45:00,0.2737,0.2755,0.2736,0.2746,244109.0
2023-09-28 18:00:00,0.2747,0.2782,0.2747,0.2768,384463.0
2023-09-28 18:15:00,0.2769,0.277,0.2723,0.2742,353664.0
2023-09-28 18:30:00,0.2741,0.2742,0.2706,0.2711,534075.0
2023-09-28 18:45:00,0.2711,0.2737,0.2691,0.2721,803036.0
2023-09-28 19:00:00,0.2721,0.2723,0.2695,0.2702,688308.0
2023-09-28 19:15:00,0.2703,0.2745,0.27,0.2733,775712.0
2023-09-28 19:30:00,0.2732,0.2752,0.2726,0.2749,466982.0
2023-09-28 19:45:00,0.275,0.2755,0.2733,0.2746,211716.0
2023-09-28 20:00:00,0.2747,0.2769,0.2737,0.2748,327896.0
2023-09-28 20:15:00,0.2747,0.275,0.2734,0.2749,119781.0
2023-09-28 20:30:00,0.2745,0.2749,0.2737,0.2748,123826.0
2023-09-28 20:45:00,0.2747,0.2747,0.2726,0.2736,208930.0
2023-09-28 21:00:00,0.2733,0.2746,0.2724,0.2743,124701.0
2023-09-28 21:15:00,0.2742,0.2746,0.2714,0.2722,159034.0
2023-09-28 21:30:00,0.2725,0.2735,0.2706,0.2726,234359.0
2023-09-28 21:45:00,0.2725,0.2751,0.2722,0.2738,147813.0
2023-09-28 22:00:00,0.2739,0.276,0.2735,0.2737,237937.0
2023-09-28 22:15:00,0.2737,0.2749,0.2734,0.2744,273747.0
2023-09-28 22:30:00,0.2744,0.2762,0.274,0.2742,252609.0
2023-09-28 22:45:00,0.2743,0.2749,0.2701,0.2727,350488.0
2023-09-28 23:00:00,0.2723,0.2751,0.2688,0.273,543189.0
2023-09-28 23:15:00,0.2728,0.2735,0.2714,0.2722,349510.0
2023-09-28 23:30:00,0.272,0.2728,0.2707,0.2718,156761.0
2023-09-28 23:45:00,0.2719,0.2726,0.2704,0.2726,219042.0
2023-09-29 00:00:00,0.2727,0.277,0.2727,0.2749,783810.0
2023-09-29 00:15:00,0.275,0.2775,0.2735,0.2737,469253.0
2023-09-29 00:30:00,0.2738,0.2744,0.2671,0.2689,641840.0
2023-09-29 00:45:00,0.2689,0.2689,0.264,0.267,1366206.0
2023-09-29 01:00:00,0.2672,0.2691,0.2652,0.2656,296435.0
2023-09-29 01:15:00,0.2655,0.2672,0.2633,0.2645,850653.0
2023-09-29 01:30:00,0.2645,0.2652,0.2636,0.2636,358194.0
2023-09-29 01:45:00,0.2637,0.2679,0.2633,0.267,376210.0
2023-09-29 02:00:00,0.2673,0.268,0.2658,0.267,414497.0
2023-09-29 02:15:00,0.2671,0.2673,0.2652,0.2656,91336.0
2023-09-29 02:30:00,0.2654,0.2654,0.263,0.2648,253694.0
2023-09-29 02:45:00,0.2649,0.2669,0.2649,0.2665,153973.0
2023-09-29 03:00:00,0.2669,0.2688,0.2662,0.2673,272275.0
2023-09-29 03:15:00,0.2674,0.2685,0.2664,0.2675,217344.0
2023-09-29 03:30:00,0.2675,0.2675,0.2663,0.2668,111951.0
2023-09-29 03:45:00,0.2669,0.2682,0.2669,0.2679,121668.0
2023-09-29 04:00:00,0.2679,0.269,0.2671,0.2678,225635.0
2023-09-29 04:15:00,0.2678,0.2678,0.2651,0.266,170151.0
2023-09-29 04:30:00,0.2659,0.2659,0.2635,0.2642,441646.0
2023-09-29 04:45:00,0.264,0.2652,0.2636,0.265,400430.0
2023-09-29 05:00:00,0.265,0.2652,0.2631,0.264,316433.0
2023-09-29 05:15:00,0.2642,0.2643,0.2632,0.2637,255373.0
2023-09-29 05:30:00,0.2637,0.2648,0.263,0.2648,269674.0
2023-09-29 05:45:00,0.2649,0.2657,0.2642,0.2651,214792.0
2023-09-29 06:00:00,0.2651,0.2667,0.2649,0.2649,233264.0
2023-09-29 06:15:00,0.265,0.2654,0.2629,0.263,333020.0
2023-09-29 06:30:00,0.263,0.263,0.2611,0.2625,482851.0
2023-09-29 06:45:00,0.2623,0.2628,0.2617,0.2627,305823.0
2023-09-29 07:00:00,0.2626,0.2659,0.2621,0.2655,396413.0
2023-09-29 07:15:00,0.2655,0.2668,0.2652,0.2653,280117.0
2023-09-29 07:30:00,0.2657,0.2683,0.2649,0.2675,730572.0
2023-09-29 07:45:00,0.2678,0.2698,0.2668,0.2691,332998.0
2023-09-29 08:00:00,0.2689,0.272,0.2686,0.2716,537822.0
2023-09-29 08:15:00,0.2717,0.2755,0.2716,0.2751,1891724.0
2023-09-29 08:30:00,0.2751,0.2786,0.2731,0.2778,1418748.0
2023-09-29 08:45:00,0.2777,0.2823,0.2769,0.2769,2477450.0
2023-09-29 09:00:00,0.2773,0.2863,0.275,0.2825,3476659.0
2023-09-29 09:15:00,0.2824,0.2842,0.2794,0.2805,1388785.0
2023-09-29 09:30:00,0.2805,0.2823,0.2778,0.2816,945558.0
2023-09-29 09:45:00,0.2816,0.2838,0.2783,0.2788,1025383.0
2023-09-29 10:00:00,0.2786,0.2809,0.2765,0.2804,897258.0
2023-09-29 10:15:00,0.2805,0.2814,0.2781,0.2799,773761.0
2023-09-29 10:30:00,0.2799,0.2801,0.2765,0.277,829462.0
2023-09-29 10:45:00,0.277,0.2773,0.2713,0.272,1717627.0
2023-09-29 11:00:00,0.2718,0.2771,0.2706,0.2735,916174.0
2023-09-29 11:15:00,0.2737,0.2764,0.272,0.2745,732263.0
2023-09-29 11:30:00,0.2745,0.2787,0.274,0.2755,625593.0
2023-09-29 11:45:00,0.2754,0.2775,0.2737,0.2744,440387.0
2023-09-29 12:00:00,0.2742,0.2743,0.2711,0.2713,492126.0
2023-09-29 12:15:00,0.2713,0.2728,0.2701,0.2721,432855.0
2023-09-29 12:30:00,0.2718,0.2734,0.27,0.2713,449026.0
2023-09-29 12:45:00,0.2712,0.2716,0.2706,0.2709,266258.0
2023-09-29 13:00:00,0.2711,0.272,0.2684,0.269,932514.0
2023-09-29 13:15:00,0.2689,0.2726,0.2678,0.2723,733714.0
2023-09-29 13:30:00,0.2723,0.2727,0.2704,0.2711,221578.0
2023-09-29 13:45:00,0.2711,0.2714,0.2701,0.2707,141485.0
2023-09-29 14:00:00,0.2706,0.2706,0.2678,0.2696,484339.0
2023-09-29 14:15:00,0.2697,0.2729,0.2696,0.2726,440513.0
2023-09-29 14:30:00,0.2727,0.2771,0.2727,0.2758,639500.0
2023-09-29 14:45:00,0.276,0.277,0.2745,0.276,267158.0
2023-09-29 15:00:00,0.276,0.2795,0.2753,0.277,563567.0
2023-09-29 15:15:00,0.2766,0.2784,0.2748,0.2749,267485.0
2023-09-29 15:30:00,0.275,0.2763,0.2739,0.2743,281800.0
2023-09-29 15:45:00,0.2742,0.2742,0.2722,0.2727,229842.0
2023-09-29 16:00:00,0.2727,0.2762,0.2723,0.2761,337192.0
2023-09-29 16:15:00,0.2761,0.2783,0.2755,0.278,461746.0
2023-09-29 16:30:00,0.278,0.2792,0.2748,0.2748,285846.0
2023-09-29 16:45:00,0.2748,0.2777,0.2748,0.2774,132530.0
2023-09-29 17:00:00,0.2773,0.2779,0.2767,0.277,76291.0
2023-09-29 17:15:00,0.2771,0.2776,0.2758,0.2773,75831.0
2023-09-29 17:30:00,0.2772,0.2793,0.2762,0.2792,242918.0
2023-09-29 17:45:00,0.2791,0.2791,0.2767,0.2777,105166.0
2023-09-29 18:00:00,0.2775,0.2797,0.2771,0.2784,388147.0
2023-09-29 18:15:00,0.2782,0.2803,0.278,0.2796,257343.0
2023-09-29 18:30:00,0.2796,0.281,0.2781,0.2804,194765.0
2023-09-29 18:45:00,0.2805,0.2807,0.2789,0.2798,218892.0
2023-09-29 19:00:00,0.28,0.2809,0.2784,0.2796,140421.0
2023-09-29 19:15:00,0.2794,0.2807,0.2794,0.2802,58400.0
2023-09-29 19:30:00,0.2804,0.2804,0.2794,0.2795,78938.0
2023-09-29 19:45:00,0.2795,0.2818,0.2783,0.2786,300255.0
2023-09-29 20:00:00,0.2786,0.2818,0.2785,0.2806,231309.0
2023-09-29 20:15:00,0.2806,0.2807,0.2791,0.2797,172613.0
2023-09-29 20:30:00,0.2801,0.2811,0.2798,0.2803,107435.0
2023-09-29 20:45:00,0.2805,0.2845,0.2805,0.2835,354822.0
2023-09-29 21:00:00,0.2835,0.284,0.2818,0.2839,228074.0
2023-09-29 21:15:00,0.284,0.2848,0.2828,0.2836,586961.0
2023-09-29 21:30:00,0.2836,0.2838,0.2826,0.2829,88649.0
2023-09-29 21:45:00,0.2828,0.2828,0.2814,0.2814,146810.0
2023-09-29 22:00:00,0.2814,0.2843,0.2814,0.2835,242392.0
2023-09-29 22:15:00,0.2835,0.2837,0.2815,0.2819,101940.0
2023-09-29 22:30:00,0.282,0.282,0.2786,0.279,436736.0
2023-09-29 22:45:00,0.2794,0.2889,0.2783,0.2826,854605.0
2023-09-29 23:00:00,0.2828,0.2828,0.2796,0.282,383422.0
2023-09-29 23:15:00,0.2819,0.2826,0.2814,0.2818,86951.0
2023-09-29 23:30:00,0.2819,0.2826,0.28,0.2804,239737.0
2023-09-29 23:45:00,0.2803,0.2811,0.2801,0.2804,42275.0
2023-09-30 00:00:00,0.2805,0.2817,0.2797,0.2817,83959.0
2023-09-30 00:15:00,0.2817,0.2842,0.2814,0.282,300299.0
2023-09-30 00:30:00,0.2823,0.2854,0.2823,0.2848,332778.0
2023-09-30 00:45:00,0.2844,0.2857,0.2831,0.2833,149607.0
2023-09-30 01:00:00,0.2833,0.2833,0.2818,0.282,122794.0
2023-09-30 01:15:00,0.2821,0.2821,0.2752,0.2753,600055.0
2023-09-30 01:30:00,0.2752,0.2759,0.2708,0.271,500357.0
2023-09-30 01:45:00,0.2711,0.2728,0.2701,0.2716,398157.0
2023-09-30 02:00:00,0.2717,0.2726,0.2705,0.2724,157738.0
2023-09-30 02:15:00,0.2724,0.2725,0.2666,0.2678,566345.0
2023-09-30 02:30:00,0.268,0.2704,0.2678,0.2703,484170.0
2023-09-30 02:45:00,0.2705,0.2709,0.2684,0.2691,315697.0
2023-09-30 03:00:00,0.2695,0.2719,0.2692,0.2709,338446.0
2023-09-30 03:15:00,0.2713,0.2739,0.2713,0.2727,250932.0
2023-09-30 03:30:00,0.2727,0.2735,0.2716,0.2716,103835.0
2023-09-30 03:45:00,0.2717,0.2719,0.2701,0.2708,246784.0
2023-09-30 04:00:00,0.2705,0.2725,0.2698,0.2718,245164.0
2023-09-30 04:15:00,0.272,0.2741,0.2717,0.2741,180349.0
2023-09-30 04:30:00,0.2738,0.2746,0.2734,0.2739,237271.0
2023-09-30 04:45:00,0.2739,0.2742,0.2732,0.274,86310.0
2023-09-30 05:00:00,0.2739,0.2755,0.2737,0.2753,213063.0
2023-09-30 05:15:00,0.2753,0.2757,0.2736,0.2736,182828.0
2023-09-30 05:30:00,0.2738,0.275,0.273,0.275,65013.0
2023-09-30 05:45:00,0.2749,0.276,0.2747,0.276,262791.0
2023-09-30 06:00:00,0.276,0.2777,0.2747,0.2776,298963.0
2023-09-30 06:15:00,0.2776,0.2778,0.2769,0.2776,80776.0
2023-09-30 06:30:00,0.2778,0.2786,0.2753,0.2756,273183.0
2023-09-30 06:45:00,0.2755,0.2755,0.2742,0.2742,115820.0
2023-09-30 07:00:00,0.2744,0.2746,0.2722,0.2734,168523.0
2023-09-30 07:15:00,0.2734,0.2739,0.2723,0.2732,235194.0
2023-09-30 07:30:00,0.2733,0.2748,0.2731,0.2745,86797.0
2023-09-30 07:45:00,0.2746,0.2752,0.2734,0.2751,78563.0
2023-09-30 08:00:00,0.2751,0.2783,0.2751,0.2779,408014.0
2023-09-30 08:15:00,0.278,0.2782,0.276,0.2771,156050.0
2023-09-30 08:30:00,0.2772,0.2777,0.2764,0.2773,151377.0
2023-09-30 08:45:00,0.2772,0.2772,0.2757,0.2763,184814.0
2023-09-30 09:00:00,0.2763,0.2769,0.276,0.2769,123979.0
2023-09-30 09:15:00,0.2769,0.2789,0.2766,0.2789,246340.0
2023-09-30 09:30:00,0.2789,0.2794,0.2771,0.2776,205436.0
2023-09-30 09:45:00,0.2776,0.2783,0.2762,0.2773,121528.0
2023-09-30 10:00:00,0.2774,0.2781,0.2764,0.2764,101857.0
2023-09-30 10:15:00,0.2767,0.2778,0.2767,0.2772,54401.0
2023-09-30 10:30:00,0.2772,0.2782,0.277,0.2775,87957.0
2023-09-30 10:45:00,0.2775,0.2776,0.2758,0.2759,178905.0
2023-09-30 11:00:00,0.2759,0.2774,0.2759,0.2773,70990.0
2023-09-30 11:15:00,0.2774,0.2775,0.2759,0.2759,100705.0
2023-09-30 11:30:00,0.2758,0.276,0.2722,0.2729,686455.0
2023-09-30 11:45:00,0.2729,0.2741,0.2727,0.2734,172737.0
2023-09-30 12:00:00,0.2734,0.277,0.2734,0.277,134710.0
2023-09-30 12:15:00,0.2769,0.278,0.2764,0.2779,187594.0
2023-09-30 12:30:00,0.2779,0.2817,0.2773,0.2793,451328.0
2023-09-30 12:45:00,0.2794,0.2804,0.2785,0.2786,124622.0
2023-09-30 13:00:00,0.2786,0.2813,0.2783,0.2791,138659.0
2023-09-30 13:15:00,0.2786,0.2812,0.2781,0.2798,301776.0
2023-09-30 13:30:00,0.2797,0.2803,0.2783,0.2793,76985.0
2023-09-30 13:45:00,0.2795,0.2828,0.2786,0.2815,262908.0
2023-09-30 14:00:00,0.2818,0.2835,0.2807,0.2816,198592.0
2023-09-30 14:15:00,0.2817,0.2835,0.2808,0.2829,158029.0
2023-09-30 14:30:00,0.2829,0.283,0.2811,0.2818,219571.0
2023-09-30 14:45:00,0.2815,0.2837,0.2803,0.2822,262919.0
2023-09-30 15:00:00,0.2825,0.284,0.2817,0.2828,326653.0
2023-09-30 15:15:00,0.2828,0.2837,0.2818,0.2819,155454.0
2023-09-30 15:30:00,0.2818,0.2826,0.2808,0.2819,123018.0
2023-09-30 15:45:00,0.2819,0.283,0.2805,0.2808,194095.0
2023-09-30 16:00:00,0.281,0.2822,0.281,0.2815,174090.0
2023-09-30 16:15:00,0.2817,0.2822,0.2795,0.2803,164766.0
2023-09-30 16:30:00,0.2801,0.2808,0.2795,0.2808,63322.0
2023-09-30 16:45:00,0.2808,0.2813,0.279,0.279,205857.0
2023-09-30 17:00:00,0.279,0.2792,0.2772,0.2774,173536.0
2023-09-30 17:15:00,0.2773,0.2781,0.276,0.2774,289908.0
2023-09-30 17:30:00,0.2774,0.2781,0.2768,0.278,73749.0
2023-09-30 17:45:00,0.2782,0.2798,0.2774,0.2781,271702.0
2023-09-30 18:00:00,0.2783,0.2788,0.2779,0.2781,74833.0
2023-09-30 18:15:00,0.2779,0.2779,0.2758,0.2759,320753.0
2023-09-30 18:30:00,0.2762,0.2765,0.2749,0.2751,278235.0
2023-09-30 18:45:00,0.2752,0.276,0.2742,0.2755,117330.0
2023-09-30 19:00:00,0.2753,0.2776,0.2753,0.2769,80151.0
2023-09-30 19:15:00,0.2767,0.2771,0.2762,0.2764,20796.0
2023-09-30 19:30:00,0.2765,0.278,0.2765,0.2769,123696.0
2023-09-30 19:45:00,0.2768,0.2768,0.2754,0.2754,55267.0
2023-09-30 20:00:00,0.2756,0.2776,0.2756,0.2761,128560.0
2023-09-30 20:15:00,0.2761,0.2768,0.2757,0.276,28310.0
2023-09-30 20:30:00,0.2761,0.2763,0.2751,0.2763,78922.0
2023-09-30 20:45:00,0.2761,0.2767,0.2761,0.2765,37030.0
2023-09-30 21:00:00,0.2766,0.2775,0.2766,0.2774,98320.0
2023-09-30 21:15:00,0.2774,0.2776,0.277,0.2774,18973.0
2023-09-30 21:30:00,0.2772,0.2772,0.2743,0.2747,99684.0
2023-09-30 21:45:00,0.2747,0.2759,0.2741,0.2743,130883.0
2023-09-30 22:00:00,0.2745,0.2767,0.2745,0.2767,66713.0
2023-09-30 22:15:00,0.2766,0.2777,0.2766,0.2775,43249.0
2023-09-30 22:30:00,0.2776,0.2785,0.2776,0.2778,148922.0
2023-09-30 22:45:00,0.2776,0.2786,0.2776,0.2784,23638.0
2023-09-30 23:00:00,0.2784,0.2789,0.2777,0.2781,52793.0
2023-09-30 23:15:00,0.2783,0.2788,0.2778,0.2778,34170.0
2023-09-30 23:30:00,0.2779,0.2788,0.2776,0.2779,155591.0
2023-09-30 23:45:00,0.2779,0.2848,0.2773,0.2836,821863.0
2023-10-01 00:00:00,0.2836,0.2837,0.2811,0.2832,405373.0
2023-10-01 00:15:00,0.2833,0.2903,0.2832,0.2853,1401464.0
2023-10-01 00:30:00,0.2852,0.2863,0.2834,0.2848,298850.0
2023-10-01 00:45:00,0.2848,0.2883,0.2848,0.2879,386719.0
2023-10-01 01:00:00,0.2878,0.2887,0.2852,0.2861,238845.0
2023-10-01 01:15:00,0.2862,0.2877,0.2853,0.2866,161471.0
2023-10-01 01:30:00,0.2868,0.291,0.2865,0.2907,198337.0
2023-10-01 01:45:00,0.2907,0.2925,0.2874,0.2878,432473.0
2023-10-01 02:00:00,0.2877,0.289,0.2838,0.2839,558859.0
2023-10-01 02:15:00,0.2837,0.285,0.2812,0.2813,319565.0
2023-10-01 02:30:00,0.2814,0.2815,0.278,0.2783,566288.0
2023-10-01 02:45:00,0.2782,0.28,0.278,0.2798,198559.0
2023-10-01 03:00:00,0.2799,0.281,0.2779,0.2779,179949.0
2023-10-01 03:15:00,0.2781,0.2799,0.278,0.2798,111252.0
2023-10-01 03:30:00,0.2797,0.2814,0.2797,0.2813,117603.0
2023-10-01 03:45:00,0.2811,0.2825,0.2801,0.2823,81574.0
2023-10-01 04:00:00,0.2825,0.2829,0.2798,0.2799,118596.0
2023-10-01 04:15:00,0.28,0.282,0.2799,0.2815,75599.0
2023-10-01 04:30:00,0.2816,0.2816,0.2785,0.2788,178358.0
2023-10-01 04:45:00,0.2794,0.2802,0.2785,0.2794,69179.0
2023-10-01 05:00:00,0.2794,0.2816,0.2794,0.2807,130442.0
2023-10-01 05:15:00,0.281,0.2827,0.2803,0.2827,93189.0
2023-10-01 05:30:00,0.2827,0.2841,0.2817,0.2838,303707.0
2023-10-01 05:45:00,0.2837,0.2849,0.2831,0.2847,363775.0
2023-10-01 06:00:00,0.2844,0.2857,0.2838,0.285,216038.0
2023-10-01 06:15:00,0.285,0.2853,0.2836,0.2853,76223.0
2023-10-01 06:30:00,0.2853,0.2869,0.2853,0.2869,446236.0
2023-10-01 06:45:00,0.287,0.2875,0.2844,0.2848,174838.0
2023-10-01 07:00:00,0.2848,0.2857,0.2844,0.2844,128486.0
2023-10-01 07:15:00,0.2844,0.2845,0.2826,0.2829,171820.0
2023-10-01 07:30:00,0.2829,0.2839,0.2824,0.2827,102408.0
2023-10-01 07:45:00,0.2828,0.2839,0.2827,0.2831,72499.0
2023-10-01 08:00:00,0.2831,0.2834,0.282,0.2822,144103.0
2023-10-01 08:15:00,0.2821,0.2825,0.281,0.2824,134522.0
2023-10-01 08:30:00,0.2823,0.2831,0.2814,0.2826,91180.0
2023-10-01 08:45:00,0.2827,0.2839,0.2822,0.2836,146094.0
2023-10-01 09:00:00,0.2834,0.2839,0.2828,0.2828,79750.0
2023-10-01 09:15:00,0.2829,0.284,0.2817,0.2837,330404.0
2023-10-01 09:30:00,0.2834,0.2842,0.2827,0.2827,52102.0
2023-10-01 09:45:00,0.2826,0.2842,0.2826,0.2842,42418.0
2023-10-01 10:00:00,0.2839,0.2865,0.2834,0.2864,388279.0
2023-10-01 10:15:00,0.2865,0.2879,0.2855,0.287,266542.0
2023-10-01 10:30:00,0.287,0.2897,0.2867,0.2881,417894.0
2023-10-01 10:45:00,0.2881,0.2919,0.287,0.2903,624961.0
2023-10-01 11:00:00,0.2903,0.2936,0.2881,0.2919,675414.0
2023-10-01 11:15:00,0.2917,0.2944,0.2903,0.2916,522550.0
2023-10-01 11:30:00,0.2916,0.2926,0.2911,0.292,123041.0
2023-10-01 11:45:00,0.2917,0.2919,0.2894,0.2917,267107.0
2023-10-01 12:00:00,0.2916,0.2916,0.2868,0.287,465807.0
2023-10-01 12:15:00,0.2869,0.2881,0.284,0.288,470364.0
2023-10-01 12:30:00,0.288,0.2949,0.2876,0.2881,930786.0
2023-10-01 12:45:00,0.288,0.2901,0.2873,0.2884,238201.0
2023-10-01 13:00:00,0.2883,0.2895,0.2876,0.2877,468309.0
2023-10-01 13:15:00,0.2877,0.2881,0.2862,0.2866,217583.0
2023-10-01 13:30:00,0.2865,0.2883,0.2859,0.2873,106185.0
2023-10-01 13:45:00,0.2873,0.2877,0.2855,0.2861,186979.0
2023-10-01 14:00:00,0.2861,0.2909,0.2861,0.2901,131372.0
2023-10-01 14:15:00,0.2898,0.2916,0.2888,0.2903,210647.0
2023-10-01 14:30:00,0.2903,0.2912,0.2858,0.2866,242180.0
2023-10-01 14:45:00,0.2865,0.2879,0.2857,0.2863,186577.0
2023-10-01 15:00:00,0.2867,0.2891,0.2858,0.289,164006.0
2023-10-01 15:15:00,0.2891,0.2893,0.2874,0.2888,124240.0
2023-10-01 15:30:00,0.2891,0.2899,0.2871,0.2876,208950.0
2023-10-01 15:45:00,0.2876,0.2908,0.2865,0.2904,199651.0
2023-10-01 16:00:00,0.2902,0.2915,0.2893,0.2912,137050.0
2023-10-01 16:15:00,0.2914,0.2914,0.2892,0.2899,115132.0
2023-10-01 16:30:00,0.2899,0.2914,0.2887,0.29,193693.0
2023-10-01 16:45:00,0.2899,0.2916,0.2877,0.2884,210949.0
2023-10-01 17:00:00,0.2882,0.2901,0.2876,0.2899,297451.0
2023-10-01 17:15:00,0.2902,0.291,0.2885,0.29,176786.0
2023-10-01 17:30:00,0.29,0.2907,0.2865,0.2868,267126.0
2023-10-01 17:45:00,0.2868,0.2868,0.2826,0.2843,601673.0
2023-10-01 18:00:00,0.2841,0.2859,0.2841,0.2858,64883.0
2023-10-01 18:15:00,0.2859,0.2868,0.2852,0.2868,74558.0
2023-10-01 18:30:00,0.2869,0.2891,0.2869,0.2885,111988.0
2023-10-01 18:45:00,0.2888,0.2893,0.2875,0.2876,72722.0
2023-10-01 19:00:00,0.2875,0.2875,0.2861,0.2861,90216.0
2023-10-01 19:15:00,0.2861,0.2881,0.2861,0.2881,40688.0
2023-10-01 19:30:00,0.2879,0.2891,0.2878,0.2882,55957.0
2023-10-01 19:45:00,0.2883,0.2883,0.2865,0.2869,59236.0
2023-10-01 20:00:00,0.2873,0.2889,0.2854,0.2885,215686.0
2023-10-01 20:15:00,0.2884,0.2888,0.2875,0.2878,66568.0
2023-10-01 20:30:00,0.2877,0.2883,0.2867,0.2877,46215.0
2023-10-01 20:45:00,0.2879,0.2885,0.2877,0.2882,23132.0
2023-10-01 21:00:00,0.2881,0.2908,0.288,0.2892,111211.0
2023-10-01 21:15:00,0.2893,0.2902,0.2887,0.2892,75114.0
2023-10-01 21:30:00,0.2893,0.2905,0.2889,0.2904,36949.0
2023-10-01 21:45:00,0.2903,0.2917,0.2899,0.2916,80260.0
2023-10-01 22:00:00,0.2915,0.2915,0.2889,0.2895,107981.0
2023-10-01 22:15:00,0.2895,0.2995,0.2895,0.2957,1031852.0
2023-10-01 22:30:00,0.2958,0.2994,0.2956,0.2973,229905.0
2023-10-01 22:45:00,0.2971,0.3,0.297,0.2996,259963.0
2023-10-01 23:00:00,0.2997,0.3,0.2972,0.2975,243485.0
2023-10-01 23:15:00,0.2979,0.2979,0.2946,0.295,410022.0
2023-10-01 23:30:00,0.2953,0.2982,0.2945,0.2969,233422.0
2023-10-01 23:45:00,0.2969,0.2982,0.2957,0.2963,129957.0
2023-10-02 00:00:00,0.2964,0.3035,0.2964,0.2994,1042935.0
2023-10-02 00:15:00,0.2994,0.2994,0.2955,0.2955,273616.0
2023-10-02 00:30:00,0.2957,0.2967,0.2952,0.2957,98496.0
2023-10-02 00:45:00,0.2955,0.296,0.2938,0.2942,483525.0
2023-10-02 01:00:00,0.294,0.2955,0.2918,0.2931,322257.0
2023-10-02 01:15:00,0.2931,0.2962,0.2911,0.2961,210056.0
2023-10-02 01:30:00,0.2957,0.2964,0.2952,0.2954,148086.0
2023-10-02 01:45:00,0.2957,0.2958,0.2942,0.2946,104627.0
2023-10-02 02:00:00,0.2947,0.2965,0.2943,0.296,50144.0
2023-10-02 02:15:00,0.2958,0.2974,0.2955,0.297,108484.0
2023-10-02 02:30:00,0.297,0.2986,0.2969,0.2984,266376.0
2023-10-02 02:45:00,0.2986,0.299,0.2976,0.2982,75027.0
2023-10-02 03:00:00,0.2977,0.2982,0.2965,0.2971,127064.0
2023-10-02 03:15:00,0.297,0.2979,0.2953,0.296,87371.0
2023-10-02 03:30:00,0.2959,0.2995,0.2957,0.2991,318535.0
2023-10-02 03:45:00,0.2989,0.299,0.2973,0.2975,79591.0
2023-10-02 04:00:00,0.2976,0.2976,0.2949,0.2949,106186.0
2023-10-02 04:15:00,0.2951,0.2956,0.2936,0.2937,142746.0
2023-10-02 04:30:00,0.2935,0.2939,0.2924,0.2928,179277.0
2023-10-02 04:45:00,0.2927,0.2955,0.2927,0.2955,101551.0
2023-10-02 05:00:00,0.2952,0.2953,0.2931,0.2941,105924.0
2023-10-02 05:15:00,0.2945,0.2951,0.2942,0.2947,80433.0
2023-10-02 05:30:00,0.2947,0.2947,0.2915,0.2926,151569.0
2023-10-02 05:45:00,0.2927,0.2941,0.2919,0.2939,81567.0
2023-10-02 06:00:00,0.2935,0.2941,0.2928,0.2939,34348.0
2023-10-02 06:15:00,0.2939,0.2948,0.2936,0.2948,87533.0
2023-10-02 06:30:00,0.2949,0.2967,0.2948,0.2954,55637.0
2023-10-02 06:45:00,0.2955,0.2969,0.2954,0.2961,80144.0
2023-10-02 07:00:00,0.2964,0.2972,0.2955,0.2956,61151.0
2023-10-02 07:15:00,0.2956,0.297,0.2955,0.2961,48304.0
2023-10-02 07:30:00,0.2959,0.2984,0.2959,0.297,78533.0
2023-10-02 07:45:00,0.2969,0.2986,0.2966,0.297,134206.0
2023-10-02 08:00:00,0.2966,0.2966,0.2944,0.2952,77737.0
2023-10-02 08:15:00,0.2952,0.2963,0.2949,0.2958,104341.0
2023-10-02 08:30:00,0.2959,0.2968,0.2946,0.2947,212155.0
2023-10-02 08:45:00,0.2949,0.2954,0.2936,0.2938,115693.0
2023-10-02 09:00:00,0.2939,0.2944,0.2931,0.2937,128358.0
2023-10-02 09:15:00,0.2939,0.294,0.2921,0.2921,246343.0
2023-10-02 09:30:00,0.2924,0.2942,0.2923,0.293,94586.0
2023-10-02 09:45:00,0.2929,0.2935,0.2924,0.2927,109869.0
2023-10-02 10:00:00,0.2928,0.2933,0.2928,0.2933,79416.0
2023-10-02 10:15:00,0.2934,0.2961,0.2934,0.2954,129107.0
2023-10-02 10:30:00,0.2954,0.2958,0.2913,0.2924,434702.0
2023-10-02 10:45:00,0.2924,0.2927,0.2913,0.2917,105496.0
2023-10-02 11:00:00,0.2919,0.2925,0.2904,0.2908,169497.0
2023-10-02 11:15:00,0.2907,0.2927,0.2907,0.2923,131135.0
2023-10-02 11:30:00,0.2927,0.2932,0.2914,0.2914,71523.0
2023-10-02 11:45:00,0.2917,0.2918,0.2904,0.2905,111506.0
2023-10-02 12:00:00,0.2906,0.2913,0.2887,0.2913,277169.0
2023-10-02 12:15:00,0.2913,0.2917,0.2905,0.2914,57442.0
2023-10-02 12:30:00,0.2914,0.2931,0.2912,0.2928,98795.0
2023-10-02 12:45:00,0.2929,0.2945,0.2929,0.2944,69143.0
2023-10-02 13:00:00,0.294,0.2955,0.2919,0.2931,356003.0
2023-10-02 13:15:00,0.2932,0.2936,0.2916,0.2916,95401.0
2023-10-02 13:30:00,0.2916,0.293,0.2909,0.2923,105243.0
2023-10-02 13:45:00,0.2923,0.2923,0.2892,0.2905,203491.0
2023-10-02 14:00:00,0.2908,0.2909,0.2843,0.2849,590792.0
2023-10-02 14:15:00,0.2849,0.2853,0.2752,0.283,1488073.0
2023-10-02 14:30:00,0.2831,0.2864,0.2828,0.2851,338124.0
2023-10-02 14:45:00,0.2852,0.2871,0.2842,0.2862,264108.0
2023-10-02 15:00:00,0.2863,0.2876,0.2861,0.2869,166670.0
2023-10-02 15:15:00,0.2869,0.2873,0.2858,0.287,214094.0
2023-10-02 15:30:00,0.2869,0.2872,0.2854,0.2855,116353.0
2023-10-02 15:45:00,0.2856,0.2856,0.28,0.2816,438881.0
2023-10-02 16:00:00,0.2816,0.2841,0.2795,0.2841,399051.0
2023-10-02 16:15:00,0.2841,0.2848,0.2831,0.2836,104481.0
2023-10-02 16:30:00,0.2836,0.2839,0.282,0.2826,219854.0
2023-10-02 16:45:00,0.2825,0.2831,0.281,0.2815,227572.0
2023-10-02 17:00:00,0.2816,0.2825,0.2807,0.2822,126747.0
2023-10-02 17:15:00,0.2823,0.284,0.2819,0.284,138646.0
2023-10-02 17:30:00,0.284,0.2854,0.2834,0.2854,122126.0
2023-10-02 17:45:00,0.2854,0.2856,0.2844,0.2844,47494.0
2023-10-02 18:00:00,0.2841,0.2856,0.2839,0.2856,107614.0
2023-10-02 18:15:00,0.2854,0.2854,0.2822,0.2822,100286.0
2023-10-02 18:30:00,0.2824,0.2832,0.2657,0.2709,1605182.0
2023-10-02 18:45:00,0.2708,0.275,0.2706,0.274,220213.0
2023-10-02 19:00:00,0.2741,0.2771,0.2727,0.2761,225111.0
2023-10-02 19:15:00,0.276,0.2779,0.2757,0.2777,91909.0
2023-10-02 19:30:00,0.2776,0.2795,0.2776,0.2792,62875.0
2023-10-02 19:45:00,0.2793,0.2809,0.2789,0.2806,149612.0
2023-10-02 20:00:00,0.2804,0.2814,0.28,0.2813,112693.0
2023-10-02 20:15:00,0.2812,0.2819,0.2808,0.2809,110705.0
2023-10-02 20:30:00,0.2811,0.2814,0.28,0.28,36367.0
2023-10-02 20:45:00,0.2802,0.2812,0.2785,0.2785,136547.0
2023-10-02 21:00:00,0.2785,0.2793,0.2766,0.2784,154658.0
2023-10-02 21:15:00,0.2784,0.2802,0.2784,0.2802,29286.0
2023-10-02 21:30:00,0.28,0.28,0.2743,0.2745,191715.0
2023-10-02 21:45:00,0.2745,0.277,0.2729,0.2769,479281.0
2023-10-02 22:00:00,0.2769,0.2791,0.2766,0.2791,98599.0
2023-10-02 22:15:00,0.2791,0.28,0.2786,0.2791,211097.0
2023-10-02 22:30:00,0.2789,0.2811,0.2789,0.2795,297822.0
2023-10-02 22:45:00,0.2797,0.2804,0.2793,0.2802,30101.0
2023-10-02 23:00:00,0.2802,0.2815,0.2797,0.28,86708.0
2023-10-02 23:15:00,0.2804,0.2814,0.2802,0.2812,36483.0
2023-10-02 23:30:00,0.2811,0.2817,0.2809,0.2817,120057.0
2023-10-02 23:45:00,0.2817,0.2827,0.2809,0.281,83328.0
2023-10-03 00:00:00,0.2811,0.2819,0.2797,0.2814,119150.0
2023-10-03 00:15:00,0.2815,0.2824,0.2805,0.2807,91324.0
2023-10-03 00:30:00,0.2811,0.2819,0.2803,0.2809,112137.0
2023-10-03 00:45:00,0.2808,0.2811,0.2795,0.2799,154377.0
2023-10-03 01:00:00,0.2799,0.2806,0.2794,0.2799,44228.0
2023-10-03 01:15:00,0.2804,0.2826,0.2804,0.2826,73075.0
2023-10-03 01:30:00,0.2824,0.2854,0.2819,0.2842,538307.0
2023-10-03 01:45:00,0.2841,0.286,0.2841,0.2853,274385.0
2023-10-03 02:00:00,0.2853,0.2858,0.2835,0.2846,118884.0
2023-10-03 02:15:00,0.2845,0.2846,0.2837,0.2839,18250.0
2023-10-03 02:30:00,0.2839,0.2852,0.2838,0.2848,27389.0
2023-10-03 02:45:00,0.2845,0.285,0.2844,0.285,13615.0
2023-10-03 03:00:00,0.2845,0.2852,0.2842,0.2848,76325.0
2023-10-03 03:15:00,0.2849,0.2854,0.2835,0.2839,28800.0
2023-10-03 03:30:00,0.2839,0.2865,0.2834,0.2861,193792.0
2023-10-03 03:45:00,0.2863,0.2863,0.285,0.2857,48911.0
2023-10-03 04:00:00,0.2854,0.286,0.2843,0.2851,83429.0
2023-10-03 04:15:00,0.2853,0.2857,0.2814,0.2818,147836.0
2023-10-03 04:30:00,0.2816,0.2842,0.2816,0.2841,53257.0
2023-10-03 04:45:00,0.2837,0.2839,0.2823,0.2837,137046.0
2023-10-03 05:00:00,0.2837,0.2839,0.2824,0.2824,67552.0
2023-10-03 05:15:00,0.2824,0.2826,0.2806,0.2807,218998.0
2023-10-03 05:30:00,0.2806,0.2815,0.2796,0.2806,103868.0
2023-10-03 05:45:00,0.2806,0.2816,0.2789,0.2793,331449.0
2023-10-03 06:00:00,0.2794,0.2807,0.2794,0.2805,37163.0
2023-10-03 06:15:00,0.2806,0.2808,0.2802,0.2808,20696.0
2023-10-03 06:30:00,0.2808,0.2815,0.28,0.2807,67443.0
2023-10-03 06:45:00,0.2807,0.2837,0.2807,0.283,269034.0
2023-10-03 07:00:00,0.283,0.2832,0.2819,0.2819,45924.0
2023-10-03 07:15:00,0.2821,0.2821,0.2804,0.2805,66367.0
2023-10-03 07:30:00,0.2805,0.2805,0.2783,0.2786,96639.0
2023-10-03 07:45:00,0.2788,0.2797,0.2787,0.2787,52881.0
2023-10-03 08:00:00,0.2785,0.2801,0.2781,0.2781,222437.0
2023-10-03 08:15:00,0.2783,0.279,0.2768,0.2774,210633.0
2023-10-03 08:30:00,0.2774,0.279,0.2774,0.2786,128973.0
2023-10-03 08:45:00,0.2785,0.2785,0.2767,0.2768,125187.0
2023-10-03 09:00:00,0.2768,0.278,0.2766,0.2775,68143.0
2023-10-03 09:15:00,0.2776,0.278,0.2762,0.2762,48520.0
2023-10-03 09:30:00,0.2762,0.2776,0.2761,0.2762,144593.0
2023-10-03 09:45:00,0.2764,0.2766,0.2737,0.2743,458548.0
2023-10-03 10:00:00,0.2741,0.2754,0.271,0.272,357815.0
2023-10-03 10:15:00,0.2719,0.2728,0.27,0.2703,569036.0
2023-10-03 10:30:00,0.2703,0.2719,0.27,0.271,544197.0
2023-10-03 10:45:00,0.2711,0.2726,0.2711,0.2722,129369.0
2023-10-03 11:00:00,0.2724,0.2731,0.2692,0.2698,195313.0
2023-10-03 11:15:00,0.2701,0.2701,0.267,0.2671,515711.0
2023-10-03 11:30:00,0.2671,0.2686,0.2642,0.2685,466374.0
2023-10-03 11:45:00,0.2684,0.2688,0.2675,0.2682,91069.0
2023-10-03 12:00:00,0.2681,0.2688,0.2655,0.2658,232029.0
2023-10-03 12:15:00,0.2655,0.2659,0.2602,0.2628,1310597.0
2023-10-03 12:30:00,0.2628,0.265,0.2628,0.2634,275580.0
2023-10-03 12:45:00,0.2635,0.2647,0.2634,0.2644,122968.0
2023-10-03 13:00:00,0.2643,0.2643,0.2623,0.2623,231047.0
2023-10-03 13:15:00,0.2623,0.2647,0.2623,0.2637,352649.0
2023-10-03 13:30:00,0.2636,0.265,0.263,0.2648,63072.0
2023-10-03 13:45:00,0.2648,0.2648,0.2634,0.2634,167243.0
2023-10-03 14:00:00,0.2633,0.2633,0.2601,0.2616,344456.0
2023-10-03 14:15:00,0.2614,0.2615,0.2594,0.2603,336026.0
2023-10-03 14:30:00,0.2601,0.2611,0.2585,0.259,216678.0
2023-10-03 14:45:00,0.259,0.2607,0.2576,0.2605,300140.0
2023-10-03 15:00:00,0.2601,0.2604,0.2579,0.2599,165115.0
2023-10-03 15:15:00,0.26,0.2607,0.258,0.2588,188834.0
2023-10-03 15:30:00,0.2585,0.2587,0.2558,0.2564,490018.0
2023-10-03 15:45:00,0.2566,0.2583,0.2556,0.2581,200175.0
2023-10-03 16:00:00,0.2578,0.2594,0.2562,0.2582,177542.0
2023-10-03 16:15:00,0.2582,0.2584,0.257,0.2579,99012.0
2023-10-03 16:30:00,0.258,0.2581,0.2537,0.2552,544941.0
2023-10-03 16:45:00,0.2549,0.2552,0.2542,0.2545,154315.0
2023-10-03 17:00:00,0.2544,0.2547,0.2522,0.2529,414204.0
2023-10-03 17:15:00,0.2526,0.253,0.2518,0.253,283504.0
2023-10-03 17:30:00,0.2531,0.2542,0.2525,0.2536,395278.0
2023-10-03 17:45:00,0.2535,0.2557,0.2531,0.2542,239727.0
2023-10-03 18:00:00,0.2542,0.2551,0.2534,0.2537,55767.0
2023-10-03 18:15:00,0.2538,0.2543,0.2531,0.2531,37767.0
2023-10-03 18:30:00,0.2531,0.2533,0.2514,0.2523,132650.0
2023-10-03 18:45:00,0.2522,0.2526,0.2505,0.2513,189726.0
2023-10-03 19:00:00,0.2514,0.2524,0.2509,0.2524,98390.0
2023-10-03 19:15:00,0.2523,0.2534,0.2514,0.2519,93457.0
2023-10-03 19:30:00,0.2519,0.2519,0.2504,0.251,85706.0
2023-10-03 19:45:00,0.251,0.2511,0.2505,0.2511,53306.0
2023-10-03 20:00:00,0.2512,0.2538,0.2507,0.2538,569877.0
2023-10-03 20:15:00,0.2539,0.2548,0.2538,0.2548,118204.0
2023-10-03 20:30:00,0.2547,0.2547,0.2534,0.2537,54112.0
2023-10-03 20:45:00,0.2536,0.254,0.253,0.253,38617.0
2023-10-03 21:00:00,0.2531,0.2544,0.253,0.2536,71269.0
2023-10-03 21:15:00,0.2537,0.2539,0.2528,0.2531,81539.0
2023-10-03 21:30:00,0.253,0.2531,0.2524,0.2528,72560.0
2023-10-03 21:45:00,0.2528,0.2536,0.2528,0.253,29146.0
2023-10-03 22:00:00,0.2529,0.2536,0.2524,0.2536,30789.0
2023-10-03 22:15:00,0.2535,0.2535,0.2528,0.2532,17583.0
2023-10-03 22:30:00,0.253,0.2532,0.2526,0.2531,45738.0
2023-10-03 22:45:00,0.2531,0.255,0.2524,0.2547,163114.0
2023-10-03 23:00:00,0.255,0.2553,0.254,0.2546,103313.0
2023-10-03 23:15:00,0.2543,0.2545,0.2524,0.2529,56547.0
2023-10-03 23:30:00,0.2531,0.2532,0.2509,0.2527,55715.0
2023-10-03 23:45:00,0.2525,0.2533,0.2515,0.2521,23578.0
2023-10-04 00:00:00,0.2524,0.2525,0.2489,0.2505,446714.0
2023-10-04 00:15:00,0.2504,0.2509,0.2466,0.2478,492183.0
2023-10-04 00:30:00,0.2476,0.2476,0.2414,0.2445,682340.0
2023-10-04 00:45:00,0.2445,0.2461,0.2436,0.2436,198095.0
2023-10-04 01:00:00,0.2437,0.2457,0.2431,0.2453,165070.0
2023-10-04 01:15:00,0.2453,0.2456,0.2433,0.2454,235286.0
2023-10-04 01:30:00,0.2453,0.2458,0.2439,0.2451,301387.0
2023-10-04 01:45:00,0.2451,0.2453,0.2433,0.2433,142412.0
2023-10-04 02:00:00,0.2432,0.2469,0.242,0.2468,239346.0
2023-10-04 02:15:00,0.247,0.2476,0.2457,0.2469,172951.0
2023-10-04 02:30:00,0.2473,0.2478,0.2453,0.2458,193002.0
2023-10-04 02:45:00,0.2457,0.2481,0.2457,0.2471,236756.0
2023-10-04 03:00:00,0.247,0.248,0.246,0.248,154706.0
2023-10-04 03:15:00,0.2478,0.2492,0.2469,0.2489,232590.0
2023-10-04 03:30:00,0.2489,0.2492,0.2464,0.2471,188739.0
2023-10-04 03:45:00,0.2472,0.2475,0.2466,0.2472,46684.0
2023-10-04 04:00:00,0.2471,0.2474,0.2467,0.2474,28492.0
2023-10-04 04:15:00,0.2473,0.2478,0.2467,0.2478,107749.0
2023-10-04 04:30:00,0.2479,0.2479,0.246,0.2463,127355.0
2023-10-04 04:45:00,0.2462,0.2465,0.2456,0.2456,73833.0
2023-10-04 05:00:00,0.2458,0.2474,0.2455,0.2466,496871.0
2023-10-04 05:15:00,0.2466,0.2473,0.2455,0.2473,102910.0
2023-10-04 05:30:00,0.2472,0.248,0.247,0.2478,86490.0
2023-10-04 05:45:00,0.2477,0.2506,0.2475,0.2504,752742.0
2023-10-04 06:00:00,0.2504,0.2505,0.2488,0.2503,442313.0
2023-10-04 06:15:00,0.2503,0.2503,0.2492,0.2492,200751.0
2023-10-04 06:30:00,0.2493,0.25,0.2484,0.25,91512.0
2023-10-04 06:45:00,0.2501,0.2504,0.2494,0.2501,293277.0
2023-10-04 07:00:00,0.2501,0.2505,0.2493,0.2503,615059.0
2023-10-04 07:15:00,0.2502,0.2502,0.2487,0.2487,130270.0
2023-10-04 07:30:00,0.2488,0.2491,0.2471,0.248,169610.0
2023-10-04 07:45:00,0.2481,0.2483,0.2476,0.2482,126712.0
2023-10-04 08:00:00,0.2481,0.2481,0.2467,0.2481,105303.0
2023-10-04 08:15:00,0.248,0.2507,0.2477,0.25,126061.0
2023-10-04 08:30:00,0.2501,0.2521,0.2498,0.2518,286736.0
2023-10-04 08:45:00,0.2518,0.254,0.2516,0.2528,353677.0
2023-10-04 09:00:00,0.2527,0.2532,0.2515,0.2525,428731.0
2023-10-04 09:15:00,0.2525,0.253,0.2522,0.2522,137856.0
2023-10-04 09:30:00,0.2521,0.2524,0.2513,0.2517,72452.0
2023-10-04 09:45:00,0.2514,0.253,0.2513,0.2526,209177.0
2023-10-04 10:00:00,0.2526,0.2526,0.2505,0.2511,168142.0
2023-10-04 10:15:00,0.251,0.251,0.2496,0.2502,126434.0
2023-10-04 10:30:00,0.2501,0.2505,0.2491,0.2493,125093.0
2023-10-04 10:45:00,0.2493,0.2495,0.249,0.2492,184504.0
2023-10-04 11:00:00,0.2492,0.2494,0.2466,0.2474,322181.0
2023-10-04 11:15:00,0.2473,0.249,0.2473,0.2489,83010.0
2023-10-04 11:30:00,0.2489,0.2507,0.2479,0.2483,220446.0
2023-10-04 11:45:00,0.2484,0.2486,0.2472,0.2476,82271.0
2023-10-04 12:00:00,0.2474,0.2476,0.2459,0.2463,260146.0
2023-10-04 12:15:00,0.2463,0.2513,0.2463,0.2503,619319.0
2023-10-04 12:30:00,0.2503,0.2505,0.2496,0.2499,121710.0
2023-10-04 12:45:00,0.2498,0.2503,0.2492,0.2494,125514.0
2023-10-04 13:00:00,0.2494,0.2496,0.2467,0.2467,178508.0
2023-10-04 13:15:00,0.2467,0.2471,0.2447,0.2449,320962.0
2023-10-04 13:30:00,0.2451,0.2458,0.2429,0.2432,434251.0
2023-10-04 13:45:00,0.2432,0.2446,0.2425,0.2429,267095.0
2023-10-04 14:00:00,0.2429,0.2437,0.2415,0.2436,338475.0
2023-10-04 14:15:00,0.2435,0.2437,0.2415,0.2418,370030.0
2023-10-04 14:30:00,0.2417,0.2432,0.2414,0.2426,306654.0
2023-10-04 14:45:00,0.2428,0.243,0.2417,0.2427,225717.0
2023-10-04 15:00:00,0.2426,0.2427,0.2415,0.2417,380982.0
2023-10-04 15:15:00,0.2417,0.2421,0.2409,0.2421,209151.0
2023-10-04 15:30:00,0.2419,0.242,0.2386,0.2387,619765.0
2023-10-04 15:45:00,0.239,0.239,0.2355,0.2374,1219054.0
2023-10-04 16:00:00,0.2374,0.2395,0.237,0.239,217556.0
2023-10-04 16:15:00,0.2389,0.2411,0.2389,0.2411,196357.0
2023-10-04 16:30:00,0.2411,0.2426,0.241,0.2419,243164.0
2023-10-04 16:45:00,0.2418,0.242,0.2411,0.2414,114688.0
2023-10-04 17:00:00,0.2414,0.2414,0.2405,0.2407,60532.0
2023-10-04 17:15:00,0.2409,0.2409,0.2394,0.2398,114871.0
2023-10-04 17:30:00,0.2396,0.2399,0.2392,0.2399,15664.0
2023-10-04 17:45:00,0.2399,0.2403,0.2397,0.24,52771.0
2023-10-04 18:00:00,0.2399,0.2421,0.2398,0.242,77628.0
2023-10-04 18:15:00,0.242,0.2428,0.2419,0.2425,119940.0
2023-10-04 18:30:00,0.2426,0.2426,0.2407,0.2407,27597.0
2023-10-04 18:45:00,0.2409,0.2415,0.2401,0.2412,43138.0
2023-10-04 19:00:00,0.2415,0.245,0.2415,0.244,427182.0
2023-10-04 19:15:00,0.2443,0.2449,0.243,0.2434,110833.0
2023-10-04 19:30:00,0.243,0.243,0.2397,0.2411,127561.0
2023-10-04 19:45:00,0.2413,0.242,0.2412,0.2413,12490.0
2023-10-04 20:00:00,0.2411,0.2428,0.2403,0.2427,127177.0
2023-10-04 20:15:00,0.2429,0.243,0.2423,0.2427,39339.0
2023-10-04 20:30:00,0.2428,0.2434,0.2426,0.2433,113660.0
2023-10-04 20:45:00,0.2429,0.2431,0.2423,0.2426,60786.0
2023-10-04 21:00:00,0.2425,0.2435,0.242,0.2421,319517.0
2023-10-04 21:15:00,0.2423,0.2424,0.242,0.2421,34683.0
2023-10-04 21:30:00,0.2423,0.2426,0.242,0.2421,30865.0
2023-10-04 21:45:00,0.242,0.242,0.2413,0.2417,66187.0
2023-10-04 22:00:00,0.2417,0.2423,0.2414,0.2415,46186.0
2023-10-04 22:15:00,0.2415,0.2424,0.2413,0.2424,30351.0
2023-10-04 22:30:00,0.2419,0.2431,0.2417,0.2427,79959.0
2023-10-04 22:45:00,0.2426,0.2434,0.2426,0.2431,21833.0
2023-10-04 23:00:00,0.2431,0.2435,0.2425,0.2433,84157.0
2023-10-04 23:15:00,0.2434,0.2438,0.2425,0.2428,49325.0
2023-10-04 23:30:00,0.243,0.2433,0.242,0.242,182885.0
2023-10-04 23:45:00,0.242,0.2421,0.2406,0.2414,133773.0
2023-10-05 00:00:00,0.2412,0.2412,0.2396,0.2396,139983.0
2023-10-05 00:15:00,0.2397,0.241,0.2396,0.2405,162684.0
2023-10-05 00:30:00,0.2405,0.2426,0.2397,0.2424,579621.0
2023-10-05 00:45:00,0.2423,0.2465,0.242,0.2461,873242.0
2023-10-05 01:00:00,0.246,0.246,0.2421,0.2429,324215.0
2023-10-05 01:15:00,0.2425,0.2436,0.2421,0.243,184907.0
2023-10-05 01:30:00,0.2429,0.2442,0.2425,0.2428,198365.0
2023-10-05 01:45:00,0.2428,0.249,0.2427,0.2474,593416.0
2023-10-05 02:00:00,0.2472,0.2486,0.2432,0.2437,491347.0
2023-10-05 02:15:00,0.2436,0.2445,0.2424,0.2433,164482.0
2023-10-05 02:30:00,0.2434,0.2448,0.2432,0.2448,112745.0
2023-10-05 02:45:00,0.2446,0.2463,0.2443,0.2452,126474.0
2023-10-05 03:00:00,0.2447,0.2456,0.2437,0.2446,68755.0
2023-10-05 03:15:00,0.2448,0.2458,0.2441,0.2456,82843.0
2023-10-05 03:30:00,0.2455,0.2459,0.2451,0.2459,47510.0
2023-10-05 03:45:00,0.2457,0.2457,0.2447,0.2449,97202.0
2023-10-05 04:00:00,0.2448,0.2469,0.2441,0.2468,103535.0
2023-10-05 04:15:00,0.2466,0.2467,0.2455,0.2464,96802.0
2023-10-05 04:30:00,0.246,0.2477,0.2458,0.2461,321322.0
2023-10-05 04:45:00,0.2462,0.2469,0.2461,0.2463,131204.0
2023-10-05 05:00:00,0.2466,0.2471,0.2451,0.2456,199234.0
2023-10-05 05:15:00,0.2456,0.2456,0.2443,0.2447,59370.0
2023-10-05 05:30:00,0.2448,0.2454,0.2442,0.2445,58385.0
2023-10-05 05:45:00,0.2446,0.2448,0.2442,0.2444,31352.0
2023-10-05 06:00:00,0.2446,0.2462,0.244,0.2456,89234.0
2023-10-05 06:15:00,0.2456,0.2459,0.2434,0.2442,524496.0
2023-10-05 06:30:00,0.2444,0.2444,0.2419,0.2437,502883.0
2023-10-05 06:45:00,0.2436,0.2448,0.2436,0.2446,68096.0
2023-10-05 07:00:00,0.2445,0.2446,0.2424,0.2424,113094.0
2023-10-05 07:15:00,0.2423,0.2432,0.2419,0.243,266905.0
2023-10-05 07:30:00,0.2429,0.2434,0.2418,0.2433,629122.0
2023-10-05 07:45:00,0.2435,0.2459,0.2435,0.2458,86266.0
2023-10-05 08:00:00,0.246,0.246,0.2439,0.2439,77095.0
2023-10-05 08:15:00,0.2439,0.2439,0.2427,0.2428,46910.0
2023-10-05 08:30:00,0.2431,0.2432,0.2422,0.2424,112444.0
2023-10-05 08:45:00,0.2427,0.2436,0.2425,0.2435,43204.0
2023-10-05 09:00:00,0.2435,0.244,0.2432,0.2439,48177.0
2023-10-05 09:15:00,0.2439,0.2444,0.2439,0.2439,27171.0
2023-10-05 09:30:00,0.244,0.2441,0.2429,0.2434,224244.0
2023-10-05 09:45:00,0.2433,0.2433,0.2428,0.243,36689.0
2023-10-05 10:00:00,0.243,0.244,0.243,0.2432,125227.0
2023-10-05 10:15:00,0.2433,0.2433,0.2417,0.2427,126968.0
2023-10-05 10:30:00,0.2426,0.2428,0.2419,0.2422,135248.0
2023-10-05 10:45:00,0.2421,0.2443,0.2419,0.2442,149220.0
2023-10-05 11:00:00,0.2442,0.2442,0.2425,0.2436,155359.0
2023-10-05 11:15:00,0.2434,0.2434,0.2426,0.2426,14129.0
2023-10-05 11:30:00,0.2427,0.2432,0.2424,0.243,25865.0
2023-10-05 11:45:00,0.243,0.243,0.2412,0.2413,170802.0
2023-10-05 12:00:00,0.2412,0.2417,0.2409,0.2409,139905.0
2023-10-05 12:15:00,0.2409,0.2409,0.2374,0.2381,645917.0
2023-10-05 12:30:00,0.2382,0.2384,0.2372,0.2378,180368.0
2023-10-05 12:45:00,0.2378,0.2381,0.2374,0.2377,36189.0
2023-10-05 13:00:00,0.2377,0.2402,0.2377,0.24,185824.0
2023-10-05 13:15:00,0.2401,0.2421,0.2401,0.2417,369474.0
2023-10-05 13:30:00,0.2417,0.2433,0.2403,0.2403,265784.0
2023-10-05 13:45:00,0.2408,0.2411,0.2394,0.2401,140349.0
2023-10-05 14:00:00,0.24,0.24,0.2387,0.2396,92365.0
2023-10-05 14:15:00,0.2396,0.2408,0.2396,0.2404,116901.0
2023-10-05 14:30:00,0.2404,0.2409,0.2386,0.239,210284.0
2023-10-05 14:45:00,0.239,0.2394,0.2386,0.2388,68653.0
2023-10-05 15:00:00,0.2389,0.2389,0.2356,0.237,427258.0
2023-10-05 15:15:00,0.2371,0.2381,0.2356,0.2365,174256.0
2023-10-05 15:30:00,0.2364,0.2364,0.2301,0.2337,1017770.0
2023-10-05 15:45:00,0.2337,0.2346,0.2326,0.2327,130467.0
2023-10-05 16:00:00,0.2327,0.2343,0.2322,0.2343,161875.0
2023-10-05 16:15:00,0.2339,0.2358,0.2338,0.2349,151610.0
2023-10-05 16:30:00,0.2348,0.235,0.2327,0.2327,157443.0
2023-10-05 16:45:00,0.2329,0.233,0.2305,0.231,584145.0
2023-10-05 17:00:00,0.2312,0.2315,0.23,0.2312,181771.0
2023-10-05 17:15:00,0.2312,0.2312,0.229,0.2297,649759.0
2023-10-05 17:30:00,0.2294,0.2314,0.2294,0.2313,70008.0
2023-10-05 17:45:00,0.2312,0.2313,0.2309,0.2309,67925.0
2023-10-05 18:00:00,0.2308,0.2311,0.2302,0.2309,94783.0
2023-10-05 18:15:00,0.2311,0.2313,0.2307,0.2312,109906.0
2023-10-05 18:30:00,0.2311,0.2326,0.231,0.2323,144683.0
2023-10-05 18:45:00,0.2323,0.2325,0.2321,0.2324,64763.0
2023-10-05 19:00:00,0.2324,0.2332,0.2324,0.233,33886.0
2023-10-05 19:15:00,0.2328,0.2335,0.2326,0.2333,202228.0
2023-10-05 19:30:00,0.2332,0.2332,0.232,0.2323,70566.0
2023-10-05 19:45:00,0.2323,0.2326,0.2313,0.2313,136820.0
2023-10-05 20:00:00,0.2315,0.2327,0.2312,0.2321,87287.0
2023-10-05 20:15:00,0.2324,0.2332,0.2323,0.2331,29457.0
2023-10-05 20:30:00,0.2328,0.233,0.2322,0.2324,9316.0
2023-10-05 20:45:00,0.2325,0.2325,0.2318,0.2323,16977.0
2023-10-05 21:00:00,0.2323,0.2333,0.2323,0.2333,24799.0
2023-10-05 21:15:00,0.2333,0.2334,0.2322,0.2324,18890.0
2023-10-05 21:30:00,0.2326,0.2327,0.232,0.232,43983.0
2023-10-05 21:45:00,0.232,0.2327,0.2319,0.2321,113036.0
2023-10-05 22:00:00,0.2321,0.2322,0.2305,0.2313,150561.0
2023-10-05 22:15:00,0.2313,0.2317,0.2307,0.2317,39148.0
2023-10-05 22:30:00,0.2318,0.2327,0.2318,0.2327,41085.0
2023-10-05 22:45:00,0.2326,0.2327,0.2319,0.2323,86502.0
2023-10-05 23:00:00,0.2324,0.2328,0.2323,0.2328,13289.0
2023-10-05 23:15:00,0.2326,0.2326,0.2314,0.2318,25448.0
2023-10-05 23:30:00,0.2317,0.2331,0.2315,0.2325,234570.0
2023-10-05 23:45:00,0.2326,0.2327,0.2317,0.2318,89887.0
2023-10-06 00:00:00,0.2319,0.2326,0.2275,0.23,848286.0
2023-10-06 00:15:00,0.2295,0.23,0.2268,0.228,860695.0
2023-10-06 00:30:00,0.2282,0.2298,0.228,0.2298,53379.0
2023-10-06 00:45:00,0.2298,0.2314,0.2298,0.2313,78583.0
2023-10-06 01:00:00,0.2312,0.2318,0.2311,0.2318,13052.0
2023-10-06 01:15:00,0.2319,0.2324,0.2314,0.232,53364.0
2023-10-06 01:30:00,0.232,0.234,0.2318,0.2339,182677.0
2023-10-06 01:45:00,0.2338,0.2348,0.2338,0.2338,110176.0
2023-10-06 02:00:00,0.2338,0.2353,0.2338,0.2346,99465.0
2023-10-06 02:15:00,0.2349,0.2357,0.2345,0.2356,133852.0
2023-10-06 02:30:00,0.2356,0.2359,0.2346,0.2353,49507.0
2023-10-06 02:45:00,0.2354,0.2359,0.235,0.2352,85194.0
2023-10-06 03:00:00,0.2354,0.2354,0.2347,0.2347,42443.0
2023-10-06 03:15:00,0.2347,0.2349,0.234,0.2341,19804.0
2023-10-06 03:30:00,0.2341,0.2353,0.2341,0.2351,35484.0
2023-10-06 03:45:00,0.2348,0.235,0.234,0.2344,41598.0
2023-10-06 04:00:00,0.2344,0.2347,0.2342,0.2346,19396.0
2023-10-06 04:15:00,0.2346,0.2346,0.2334,0.2344,112203.0
2023-10-06 04:30:00,0.2346,0.2352,0.2345,0.235,29026.0
2023-10-06 04:45:00,0.2352,0.2356,0.2348,0.235,41625.0
2023-10-06 05:00:00,0.2349,0.2362,0.2349,0.2352,72025.0
2023-10-06 05:15:00,0.235,0.235,0.2335,0.2336,55477.0
2023-10-06 05:30:00,0.2338,0.2343,0.2334,0.2342,9942.0
2023-10-06 05:45:00,0.2343,0.2343,0.2335,0.2337,54058.0
2023-10-06 06:00:00,0.2339,0.2342,0.2329,0.2336,25743.0
2023-10-06 06:15:00,0.2333,0.2339,0.2328,0.2336,53404.0
2023-10-06 06:30:00,0.2338,0.234,0.2329,0.2335,23986.0
2023-10-06 06:45:00,0.2337,0.2347,0.2333,0.2346,93986.0
2023-10-06 07:00:00,0.2344,0.236,0.2339,0.2354,85381.0
2023-10-06 07:15:00,0.2356,0.2357,0.2352,0.2353,34700.0
2023-10-06 07:30:00,0.2353,0.236,0.2353,0.2356,59820.0
2023-10-06 07:45:00,0.2358,0.2375,0.2354,0.237,179998.0
2023-10-06 08:00:00,0.2372,0.2381,0.2366,0.2371,256454.0
2023-10-06 08:15:00,0.2371,0.2392,0.2368,0.2375,322122.0
2023-10-06 08:30:00,0.2376,0.2376,0.2362,0.237,141478.0
2023-10-06 08:45:00,0.2369,0.2372,0.2362,0.2365,48161.0
2023-10-06 09:00:00,0.2367,0.2372,0.2365,0.2372,14915.0
2023-10-06 09:15:00,0.2372,0.2379,0.237,0.2377,155735.0
2023-10-06 09:30:00,0.2375,0.2386,0.2371,0.2383,162593.0
2023-10-06 09:45:00,0.2382,0.2387,0.238,0.2383,32715.0
2023-10-06 10:00:00,0.2383,0.2386,0.2379,0.2383,34935.0
2023-10-06 10:15:00,0.2383,0.2387,0.2375,0.2375,75643.0
2023-10-06 10:30:00,0.2378,0.238,0.2363,0.2366,382987.0
2023-10-06 10:45:00,0.2368,0.2368,0.2358,0.2358,60534.0
2023-10-06 11:00:00,0.2359,0.2363,0.235,0.2361,112515.0
2023-10-06 11:15:00,0.2362,0.2362,0.2354,0.2356,86517.0
2023-10-06 11:30:00,0.2356,0.2361,0.2353,0.2361,35981.0
2023-10-06 11:45:00,0.2358,0.2369,0.2358,0.2364,66505.0
2023-10-06 12:00:00,0.2366,0.2376,0.2362,0.2365,60875.0
2023-10-06 12:15:00,0.2368,0.2368,0.2353,0.2356,55871.0
2023-10-06 12:30:00,0.2354,0.2355,0.2339,0.2343,357325.0
2023-10-06 12:45:00,0.2341,0.2341,0.2324,0.2331,206239.0
2023-10-06 13:00:00,0.233,0.2353,0.232,0.2352,287993.0
2023-10-06 13:15:00,0.2352,0.236,0.2352,0.236,74685.0
2023-10-06 13:30:00,0.2361,0.2379,0.2361,0.2366,220915.0
2023-10-06 13:45:00,0.2366,0.2372,0.2356,0.2367,112489.0
2023-10-06 14:00:00,0.2368,0.2373,0.2361,0.2373,92587.0
2023-10-06 14:15:00,0.2374,0.2384,0.2372,0.2383,105273.0
2023-10-06 14:30:00,0.2385,0.2387,0.2367,0.237,272197.0
2023-10-06 14:45:00,0.237,0.237,0.2366,0.237,63238.0
2023-10-06 15:00:00,0.2371,0.2384,0.2365,0.2383,96280.0
2023-10-06 15:15:00,0.2384,0.2394,0.2378,0.239,293433.0
2023-10-06 15:30:00,0.239,0.243,0.2387,0.242,853908.0
2023-10-06 15:45:00,0.2421,0.2426,0.2416,0.2419,189629.0
2023-10-06 16:00:00,0.2419,0.2421,0.2386,0.2392,211515.0
2023-10-06 16:15:00,0.2391,0.2392,0.2379,0.2391,85307.0
2023-10-06 16:30:00,0.2391,0.2407,0.2391,0.2404,103032.0
2023-10-06 16:45:00,0.2404,0.2404,0.2397,0.24,21198.0
2023-10-06 17:00:00,0.24,0.24,0.2393,0.2393,79165.0
2023-10-06 17:15:00,0.2394,0.241,0.2393,0.241,28035.0
2023-10-06 17:30:00,0.2411,0.2412,0.2398,0.2402,59394.0
2023-10-06 17:45:00,0.2401,0.2404,0.2392,0.2398,75660.0
2023-10-06 18:00:00,0.2401,0.2404,0.2399,0.24,58319.0
2023-10-06 18:15:00,0.2399,0.2404,0.2394,0.2404,48042.0
2023-10-06 18:30:00,0.2403,0.2403,0.239,0.2391,37221.0
2023-10-06 18:45:00,0.2392,0.2394,0.2389,0.2394,18756.0
2023-10-06 19:00:00,0.2394,0.2396,0.239,0.2396,26488.0
2023-10-06 19:15:00,0.2395,0.2412,0.2395,0.2411,71902.0
2023-10-06 19:30:00,0.2411,0.2412,0.2405,0.2406,91927.0
2023-10-06 19:45:00,0.2406,0.2407,0.24,0.2401,23826.0
2023-10-06 20:00:00,0.2402,0.2402,0.2392,0.2395,33831.0
2023-10-06 20:15:00,0.2395,0.2402,0.2394,0.2399,8190.0
2023-10-06 20:30:00,0.2399,0.24,0.2394,0.2394,6498.0
2023-10-06 20:45:00,0.2395,0.24,0.2395,0.2398,2650.0
2023-10-06 21:00:00,0.2398,0.2401,0.2395,0.2398,20862.0
2023-10-06 21:15:00,0.2399,0.24,0.2396,0.2398,5471.0
2023-10-06 21:30:00,0.2399,0.2421,0.2394,0.2407,60437.0
2023-10-06 21:45:00,0.2405,0.2408,0.2398,0.2401,38284.0
2023-10-06 22:00:00,0.2402,0.2409,0.2397,0.2405,10790.0
2023-10-06 22:15:00,0.2405,0.2405,0.2394,0.2394,6619.0
2023-10-06 22:30:00,0.2395,0.2397,0.2386,0.2389,76193.0
2023-10-06 22:45:00,0.2387,0.2393,0.2383,0.2383,33420.0
2023-10-06 23:00:00,0.2384,0.2385,0.2377,0.2381,54996.0
2023-10-06 23:15:00,0.2383,0.2384,0.2376,0.2376,34207.0
2023-10-06 23:30:00,0.2377,0.2386,0.2377,0.2382,25482.0
2023-10-06 23:45:00,0.2384,0.2384,0.2375,0.2377,32832.0
2023-10-07 00:00:00,0.2378,0.2379,0.2366,0.2367,218541.0
2023-10-07 00:15:00,0.2366,0.2375,0.2362,0.2374,60679.0
2023-10-07 00:30:00,0.2373,0.2381,0.237,0.2381,10404.0
2023-10-07 00:45:00,0.2382,0.2382,0.2371,0.2381,46525.0
2023-10-07 01:00:00,0.2383,0.2389,0.2383,0.2389,38167.0
2023-10-07 01:15:00,0.2389,0.2393,0.2389,0.2393,29227.0
2023-10-07 01:30:00,0.2391,0.2392,0.2377,0.2377,77584.0
2023-10-07 01:45:00,0.2377,0.2381,0.2372,0.2375,39937.0
2023-10-07 02:00:00,0.2373,0.2373,0.2367,0.2367,41566.0
2023-10-07 02:15:00,0.2368,0.2376,0.2363,0.2376,63097.0
2023-10-07 02:30:00,0.2377,0.2377,0.2366,0.2366,11606.0
2023-10-07 02:45:00,0.2366,0.237,0.2349,0.2353,116377.0
2023-10-07 03:00:00,0.2353,0.2364,0.2345,0.2364,146567.0
2023-10-07 03:15:00,0.2364,0.239,0.2364,0.2375,297694.0
2023-10-07 03:30:00,0.2375,0.2378,0.2371,0.2371,89836.0
2023-10-07 03:45:00,0.237,0.237,0.2363,0.2363,101377.0
2023-10-07 04:00:00,0.2364,0.238,0.2364,0.238,39235.0
2023-10-07 04:15:00,0.238,0.2385,0.2375,0.2375,43317.0
2023-10-07 04:30:00,0.2379,0.2383,0.2379,0.2383,22347.0
2023-10-07 04:45:00,0.2383,0.2392,0.2381,0.2382,79790.0
2023-10-07 05:00:00,0.2384,0.2393,0.2384,0.2392,73872.0
2023-10-07 05:15:00,0.2392,0.2394,0.2389,0.239,29762.0
2023-10-07 05:30:00,0.2393,0.2395,0.2388,0.239,45086.0
2023-10-07 05:45:00,0.239,0.2392,0.2385,0.2387,20979.0
2023-10-07 06:00:00,0.2386,0.2393,0.2373,0.2373,62378.0
2023-10-07 06:15:00,0.2372,0.2382,0.2367,0.2382,119353.0
2023-10-07 06:30:00,0.2382,0.2395,0.238,0.2393,101189.0
2023-10-07 06:45:00,0.2391,0.2392,0.2376,0.2376,37496.0
2023-10-07 07:00:00,0.2377,0.2382,0.2373,0.2378,25701.0
2023-10-07 07:15:00,0.2379,0.2386,0.2379,0.2386,4323.0
2023-10-07 07:30:00,0.2387,0.2394,0.2382,0.2382,27440.0
2023-10-07 07:45:00,0.2384,0.2388,0.2375,0.2376,20521.0
2023-10-07 08:00:00,0.2376,0.2377,0.2363,0.2366,32676.0
2023-10-07 08:15:00,0.2366,0.2371,0.2364,0.237,15954.0
2023-10-07 08:30:00,0.2371,0.2393,0.2371,0.2391,43176.0
2023-10-07 08:45:00,0.2389,0.2394,0.2383,0.2391,41175.0
2023-10-07 09:00:00,0.2393,0.2393,0.2388,0.239,89082.0
2023-10-07 09:15:00,0.2389,0.2418,0.2384,0.2412,556702.0
2023-10-07 09:30:00,0.2412,0.2413,0.2394,0.2399,136224.0
2023-10-07 09:45:00,0.2398,0.2399,0.238,0.2381,88052.0
2023-10-07 10:00:00,0.2384,0.2403,0.2384,0.2401,107515.0
2023-10-07 10:15:00,0.2402,0.2404,0.2396,0.2402,45903.0
2023-10-07 10:30:00,0.2402,0.2403,0.2397,0.2397,39982.0
2023-10-07 10:45:00,0.2397,0.2403,0.2395,0.2399,32882.0
2023-10-07 11:00:00,0.2397,0.2397,0.2383,0.2389,48790.0
2023-10-07 11:15:00,0.2391,0.2394,0.2383,0.2392,21233.0
2023-10-07 11:30:00,0.2392,0.2395,0.239,0.2392,49328.0
2023-10-07 11:45:00,0.2393,0.2394,0.2383,0.2385,50858.0
2023-10-07 12:00:00,0.2386,0.2394,0.237,0.2372,498911.0
2023-10-07 12:15:00,0.2372,0.2379,0.2372,0.2377,36614.0
2023-10-07 12:30:00,0.2376,0.2377,0.2371,0.2377,43836.0
2023-10-07 12:45:00,0.2376,0.2377,0.2373,0.2373,35679.0
2023-10-07 13:00:00,0.2372,0.238,0.237,0.238,43172.0
2023-10-07 13:15:00,0.238,0.2381,0.2376,0.238,11769.0
2023-10-07 13:30:00,0.238,0.2384,0.2379,0.2381,19329.0
2023-10-07 13:45:00,0.2379,0.239,0.2379,0.2389,24271.0
2023-10-07 14:00:00,0.2387,0.2398,0.2387,0.2397,17698.0
2023-10-07 14:15:00,0.2397,0.2398,0.2389,0.2396,32478.0
2023-10-07 14:30:00,0.2397,0.2397,0.2391,0.2397,4934.0
2023-10-07 14:45:00,0.2399,0.2402,0.2393,0.2401,71272.0
2023-10-07 15:00:00,0.2401,0.2404,0.2389,0.239,63218.0
2023-10-07 15:15:00,0.2396,0.2402,0.2396,0.2397,10873.0
2023-10-07 15:30:00,0.2397,0.2399,0.2389,0.2392,63260.0
2023-10-07 15:45:00,0.2394,0.2395,0.2389,0.2395,44075.0
2023-10-07 16:00:00,0.2393,0.2409,0.2393,0.2408,116639.0
2023-10-07 16:15:00,0.2407,0.2412,0.2404,0.2408,36551.0
2023-10-07 16:30:00,0.241,0.2418,0.2403,0.2403,191901.0
2023-10-07 16:45:00,0.2403,0.2404,0.24,0.2402,65778.0
2023-10-07 17:00:00,0.2403,0.2406,0.2394,0.2394,21894.0
2023-10-07 17:15:00,0.2395,0.2395,0.2382,0.2386,83115.0
2023-10-07 17:30:00,0.2386,0.2394,0.2386,0.239,11283.0
2023-10-07 17:45:00,0.2388,0.239,0.2385,0.2385,7440.0
2023-10-07 18:00:00,0.2385,0.2395,0.2382,0.2384,36515.0
2023-10-07 18:15:00,0.2385,0.2387,0.2382,0.2385,9109.0
2023-10-07 18:30:00,0.2386,0.2386,0.2378,0.2379,31650.0
2023-10-07 18:45:00,0.2379,0.2379,0.2368,0.2369,191147.0
2023-10-07 19:00:00,0.237,0.2372,0.2357,0.236,220197.0
2023-10-07 19:15:00,0.2362,0.2363,0.2358,0.2363,16561.0
2023-10-07 19:30:00,0.2365,0.2368,0.2362,0.2366,13173.0
2023-10-07 19:45:00,0.2366,0.2366,0.2346,0.2348,231334.0
2023-10-07 20:00:00,0.2348,0.2368,0.2348,0.2368,115090.0
2023-10-07 20:15:00,0.2368,0.2372,0.2368,0.2369,31194.0
2023-10-07 20:30:00,0.2371,0.2374,0.237,0.2373,27104.0
2023-10-07 20:45:00,0.2375,0.238,0.2374,0.238,11438.0
2023-10-07 21:00:00,0.2379,0.2383,0.2377,0.2383,26559.0
2023-10-07 21:15:00,0.2384,0.2396,0.2384,0.2393,65733.0
2023-10-07 21:30:00,0.2394,0.2398,0.2391,0.2393,44673.0
2023-10-07 21:45:00,0.2395,0.2395,0.2386,0.239,44252.0
2023-10-07 22:00:00,0.2391,0.2398,0.2391,0.2395,22800.0
2023-10-07 22:15:00,0.2392,0.2393,0.2387,0.2387,29302.0
2023-10-07 22:30:00,0.2386,0.2386,0.2374,0.2384,55901.0
2023-10-07 22:45:00,0.2383,0.2385,0.2382,0.2383,9771.0
2023-10-07 23:00:00,0.2384,0.2386,0.2375,0.2377,95132.0
2023-10-07 23:15:00,0.238,0.2382,0.2371,0.2372,57425.0
2023-10-07 23:30:00,0.2371,0.2372,0.2365,0.2367,193839.0
2023-10-07 23:45:00,0.2367,0.2372,0.2365,0.2372,34371.0
2023-10-08 00:00:00,0.2371,0.238,0.2367,0.238,21649.0
2023-10-08 00:15:00,0.2379,0.2382,0.2376,0.238,29941.0
2023-10-08 00:30:00,0.2379,0.2382,0.2374,0.2378,17873.0
2023-10-08 00:45:00,0.2381,0.2386,0.2378,0.2378,77137.0
2023-10-08 01:00:00,0.2378,0.2378,0.237,0.237,59444.0
2023-10-08 01:15:00,0.2372,0.2374,0.2362,0.2365,53979.0
2023-10-08 01:30:00,0.2363,0.2368,0.2361,0.2368,100752.0
2023-10-08 01:45:00,0.2368,0.237,0.2365,0.2368,31059.0
2023-10-08 02:00:00,0.2366,0.237,0.2365,0.237,35503.0
2023-10-08 02:15:00,0.2369,0.2378,0.2368,0.2377,35206.0
2023-10-08 02:30:00,0.2377,0.238,0.2371,0.2371,27991.0
2023-10-08 02:45:00,0.2372,0.2373,0.2363,0.2365,176956.0
2023-10-08 03:00:00,0.2368,0.2368,0.2362,0.2365,22918.0
2023-10-08 03:15:00,0.2368,0.2371,0.2361,0.2363,43427.0
2023-10-08 03:30:00,0.2365,0.2368,0.2362,0.2368,29623.0
2023-10-08 03:45:00,0.2369,0.237,0.2366,0.2368,23925.0
2023-10-08 04:00:00,0.2368,0.2368,0.2332,0.2336,263041.0
2023-10-08 04:15:00,0.2338,0.2343,0.2332,0.2338,92935.0
2023-10-08 04:30:00,0.2339,0.2344,0.2337,0.2337,47103.0
2023-10-08 04:45:00,0.2336,0.2338,0.2327,0.2329,155395.0
2023-10-08 05:00:00,0.2329,0.2331,0.2326,0.2326,132994.0
2023-10-08 05:15:00,0.2327,0.2331,0.232,0.2329,161884.0
2023-10-08 05:30:00,0.2329,0.2329,0.2295,0.2315,334608.0
2023-10-08 05:45:00,0.2315,0.2316,0.2307,0.2315,117383.0
2023-10-08 06:00:00,0.2316,0.2326,0.2316,0.2326,30260.0
2023-10-08 06:15:00,0.2325,0.2335,0.2325,0.2334,15709.0
2023-10-08 06:30:00,0.2333,0.2339,0.2328,0.2329,50963.0
2023-10-08 06:45:00,0.2326,0.2326,0.2314,0.2314,108411.0
2023-10-08 07:00:00,0.2317,0.2324,0.2314,0.2315,220111.0
2023-10-08 07:15:00,0.2316,0.2324,0.2316,0.2318,76614.0
2023-10-08 07:30:00,0.2318,0.2324,0.2316,0.2323,37579.0
2023-10-08 07:45:00,0.2323,0.2324,0.2319,0.2321,19037.0
2023-10-08 08:00:00,0.2321,0.2324,0.2314,0.2317,41632.0
2023-10-08 08:15:00,0.2317,0.2333,0.2317,0.2329,97512.0
2023-10-08 08:30:00,0.2329,0.2333,0.2327,0.233,12564.0
2023-10-08 08:45:00,0.2329,0.2331,0.2325,0.2328,38311.0
2023-10-08 09:00:00,0.2328,0.2331,0.2324,0.233,29959.0
2023-10-08 09:15:00,0.233,0.2331,0.2312,0.2312,67004.0
2023-10-08 09:30:00,0.2315,0.2315,0.2307,0.231,80208.0
2023-10-08 09:45:00,0.231,0.231,0.2304,0.2305,98179.0
2023-10-08 10:00:00,0.2305,0.231,0.2301,0.2304,210604.0
2023-10-08 10:15:00,0.2305,0.2307,0.2302,0.2303,33951.0
2023-10-08 10:30:00,0.2304,0.2304,0.23,0.2303,51720.0
2023-10-08 10:45:00,0.2302,0.2302,0.2275,0.2282,400368.0
2023-10-08 11:00:00,0.2284,0.2301,0.2282,0.23,243692.0
2023-10-08 11:15:00,0.2302,0.2302,0.2292,0.2297,83906.0
2023-10-08 11:30:00,0.2299,0.2299,0.2293,0.2296,18714.0
2023-10-08 11:45:00,0.2296,0.2303,0.2294,0.2296,31968.0
2023-10-08 12:00:00,0.2298,0.23,0.2295,0.2295,10780.0
2023-10-08 12:15:00,0.2296,0.2304,0.2296,0.2304,18720.0
2023-10-08 12:30:00,0.2304,0.2307,0.2302,0.2307,40578.0
2023-10-08 12:45:00,0.2307,0.231,0.2299,0.2299,16167.0
2023-10-08 13:00:00,0.2298,0.2298,0.2285,0.2285,144371.0
2023-10-08 13:15:00,0.2287,0.2312,0.2287,0.231,140143.0
2023-10-08 13:30:00,0.2309,0.2317,0.2308,0.2315,65880.0
2023-10-08 13:45:00,0.2317,0.2323,0.2309,0.2311,177747.0
2023-10-08 14:00:00,0.2313,0.2317,0.2305,0.2311,73410.0
2023-10-08 14:15:00,0.2311,0.2312,0.2308,0.2308,9230.0
2023-10-08 14:30:00,0.2309,0.234,0.2309,0.2338,288500.0
2023-10-08 14:45:00,0.2338,0.2344,0.2331,0.2337,127728.0
2023-10-08 15:00:00,0.2337,0.235,0.2337,0.2343,199613.0
2023-10-08 15:15:00,0.2341,0.2343,0.2337,0.2341,23994.0
2023-10-08 15:30:00,0.2341,0.2341,0.2335,0.2336,31988.0
2023-10-08 15:45:00,0.2337,0.2338,0.2333,0.2338,33261.0
2023-10-08 16:00:00,0.2338,0.2338,0.2326,0.2327,314545.0
2023-10-08 16:15:00,0.233,0.2334,0.2321,0.2326,148212.0
2023-10-08 16:30:00,0.2323,0.2336,0.2322,0.2336,60296.0
2023-10-08 16:45:00,0.2334,0.2346,0.2333,0.2341,174417.0
2023-10-08 17:00:00,0.2341,0.2343,0.2336,0.2336,18412.0
2023-10-08 17:15:00,0.2335,0.2335,0.233,0.2333,13696.0
2023-10-08 17:30:00,0.2334,0.234,0.2334,0.234,5844.0
2023-10-08 17:45:00,0.234,0.2342,0.2336,0.2336,36046.0
2023-10-08 18:00:00,0.2336,0.2346,0.2335,0.2343,38394.0
2023-10-08 18:15:00,0.2343,0.2344,0.2334,0.2335,40016.0
2023-10-08 18:30:00,0.2336,0.2343,0.2336,0.2343,35801.0
2023-10-08 18:45:00,0.2343,0.235,0.2343,0.235,44082.0
2023-10-08 19:00:00,0.2348,0.2357,0.2348,0.2354,14800.0
2023-10-08 19:15:00,0.235,0.2352,0.2347,0.2352,4696.0
2023-10-08 19:30:00,0.2356,0.236,0.2354,0.2359,44524.0
2023-10-08 19:45:00,0.2357,0.236,0.2355,0.2357,15272.0
2023-10-08 20:00:00,0.2357,0.2365,0.2345,0.2345,59965.0
2023-10-08 20:15:00,0.2343,0.2344,0.234,0.234,7022.0
2023-10-08 20:30:00,0.2343,0.2352,0.2343,0.235,5986.0
2023-10-08 20:45:00,0.2352,0.2362,0.2352,0.2353,14512.0
2023-10-08 21:00:00,0.2353,0.2361,0.235,0.2351,4543.0
2023-10-08 21:15:00,0.2351,0.2351,0.2343,0.2345,14198.0
2023-10-08 21:30:00,0.2343,0.2347,0.2342,0.2347,11754.0
2023-10-08 21:45:00,0.2347,0.2347,0.2338,0.2338,31697.0
2023-10-08 22:00:00,0.2338,0.2338,0.2323,0.2327,39849.0
2023-10-08 22:15:00,0.233,0.2336,0.2329,0.2329,9576.0
2023-10-08 22:30:00,0.233,0.2336,0.2328,0.2335,16317.0
2023-10-08 22:45:00,0.2332,0.2336,0.233,0.2334,53802.0
2023-10-08 23:00:00,0.2335,0.2342,0.2333,0.2337,38648.0
2023-10-08 23:15:00,0.2336,0.2338,0.2332,0.2335,4537.0
2023-10-08 23:30:00,0.2338,0.2342,0.2338,0.234,15414.0
2023-10-08 23:45:00,0.234,0.2341,0.2337,0.2337,7079.0
2023-10-09 00:00:00,0.2335,0.2339,0.2327,0.233,22910.0
2023-10-09 00:15:00,0.2328,0.2331,0.232,0.2327,78350.0
2023-10-09 00:30:00,0.2327,0.2341,0.2327,0.2339,32544.0
2023-10-09 00:45:00,0.234,0.2353,0.234,0.2343,56900.0
2023-10-09 01:00:00,0.234,0.2342,0.2325,0.2329,92107.0
2023-10-09 01:15:00,0.233,0.2337,0.2329,0.233,49488.0
2023-10-09 01:30:00,0.2328,0.2338,0.2328,0.2338,26489.0
2023-10-09 01:45:00,0.2339,0.2357,0.2339,0.2351,58296.0
2023-10-09 02:00:00,0.2352,0.2357,0.2347,0.2354,20428.0
2023-10-09 02:15:00,0.2354,0.2354,0.2345,0.2346,18127.0
2023-10-09 02:30:00,0.2347,0.2357,0.2347,0.2353,94807.0
2023-10-09 02:45:00,0.2353,0.2355,0.2349,0.2349,14647.0
2023-10-09 03:00:00,0.2348,0.2355,0.2347,0.235,45760.0
2023-10-09 03:15:00,0.2349,0.2355,0.2344,0.2352,80795.0
2023-10-09 03:30:00,0.2352,0.2363,0.235,0.2359,124160.0
2023-10-09 03:45:00,0.2358,0.2361,0.2353,0.236,139031.0
2023-10-09 04:00:00,0.2359,0.236,0.2351,0.2354,121306.0
2023-10-09 04:15:00,0.2354,0.2357,0.2352,0.2352,65259.0
2023-10-09 04:30:00,0.2352,0.2353,0.235,0.2351,31541.0
2023-10-09 04:45:00,0.2351,0.2352,0.2349,0.235,12042.0
2023-10-09 05:00:00,0.2349,0.2354,0.2349,0.2353,72432.0
2023-10-09 05:15:00,0.2352,0.2352,0.2348,0.2348,7078.0
2023-10-09 05:30:00,0.2347,0.2347,0.2335,0.2341,23252.0
2023-10-09 05:45:00,0.2341,0.2344,0.2337,0.2338,26500.0
2023-10-09 06:00:00,0.2338,0.2338,0.2329,0.2332,47340.0
2023-10-09 06:15:00,0.2333,0.2337,0.233,0.2337,23222.0
2023-10-09 06:30:00,0.2337,0.2339,0.2334,0.2339,31011.0
2023-10-09 06:45:00,0.2339,0.2339,0.2332,0.2335,44347.0
2023-10-09 07:00:00,0.2332,0.2341,0.2331,0.2337,31016.0
2023-10-09 07:15:00,0.2337,0.234,0.2316,0.2323,133548.0
2023-10-09 07:30:00,0.2323,0.2323,0.2312,0.2314,77572.0
2023-10-09 07:45:00,0.2314,0.2317,0.2309,0.2312,46431.0
2023-10-09 08:00:00,0.2314,0.232,0.2314,0.232,23214.0
2023-10-09 08:15:00,0.2319,0.2319,0.231,0.231,25614.0
2023-10-09 08:30:00,0.2309,0.2311,0.2286,0.23,156051.0
2023-10-09 08:45:00,0.23,0.2301,0.2288,0.2291,84588.0
2023-10-09 09:00:00,0.2289,0.2302,0.2286,0.2295,171978.0
2023-10-09 09:15:00,0.2297,0.23,0.2295,0.2298,18800.0
2023-10-09 09:30:00,0.2298,0.2298,0.2285,0.229,33760.0
2023-10-09 09:45:00,0.2286,0.2286,0.2128,0.2194,2104992.0
2023-10-09 10:00:00,0.2193,0.2232,0.2189,0.2228,744697.0
2023-10-09 10:15:00,0.2227,0.2231,0.2209,0.2209,227607.0
2023-10-09 10:30:00,0.2207,0.2208,0.22,0.2205,400295.0
2023-10-09 10:45:00,0.2204,0.2212,0.2194,0.2202,160772.0
2023-10-09 11:00:00,0.22,0.2222,0.2197,0.2221,185575.0
2023-10-09 11:15:00,0.222,0.2221,0.2204,0.2214,181096.0
2023-10-09 11:30:00,0.2213,0.2225,0.2211,0.2217,72152.0
2023-10-09 11:45:00,0.2216,0.2218,0.2204,0.2213,88964.0
2023-10-09 12:00:00,0.2211,0.2232,0.221,0.2232,77386.0
2023-10-09 12:15:00,0.223,0.2243,0.2225,0.2243,107464.0
2023-10-09 12:30:00,0.2243,0.2244,0.2234,0.2241,29993.0
2023-10-09 12:45:00,0.2241,0.2245,0.2233,0.2233,79477.0
2023-10-09 13:00:00,0.2234,0.2243,0.2228,0.2243,115619.0
2023-10-09 13:15:00,0.2242,0.2243,0.223,0.2237,49034.0
2023-10-09 13:30:00,0.2236,0.2256,0.2234,0.2253,155194.0
2023-10-09 13:45:00,0.2253,0.2254,0.2247,0.2247,56161.0
2023-10-09 14:00:00,0.2248,0.2248,0.2233,0.2233,58196.0
2023-10-09 14:15:00,0.2235,0.2258,0.2235,0.2243,118987.0
2023-10-09 14:30:00,0.2243,0.2246,0.2231,0.2237,74972.0
2023-10-09 14:45:00,0.2238,0.224,0.223,0.2233,81413.0
2023-10-09 15:00:00,0.2233,0.2239,0.2231,0.2234,140334.0
2023-10-09 15:15:00,0.2235,0.2247,0.2233,0.2247,65839.0
2023-10-09 15:30:00,0.2241,0.2248,0.224,0.2242,55492.0
2023-10-09 15:45:00,0.2242,0.2242,0.2232,0.2232,34524.0
2023-10-09 16:00:00,0.2232,0.2235,0.2214,0.2226,282306.0
2023-10-09 16:15:00,0.2223,0.2239,0.2196,0.2209,327153.0
2023-10-09 16:30:00,0.221,0.2227,0.2176,0.2198,317318.0
2023-10-09 16:45:00,0.2198,0.2218,0.2191,0.2216,205075.0
2023-10-09 17:00:00,0.2216,0.2216,0.2201,0.2215,78659.0
2023-10-09 17:15:00,0.2213,0.2229,0.2211,0.2211,102003.0
2023-10-09 17:30:00,0.2213,0.2249,0.2213,0.2237,160987.0
2023-10-09 17:45:00,0.2234,0.2241,0.223,0.2241,44071.0
2023-10-09 18:00:00,0.2241,0.2249,0.2238,0.2239,62681.0
2023-10-09 18:15:00,0.224,0.2247,0.2239,0.2245,14139.0
2023-10-09 18:30:00,0.2249,0.2252,0.2239,0.2239,32164.0
2023-10-09 18:45:00,0.2239,0.2239,0.2225,0.2225,121738.0
2023-10-09 19:00:00,0.2226,0.2236,0.2226,0.2231,20275.0
2023-10-09 19:15:00,0.223,0.2236,0.223,0.2235,8937.0
2023-10-09 19:30:00,0.2234,0.2236,0.2227,0.2227,28376.0
2023-10-09 19:45:00,0.2229,0.2231,0.2227,0.2229,10806.0
2023-10-09 20:00:00,0.223,0.2244,0.223,0.2233,75980.0
2023-10-09 20:15:00,0.2234,0.2237,0.2222,0.2222,262545.0
2023-10-09 20:30:00,0.2223,0.2224,0.2215,0.222,134481.0
2023-10-09 20:45:00,0.222,0.222,0.2213,0.2215,53975.0
2023-10-09 21:00:00,0.2215,0.2217,0.2207,0.2209,33339.0
2023-10-09 21:15:00,0.2213,0.2219,0.2213,0.2217,30544.0
2023-10-09 21:30:00,0.2217,0.2217,0.2209,0.2216,103235.0
2023-10-09 21:45:00,0.2218,0.222,0.2212,0.2216,27453.0
2023-10-09 22:00:00,0.2217,0.2223,0.2214,0.2221,54866.0
2023-10-09 22:15:00,0.2221,0.2223,0.2216,0.2219,12848.0
2023-10-09 22:30:00,0.222,0.2224,0.2219,0.2219,7092.0
2023-10-09 22:45:00,0.2219,0.2222,0.2219,0.222,15912.0
2023-10-09 23:00:00,0.2221,0.2236,0.2221,0.2231,24026.0
2023-10-09 23:15:00,0.2231,0.2232,0.2228,0.2228,9836.0
2023-10-09 23:30:00,0.2228,0.2235,0.2228,0.223,19061.0
2023-10-09 23:45:00,0.2232,0.2239,0.2227,0.2232,44627.0
2023-10-10 00:00:00,0.2232,0.2243,0.2226,0.2226,111621.0
2023-10-10 00:15:00,0.2226,0.2236,0.2225,0.2231,33929.0
2023-10-10 00:30:00,0.2229,0.2234,0.2224,0.2226,23532.0
2023-10-10 00:45:00,0.2224,0.2224,0.2213,0.2215,66734.0
2023-10-10 01:00:00,0.2217,0.2222,0.2207,0.2213,266907.0
2023-10-10 01:15:00,0.2212,0.2215,0.2209,0.2209,45368.0
2023-10-10 01:30:00,0.2211,0.2211,0.2197,0.2202,124698.0
2023-10-10 01:45:00,0.2202,0.2213,0.2202,0.2208,17717.0
2023-10-10 02:00:00,0.2209,0.2214,0.2209,0.2211,60272.0
2023-10-10 02:15:00,0.2211,0.2215,0.2203,0.2204,28287.0
2023-10-10 02:30:00,0.2204,0.2219,0.2204,0.2219,37070.0
2023-10-10 02:45:00,0.2217,0.2241,0.2217,0.2241,60073.0
2023-10-10 03:00:00,0.2241,0.2241,0.2228,0.2232,28904.0
2023-10-10 03:15:00,0.2232,0.2237,0.2231,0.2237,150410.0
2023-10-10 03:30:00,0.2237,0.2241,0.2235,0.2235,34016.0
2023-10-10 03:45:00,0.2234,0.2234,0.223,0.2231,11781.0
2023-10-10 04:00:00,0.223,0.2232,0.2227,0.2227,16709.0
2023-10-10 04:15:00,0.2227,0.2227,0.2216,0.2222,80071.0
2023-10-10 04:30:00,0.2223,0.2227,0.2221,0.2222,17732.0
2023-10-10 04:45:00,0.2221,0.2221,0.2216,0.2219,5336.0
2023-10-10 05:00:00,0.2219,0.222,0.2212,0.2215,51832.0
2023-10-10 05:15:00,0.2218,0.2222,0.2217,0.222,23227.0
2023-10-10 05:30:00,0.2222,0.2229,0.2222,0.2228,27993.0
2023-10-10 05:45:00,0.2229,0.2236,0.2229,0.2233,13682.0
2023-10-10 06:00:00,0.2231,0.2239,0.2231,0.2236,31110.0
2023-10-10 06:15:00,0.2239,0.2245,0.2239,0.2242,45207.0
2023-10-10 06:30:00,0.2243,0.2248,0.2241,0.2241,87674.0
2023-10-10 06:45:00,0.224,0.2246,0.2238,0.2246,12983.0
2023-10-10 07:00:00,0.2245,0.2245,0.2242,0.2242,27805.0
2023-10-10 07:15:00,0.2245,0.2251,0.2245,0.225,61927.0
2023-10-10 07:30:00,0.225,0.2256,0.2249,0.2254,40891.0
2023-10-10 07:45:00,0.2256,0.2259,0.225,0.225,135257.0
2023-10-10 08:00:00,0.2251,0.2265,0.2248,0.2256,213037.0
2023-10-10 08:15:00,0.2255,0.2261,0.2249,0.2257,76662.0
2023-10-10 08:30:00,0.2255,0.2258,0.2251,0.2251,42930.0
2023-10-10 08:45:00,0.2253,0.2253,0.2246,0.2246,36890.0
2023-10-10 09:00:00,0.2246,0.2251,0.2246,0.2247,68964.0
2023-10-10 09:15:00,0.2247,0.2247,0.224,0.224,37201.0
2023-10-10 09:30:00,0.2239,0.225,0.2235,0.2245,72891.0
2023-10-10 09:45:00,0.2246,0.2253,0.2244,0.2251,135373.0
2023-10-10 10:00:00,0.2253,0.2254,0.2241,0.2243,62604.0
2023-10-10 10:15:00,0.2244,0.2244,0.2243,0.2243,1674.0
2023-10-10 10:30:00,0.2245,0.2264,0.2245,0.2251,155481.0
2023-10-10 10:45:00,0.2256,0.2265,0.2255,0.2258,75213.0
2023-10-10 11:00:00,0.2258,0.2258,0.224,0.2245,53764.0
2023-10-10 11:15:00,0.2244,0.2244,0.2236,0.2239,27864.0
2023-10-10 11:30:00,0.2239,0.2249,0.2239,0.2244,15874.0
2023-10-10 11:45:00,0.2245,0.2248,0.2235,0.2236,192511.0
2023-10-10 12:00:00,0.2237,0.2242,0.2226,0.2233,168954.0
2023-10-10 12:15:00,0.2231,0.224,0.2231,0.224,25081.0
2023-10-10 12:30:00,0.224,0.224,0.223,0.2234,26077.0
2023-10-10 12:45:00,0.2232,0.2232,0.2213,0.2216,303971.0
2023-10-10 13:00:00,0.2216,0.2222,0.2213,0.2215,58252.0
2023-10-10 13:15:00,0.2217,0.2233,0.2216,0.2226,58121.0
2023-10-10 13:30:00,0.2226,0.2226,0.2205,0.2215,97513.0
2023-10-10 13:45:00,0.2214,0.2223,0.2214,0.2222,24103.0
2023-10-10 14:00:00,0.2223,0.2251,0.2223,0.2247,82712.0
2023-10-10 14:15:00,0.2248,0.2254,0.2242,0.225,50221.0
2023-10-10 14:30:00,0.2241,0.2246,0.2236,0.2245,47478.0
2023-10-10 14:45:00,0.2245,0.2245,0.2221,0.2233,53530.0
2023-10-10 15:00:00,0.2233,0.2238,0.2228,0.2228,28864.0
2023-10-10 15:15:00,0.223,0.2237,0.2226,0.2232,50101.0
2023-10-10 15:30:00,0.2232,0.2235,0.222,0.2229,37816.0
2023-10-10 15:45:00,0.2225,0.2232,0.2223,0.2224,14522.0
2023-10-10 16:00:00,0.2225,0.2229,0.2221,0.2229,72834.0
2023-10-10 16:15:00,0.2228,0.2236,0.222,0.2232,43065.0
2023-10-10 16:30:00,0.2235,0.2237,0.2224,0.2224,9702.0
2023-10-10 16:45:00,0.2226,0.2232,0.2223,0.2227,20093.0
2023-10-10 17:00:00,0.2227,0.2229,0.2219,0.222,42951.0
2023-10-10 17:15:00,0.2218,0.2219,0.2209,0.2219,56382.0
2023-10-10 17:30:00,0.2215,0.2223,0.2212,0.2223,55216.0
2023-10-10 17:45:00,0.2222,0.2222,0.2212,0.2222,13453.0
2023-10-10 18:00:00,0.2222,0.2223,0.2217,0.2221,90589.0
2023-10-10 18:15:00,0.222,0.2225,0.2217,0.2225,16191.0
2023-10-10 18:30:00,0.2225,0.2225,0.222,0.2225,18720.0
2023-10-10 18:45:00,0.2226,0.2227,0.2219,0.2227,16410.0
2023-10-10 19:00:00,0.2228,0.2232,0.2221,0.2225,17972.0
2023-10-10 19:15:00,0.2225,0.2231,0.2223,0.2226,17579.0
2023-10-10 19:30:00,0.2222,0.2224,0.2217,0.2217,16453.0
2023-10-10 19:45:00,0.2217,0.222,0.2215,0.2217,3926.0
2023-10-10 20:00:00,0.2219,0.222,0.2211,0.2211,44886.0
2023-10-10 20:15:00,0.2211,0.2211,0.2204,0.2207,22611.0
2023-10-10 20:30:00,0.2205,0.2205,0.2193,0.2195,117410.0
2023-10-10 20:45:00,0.2196,0.2201,0.218,0.2201,110457.0
2023-10-10 21:00:00,0.22,0.2203,0.2193,0.2198,29451.0
2023-10-10 21:15:00,0.2199,0.221,0.2199,0.2209,21550.0
2023-10-10 21:30:00,0.2209,0.2213,0.2209,0.2213,37461.0
2023-10-10 21:45:00,0.2214,0.2218,0.2214,0.2218,17513.0
2023-10-10 22:00:00,0.2219,0.2227,0.2219,0.2226,24111.0
2023-10-10 22:15:00,0.2226,0.2231,0.2226,0.2227,29620.0
2023-10-10 22:30:00,0.2229,0.2238,0.2229,0.2238,29162.0
2023-10-10 22:45:00,0.2236,0.2237,0.2229,0.2232,36526.0
2023-10-10 23:00:00,0.2232,0.2233,0.2222,0.2222,84122.0
2023-10-10 23:15:00,0.2221,0.2227,0.2219,0.2223,22317.0
2023-10-10 23:30:00,0.2222,0.2222,0.2216,0.2219,45916.0
2023-10-10 23:45:00,0.2217,0.222,0.2212,0.2215,31016.0
2023-10-11 00:00:00,0.2215,0.2224,0.2215,0.2219,23561.0
2023-10-11 00:15:00,0.2218,0.2223,0.2208,0.2208,87667.0
2023-10-11 00:30:00,0.221,0.222,0.221,0.2216,31005.0
2023-10-11 00:45:00,0.2215,0.2223,0.2214,0.2223,22063.0
2023-10-11 01:00:00,0.2221,0.2224,0.2218,0.2221,26576.0
2023-10-11 01:15:00,0.2219,0.2222,0.2217,0.2222,8926.0
2023-10-11 01:30:00,0.2221,0.2225,0.2219,0.2219,36803.0
2023-10-11 01:45:00,0.2219,0.2223,0.2219,0.2222,37973.0
2023-10-11 02:00:00,0.222,0.2226,0.221,0.2212,148638.0
2023-10-11 02:15:00,0.2212,0.2212,0.2198,0.22,115125.0
2023-10-11 02:30:00,0.22,0.22,0.215,0.2172,498275.0
2023-10-11 02:45:00,0.217,0.2183,0.217,0.2173,92686.0
2023-10-11 03:00:00,0.2176,0.2193,0.2176,0.2188,72819.0
2023-10-11 03:15:00,0.2188,0.2205,0.2188,0.2205,85698.0
2023-10-11 03:30:00,0.2206,0.2207,0.2189,0.219,64457.0
2023-10-11 03:45:00,0.2191,0.2201,0.2187,0.2189,71977.0
2023-10-11 04:00:00,0.2187,0.2205,0.2184,0.22,65004.0
2023-10-11 04:15:00,0.2202,0.2213,0.22,0.2213,31017.0
2023-10-11 04:30:00,0.2213,0.2223,0.2213,0.2223,160606.0
2023-10-11 04:45:00,0.2224,0.2224,0.2213,0.2215,64568.0
2023-10-11 05:00:00,0.2214,0.2214,0.22,0.2205,91422.0
2023-10-11 05:15:00,0.2206,0.2207,0.2199,0.2207,33596.0
2023-10-11 05:30:00,0.2208,0.2208,0.2199,0.2205,65483.0
2023-10-11 05:45:00,0.2206,0.221,0.2196,0.2199,13063.0
2023-10-11 06:00:00,0.2202,0.2205,0.2188,0.2188,40385.0
2023-10-11 06:15:00,0.2188,0.2199,0.2186,0.2196,68895.0
2023-10-11 06:30:00,0.2196,0.2204,0.2196,0.2198,35368.0
2023-10-11 06:45:00,0.2197,0.22,0.2192,0.22,65695.0
2023-10-11 07:00:00,0.2198,0.2202,0.2191,0.2191,83021.0
2023-10-11 07:15:00,0.219,0.2195,0.2182,0.2195,85696.0
2023-10-11 07:30:00,0.2193,0.2198,0.2192,0.2195,29679.0
2023-10-11 07:45:00,0.2197,0.2198,0.2192,0.2192,50598.0
2023-10-11 08:00:00,0.219,0.2208,0.2189,0.2197,271357.0
2023-10-11 08:15:00,0.2194,0.2197,0.2184,0.2187,85208.0
2023-10-11 08:30:00,0.2188,0.2201,0.2183,0.2196,67449.0
2023-10-11 08:45:00,0.2197,0.2202,0.2192,0.2202,25559.0
2023-10-11 09:00:00,0.2201,0.2205,0.2198,0.2205,25793.0
2023-10-11 09:15:00,0.2204,0.2213,0.2202,0.221,227170.0
2023-10-11 09:30:00,0.2209,0.2235,0.2204,0.2221,255044.0
2023-10-11 09:45:00,0.2222,0.2227,0.2221,0.2223,38582.0
2023-10-11 10:00:00,0.2222,0.2224,0.2216,0.2216,50952.0
2023-10-11 10:15:00,0.2215,0.2231,0.2214,0.2227,133121.0
2023-10-11 10:30:00,0.2223,0.2223,0.2216,0.2217,77935.0
2023-10-11 10:45:00,0.2219,0.2225,0.2217,0.2222,65834.0
2023-10-11 11:00:00,0.2221,0.2226,0.2217,0.2219,199627.0
2023-10-11 11:15:00,0.222,0.2226,0.2216,0.2216,39910.0
2023-10-11 11:30:00,0.2217,0.2221,0.2213,0.2213,21688.0
2023-10-11 11:45:00,0.2212,0.2212,0.2207,0.221,39658.0
2023-10-11 12:00:00,0.221,0.2214,0.2207,0.2214,77530.0
2023-10-11 12:15:00,0.2212,0.2213,0.2207,0.2212,31212.0
2023-10-11 12:30:00,0.2213,0.2213,0.2196,0.2205,106525.0
2023-10-11 12:45:00,0.2205,0.2213,0.2205,0.2212,26457.0
2023-10-11 13:00:00,0.2213,0.222,0.221,0.221,110233.0
2023-10-11 13:15:00,0.2209,0.2209,0.2202,0.2203,36705.0
2023-10-11 13:30:00,0.2203,0.2204,0.2194,0.2196,133475.0
2023-10-11 13:45:00,0.2196,0.2205,0.2196,0.2205,23923.0
2023-10-11 14:00:00,0.2204,0.2207,0.2198,0.22,46784.0
2023-10-11 14:15:00,0.2199,0.22,0.2191,0.2192,33272.0
2023-10-11 14:30:00,0.2193,0.2197,0.2191,0.2192,35712.0
2023-10-11 14:45:00,0.2191,0.2196,0.2189,0.2196,22532.0
2023-10-11 15:00:00,0.2191,0.2196,0.2188,0.2192,192558.0
2023-10-11 15:15:00,0.2192,0.2192,0.2157,0.2174,723682.0
2023-10-11 15:30:00,0.2175,0.2181,0.2169,0.2173,163808.0
2023-10-11 15:45:00,0.2174,0.2183,0.2167,0.2173,150383.0
2023-10-11 16:00:00,0.2173,0.2178,0.2164,0.2175,134464.0
2023-10-11 16:15:00,0.2175,0.2184,0.2172,0.2184,110793.0
2023-10-11 16:30:00,0.2185,0.2189,0.2181,0.2183,46766.0
2023-10-11 16:45:00,0.2183,0.2188,0.2169,0.2174,120690.0
2023-10-11 17:00:00,0.2171,0.2185,0.2162,0.2184,204673.0
2023-10-11 17:15:00,0.2183,0.2195,0.2179,0.2192,95101.0
2023-10-11 17:30:00,0.2192,0.2192,0.2183,0.2186,51229.0
2023-10-11 17:45:00,0.2183,0.2189,0.2182,0.2186,68150.0
2023-10-11 18:00:00,0.2184,0.2194,0.2181,0.2194,24997.0
2023-10-11 18:15:00,0.2193,0.2199,0.2189,0.2194,129475.0
2023-10-11 18:30:00,0.22,0.2204,0.2191,0.2199,43676.0
2023-10-11 18:45:00,0.2202,0.2206,0.2199,0.2206,2649.0
2023-10-11 19:00:00,0.2201,0.2204,0.2197,0.22,7485.0
2023-10-11 19:15:00,0.2199,0.2202,0.2198,0.22,5128.0
2023-10-11 19:30:00,0.2204,0.2209,0.22,0.2207,28382.0
2023-10-11 19:45:00,0.2206,0.2211,0.2206,0.2209,11958.0
2023-10-11 20:00:00,0.2208,0.2208,0.2203,0.2206,29542.0
2023-10-11 20:15:00,0.2206,0.2207,0.2201,0.2201,53051.0
2023-10-11 20:30:00,0.2202,0.2206,0.2199,0.2199,21992.0
2023-10-11 20:45:00,0.2201,0.2203,0.2199,0.2203,1064.0
2023-10-11 21:00:00,0.2205,0.2206,0.22,0.2206,39199.0
2023-10-11 21:15:00,0.2205,0.2215,0.2205,0.2207,110293.0
2023-10-11 21:30:00,0.2205,0.2207,0.2202,0.2204,16446.0
2023-10-11 21:45:00,0.2205,0.2217,0.2205,0.2217,48902.0
2023-10-11 22:00:00,0.2218,0.2218,0.2214,0.2216,16509.0
2023-10-11 22:15:00,0.2215,0.2227,0.2214,0.2226,45030.0
2023-10-11 22:30:00,0.2224,0.2233,0.2224,0.2232,100894.0
2023-10-11 22:45:00,0.2232,0.2233,0.223,0.2233,33863.0
2023-10-11 23:00:00,0.2235,0.2236,0.2221,0.2224,58804.0
2023-10-11 23:15:00,0.2224,0.2225,0.2222,0.2222,5889.0
2023-10-11 23:30:00,0.2222,0.223,0.2221,0.2228,52970.0
2023-10-11 23:45:00,0.2227,0.2231,0.2219,0.2221,264193.0
2023-10-12 00:00:00,0.2221,0.2224,0.2215,0.2216,161223.0
2023-10-12 00:15:00,0.2215,0.2219,0.2215,0.2218,16726.0
2023-10-12 00:30:00,0.2217,0.2218,0.2204,0.2204,43098.0
2023-10-12 00:45:00,0.2204,0.221,0.2202,0.2206,19868.0
2023-10-12 01:00:00,0.2205,0.2205,0.219,0.219,111762.0
2023-10-12 01:15:00,0.219,0.219,0.2184,0.2186,47523.0
2023-10-12 01:30:00,0.2189,0.2189,0.2176,0.218,65265.0
2023-10-12 01:45:00,0.218,0.2182,0.2174,0.2175,90432.0
2023-10-12 02:00:00,0.2176,0.2178,0.217,0.2174,42574.0
2023-10-12 02:15:00,0.2173,0.2185,0.2173,0.2185,46020.0
2023-10-12 02:30:00,0.2185,0.2197,0.2185,0.2196,122730.0
2023-10-12 02:45:00,0.2197,0.2213,0.2197,0.2211,65431.0
2023-10-12 03:00:00,0.221,0.221,0.2193,0.2193,52565.0
2023-10-12 03:15:00,0.2194,0.2198,0.2193,0.2197,14487.0
2023-10-12 03:30:00,0.2196,0.2199,0.2196,0.2198,12009.0
2023-10-12 03:45:00,0.2199,0.2203,0.2199,0.2201,18191.0
2023-10-12 04:00:00,0.2201,0.2201,0.2194,0.2194,58389.0
2023-10-12 04:15:00,0.2193,0.22,0.2191,0.2199,23124.0
2023-10-12 04:30:00,0.2198,0.2198,0.2194,0.2194,21155.0
2023-10-12 04:45:00,0.2196,0.2199,0.2195,0.2196,46039.0
2023-10-12 05:00:00,0.2194,0.2194,0.2187,0.2189,50241.0
2023-10-12 05:15:00,0.2188,0.2197,0.2188,0.2197,43417.0
2023-10-12 05:30:00,0.2196,0.22,0.2192,0.2197,51556.0
2023-10-12 05:45:00,0.2195,0.2201,0.2194,0.2201,5491.0
2023-10-12 06:00:00,0.22,0.2202,0.2194,0.2201,61260.0
2023-10-12 06:15:00,0.2203,0.2212,0.2201,0.2211,13711.0
2023-10-12 06:30:00,0.2212,0.2215,0.2202,0.2204,54333.0
2023-10-12 06:45:00,0.2203,0.2206,0.2197,0.2199,56227.0
2023-10-12 07:00:00,0.22,0.22,0.2193,0.2198,48179.0
2023-10-12 07:15:00,0.2197,0.2197,0.2193,0.2197,9323.0
2023-10-12 07:30:00,0.2197,0.2199,0.2193,0.2194,10788.0
2023-10-12 07:45:00,0.2193,0.2196,0.2189,0.219,6482.0
2023-10-12 08:00:00,0.219,0.2193,0.2174,0.2179,146369.0
2023-10-12 08:15:00,0.2179,0.2186,0.2178,0.2184,154311.0
2023-10-12 08:30:00,0.2184,0.2188,0.2184,0.2188,19473.0
2023-10-12 08:45:00,0.2189,0.2189,0.2179,0.2184,35035.0
2023-10-12 09:00:00,0.2184,0.2187,0.2182,0.2186,10683.0
2023-10-12 09:15:00,0.2186,0.2188,0.2174,0.2176,207384.0
2023-10-12 09:30:00,0.2176,0.2176,0.2163,0.217,87808.0
2023-10-12 09:45:00,0.217,0.217,0.2137,0.2155,244668.0
2023-10-12 10:00:00,0.2153,0.2165,0.2147,0.2162,139663.0
2023-10-12 10:15:00,0.2163,0.2163,0.216,0.2163,115163.0
2023-10-12 10:30:00,0.2164,0.2168,0.2156,0.2156,37434.0
2023-10-12 10:45:00,0.2158,0.2162,0.2156,0.2159,89070.0
2023-10-12 11:00:00,0.2161,0.2166,0.2161,0.2164,31848.0
2023-10-12 11:15:00,0.2167,0.217,0.2163,0.2166,41416.0
2023-10-12 11:30:00,0.2166,0.2171,0.2164,0.2169,46773.0
2023-10-12 11:45:00,0.217,0.2183,0.217,0.2179,27892.0
2023-10-12 12:00:00,0.2181,0.2183,0.2173,0.218,44325.0
2023-10-12 12:15:00,0.2181,0.2181,0.2177,0.2178,24635.0
2023-10-12 12:30:00,0.2177,0.2182,0.2173,0.2177,47420.0
2023-10-12 12:45:00,0.2178,0.2179,0.2174,0.2179,74914.0
2023-10-12 13:00:00,0.2178,0.2182,0.2175,0.218,43853.0
2023-10-12 13:15:00,0.2182,0.2186,0.2176,0.2176,24321.0
2023-10-12 13:30:00,0.2179,0.2179,0.2165,0.2169,64410.0
2023-10-12 13:45:00,0.2167,0.2167,0.2153,0.2157,176352.0
2023-10-12 14:00:00,0.2161,0.2163,0.2154,0.216,111106.0
2023-10-12 14:15:00,0.216,0.2161,0.2154,0.2154,44612.0
2023-10-12 14:30:00,0.2156,0.2157,0.2146,0.215,99704.0
2023-10-12 14:45:00,0.2149,0.2158,0.2149,0.2155,76671.0
2023-10-12 15:00:00,0.2156,0.217,0.2154,0.217,224097.0
2023-10-12 15:15:00,0.217,0.2171,0.216,0.216,35832.0
2023-10-12 15:30:00,0.2159,0.2167,0.2158,0.2158,16675.0
2023-10-12 15:45:00,0.2161,0.2164,0.2154,0.2158,23139.0
2023-10-12 16:00:00,0.2158,0.2165,0.2155,0.2165,7453.0
2023-10-12 16:15:00,0.2165,0.2166,0.2127,0.2154,183665.0
2023-10-12 16:30:00,0.2152,0.2164,0.2147,0.2158,36185.0
2023-10-12 16:45:00,0.2157,0.2157,0.2145,0.2146,21682.0
2023-10-12 17:00:00,0.2146,0.2148,0.2132,0.2147,37692.0
2023-10-12 17:15:00,0.2144,0.2146,0.2136,0.2139,132173.0
2023-10-12 17:30:00,0.2137,0.2145,0.2135,0.2143,42866.0
2023-10-12 17:45:00,0.2142,0.2151,0.2142,0.215,52429.0
2023-10-12 18:00:00,0.215,0.2155,0.2146,0.2149,33676.0
2023-10-12 18:15:00,0.2151,0.2165,0.2147,0.2165,55594.0
2023-10-12 18:30:00,0.2166,0.2174,0.2165,0.2171,91472.0
2023-10-12 18:45:00,0.2172,0.2172,0.2168,0.2168,8233.0
2023-10-12 19:00:00,0.2168,0.2168,0.2151,0.216,74572.0
2023-10-12 19:15:00,0.216,0.2161,0.2156,0.2161,12070.0
2023-10-12 19:30:00,0.2162,0.217,0.2162,0.2165,44475.0
2023-10-12 19:45:00,0.2167,0.2171,0.2167,0.2167,37444.0
2023-10-12 20:00:00,0.2167,0.2172,0.2166,0.2169,17449.0
2023-10-12 20:15:00,0.2169,0.2169,0.2166,0.2168,5916.0
2023-10-12 20:30:00,0.2169,0.2178,0.2169,0.2174,14674.0
2023-10-12 20:45:00,0.2175,0.2178,0.2174,0.2178,6837.0
2023-10-12 21:00:00,0.2178,0.2184,0.2174,0.2177,31950.0
2023-10-12 21:15:00,0.2175,0.2177,0.2175,0.2176,3585.0
2023-10-12 21:30:00,0.2182,0.2185,0.2176,0.2178,20079.0
2023-10-12 21:45:00,0.2175,0.2183,0.2174,0.2183,23688.0
2023-10-12 22:00:00,0.2183,0.2185,0.2178,0.2183,67722.0
2023-10-12 22:15:00,0.2184,0.2184,0.2175,0.2177,57269.0
2023-10-12 22:30:00,0.2178,0.218,0.2173,0.2174,34090.0
2023-10-12 22:45:00,0.2175,0.218,0.2174,0.2176,36648.0
2023-10-12 23:00:00,0.2178,0.2178,0.2171,0.2171,92804.0
2023-10-12 23:15:00,0.2172,0.2172,0.2168,0.2169,45146.0
2023-10-12 23:30:00,0.217,0.2173,0.2168,0.2168,17369.0
2023-10-12 23:45:00,0.2168,0.2172,0.2166,0.217,12111.0
2023-10-13 00:00:00,0.2171,0.2176,0.2168,0.2174,13943.0
2023-10-13 00:15:00,0.2178,0.2191,0.2178,0.2187,120021.0
2023-10-13 00:30:00,0.2189,0.2192,0.2183,0.2186,252852.0
2023-10-13 00:45:00,0.2188,0.2194,0.2188,0.2194,102128.0
2023-10-13 01:00:00,0.2195,0.2199,0.2188,0.2193,31143.0
2023-10-13 01:15:00,0.2193,0.2194,0.2186,0.2188,26201.0
2023-10-13 01:30:00,0.2187,0.2187,0.2184,0.2187,20085.0
2023-10-13 01:45:00,0.2187,0.2198,0.2187,0.2193,77542.0
2023-10-13 02:00:00,0.2193,0.2194,0.219,0.2191,36994.0
2023-10-13 02:15:00,0.2191,0.2196,0.2191,0.2193,11289.0
2023-10-13 02:30:00,0.2193,0.2195,0.2188,0.2189,128384.0
2023-10-13 02:45:00,0.2189,0.2192,0.2187,0.2189,18414.0
2023-10-13 03:00:00,0.2189,0.2193,0.2187,0.219,32599.0
2023-10-13 03:15:00,0.2189,0.2189,0.2182,0.2182,57305.0
2023-10-13 03:30:00,0.2182,0.2182,0.2173,0.2175,52463.0
2023-10-13 03:45:00,0.2174,0.2174,0.2161,0.2164,103649.0
2023-10-13 04:00:00,0.2166,0.2167,0.2162,0.2163,42562.0
2023-10-13 04:15:00,0.2164,0.217,0.2163,0.2168,30918.0
2023-10-13 04:30:00,0.2167,0.2167,0.2165,0.2166,19574.0
2023-10-13 04:45:00,0.2166,0.217,0.2165,0.217,1934.0
2023-10-13 05:00:00,0.2171,0.2172,0.2167,0.2168,39620.0
2023-10-13 05:15:00,0.2173,0.2174,0.2167,0.2171,112328.0
2023-10-13 05:30:00,0.2172,0.2173,0.217,0.217,120267.0
2023-10-13 05:45:00,0.2171,0.2171,0.217,0.2171,24948.0
2023-10-13 06:00:00,0.2172,0.2175,0.2166,0.2167,116632.0
2023-10-13 06:15:00,0.2168,0.2169,0.2163,0.2164,104941.0
2023-10-13 06:30:00,0.2164,0.2172,0.2161,0.217,70935.0
2023-10-13 06:45:00,0.2172,0.2173,0.2167,0.2173,14933.0
2023-10-13 07:00:00,0.2171,0.2177,0.2169,0.2176,38172.0
2023-10-13 07:15:00,0.2177,0.2185,0.2176,0.2185,53192.0
2023-10-13 07:30:00,0.2186,0.2191,0.2184,0.2184,52850.0
2023-10-13 07:45:00,0.2184,0.2185,0.2177,0.2183,24337.0
2023-10-13 08:00:00,0.2183,0.2186,0.2179,0.2184,62348.0
2023-10-13 08:15:00,0.2182,0.2185,0.2182,0.2183,36996.0
2023-10-13 08:30:00,0.2182,0.2183,0.2176,0.2176,45731.0
2023-10-13 08:45:00,0.2178,0.2178,0.2172,0.2174,74568.0
2023-10-13 09:00:00,0.2174,0.2174,0.2168,0.2169,49116.0
2023-10-13 09:15:00,0.2169,0.2176,0.2169,0.2173,12708.0
2023-10-13 09:30:00,0.2172,0.2172,0.2162,0.2163,87906.0
2023-10-13 09:45:00,0.2162,0.2163,0.2151,0.2155,154360.0
2023-10-13 10:00:00,0.2155,0.2157,0.215,0.2157,53817.0
2023-10-13 10:15:00,0.2157,0.2162,0.2157,0.2161,47683.0
2023-10-13 10:30:00,0.216,0.2162,0.2155,0.2156,28378.0
2023-10-13 10:45:00,0.2157,0.2161,0.2156,0.2158,12920.0
2023-10-13 11:00:00,0.2158,0.2158,0.2152,0.2156,57274.0
2023-10-13 11:15:00,0.2156,0.2161,0.2152,0.2161,48183.0
2023-10-13 11:30:00,0.2162,0.2168,0.2159,0.2164,44594.0
2023-10-13 11:45:00,0.2163,0.2165,0.216,0.216,48232.0
2023-10-13 12:00:00,0.2163,0.2167,0.2157,0.2166,103686.0
2023-10-13 12:15:00,0.2166,0.2178,0.2166,0.2177,103348.0
2023-10-13 12:30:00,0.2178,0.2183,0.2177,0.2179,48251.0
2023-10-13 12:45:00,0.2177,0.2186,0.2176,0.2183,47157.0
2023-10-13 13:00:00,0.2186,0.2186,0.2175,0.2178,33180.0
2023-10-13 13:15:00,0.2178,0.2178,0.2173,0.2176,4251.0
2023-10-13 13:30:00,0.2176,0.2177,0.217,0.2172,58178.0
2023-10-13 13:45:00,0.217,0.2178,0.217,0.2178,4819.0
2023-10-13 14:00:00,0.2176,0.2179,0.217,0.2173,23310.0
2023-10-13 14:15:00,0.2171,0.2175,0.2168,0.2175,102650.0
2023-10-13 14:30:00,0.2175,0.2179,0.2172,0.2175,92041.0
2023-10-13 14:45:00,0.2175,0.2175,0.2164,0.2164,14199.0
2023-10-13 15:00:00,0.2164,0.2165,0.2161,0.2161,39713.0
2023-10-13 15:15:00,0.2163,0.2163,0.2153,0.2155,67626.0
2023-10-13 15:30:00,0.2156,0.2159,0.2151,0.2156,140491.0
2023-10-13 15:45:00,0.2156,0.2159,0.2155,0.2158,16494.0
2023-10-13 16:00:00,0.2158,0.2161,0.2155,0.2161,40995.0
2023-10-13 16:15:00,0.2161,0.2173,0.216,0.2171,165669.0
2023-10-13 16:30:00,0.217,0.2179,0.2167,0.2179,89179.0
2023-10-13 16:45:00,0.2181,0.2188,0.2175,0.2175,60402.0
2023-10-13 17:00:00,0.2176,0.2176,0.2165,0.2167,56598.0
2023-10-13 17:15:00,0.2166,0.2174,0.2166,0.2167,32162.0
2023-10-13 17:30:00,0.2166,0.2167,0.2162,0.2166,19234.0
2023-10-13 17:45:00,0.2167,0.2168,0.2163,0.2164,18708.0
2023-10-13 18:00:00,0.2163,0.2167,0.2149,0.2153,114749.0
2023-10-13 18:15:00,0.2154,0.2158,0.2152,0.2157,81493.0
2023-10-13 18:30:00,0.2159,0.2159,0.2143,0.2146,96149.0
2023-10-13 18:45:00,0.2145,0.2149,0.2143,0.2144,70424.0
2023-10-13 19:00:00,0.2144,0.2152,0.2144,0.2152,60266.0
2023-10-13 19:15:00,0.2153,0.2156,0.2149,0.2155,27885.0
2023-10-13 19:30:00,0.2156,0.2156,0.2143,0.2143,25316.0
2023-10-13 19:45:00,0.2143,0.2148,0.2141,0.2143,59840.0
2023-10-13 20:00:00,0.2143,0.2144,0.2134,0.2134,148424.0
2023-10-13 20:15:00,0.2136,0.2139,0.2135,0.2139,37658.0
2023-10-13 20:30:00,0.214,0.2144,0.2138,0.2144,36389.0
2023-10-13 20:45:00,0.2145,0.2183,0.2144,0.218,231252.0
2023-10-13 21:00:00,0.2183,0.2208,0.2182,0.2183,358006.0
2023-10-13 21:15:00,0.2182,0.2208,0.218,0.2206,400473.0
2023-10-13 21:30:00,0.2206,0.221,0.2196,0.2196,123294.0
2023-10-13 21:45:00,0.2195,0.2201,0.2194,0.2195,32172.0
2023-10-13 22:00:00,0.2194,0.2198,0.2189,0.2191,27062.0
2023-10-13 22:15:00,0.2192,0.2197,0.2185,0.2187,60573.0
2023-10-13 22:30:00,0.2185,0.2186,0.2174,0.2179,91427.0
2023-10-13 22:45:00,0.2177,0.2177,0.2162,0.2167,241957.0
2023-10-13 23:00:00,0.2167,0.2168,0.2163,0.2164,36600.0
2023-10-13 23:15:00,0.2162,0.2165,0.2157,0.2163,43581.0
2023-10-13 23:30:00,0.2163,0.2167,0.2158,0.2167,64036.0
2023-10-13 23:45:00,0.2166,0.2169,0.2164,0.2167,55012.0
2023-10-14 00:00:00,0.2168,0.2168,0.2162,0.2168,49688.0
2023-10-14 00:15:00,0.2167,0.217,0.2163,0.2166,76569.0
2023-10-14 00:30:00,0.2166,0.2174,0.2164,0.2174,46717.0
2023-10-14 00:45:00,0.2173,0.2177,0.2172,0.2177,8677.0
2023-10-14 01:00:00,0.2176,0.2178,0.2171,0.2175,43615.0
2023-10-14 01:15:00,0.2176,0.218,0.2174,0.2176,6103.0
2023-10-14 01:30:00,0.2178,0.2183,0.2175,0.2183,14397.0
2023-10-14 01:45:00,0.2182,0.2188,0.2182,0.2188,37411.0
2023-10-14 02:00:00,0.2185,0.2191,0.2185,0.2188,29360.0
2023-10-14 02:15:00,0.2188,0.2188,0.2178,0.2178,208613.0
2023-10-14 02:30:00,0.2181,0.2185,0.2179,0.2182,78927.0
2023-10-14 02:45:00,0.2182,0.2182,0.2179,0.2179,12616.0
2023-10-14 03:00:00,0.2181,0.2182,0.2177,0.2178,48465.0
2023-10-14 03:15:00,0.2179,0.2184,0.2177,0.2183,12871.0
2023-10-14 03:30:00,0.2183,0.2183,0.2176,0.2183,61678.0
2023-10-14 03:45:00,0.2182,0.2183,0.2178,0.2179,12103.0
2023-10-14 04:00:00,0.2182,0.2187,0.2182,0.2186,78102.0
2023-10-14 04:15:00,0.2187,0.2188,0.2181,0.2182,41080.0
2023-10-14 04:30:00,0.2182,0.2189,0.2181,0.2183,313153.0
2023-10-14 04:45:00,0.2183,0.2183,0.2175,0.2176,41620.0
2023-10-14 05:00:00,0.2176,0.2179,0.2176,0.2177,22445.0
2023-10-14 05:15:00,0.2177,0.2179,0.2176,0.2179,26889.0
2023-10-14 05:30:00,0.2178,0.2183,0.2177,0.2178,77357.0
2023-10-14 05:45:00,0.2177,0.2178,0.2176,0.2178,135603.0
2023-10-14 06:00:00,0.2176,0.2177,0.2172,0.2173,222132.0
2023-10-14 06:15:00,0.2172,0.2172,0.2169,0.2172,27823.0
2023-10-14 06:30:00,0.2169,0.2172,0.2165,0.2165,44709.0
2023-10-14 06:45:00,0.2168,0.2168,0.2164,0.2167,16565.0
2023-10-14 07:00:00,0.2166,0.2166,0.2164,0.2164,6928.0
2023-10-14 07:15:00,0.2163,0.2168,0.2163,0.2164,23434.0
2023-10-14 07:30:00,0.2167,0.2167,0.2162,0.2163,39745.0
2023-10-14 07:45:00,0.2162,0.2165,0.2159,0.2163,87903.0
2023-10-14 08:00:00,0.2165,0.2172,0.2164,0.2171,117377.0
2023-10-14 08:15:00,0.217,0.2173,0.2165,0.2173,176412.0
2023-10-14 08:30:00,0.2174,0.2175,0.2165,0.2165,12316.0
2023-10-14 08:45:00,0.2165,0.217,0.2162,0.2167,30042.0
2023-10-14 09:00:00,0.2168,0.2171,0.2167,0.2167,18409.0
2023-10-14 09:15:00,0.2168,0.2169,0.2164,0.2166,20765.0
2023-10-14 09:30:00,0.2167,0.218,0.2167,0.218,175887.0
2023-10-14 09:45:00,0.218,0.2181,0.2176,0.2181,13464.0
2023-10-14 10:00:00,0.2182,0.2183,0.2176,0.2181,52356.0
2023-10-14 10:15:00,0.218,0.2183,0.218,0.2182,16107.0
2023-10-14 10:30:00,0.2181,0.2183,0.218,0.218,1733.0
2023-10-14 10:45:00,0.218,0.218,0.2176,0.2179,9934.0
2023-10-14 11:00:00,0.218,0.218,0.2173,0.2173,38715.0
2023-10-14 11:15:00,0.2173,0.2174,0.217,0.2171,76512.0
2023-10-14 11:30:00,0.2172,0.2172,0.2169,0.2169,14966.0
2023-10-14 11:45:00,0.217,0.2176,0.2168,0.2175,43436.0
2023-10-14 12:00:00,0.2177,0.2177,0.2166,0.2167,27854.0
2023-10-14 12:15:00,0.2168,0.2169,0.2164,0.2165,12386.0
2023-10-14 12:30:00,0.2168,0.2168,0.2162,0.2162,48372.0
2023-10-14 12:45:00,0.2163,0.2166,0.2163,0.2165,37022.0
2023-10-14 13:00:00,0.2165,0.2166,0.216,0.2162,62868.0
2023-10-14 13:15:00,0.2163,0.2167,0.2163,0.2164,24383.0
2023-10-14 13:30:00,0.2164,0.2165,0.2162,0.2162,24579.0
2023-10-14 13:45:00,0.2164,0.2165,0.2161,0.2165,54574.0
2023-10-14 14:00:00,0.2165,0.2165,0.2163,0.2164,21179.0
2023-10-14 14:15:00,0.2166,0.2166,0.216,0.216,14089.0
2023-10-14 14:30:00,0.2161,0.2161,0.2154,0.2156,44653.0
2023-10-14 14:45:00,0.2154,0.2157,0.2154,0.2156,31916.0
2023-10-14 15:00:00,0.2156,0.2157,0.2153,0.2155,45272.0
2023-10-14 15:15:00,0.2155,0.2158,0.2154,0.2157,25703.0
2023-10-14 15:30:00,0.2157,0.2162,0.2153,0.216,27137.0
2023-10-14 15:45:00,0.216,0.2167,0.2159,0.2167,19001.0
2023-10-14 16:00:00,0.2168,0.2168,0.2162,0.2163,40408.0
2023-10-14 16:15:00,0.2163,0.2163,0.2157,0.216,138039.0
2023-10-14 16:30:00,0.216,0.2169,0.216,0.2169,122709.0
2023-10-14 16:45:00,0.2169,0.2173,0.2167,0.2172,4944.0
2023-10-14 17:00:00,0.2171,0.2174,0.2169,0.2169,34552.0
2023-10-14 17:15:00,0.217,0.2173,0.2168,0.2168,26643.0
2023-10-14 17:30:00,0.2167,0.2169,0.2166,0.2167,26338.0
2023-10-14 17:45:00,0.217,0.2174,0.2169,0.2172,22906.0
2023-10-14 18:00:00,0.2173,0.2174,0.2163,0.2164,111211.0
2023-10-14 18:15:00,0.2163,0.2169,0.2163,0.2166,7953.0
2023-10-14 18:30:00,0.2166,0.2171,0.2166,0.2171,6331.0
2023-10-14 18:45:00,0.2171,0.2171,0.2168,0.2169,5329.0
2023-10-14 19:00:00,0.217,0.217,0.2164,0.2166,16865.0
2023-10-14 19:15:00,0.2163,0.2168,0.2163,0.2165,16676.0
2023-10-14 19:30:00,0.2164,0.2168,0.2163,0.2168,24134.0
2023-10-14 19:45:00,0.2167,0.2169,0.2165,0.2168,7494.0
2023-10-14 20:00:00,0.2168,0.2172,0.2168,0.217,32319.0
2023-10-14 20:15:00,0.2168,0.2168,0.2165,0.2165,16754.0
2023-10-14 20:30:00,0.2165,0.2168,0.2164,0.2165,51340.0
2023-10-14 20:45:00,0.2165,0.2167,0.2164,0.2165,5657.0
2023-10-14 21:00:00,0.2165,0.217,0.2165,0.2165,41182.0
2023-10-14 21:15:00,0.2169,0.2169,0.2158,0.216,24697.0
2023-10-14 21:30:00,0.2159,0.2165,0.2159,0.2163,23594.0
2023-10-14 21:45:00,0.2163,0.2166,0.2163,0.2165,88792.0
2023-10-14 22:00:00,0.2166,0.2172,0.2166,0.217,71806.0
2023-10-14 22:15:00,0.2169,0.217,0.2164,0.2165,83293.0
2023-10-14 22:30:00,0.2165,0.2167,0.2162,0.2163,47592.0
2023-10-14 22:45:00,0.2163,0.2168,0.2163,0.2166,34503.0
2023-10-14 23:00:00,0.2165,0.2173,0.2165,0.217,78921.0
2023-10-14 23:15:00,0.2171,0.2172,0.2168,0.2169,26160.0
2023-10-14 23:30:00,0.2169,0.2171,0.2166,0.2171,78714.0
2023-10-14 23:45:00,0.2169,0.2172,0.2169,0.217,5699.0
2023-10-15 00:00:00,0.2171,0.2171,0.2165,0.2166,40983.0
2023-10-15 00:15:00,0.2168,0.217,0.2161,0.2163,81325.0
2023-10-15 00:30:00,0.2163,0.2163,0.2156,0.2157,64200.0
2023-10-15 00:45:00,0.2156,0.2159,0.2152,0.2158,144226.0
2023-10-15 01:00:00,0.2157,0.2161,0.2155,0.2158,32101.0
2023-10-15 01:15:00,0.2158,0.2162,0.2157,0.2162,5544.0
2023-10-15 01:30:00,0.2162,0.2179,0.2159,0.2173,104937.0
2023-10-15 01:45:00,0.2174,0.2181,0.2174,0.2177,94856.0
2023-10-15 02:00:00,0.2177,0.218,0.2172,0.2174,38547.0
2023-10-15 02:15:00,0.2175,0.2178,0.2172,0.2174,52090.0
2023-10-15 02:30:00,0.2174,0.219,0.2174,0.2189,99180.0
2023-10-15 02:45:00,0.2189,0.2198,0.2187,0.2198,63993.0
2023-10-15 03:00:00,0.2199,0.22,0.2185,0.2185,154338.0
2023-10-15 03:15:00,0.2186,0.2192,0.2185,0.2188,91117.0
2023-10-15 03:30:00,0.2188,0.2193,0.2185,0.2187,235043.0
2023-10-15 03:45:00,0.2185,0.2188,0.218,0.218,45394.0
2023-10-15 04:00:00,0.2184,0.219,0.2183,0.219,30163.0
2023-10-15 04:15:00,0.2189,0.219,0.2187,0.219,24877.0
2023-10-15 04:30:00,0.2191,0.2191,0.2186,0.2186,18625.0
2023-10-15 04:45:00,0.2185,0.2196,0.2185,0.2194,29342.0
2023-10-15 05:00:00,0.2195,0.2196,0.219,0.219,38819.0
2023-10-15 05:15:00,0.2191,0.2194,0.219,0.2194,9388.0
2023-10-15 05:30:00,0.2194,0.2195,0.2193,0.2193,15629.0
2023-10-15 05:45:00,0.2193,0.2198,0.2193,0.2196,15679.0
2023-10-15 06:00:00,0.2198,0.2199,0.2192,0.2193,32320.0
2023-10-15 06:15:00,0.2192,0.2194,0.219,0.219,15348.0
2023-10-15 06:30:00,0.2191,0.2192,0.219,0.2192,24798.0
2023-10-15 06:45:00,0.2192,0.2192,0.2188,0.2189,55769.0
2023-10-15 07:00:00,0.219,0.2191,0.2187,0.2191,86962.0
2023-10-15 07:15:00,0.219,0.219,0.2184,0.2185,39200.0
2023-10-15 07:30:00,0.2186,0.2189,0.2181,0.2183,22738.0
2023-10-15 07:45:00,0.2183,0.219,0.2183,0.219,58811.0
2023-10-15 08:00:00,0.2191,0.2195,0.2189,0.2191,33245.0
2023-10-15 08:15:00,0.2194,0.2196,0.2193,0.2195,37153.0
2023-10-15 08:30:00,0.2194,0.2202,0.2194,0.2202,107004.0
2023-10-15 08:45:00,0.2201,0.222,0.2201,0.2205,324634.0
2023-10-15 09:00:00,0.2205,0.2219,0.2205,0.2211,159478.0
2023-10-15 09:15:00,0.2209,0.221,0.2203,0.2203,33563.0
2023-10-15 09:30:00,0.2202,0.2211,0.22,0.221,68798.0
2023-10-15 09:45:00,0.2211,0.2211,0.2207,0.2208,54979.0
2023-10-15 10:00:00,0.2209,0.2209,0.22,0.2201,23855.0
2023-10-15 10:15:00,0.22,0.22,0.2193,0.2194,58570.0
2023-10-15 10:30:00,0.2195,0.2205,0.2195,0.2203,20535.0
2023-10-15 10:45:00,0.2205,0.2207,0.2203,0.2204,30794.0
2023-10-15 11:00:00,0.2203,0.2203,0.2193,0.2193,73431.0
2023-10-15 11:15:00,0.2193,0.2198,0.2193,0.2198,77502.0
2023-10-15 11:30:00,0.2198,0.2203,0.2197,0.2201,61933.0
2023-10-15 11:45:00,0.2204,0.2205,0.22,0.2205,45633.0
2023-10-15 12:00:00,0.2204,0.2204,0.2197,0.2198,77307.0
2023-10-15 12:15:00,0.2198,0.2201,0.2194,0.2201,43301.0
2023-10-15 12:30:00,0.2201,0.2206,0.2198,0.2198,113157.0
2023-10-15 12:45:00,0.2198,0.2198,0.2192,0.2192,44945.0
2023-10-15 13:00:00,0.2191,0.2198,0.2185,0.2198,134229.0
2023-10-15 13:15:00,0.2198,0.223,0.2198,0.2225,311079.0
2023-10-15 13:30:00,0.2225,0.223,0.2214,0.2215,223502.0
2023-10-15 13:45:00,0.2214,0.2214,0.2197,0.22,106752.0
2023-10-15 14:00:00,0.2199,0.2218,0.2199,0.2215,68296.0
2023-10-15 14:15:00,0.2216,0.2219,0.221,0.2217,25327.0
2023-10-15 14:30:00,0.2217,0.2225,0.221,0.2212,137532.0
2023-10-15 14:45:00,0.2212,0.2213,0.2202,0.2204,70306.0
2023-10-15 15:00:00,0.2204,0.2207,0.2198,0.2203,57060.0
2023-10-15 15:15:00,0.2202,0.2216,0.2202,0.2212,34337.0
2023-10-15 15:30:00,0.2213,0.2232,0.2213,0.2229,173125.0
2023-10-15 15:45:00,0.2231,0.2234,0.2229,0.2233,166580.0
2023-10-15 16:00:00,0.2233,0.2244,0.222,0.222,193673.0
2023-10-15 16:15:00,0.2219,0.2219,0.2212,0.2217,69674.0
2023-10-15 16:30:00,0.2216,0.2227,0.2214,0.2225,29657.0
2023-10-15 16:45:00,0.2224,0.2225,0.222,0.2224,12515.0
2023-10-15 17:00:00,0.2225,0.2231,0.2222,0.2225,39545.0
2023-10-15 17:15:00,0.2227,0.2234,0.2226,0.223,33664.0
2023-10-15 17:30:00,0.223,0.2232,0.2218,0.2222,53385.0
2023-10-15 17:45:00,0.2221,0.2225,0.222,0.2225,43301.0
2023-10-15 18:00:00,0.2225,0.2228,0.2225,0.2228,7679.0
2023-10-15 18:15:00,0.2226,0.2229,0.2224,0.2229,67066.0
2023-10-15 18:30:00,0.223,0.2238,0.223,0.2232,85027.0
2023-10-15 18:45:00,0.2233,0.2235,0.2223,0.2235,99412.0
2023-10-15 19:00:00,0.2235,0.2235,0.2218,0.2219,55456.0
2023-10-15 19:15:00,0.2219,0.2219,0.2213,0.2216,37961.0
2023-10-15 19:30:00,0.2214,0.2221,0.2214,0.2219,32162.0
2023-10-15 19:45:00,0.2219,0.2225,0.2218,0.2224,21298.0
2023-10-15 20:00:00,0.2225,0.2225,0.2216,0.2216,16997.0
2023-10-15 20:15:00,0.2217,0.222,0.2214,0.2218,68826.0
2023-10-15 20:30:00,0.2219,0.2238,0.2219,0.2231,54536.0
2023-10-15 20:45:00,0.2231,0.2233,0.2228,0.2228,22604.0
2023-10-15 21:00:00,0.2228,0.2234,0.2218,0.2218,73428.0
2023-10-15 21:15:00,0.2218,0.2229,0.2218,0.2227,15477.0
2023-10-15 21:30:00,0.2226,0.2229,0.2223,0.2223,13103.0
2023-10-15 21:45:00,0.2225,0.223,0.2225,0.223,20417.0
2023-10-15 22:00:00,0.223,0.2242,0.223,0.2239,43825.0
2023-10-15 22:15:00,0.2238,0.2238,0.2233,0.2234,8744.0
2023-10-15 22:30:00,0.2235,0.2237,0.2226,0.2226,31346.0
2023-10-15 22:45:00,0.2227,0.2228,0.2221,0.2222,48085.0
2023-10-15 23:00:00,0.2222,0.2224,0.2221,0.2223,11330.0
2023-10-15 23:15:00,0.2224,0.2225,0.2221,0.2222,9558.0
2023-10-15 23:30:00,0.222,0.2227,0.2219,0.2223,55819.0
2023-10-15 23:45:00,0.2224,0.2232,0.2223,0.2232,97556.0
2023-10-16 00:00:00,0.223,0.223,0.2217,0.2219,32597.0
2023-10-16 00:15:00,0.2217,0.2224,0.2216,0.2224,46504.0
2023-10-16 00:30:00,0.2224,0.2228,0.2222,0.2222,117088.0
2023-10-16 00:45:00,0.2221,0.2227,0.222,0.2221,18689.0
2023-10-16 01:00:00,0.2221,0.2234,0.2221,0.2231,23374.0
2023-10-16 01:15:00,0.223,0.2236,0.223,0.2236,18713.0
2023-10-16 01:30:00,0.2237,0.2237,0.2231,0.2231,22687.0
2023-10-16 01:45:00,0.2231,0.2237,0.223,0.223,23254.0
2023-10-16 02:00:00,0.2229,0.2239,0.2227,0.2239,36299.0
2023-10-16 02:15:00,0.2238,0.2242,0.2238,0.224,25065.0
2023-10-16 02:30:00,0.224,0.2241,0.2233,0.2235,26848.0
2023-10-16 02:45:00,0.2234,0.2241,0.2232,0.2237,70912.0
2023-10-16 03:00:00,0.2238,0.224,0.223,0.2235,51110.0
2023-10-16 03:15:00,0.2233,0.2246,0.2229,0.2246,62606.0
2023-10-16 03:30:00,0.2245,0.2251,0.2244,0.225,112622.0
2023-10-16 03:45:00,0.2251,0.2258,0.2248,0.2252,133375.0
2023-10-16 04:00:00,0.2253,0.2258,0.2242,0.2242,40500.0
2023-10-16 04:15:00,0.2242,0.2242,0.2237,0.2239,16002.0
2023-10-16 04:30:00,0.2239,0.225,0.2238,0.2247,23541.0
2023-10-16 04:45:00,0.2246,0.2274,0.2244,0.2265,630848.0
2023-10-16 05:00:00,0.2264,0.2264,0.2252,0.2259,189414.0
2023-10-16 05:15:00,0.2259,0.2282,0.2258,0.2282,349420.0
2023-10-16 05:30:00,0.2282,0.2286,0.2273,0.2275,158712.0
2023-10-16 05:45:00,0.2275,0.2284,0.227,0.2281,108308.0
2023-10-16 06:00:00,0.2283,0.2397,0.2279,0.2367,3758969.0
2023-10-16 06:15:00,0.2365,0.2365,0.2317,0.2328,1208044.0
2023-10-16 06:30:00,0.2327,0.2334,0.2307,0.2322,474123.0
2023-10-16 06:45:00,0.232,0.2335,0.2295,0.2302,611369.0
2023-10-16 07:00:00,0.23,0.2306,0.2286,0.2306,430930.0
2023-10-16 07:15:00,0.2307,0.2325,0.23,0.2323,279527.0
2023-10-16 07:30:00,0.2324,0.2328,0.2314,0.2318,269009.0
2023-10-16 07:45:00,0.2318,0.2325,0.2304,0.231,162998.0
2023-10-16 08:00:00,0.2312,0.2317,0.2298,0.23,203265.0
2023-10-16 08:15:00,0.2301,0.2309,0.2301,0.2304,101994.0
2023-10-16 08:30:00,0.2305,0.2309,0.2294,0.2295,98028.0
2023-10-16 08:45:00,0.2295,0.2297,0.2287,0.2287,174122.0
2023-10-16 09:00:00,0.229,0.2294,0.2287,0.2294,610476.0
2023-10-16 09:15:00,0.2294,0.2301,0.2287,0.2298,143981.0
2023-10-16 09:30:00,0.2298,0.2317,0.2298,0.2315,267399.0
2023-10-16 09:45:00,0.2315,0.2321,0.231,0.2318,96314.0
2023-10-16 10:00:00,0.2318,0.232,0.2307,0.2316,176033.0
2023-10-16 10:15:00,0.2315,0.2315,0.231,0.2315,200518.0
2023-10-16 10:30:00,0.2315,0.2345,0.2315,0.2336,312910.0
2023-10-16 10:45:00,0.2336,0.2339,0.2324,0.2325,216077.0
2023-10-16 11:00:00,0.2325,0.2332,0.2307,0.2308,152199.0
2023-10-16 11:15:00,0.2308,0.2312,0.2307,0.2308,75516.0
2023-10-16 11:30:00,0.2308,0.2312,0.2297,0.2311,126302.0
2023-10-16 11:45:00,0.2312,0.2312,0.2306,0.2308,27115.0
2023-10-16 12:00:00,0.2307,0.2312,0.2297,0.2305,149794.0
2023-10-16 12:15:00,0.2303,0.2313,0.23,0.2307,60760.0
2023-10-16 12:30:00,0.2308,0.2311,0.2304,0.2305,18765.0
2023-10-16 12:45:00,0.2305,0.2327,0.2305,0.2326,131983.0
2023-10-16 13:00:00,0.2325,0.2328,0.2317,0.2321,84530.0
2023-10-16 13:15:00,0.2323,0.2363,0.2315,0.2363,986137.0
2023-10-16 13:30:00,0.2364,0.2373,0.2287,0.2302,1305950.0
2023-10-16 13:45:00,0.2302,0.2309,0.2253,0.228,738846.0
2023-10-16 14:00:00,0.2283,0.2287,0.2275,0.2284,123705.0
2023-10-16 14:15:00,0.2286,0.2295,0.2277,0.229,525803.0
2023-10-16 14:30:00,0.2291,0.2296,0.2281,0.2284,114169.0
2023-10-16 14:45:00,0.2284,0.2284,0.2264,0.227,767553.0
2023-10-16 15:00:00,0.2269,0.2274,0.2266,0.2273,83063.0
2023-10-16 15:15:00,0.2273,0.2273,0.226,0.2266,156412.0
2023-10-16 15:30:00,0.2264,0.2269,0.2238,0.225,423390.0
2023-10-16 15:45:00,0.2248,0.2252,0.2239,0.2244,163496.0
2023-10-16 16:00:00,0.2243,0.2263,0.2242,0.2261,123765.0
2023-10-16 16:15:00,0.2263,0.2268,0.2262,0.2268,16283.0
2023-10-16 16:30:00,0.2265,0.2267,0.2261,0.2263,45985.0
2023-10-16 16:45:00,0.2263,0.2265,0.2261,0.2261,29323.0
2023-10-16 17:00:00,0.2262,0.2273,0.2262,0.2271,26409.0
2023-10-16 17:15:00,0.2271,0.2271,0.2262,0.2263,21415.0
2023-10-16 17:30:00,0.2262,0.2265,0.2257,0.2265,75035.0
2023-10-16 17:45:00,0.2266,0.227,0.2265,0.227,18294.0
2023-10-16 18:00:00,0.227,0.2284,0.227,0.2284,76420.0
2023-10-16 18:15:00,0.2284,0.2288,0.2283,0.2287,104616.0
2023-10-16 18:30:00,0.2286,0.2292,0.2284,0.2292,76540.0
2023-10-16 18:45:00,0.2292,0.2302,0.229,0.2302,144283.0
2023-10-16 19:00:00,0.23,0.2313,0.2297,0.2313,145257.0
2023-10-16 19:15:00,0.2312,0.2316,0.2309,0.2316,49187.0
2023-10-16 19:30:00,0.2317,0.2317,0.2305,0.2305,22628.0
2023-10-16 19:45:00,0.2304,0.2309,0.2302,0.2305,30313.0
2023-10-16 20:00:00,0.2306,0.2306,0.2299,0.2304,56323.0
2023-10-16 20:15:00,0.2305,0.2306,0.23,0.2301,65217.0
2023-10-16 20:30:00,0.2301,0.2301,0.2291,0.2293,18344.0
2023-10-16 20:45:00,0.2291,0.2292,0.2287,0.2289,24950.0
2023-10-16 21:00:00,0.2289,0.229,0.2278,0.2281,67854.0
2023-10-16 21:15:00,0.2282,0.2285,0.228,0.2284,66652.0
2023-10-16 21:30:00,0.2286,0.229,0.2286,0.2288,32909.0
2023-10-16 21:45:00,0.2291,0.2292,0.2288,0.229,22151.0
2023-10-16 22:00:00,0.2291,0.2297,0.2291,0.2297,43841.0
2023-10-16 22:15:00,0.2296,0.2298,0.2292,0.2295,61899.0
2023-10-16 22:30:00,0.2293,0.2303,0.2293,0.2303,24290.0
2023-10-16 22:45:00,0.2302,0.2304,0.2295,0.2297,21728.0
2023-10-16 23:00:00,0.2298,0.23,0.2297,0.2299,78924.0
2023-10-16 23:15:00,0.2299,0.23,0.2288,0.2291,163057.0
2023-10-16 23:30:00,0.2291,0.2316,0.2288,0.2316,234557.0
2023-10-16 23:45:00,0.2316,0.2316,0.2287,0.2288,348048.0
2023-10-17 00:00:00,0.2288,0.2289,0.2279,0.2279,60555.0
2023-10-17 00:15:00,0.2279,0.2282,0.2273,0.2273,97596.0
2023-10-17 00:30:00,0.2273,0.2282,0.2273,0.2277,63871.0
2023-10-17 00:45:00,0.2276,0.228,0.227,0.2273,109233.0
2023-10-17 01:00:00,0.2276,0.2325,0.2274,0.2301,308184.0
2023-10-17 01:15:00,0.23,0.23,0.2291,0.2293,75018.0
2023-10-17 01:30:00,0.2293,0.2319,0.2293,0.2304,237477.0
2023-10-17 01:45:00,0.2305,0.2307,0.2293,0.2295,56437.0
2023-10-17 02:00:00,0.2295,0.2297,0.2293,0.2294,130242.0
2023-10-17 02:15:00,0.2293,0.2294,0.2283,0.2284,107622.0
2023-10-17 02:30:00,0.2284,0.2298,0.2284,0.2293,13694.0
2023-10-17 02:45:00,0.2291,0.2301,0.2291,0.2296,18881.0
2023-10-17 03:00:00,0.2295,0.2295,0.2292,0.2295,7930.0
2023-10-17 03:15:00,0.2291,0.2292,0.2286,0.2287,116468.0
2023-10-17 03:30:00,0.229,0.2306,0.229,0.2299,86131.0
2023-10-17 03:45:00,0.2301,0.2301,0.229,0.229,10102.0
2023-10-17 04:00:00,0.229,0.229,0.2285,0.2289,77632.0
2023-10-17 04:15:00,0.2287,0.229,0.2287,0.229,12536.0
2023-10-17 04:30:00,0.229,0.2291,0.2285,0.2289,103283.0
2023-10-17 04:45:00,0.2288,0.2338,0.2288,0.2326,965631.0
2023-10-17 05:00:00,0.2326,0.2333,0.2321,0.2325,139304.0
2023-10-17 05:15:00,0.2323,0.2331,0.2319,0.2331,108722.0
2023-10-17 05:30:00,0.2331,0.2347,0.2321,0.2331,799191.0
2023-10-17 05:45:00,0.2331,0.2338,0.2331,0.2336,120158.0
2023-10-17 06:00:00,0.2336,0.2337,0.2316,0.2328,330493.0
2023-10-17 06:15:00,0.2329,0.2329,0.2322,0.2322,76750.0
2023-10-17 06:30:00,0.2323,0.2325,0.2317,0.2318,91485.0
2023-10-17 06:45:00,0.2315,0.2315,0.2306,0.2311,198361.0
2023-10-17 07:00:00,0.2313,0.2314,0.2301,0.2301,143375.0
2023-10-17 07:15:00,0.2301,0.2309,0.2294,0.2302,354507.0
2023-10-17 07:30:00,0.2301,0.2301,0.2288,0.2295,442707.0
2023-10-17 07:45:00,0.2295,0.2316,0.2295,0.2315,158694.0
2023-10-17 08:00:00,0.2314,0.2314,0.23,0.2301,78479.0
2023-10-17 08:15:00,0.23,0.2301,0.2294,0.2294,139080.0
2023-10-17 08:30:00,0.2293,0.2296,0.2288,0.229,80573.0
2023-10-17 08:45:00,0.2292,0.23,0.2289,0.23,193066.0
2023-10-17 09:00:00,0.2299,0.2302,0.2293,0.23,578761.0
2023-10-17 09:15:00,0.2301,0.2302,0.2293,0.2297,32887.0
2023-10-17 09:30:00,0.2299,0.2306,0.2299,0.2305,59644.0
2023-10-17 09:45:00,0.2305,0.2315,0.2305,0.2306,123179.0
2023-10-17 10:00:00,0.2306,0.2318,0.2301,0.2313,136758.0
2023-10-17 10:15:00,0.2314,0.2321,0.2311,0.2311,126286.0
2023-10-17 10:30:00,0.2311,0.2311,0.2301,0.2303,53575.0
2023-10-17 10:45:00,0.2304,0.231,0.2294,0.2298,54266.0
2023-10-17 11:00:00,0.2299,0.2302,0.2294,0.2299,30289.0
2023-10-17 11:15:00,0.23,0.2305,0.2292,0.2296,177851.0
2023-10-17 11:30:00,0.2295,0.2298,0.2291,0.2291,35253.0
2023-10-17 11:45:00,0.2291,0.2296,0.2288,0.2288,354004.0
2023-10-17 12:00:00,0.2288,0.2295,0.2279,0.2281,219344.0
2023-10-17 12:15:00,0.2281,0.2282,0.2272,0.2274,145002.0
2023-10-17 12:30:00,0.2272,0.2272,0.2251,0.2259,575002.0
2023-10-17 12:45:00,0.2259,0.2273,0.2256,0.2264,335661.0
2023-10-17 13:00:00,0.226,0.2267,0.225,0.2264,469552.0
2023-10-17 13:15:00,0.2261,0.2267,0.2244,0.2248,293419.0
2023-10-17 13:30:00,0.2248,0.2252,0.218,0.2202,1117519.0
2023-10-17 13:45:00,0.2201,0.2212,0.2148,0.2198,1280128.0
2023-10-17 14:00:00,0.2197,0.2215,0.2194,0.2214,400679.0
2023-10-17 14:15:00,0.2216,0.222,0.2209,0.221,127087.0
2023-10-17 14:30:00,0.221,0.2225,0.2209,0.2216,115722.0
2023-10-17 14:45:00,0.2216,0.2224,0.2215,0.2224,72139.0
2023-10-17 15:00:00,0.2221,0.2233,0.222,0.2232,60435.0
2023-10-17 15:15:00,0.2231,0.2237,0.2226,0.2229,64359.0
2023-10-17 15:30:00,0.2228,0.2236,0.2228,0.2232,21625.0
2023-10-17 15:45:00,0.2233,0.2235,0.2219,0.2222,191232.0
2023-10-17 16:00:00,0.2222,0.2225,0.2214,0.2217,110284.0
2023-10-17 16:15:00,0.2217,0.2223,0.2217,0.2218,40591.0
2023-10-17 16:30:00,0.2218,0.2221,0.2214,0.2219,78240.0
2023-10-17 16:45:00,0.222,0.222,0.2213,0.2213,48200.0
2023-10-17 17:00:00,0.2211,0.2217,0.2206,0.221,54674.0
2023-10-17 17:15:00,0.2209,0.2209,0.2198,0.2207,124234.0
2023-10-17 17:30:00,0.2205,0.2205,0.2196,0.2199,40547.0
2023-10-17 17:45:00,0.2198,0.2198,0.2181,0.2187,102925.0
2023-10-17 18:00:00,0.219,0.2197,0.219,0.2195,34594.0
2023-10-17 18:15:00,0.2195,0.2199,0.2191,0.2193,27200.0
2023-10-17 18:30:00,0.2193,0.2201,0.2193,0.22,57567.0
2023-10-17 18:45:00,0.2201,0.2201,0.2173,0.2185,380413.0
2023-10-17 19:00:00,0.2186,0.2189,0.2182,0.2183,48529.0
2023-10-17 19:15:00,0.2185,0.2191,0.2183,0.2184,66581.0
2023-10-17 19:30:00,0.2183,0.2191,0.2183,0.2188,15720.0
2023-10-17 19:45:00,0.2187,0.2188,0.2183,0.2185,40576.0
2023-10-17 20:00:00,0.2188,0.2189,0.2175,0.2181,68624.0
2023-10-17 20:15:00,0.2182,0.2186,0.2176,0.2186,38833.0
2023-10-17 20:30:00,0.2186,0.2188,0.2183,0.2188,22952.0
2023-10-17 20:45:00,0.2189,0.2192,0.2182,0.2186,34741.0
2023-10-17 21:00:00,0.2184,0.2195,0.218,0.2191,30071.0
2023-10-17 21:15:00,0.2191,0.2196,0.2191,0.2196,19936.0
2023-10-17 21:30:00,0.2194,0.2194,0.2189,0.2189,14416.0
2023-10-17 21:45:00,0.219,0.219,0.2187,0.2187,15983.0
2023-10-17 22:00:00,0.2186,0.2186,0.2174,0.2179,125032.0
2023-10-17 22:15:00,0.2179,0.2183,0.2179,0.2181,3720.0
2023-10-17 22:30:00,0.2183,0.2183,0.2168,0.2168,64422.0
2023-10-17 22:45:00,0.2167,0.2175,0.2167,0.2175,20342.0
2023-10-17 23:00:00,0.2177,0.2181,0.2173,0.2177,46993.0
2023-10-17 23:15:00,0.2174,0.2178,0.2172,0.2177,57484.0
2023-10-17 23:30:00,0.2178,0.2179,0.2176,0.2177,71724.0
2023-10-17 23:45:00,0.2176,0.2176,0.2165,0.2165,88817.0
2023-10-18 00:00:00,0.2165,0.2173,0.2155,0.2163,192259.0
2023-10-18 00:15:00,0.2163,0.2171,0.216,0.2167,35655.0
2023-10-18 00:30:00,0.2168,0.2168,0.2145,0.215,379979.0
2023-10-18 00:45:00,0.2148,0.2159,0.2146,0.2159,30185.0
2023-10-18 01:00:00,0.2157,0.2159,0.2149,0.2159,169288.0
2023-10-18 01:15:00,0.2159,0.2159,0.2146,0.2146,199156.0
2023-10-18 01:30:00,0.2146,0.2146,0.2108,0.2118,528549.0
2023-10-18 01:45:00,0.2119,0.2132,0.2119,0.2125,250529.0
2023-10-18 02:00:00,0.2124,0.2135,0.2124,0.2128,410601.0
2023-10-18 02:15:00,0.2127,0.2139,0.212,0.2133,338969.0
2023-10-18 02:30:00,0.2133,0.2133,0.2125,0.2125,56104.0
2023-10-18 02:45:00,0.2125,0.2132,0.212,0.2132,112740.0
2023-10-18 03:00:00,0.2132,0.2151,0.2129,0.2151,141112.0
2023-10-18 03:15:00,0.2148,0.2148,0.2141,0.2143,42784.0
2023-10-18 03:30:00,0.2145,0.2147,0.2142,0.2145,10509.0
2023-10-18 03:45:00,0.2146,0.2152,0.2143,0.2149,42700.0
2023-10-18 04:00:00,0.2148,0.2161,0.2145,0.2159,48224.0
2023-10-18 04:15:00,0.216,0.2164,0.2156,0.2161,17763.0
2023-10-18 04:30:00,0.2161,0.2161,0.2151,0.2161,27342.0
2023-10-18 04:45:00,0.2161,0.219,0.2159,0.2176,220097.0
2023-10-18 05:00:00,0.2179,0.2184,0.217,0.217,84265.0
2023-10-18 05:15:00,0.2172,0.2176,0.217,0.2176,73426.0
2023-10-18 05:30:00,0.2173,0.2174,0.2161,0.2167,184997.0
2023-10-18 05:45:00,0.2166,0.2167,0.2153,0.2158,81184.0
2023-10-18 06:00:00,0.2156,0.2161,0.2154,0.2159,37333.0
2023-10-18 06:15:00,0.2161,0.2161,0.2148,0.2148,76583.0
2023-10-18 06:30:00,0.2149,0.2155,0.2149,0.2155,17124.0
2023-10-18 06:45:00,0.2153,0.2161,0.2151,0.2158,147794.0
2023-10-18 07:00:00,0.2157,0.2157,0.2147,0.215,75275.0
2023-10-18 07:15:00,0.215,0.2158,0.215,0.2151,12735.0
2023-10-18 07:30:00,0.2155,0.2158,0.2149,0.2151,101301.0
2023-10-18 07:45:00,0.2151,0.2152,0.2139,0.214,64242.0
2023-10-18 08:00:00,0.2139,0.2146,0.2135,0.2137,61136.0
2023-10-18 08:15:00,0.2136,0.2142,0.2134,0.2138,50953.0
2023-10-18 08:30:00,0.2138,0.2141,0.2136,0.214,38084.0
2023-10-18 08:45:00,0.2141,0.2144,0.2139,0.2142,42839.0
2023-10-18 09:00:00,0.2141,0.2142,0.2135,0.2138,41831.0
2023-10-18 09:15:00,0.2138,0.2142,0.2136,0.2136,24183.0
2023-10-18 09:30:00,0.2136,0.2143,0.2136,0.214,86229.0
2023-10-18 09:45:00,0.214,0.2143,0.2117,0.2117,142702.0
2023-10-18 10:00:00,0.2117,0.2137,0.2116,0.2131,95048.0
2023-10-18 10:15:00,0.2132,0.2135,0.2127,0.2127,67881.0
2023-10-18 10:30:00,0.2127,0.2133,0.2123,0.2131,39026.0
2023-10-18 10:45:00,0.213,0.213,0.2122,0.2123,250890.0
2023-10-18 11:00:00,0.2123,0.2124,0.2113,0.2113,58640.0
2023-10-18 11:15:00,0.2114,0.2124,0.2113,0.2113,62922.0
2023-10-18 11:30:00,0.2115,0.212,0.2112,0.2115,71199.0
2023-10-18 11:45:00,0.2113,0.2115,0.2102,0.2106,194020.0
2023-10-18 12:00:00,0.2108,0.2112,0.2101,0.2105,184489.0
2023-10-18 12:15:00,0.2105,0.2106,0.21,0.2104,171927.0
2023-10-18 12:30:00,0.2105,0.2109,0.21,0.2106,158343.0
2023-10-18 12:45:00,0.2106,0.2109,0.21,0.2109,17640.0
2023-10-18 13:00:00,0.2107,0.2112,0.2106,0.2112,18282.0
2023-10-18 13:15:00,0.2109,0.2111,0.2105,0.2105,13532.0
2023-10-18 13:30:00,0.2105,0.211,0.2094,0.2095,83781.0
2023-10-18 13:45:00,0.2095,0.2101,0.2088,0.2094,63934.0
2023-10-18 14:00:00,0.2095,0.2104,0.2093,0.21,58474.0
2023-10-18 14:15:00,0.2097,0.2115,0.2097,0.2108,45797.0
2023-10-18 14:30:00,0.2108,0.2108,0.209,0.2095,225203.0
2023-10-18 14:45:00,0.2097,0.2098,0.2086,0.2092,110106.0
2023-10-18 15:00:00,0.209,0.2091,0.2085,0.2087,65142.0
2023-10-18 15:15:00,0.2092,0.2093,0.2068,0.2079,184334.0
2023-10-18 15:30:00,0.2079,0.2079,0.2034,0.2048,1382309.0
2023-10-18 15:45:00,0.2046,0.205,0.2042,0.205,63575.0
2023-10-18 16:00:00,0.205,0.2066,0.2048,0.2066,206217.0
2023-10-18 16:15:00,0.2067,0.2072,0.2065,0.2069,120741.0
2023-10-18 16:30:00,0.2069,0.2075,0.2067,0.2073,97001.0
2023-10-18 16:45:00,0.2073,0.2079,0.207,0.2072,36035.0
2023-10-18 17:00:00,0.2074,0.2078,0.2069,0.2078,67008.0
2023-10-18 17:15:00,0.2078,0.208,0.2071,0.2072,43782.0
2023-10-18 17:30:00,0.2074,0.2074,0.2061,0.2061,97127.0
2023-10-18 17:45:00,0.2062,0.2063,0.2055,0.2057,73531.0
2023-10-18 18:00:00,0.2054,0.2064,0.2053,0.206,34978.0
2023-10-18 18:15:00,0.206,0.2068,0.2059,0.2064,77537.0
2023-10-18 18:30:00,0.2068,0.2071,0.2064,0.2065,9080.0
2023-10-18 18:45:00,0.2067,0.2068,0.2058,0.2068,140898.0
2023-10-18 19:00:00,0.2068,0.2068,0.2051,0.2053,90471.0
2023-10-18 19:15:00,0.2055,0.206,0.2052,0.2053,19114.0
2023-10-18 19:30:00,0.2052,0.2055,0.2048,0.2055,34455.0
2023-10-18 19:45:00,0.2054,0.2065,0.2054,0.2056,24335.0
2023-10-18 20:00:00,0.2056,0.2065,0.2054,0.2062,37711.0
2023-10-18 20:15:00,0.2065,0.2068,0.2061,0.2068,35233.0
2023-10-18 20:30:00,0.2065,0.2065,0.2051,0.2052,71473.0
2023-10-18 20:45:00,0.2054,0.2058,0.2052,0.2058,32782.0
2023-10-18 21:00:00,0.2055,0.206,0.2053,0.2055,14166.0
2023-10-18 21:15:00,0.2057,0.2057,0.2052,0.2057,98701.0
2023-10-18 21:30:00,0.2058,0.2059,0.2048,0.2053,133505.0
2023-10-18 21:45:00,0.2053,0.2058,0.2053,0.2057,78858.0
2023-10-18 22:00:00,0.2058,0.2066,0.2057,0.2065,20030.0
2023-10-18 22:15:00,0.2068,0.2077,0.2066,0.2069,96493.0
2023-10-18 22:30:00,0.207,0.207,0.2066,0.2067,58647.0
2023-10-18 22:45:00,0.2067,0.2071,0.2066,0.2071,5089.0
2023-10-18 23:00:00,0.2072,0.2077,0.2071,0.2071,80932.0
2023-10-18 23:15:00,0.2071,0.2072,0.2069,0.2071,2239.0
2023-10-18 23:30:00,0.2071,0.2073,0.2062,0.2064,22514.0
2023-10-18 23:45:00,0.2062,0.2067,0.2061,0.2063,20967.0
2023-10-19 00:00:00,0.2062,0.2067,0.206,0.2064,46784.0
2023-10-19 00:15:00,0.2063,0.2074,0.2058,0.2071,28792.0
2023-10-19 00:30:00,0.2071,0.2071,0.206,0.2061,118824.0
2023-10-19 00:45:00,0.2063,0.2089,0.2063,0.2084,302620.0
2023-10-19 01:00:00,0.2082,0.2083,0.2073,0.2077,14740.0
2023-10-19 01:15:00,0.2075,0.2081,0.2074,0.2081,34465.0
2023-10-19 01:30:00,0.2077,0.2077,0.2006,0.202,561190.0
2023-10-19 01:45:00,0.2024,0.2034,0.2009,0.2025,430846.0
2023-10-19 02:00:00,0.2025,0.2039,0.2024,0.203,146684.0
2023-10-19 02:15:00,0.2031,0.2032,0.2021,0.2021,59058.0
2023-10-19 02:30:00,0.202,0.2028,0.2016,0.2016,139876.0
2023-10-19 02:45:00,0.2015,0.2025,0.201,0.2021,241241.0
2023-10-19 03:00:00,0.2021,0.2037,0.2021,0.2037,84811.0
2023-10-19 03:15:00,0.2037,0.2041,0.2034,0.2034,73867.0
2023-10-19 03:30:00,0.2035,0.2042,0.2033,0.2034,36632.0
2023-10-19 03:45:00,0.2033,0.2033,0.2024,0.2024,62810.0
2023-10-19 04:00:00,0.2023,0.2031,0.2021,0.2021,40943.0
2023-10-19 04:15:00,0.2021,0.2027,0.2019,0.2026,82751.0
2023-10-19 04:30:00,0.2026,0.2026,0.2019,0.2021,50916.0
2023-10-19 04:45:00,0.2023,0.2026,0.2015,0.2016,69733.0
2023-10-19 05:00:00,0.2017,0.203,0.2017,0.2027,28883.0
2023-10-19 05:15:00,0.2027,0.2027,0.2016,0.2025,304452.0
2023-10-19 05:30:00,0.2026,0.2026,0.202,0.2022,10569.0
2023-10-19 05:45:00,0.2021,0.2021,0.2011,0.2015,106592.0
2023-10-19 06:00:00,0.2017,0.202,0.2013,0.2017,84614.0
2023-10-19 06:15:00,0.2017,0.202,0.2013,0.2015,45893.0
2023-10-19 06:30:00,0.2012,0.202,0.2011,0.202,37702.0
2023-10-19 06:45:00,0.202,0.2021,0.2012,0.2016,72315.0
2023-10-19 07:00:00,0.2016,0.2021,0.2013,0.2013,70758.0
2023-10-19 07:15:00,0.2012,0.2014,0.2006,0.2007,148138.0
2023-10-19 07:30:00,0.2009,0.2029,0.2009,0.2029,147493.0
2023-10-19 07:45:00,0.2028,0.2032,0.2023,0.2032,56250.0
2023-10-19 08:00:00,0.2033,0.2034,0.2026,0.2026,59001.0
2023-10-19 08:15:00,0.2024,0.2026,0.2017,0.2017,58043.0
2023-10-19 08:30:00,0.2021,0.2021,0.2017,0.2017,32639.0
2023-10-19 08:45:00,0.2019,0.2019,0.2015,0.2015,16182.0
2023-10-19 09:00:00,0.2013,0.2013,0.2005,0.2008,62210.0
2023-10-19 09:15:00,0.2006,0.2009,0.2003,0.2006,72069.0
2023-10-19 09:30:00,0.2006,0.2007,0.1985,0.199,429771.0
2023-10-19 09:45:00,0.199,0.1993,0.198,0.1988,241430.0
2023-10-19 10:00:00,0.1988,0.2007,0.1982,0.2006,136082.0
2023-10-19 10:15:00,0.2007,0.2009,0.1991,0.1996,104640.0
2023-10-19 10:30:00,0.1996,0.2001,0.1994,0.2,41521.0
2023-10-19 10:45:00,0.2001,0.2011,0.2,0.2011,28993.0
2023-10-19 11:00:00,0.2011,0.2022,0.201,0.202,60415.0
2023-10-19 11:15:00,0.202,0.2024,0.2019,0.2023,29719.0
2023-10-19 11:30:00,0.202,0.2023,0.2016,0.2022,54589.0
2023-10-19 11:45:00,0.202,0.2025,0.2015,0.2025,42491.0
2023-10-19 12:00:00,0.2025,0.2028,0.202,0.2025,76143.0
2023-10-19 12:15:00,0.2022,0.2026,0.2019,0.202,92222.0
2023-10-19 12:30:00,0.202,0.2022,0.202,0.202,11464.0
2023-10-19 12:45:00,0.2028,0.2031,0.2026,0.2029,21611.0
2023-10-19 13:00:00,0.2029,0.2042,0.2029,0.2037,93552.0
2023-10-19 13:15:00,0.2036,0.2041,0.2034,0.2039,88373.0
2023-10-19 13:30:00,0.2041,0.2046,0.2035,0.2035,40740.0
2023-10-19 13:45:00,0.2037,0.2037,0.2032,0.2033,48421.0
2023-10-19 14:00:00,0.2032,0.2037,0.203,0.2036,52137.0
2023-10-19 14:15:00,0.2036,0.2036,0.2021,0.2021,66630.0
2023-10-19 14:30:00,0.2021,0.2025,0.2019,0.2024,61534.0
2023-10-19 14:45:00,0.2023,0.2032,0.2021,0.2032,57562.0
2023-10-19 15:00:00,0.2034,0.204,0.2028,0.2029,150691.0
2023-10-19 15:15:00,0.2029,0.2029,0.202,0.202,55191.0
2023-10-19 15:30:00,0.202,0.2025,0.2017,0.2025,33172.0
2023-10-19 15:45:00,0.2025,0.2027,0.2015,0.2019,44534.0
2023-10-19 16:00:00,0.2019,0.2026,0.2019,0.2019,88440.0
2023-10-19 16:15:00,0.2021,0.204,0.2021,0.2028,62246.0
2023-10-19 16:30:00,0.2028,0.203,0.2018,0.202,50886.0
2023-10-19 16:45:00,0.2022,0.2022,0.2013,0.2014,43578.0
2023-10-19 17:00:00,0.2014,0.2021,0.2014,0.2019,11032.0
2023-10-19 17:15:00,0.2017,0.2018,0.201,0.2012,33174.0
2023-10-19 17:30:00,0.2012,0.2014,0.2002,0.2007,59032.0
2023-10-19 17:45:00,0.2009,0.2013,0.2007,0.2009,44368.0
2023-10-19 18:00:00,0.201,0.2018,0.201,0.2017,48076.0
2023-10-19 18:15:00,0.2016,0.2025,0.2016,0.2024,79632.0
2023-10-19 18:30:00,0.2024,0.2025,0.2017,0.2019,105259.0
2023-10-19 18:45:00,0.2019,0.2023,0.2012,0.2013,94136.0
2023-10-19 19:00:00,0.2011,0.2019,0.2011,0.2019,11761.0
2023-10-19 19:15:00,0.202,0.2024,0.2018,0.2023,8492.0
2023-10-19 19:30:00,0.2024,0.203,0.2024,0.203,14366.0
2023-10-19 19:45:00,0.2028,0.2029,0.2025,0.2026,22132.0
2023-10-19 20:00:00,0.2029,0.2033,0.2028,0.2029,1897.0
2023-10-19 20:15:00,0.2029,0.2031,0.2023,0.2026,2858.0
2023-10-19 20:30:00,0.2024,0.2036,0.2023,0.2032,27205.0
2023-10-19 20:45:00,0.2032,0.2032,0.2026,0.2026,65695.0
2023-10-19 21:00:00,0.2026,0.2027,0.2008,0.2008,82378.0
2023-10-19 21:15:00,0.2009,0.2011,0.2002,0.2003,31161.0
2023-10-19 21:30:00,0.2003,0.2003,0.2,0.2002,98286.0
2023-10-19 21:45:00,0.2002,0.2008,0.2002,0.2003,22977.0
2023-10-19 22:00:00,0.2003,0.2011,0.2003,0.2011,21972.0
2023-10-19 22:15:00,0.2012,0.202,0.2011,0.202,20754.0
2023-10-19 22:30:00,0.2018,0.2018,0.2013,0.2014,25942.0
2023-10-19 22:45:00,0.2012,0.2013,0.2005,0.2008,169309.0
2023-10-19 23:00:00,0.2008,0.2011,0.2005,0.201,35939.0
2023-10-19 23:15:00,0.2011,0.2012,0.2005,0.2008,47988.0
2023-10-19 23:30:00,0.2005,0.2005,0.1998,0.2003,27608.0
2023-10-19 23:45:00,0.2004,0.2009,0.2004,0.2004,36553.0
2023-10-20 00:00:00,0.2004,0.201,0.2,0.2003,37809.0
2023-10-20 00:15:00,0.2003,0.2007,0.2001,0.2007,20161.0
2023-10-20 00:30:00,0.2003,0.2006,0.2,0.2001,40843.0
2023-10-20 00:45:00,0.2,0.2002,0.1993,0.2002,57905.0
2023-10-20 01:00:00,0.2002,0.2004,0.1993,0.1995,51609.0
2023-10-20 01:15:00,0.1998,0.2006,0.1998,0.2006,28825.0
2023-10-20 01:30:00,0.2006,0.2018,0.2005,0.2016,31618.0
2023-10-20 01:45:00,0.2014,0.2017,0.2012,0.2015,85000.0
2023-10-20 02:00:00,0.2016,0.2018,0.2013,0.2015,62753.0
2023-10-20 02:15:00,0.2016,0.2027,0.2015,0.202,192319.0
2023-10-20 02:30:00,0.202,0.2036,0.2019,0.2035,208676.0
2023-10-20 02:45:00,0.2036,0.2047,0.2035,0.2043,132808.0
2023-10-20 03:00:00,0.2042,0.2047,0.2036,0.2047,79010.0
2023-10-20 03:15:00,0.2047,0.2062,0.2045,0.206,172528.0
2023-10-20 03:30:00,0.206,0.2061,0.2049,0.2051,176038.0
2023-10-20 03:45:00,0.2052,0.2052,0.2044,0.2049,15128.0
2023-10-20 04:00:00,0.205,0.2052,0.2039,0.2043,130206.0
2023-10-20 04:15:00,0.2044,0.2053,0.2044,0.2053,62046.0
2023-10-20 04:30:00,0.2053,0.2056,0.205,0.2056,40769.0
2023-10-20 04:45:00,0.2056,0.2066,0.2056,0.2066,173753.0
2023-10-20 05:00:00,0.2065,0.2066,0.2059,0.2063,76476.0
2023-10-20 05:15:00,0.2065,0.2065,0.2054,0.2054,135698.0
2023-10-20 05:30:00,0.2054,0.2061,0.2053,0.2061,59514.0
2023-10-20 05:45:00,0.2061,0.207,0.206,0.207,65344.0
2023-10-20 06:00:00,0.207,0.2073,0.2067,0.2068,136260.0
2023-10-20 06:15:00,0.2065,0.2065,0.2057,0.206,109547.0
2023-10-20 06:30:00,0.2061,0.2069,0.206,0.2062,39392.0
2023-10-20 06:45:00,0.2062,0.2065,0.2059,0.2065,21949.0
2023-10-20 07:00:00,0.2067,0.2073,0.2064,0.2064,106794.0
2023-10-20 07:15:00,0.2062,0.2064,0.2059,0.206,40970.0
2023-10-20 07:30:00,0.2062,0.2067,0.2062,0.2067,38849.0
2023-10-20 07:45:00,0.2065,0.2065,0.2055,0.2058,25077.0
2023-10-20 08:00:00,0.2057,0.2066,0.2057,0.2062,121876.0
2023-10-20 08:15:00,0.2062,0.2084,0.2057,0.2079,206858.0
2023-10-20 08:30:00,0.2082,0.2092,0.2081,0.2086,142544.0
2023-10-20 08:45:00,0.2087,0.2099,0.2082,0.2088,255582.0
2023-10-20 09:00:00,0.2087,0.2093,0.208,0.2091,170838.0
2023-10-20 09:15:00,0.2091,0.2125,0.2085,0.2104,312366.0
2023-10-20 09:30:00,0.2106,0.2108,0.21,0.2105,132629.0
2023-10-20 09:45:00,0.2106,0.2117,0.2103,0.2114,61027.0
2023-10-20 10:00:00,0.2115,0.2121,0.2113,0.2118,124378.0
2023-10-20 10:15:00,0.2118,0.2124,0.2103,0.2105,115453.0
2023-10-20 10:30:00,0.2102,0.2124,0.2102,0.2112,126565.0
2023-10-20 10:45:00,0.2111,0.2112,0.2097,0.2098,74954.0
2023-10-20 11:00:00,0.2098,0.2099,0.209,0.2099,48723.0
2023-10-20 11:15:00,0.2097,0.2099,0.2092,0.2095,38208.0
2023-10-20 11:30:00,0.2095,0.2095,0.2084,0.2088,50978.0
2023-10-20 11:45:00,0.2086,0.2089,0.2079,0.2079,56933.0
2023-10-20 12:00:00,0.2078,0.2081,0.2075,0.2075,102757.0
2023-10-20 12:15:00,0.2074,0.2077,0.2063,0.2065,145421.0
2023-10-20 12:30:00,0.2065,0.2073,0.2062,0.207,109156.0
2023-10-20 12:45:00,0.2071,0.2071,0.2057,0.2066,86794.0
2023-10-20 13:00:00,0.2067,0.2068,0.2061,0.2063,27134.0
2023-10-20 13:15:00,0.2061,0.2069,0.2058,0.2063,102659.0
2023-10-20 13:30:00,0.206,0.2076,0.2057,0.2073,64272.0
2023-10-20 13:45:00,0.2074,0.208,0.2074,0.2079,50872.0
2023-10-20 14:00:00,0.2079,0.2092,0.2072,0.2075,173595.0
2023-10-20 14:15:00,0.2075,0.2079,0.2074,0.2075,17558.0
2023-10-20 14:30:00,0.2074,0.2078,0.2064,0.2078,152581.0
2023-10-20 14:45:00,0.2078,0.2078,0.207,0.2071,35013.0
2023-10-20 15:00:00,0.2072,0.2073,0.2069,0.2072,60837.0
2023-10-20 15:15:00,0.2071,0.2073,0.2066,0.2069,51795.0
2023-10-20 15:30:00,0.2067,0.2068,0.2062,0.2062,33549.0
2023-10-20 15:45:00,0.2063,0.2077,0.2062,0.2077,171924.0
2023-10-20 16:00:00,0.2077,0.2077,0.2065,0.2065,119265.0
2023-10-20 16:15:00,0.2063,0.2074,0.2063,0.207,119462.0
2023-10-20 16:30:00,0.207,0.207,0.2065,0.2068,141170.0
2023-10-20 16:45:00,0.2068,0.2068,0.2061,0.2063,132617.0
2023-10-20 17:00:00,0.2062,0.2064,0.2047,0.2055,410647.0
2023-10-20 17:15:00,0.2054,0.2062,0.2053,0.2058,88805.0
2023-10-20 17:30:00,0.2062,0.2068,0.206,0.2068,40953.0
2023-10-20 17:45:00,0.2068,0.2075,0.2066,0.2074,74789.0
2023-10-20 18:00:00,0.2075,0.2078,0.2069,0.2071,72873.0
2023-10-20 18:15:00,0.207,0.2076,0.207,0.2076,23124.0
2023-10-20 18:30:00,0.2075,0.2079,0.2073,0.2075,75667.0
2023-10-20 18:45:00,0.2074,0.2077,0.2071,0.2071,55364.0
2023-10-20 19:00:00,0.2071,0.2077,0.2071,0.2072,23169.0
2023-10-20 19:15:00,0.2073,0.2073,0.2068,0.2071,40799.0
2023-10-20 19:30:00,0.2071,0.2073,0.2063,0.2064,66598.0
2023-10-20 19:45:00,0.2065,0.2077,0.2065,0.2077,42195.0
2023-10-20 20:00:00,0.2076,0.208,0.2074,0.2076,128266.0
2023-10-20 20:15:00,0.2077,0.2083,0.2076,0.2081,92150.0
2023-10-20 20:30:00,0.208,0.2086,0.208,0.2085,140865.0
2023-10-20 20:45:00,0.2085,0.2085,0.2072,0.2073,56465.0
2023-10-20 21:00:00,0.2073,0.2077,0.2073,0.2073,30734.0
2023-10-20 21:15:00,0.2073,0.2078,0.2073,0.2078,13166.0
2023-10-20 21:30:00,0.2076,0.2085,0.2076,0.2081,27471.0
2023-10-20 21:45:00,0.2082,0.2088,0.2082,0.2087,100478.0
2023-10-20 22:00:00,0.2088,0.209,0.2086,0.2088,35740.0
2023-10-20 22:15:00,0.2085,0.209,0.208,0.209,64879.0
2023-10-20 22:30:00,0.2088,0.2091,0.2085,0.209,19013.0
2023-10-20 22:45:00,0.209,0.209,0.2084,0.2085,12475.0
2023-10-20 23:00:00,0.209,0.2093,0.2087,0.2092,15768.0
2023-10-20 23:15:00,0.2093,0.2093,0.2085,0.2089,10173.0
2023-10-20 23:30:00,0.2088,0.2088,0.2082,0.2084,10508.0
2023-10-20 23:45:00,0.2083,0.2084,0.2078,0.2078,5725.0
2023-10-21 00:00:00,0.208,0.2086,0.2073,0.2075,101357.0
2023-10-21 00:15:00,0.2076,0.208,0.2076,0.2079,23946.0
2023-10-21 00:30:00,0.2076,0.2076,0.2068,0.2069,19635.0
2023-10-21 00:45:00,0.2069,0.2071,0.2067,0.2069,20361.0
2023-10-21 01:00:00,0.2068,0.2072,0.2068,0.2072,6239.0
2023-10-21 01:15:00,0.2074,0.2082,0.207,0.2076,108123.0
2023-10-21 01:30:00,0.2075,0.2075,0.2067,0.2068,60757.0
2023-10-21 01:45:00,0.207,0.2072,0.2067,0.2067,20215.0
2023-10-21 02:00:00,0.2069,0.2069,0.2064,0.2068,40996.0
2023-10-21 02:15:00,0.2069,0.2073,0.2069,0.2073,3914.0
2023-10-21 02:30:00,0.2072,0.2074,0.2064,0.2072,33088.0
2023-10-21 02:45:00,0.2071,0.2074,0.2069,0.2074,5717.0
2023-10-21 03:00:00,0.2074,0.2074,0.206,0.2062,26075.0
2023-10-21 03:15:00,0.2067,0.2069,0.2064,0.2065,22210.0
2023-10-21 03:30:00,0.2066,0.207,0.2066,0.207,3353.0
2023-10-21 03:45:00,0.207,0.2072,0.207,0.207,10953.0
2023-10-21 04:00:00,0.2073,0.2079,0.2073,0.2078,26269.0
2023-10-21 04:15:00,0.2077,0.2078,0.2074,0.2074,18398.0
2023-10-21 04:30:00,0.2074,0.2076,0.2074,0.2075,17834.0
2023-10-21 04:45:00,0.2077,0.208,0.2076,0.2078,6506.0
2023-10-21 05:00:00,0.2076,0.208,0.2074,0.2075,43196.0
2023-10-21 05:15:00,0.2075,0.2078,0.2074,0.2077,12416.0
2023-10-21 05:30:00,0.2076,0.2078,0.2075,0.2076,5208.0
2023-10-21 05:45:00,0.2076,0.2076,0.2068,0.2068,188438.0
2023-10-21 06:00:00,0.2067,0.2072,0.2066,0.207,69112.0
2023-10-21 06:15:00,0.207,0.2086,0.207,0.2086,23583.0
2023-10-21 06:30:00,0.2086,0.2104,0.2084,0.2102,283778.0
2023-10-21 06:45:00,0.2103,0.2105,0.2099,0.2103,55998.0
2023-10-21 07:00:00,0.2103,0.2103,0.2089,0.2089,144419.0
2023-10-21 07:15:00,0.2088,0.2098,0.2087,0.2098,152094.0
2023-10-21 07:30:00,0.2098,0.2102,0.2097,0.21,85583.0
2023-10-21 07:45:00,0.2102,0.2106,0.2101,0.2104,73363.0
2023-10-21 08:00:00,0.2104,0.2104,0.2098,0.2098,21667.0
2023-10-21 08:15:00,0.2098,0.2112,0.2098,0.2109,130464.0
2023-10-21 08:30:00,0.2109,0.2114,0.2105,0.2105,77584.0
2023-10-21 08:45:00,0.2105,0.2109,0.2102,0.2106,46069.0
2023-10-21 09:00:00,0.2102,0.211,0.2101,0.2109,88180.0
2023-10-21 09:15:00,0.2106,0.2109,0.2103,0.2107,29141.0
2023-10-21 09:30:00,0.2109,0.2111,0.2105,0.211,16601.0
2023-10-21 09:45:00,0.2112,0.2117,0.2112,0.2115,79391.0
2023-10-21 10:00:00,0.2113,0.2113,0.211,0.211,7171.0
2023-10-21 10:15:00,0.2111,0.2112,0.2104,0.2104,107750.0
2023-10-21 10:30:00,0.2103,0.2104,0.2096,0.2101,183750.0
2023-10-21 10:45:00,0.2103,0.2107,0.2102,0.2103,57996.0
2023-10-21 11:00:00,0.2106,0.2113,0.2106,0.2113,18905.0
2023-10-21 11:15:00,0.2113,0.2116,0.2108,0.2115,20084.0
2023-10-21 11:30:00,0.2113,0.2119,0.2113,0.2119,78104.0
2023-10-21 11:45:00,0.212,0.2122,0.2114,0.2121,44271.0
2023-10-21 12:00:00,0.2121,0.2121,0.2109,0.2111,11225.0
2023-10-21 12:15:00,0.2114,0.2119,0.2111,0.2117,6246.0
2023-10-21 12:30:00,0.2116,0.2125,0.2116,0.2124,46494.0
2023-10-21 12:45:00,0.2125,0.2125,0.2118,0.2118,102321.0
2023-10-21 13:00:00,0.2118,0.212,0.2106,0.2109,42975.0
2023-10-21 13:15:00,0.2108,0.2118,0.2107,0.2118,41965.0
2023-10-21 13:30:00,0.2117,0.2119,0.2115,0.2119,22251.0
2023-10-21 13:45:00,0.212,0.2137,0.212,0.2136,163909.0
2023-10-21 14:00:00,0.2136,0.2138,0.2128,0.2135,128655.0
2023-10-21 14:15:00,0.2134,0.2178,0.2133,0.2174,715497.0
2023-10-21 14:30:00,0.2175,0.2176,0.2153,0.2169,152653.0
2023-10-21 14:45:00,0.2168,0.2174,0.2161,0.2166,132079.0
2023-10-21 15:00:00,0.2166,0.2176,0.2157,0.2164,171827.0
2023-10-21 15:15:00,0.2166,0.2186,0.2158,0.2181,235101.0
2023-10-21 15:30:00,0.2185,0.2187,0.2173,0.2179,81130.0
2023-10-21 15:45:00,0.218,0.219,0.2178,0.2189,115753.0
2023-10-21 16:00:00,0.2188,0.2189,0.2177,0.2189,163758.0
2023-10-21 16:15:00,0.2189,0.2204,0.2184,0.2197,258244.0
2023-10-21 16:30:00,0.2197,0.2209,0.2193,0.2206,161510.0
2023-10-21 16:45:00,0.2204,0.2206,0.2189,0.2192,609437.0
2023-10-21 17:00:00,0.2194,0.2196,0.2188,0.2189,38584.0
2023-10-21 17:15:00,0.2188,0.2202,0.2185,0.2202,103010.0
2023-10-21 17:30:00,0.2203,0.2214,0.2202,0.2214,100163.0
2023-10-21 17:45:00,0.2213,0.222,0.2209,0.2214,106148.0
2023-10-21 18:00:00,0.2213,0.2225,0.22,0.22,134520.0
2023-10-21 18:15:00,0.2202,0.2214,0.2197,0.2212,102441.0
2023-10-21 18:30:00,0.2212,0.2213,0.2203,0.2205,50403.0
2023-10-21 18:45:00,0.2205,0.2216,0.2204,0.2216,56857.0
2023-10-21 19:00:00,0.2214,0.2216,0.2199,0.2202,33234.0
2023-10-21 19:15:00,0.2202,0.2206,0.2196,0.2197,64298.0
2023-10-21 19:30:00,0.2196,0.2202,0.2192,0.2196,147289.0
2023-10-21 19:45:00,0.2197,0.2205,0.2195,0.22,46161.0
2023-10-21 20:00:00,0.2201,0.221,0.2201,0.2208,13273.0
2023-10-21 20:15:00,0.2205,0.2208,0.2192,0.2203,44872.0
2023-10-21 20:30:00,0.22,0.2207,0.2199,0.22,23860.0
2023-10-21 20:45:00,0.2202,0.2209,0.2202,0.2206,6768.0
2023-10-21 21:00:00,0.2205,0.2209,0.2203,0.2208,38365.0
2023-10-21 21:15:00,0.221,0.2211,0.2208,0.2209,22437.0
2023-10-21 21:30:00,0.221,0.221,0.22,0.22,44441.0
2023-10-21 21:45:00,0.2201,0.2206,0.22,0.2206,34922.0
2023-10-21 22:00:00,0.2206,0.2213,0.2206,0.2209,13973.0
2023-10-21 22:15:00,0.221,0.2212,0.2202,0.2202,40975.0
2023-10-21 22:30:00,0.2201,0.2204,0.2194,0.2204,12261.0
2023-10-21 22:45:00,0.2205,0.2208,0.2203,0.2204,36979.0
2023-10-21 23:00:00,0.2202,0.2203,0.2196,0.2198,15199.0
2023-10-21 23:15:00,0.2194,0.2199,0.2192,0.2195,10463.0
2023-10-21 23:30:00,0.219,0.219,0.2183,0.2187,64266.0
2023-10-21 23:45:00,0.2185,0.2191,0.2182,0.2186,18102.0
2023-10-22 00:00:00,0.219,0.2198,0.2181,0.2198,29004.0
2023-10-22 00:15:00,0.2196,0.22,0.2193,0.2196,56524.0
2023-10-22 00:30:00,0.2196,0.2198,0.2191,0.2196,47874.0
2023-10-22 00:45:00,0.2196,0.2212,0.2194,0.2204,123022.0
2023-10-22 01:00:00,0.2204,0.2215,0.2203,0.2215,66913.0
2023-10-22 01:15:00,0.2213,0.2215,0.2192,0.2192,101668.0
2023-10-22 01:30:00,0.2193,0.2197,0.2184,0.2189,38568.0
2023-10-22 01:45:00,0.2186,0.2192,0.2185,0.2191,28747.0
2023-10-22 02:00:00,0.2191,0.2195,0.2184,0.2192,60401.0
2023-10-22 02:15:00,0.2188,0.2188,0.2176,0.2178,79783.0
2023-10-22 02:30:00,0.218,0.218,0.2173,0.2179,45023.0
2023-10-22 02:45:00,0.2181,0.2182,0.2175,0.218,26291.0
2023-10-22 03:00:00,0.2179,0.2184,0.2175,0.2184,48582.0
2023-10-22 03:15:00,0.2184,0.2188,0.2178,0.2183,71549.0
2023-10-22 03:30:00,0.2187,0.2189,0.2182,0.2188,22438.0
2023-10-22 03:45:00,0.218,0.2185,0.218,0.2183,126472.0
2023-10-22 04:00:00,0.2181,0.2189,0.218,0.2187,21856.0
2023-10-22 04:15:00,0.2188,0.2195,0.2186,0.2195,51514.0
2023-10-22 04:30:00,0.2195,0.2207,0.2193,0.2204,23589.0
2023-10-22 04:45:00,0.2205,0.2211,0.2204,0.2206,37869.0
2023-10-22 05:00:00,0.2206,0.2211,0.2205,0.2209,37593.0
2023-10-22 05:15:00,0.2207,0.2209,0.2204,0.2204,54950.0
2023-10-22 05:30:00,0.2205,0.221,0.2204,0.2204,21300.0
2023-10-22 05:45:00,0.2204,0.2222,0.2203,0.2219,96726.0
2023-10-22 06:00:00,0.2218,0.2225,0.2213,0.2215,77324.0
2023-10-22 06:15:00,0.2215,0.2215,0.2205,0.2208,45003.0
2023-10-22 06:30:00,0.2209,0.2215,0.2208,0.2209,40275.0
2023-10-22 06:45:00,0.2212,0.2216,0.2212,0.2213,14016.0
2023-10-22 07:00:00,0.221,0.2211,0.2199,0.2205,76063.0
2023-10-22 07:15:00,0.2203,0.2209,0.2202,0.2205,169039.0
2023-10-22 07:30:00,0.2201,0.2202,0.2112,0.2161,531052.0
2023-10-22 07:45:00,0.2158,0.2172,0.2158,0.2164,197461.0
2023-10-22 08:00:00,0.2162,0.2172,0.2162,0.2172,274608.0
2023-10-22 08:15:00,0.2171,0.2172,0.2153,0.2158,256723.0
2023-10-22 08:30:00,0.2157,0.2166,0.215,0.2166,84546.0
2023-10-22 08:45:00,0.2166,0.2167,0.2153,0.2153,95851.0
2023-10-22 09:00:00,0.2154,0.2175,0.2154,0.2175,244721.0
2023-10-22 09:15:00,0.2171,0.2176,0.217,0.2174,60090.0
2023-10-22 09:30:00,0.2175,0.2177,0.2168,0.2176,55372.0
2023-10-22 09:45:00,0.2175,0.2176,0.2166,0.2166,21648.0
2023-10-22 10:00:00,0.217,0.2178,0.217,0.2175,30053.0
2023-10-22 10:15:00,0.2174,0.2179,0.2169,0.2172,27770.0
2023-10-22 10:30:00,0.2172,0.218,0.2172,0.2176,22417.0
2023-10-22 10:45:00,0.2176,0.2178,0.2173,0.2175,33684.0
2023-10-22 11:00:00,0.2176,0.2178,0.2169,0.217,115763.0
2023-10-22 11:15:00,0.2169,0.2171,0.2158,0.2162,53976.0
2023-10-22 11:30:00,0.2161,0.2161,0.2147,0.2156,88742.0
2023-10-22 11:45:00,0.2155,0.2155,0.2141,0.215,217560.0
2023-10-22 12:00:00,0.2151,0.2163,0.215,0.2162,217691.0
2023-10-22 12:15:00,0.216,0.2167,0.2158,0.2166,72184.0
2023-10-22 12:30:00,0.2166,0.2166,0.2156,0.2159,30406.0
2023-10-22 12:45:00,0.2158,0.2164,0.2155,0.2157,64367.0
2023-10-22 13:00:00,0.2157,0.2167,0.2157,0.2163,43298.0
2023-10-22 13:15:00,0.2163,0.217,0.2162,0.2168,31575.0
2023-10-22 13:30:00,0.2165,0.2167,0.2164,0.2166,33948.0
2023-10-22 13:45:00,0.2166,0.2172,0.2166,0.2172,63276.0
2023-10-22 14:00:00,0.2171,0.2175,0.2166,0.217,166829.0
2023-10-22 14:15:00,0.217,0.217,0.2156,0.2157,36117.0
2023-10-22 14:30:00,0.2157,0.216,0.2154,0.2157,23274.0
2023-10-22 14:45:00,0.2157,0.2157,0.2146,0.215,168704.0
2023-10-22 15:00:00,0.2148,0.2148,0.2137,0.2146,286903.0
2023-10-22 15:15:00,0.2144,0.2151,0.2144,0.2147,103400.0
2023-10-22 15:30:00,0.2148,0.2148,0.2138,0.2139,130978.0
2023-10-22 15:45:00,0.2141,0.2143,0.2135,0.2141,126631.0
2023-10-22 16:00:00,0.2141,0.2151,0.2139,0.2149,44618.0
2023-10-22 16:15:00,0.2149,0.2155,0.2148,0.2152,90625.0
2023-10-22 16:30:00,0.2154,0.2156,0.2145,0.2149,74344.0
2023-10-22 16:45:00,0.2151,0.2154,0.2143,0.215,86949.0
2023-10-22 17:00:00,0.2151,0.216,0.215,0.216,92648.0
2023-10-22 17:15:00,0.2159,0.216,0.2152,0.2157,74580.0
2023-10-22 17:30:00,0.2158,0.2169,0.2157,0.2169,12131.0
2023-10-22 17:45:00,0.217,0.2178,0.2166,0.2177,45357.0
2023-10-22 18:00:00,0.2177,0.2184,0.2177,0.2183,117576.0
2023-10-22 18:15:00,0.2184,0.2186,0.2175,0.2177,79104.0
2023-10-22 18:30:00,0.2179,0.218,0.2174,0.2178,8251.0
2023-10-22 18:45:00,0.2178,0.218,0.2173,0.2174,72528.0
2023-10-22 19:00:00,0.2175,0.2175,0.2167,0.2169,22898.0
2023-10-22 19:15:00,0.2171,0.2185,0.217,0.2185,54438.0
2023-10-22 19:30:00,0.2185,0.2189,0.2184,0.2188,64114.0
2023-10-22 19:45:00,0.2189,0.2189,0.2179,0.2181,21453.0
2023-10-22 20:00:00,0.218,0.2187,0.218,0.2187,12630.0
2023-10-22 20:15:00,0.2185,0.2185,0.2176,0.2182,28769.0
2023-10-22 20:30:00,0.2183,0.2189,0.2182,0.2189,21648.0
2023-10-22 20:45:00,0.2187,0.2189,0.2184,0.2189,11258.0
2023-10-22 21:00:00,0.2189,0.2189,0.218,0.218,14623.0
2023-10-22 21:15:00,0.2176,0.2176,0.2173,0.2176,9646.0
2023-10-22 21:30:00,0.2175,0.2183,0.2174,0.2181,23862.0
2023-10-22 21:45:00,0.2182,0.2182,0.2175,0.2175,20228.0
2023-10-22 22:00:00,0.2175,0.2181,0.2174,0.2181,34427.0
2023-10-22 22:15:00,0.2184,0.219,0.2184,0.219,4044.0
2023-10-22 22:30:00,0.2189,0.2207,0.2187,0.2203,129249.0
2023-10-22 22:45:00,0.2205,0.2222,0.2201,0.2218,197413.0
2023-10-22 23:00:00,0.2218,0.2228,0.2212,0.2225,107854.0
2023-10-22 23:15:00,0.2226,0.2228,0.2217,0.2227,92695.0
2023-10-22 23:30:00,0.2226,0.2233,0.2224,0.2232,72077.0
2023-10-22 23:45:00,0.2232,0.2238,0.2229,0.2236,50217.0
2023-10-23 00:00:00,0.2235,0.2237,0.2226,0.2233,90027.0
2023-10-23 00:15:00,0.223,0.223,0.2208,0.2213,190026.0
2023-10-23 00:30:00,0.2215,0.2217,0.221,0.2214,29048.0
2023-10-23 00:45:00,0.2212,0.2234,0.2211,0.223,115648.0
2023-10-23 01:00:00,0.2228,0.224,0.2226,0.2238,43311.0
2023-10-23 01:15:00,0.224,0.2257,0.2236,0.2253,338931.0
2023-10-23 01:30:00,0.2253,0.2261,0.2243,0.2255,307686.0
2023-10-23 01:45:00,0.2254,0.2263,0.2247,0.2261,150214.0
2023-10-23 02:00:00,0.2263,0.2267,0.2248,0.2262,208273.0
2023-10-23 02:15:00,0.2265,0.2287,0.2264,0.2273,558442.0
2023-10-23 02:30:00,0.2272,0.2283,0.2271,0.2273,83032.0
2023-10-23 02:45:00,0.227,0.2278,0.2266,0.2273,87444.0
2023-10-23 03:00:00,0.2272,0.2276,0.2259,0.2263,114708.0
2023-10-23 03:15:00,0.2261,0.2274,0.2254,0.2273,99884.0
2023-10-23 03:30:00,0.2271,0.2279,0.2268,0.2276,112910.0
2023-10-23 03:45:00,0.227,0.2285,0.2268,0.227,105060.0
2023-10-23 04:00:00,0.2273,0.2281,0.2261,0.2263,227605.0
2023-10-23 04:15:00,0.2263,0.2267,0.2258,0.2265,111418.0
2023-10-23 04:30:00,0.2264,0.227,0.2261,0.2264,75037.0
2023-10-23 04:45:00,0.2264,0.2276,0.2262,0.2272,140469.0
2023-10-23 05:00:00,0.227,0.227,0.2257,0.2267,158046.0
2023-10-23 05:15:00,0.2269,0.2271,0.2257,0.2261,166958.0
2023-10-23 05:30:00,0.2261,0.2267,0.2252,0.2252,52784.0
2023-10-23 05:45:00,0.2253,0.2257,0.2245,0.2245,56303.0
2023-10-23 06:00:00,0.2246,0.2256,0.2244,0.2247,37393.0
2023-10-23 06:15:00,0.2248,0.2252,0.2237,0.2241,186358.0
2023-10-23 06:30:00,0.2243,0.2243,0.2234,0.2235,193901.0
2023-10-23 06:45:00,0.2236,0.2237,0.2224,0.2225,95776.0
2023-10-23 07:00:00,0.2225,0.2225,0.2211,0.2214,163698.0
2023-10-23 07:15:00,0.2216,0.2225,0.2212,0.2221,100354.0
2023-10-23 07:30:00,0.2222,0.2238,0.2216,0.2231,412282.0
2023-10-23 07:45:00,0.2232,0.2235,0.2201,0.2221,138250.0
2023-10-23 08:00:00,0.2221,0.2228,0.2218,0.2226,74157.0
2023-10-23 08:15:00,0.2225,0.2234,0.222,0.2234,96547.0
2023-10-23 08:30:00,0.2232,0.2235,0.2228,0.2229,107843.0
2023-10-23 08:45:00,0.2232,0.225,0.2232,0.2247,72743.0
2023-10-23 09:00:00,0.2245,0.2249,0.2241,0.2242,63235.0
2023-10-23 09:15:00,0.2243,0.2247,0.2229,0.2229,69701.0
2023-10-23 09:30:00,0.2228,0.2228,0.2214,0.2215,149990.0
2023-10-23 09:45:00,0.2215,0.2215,0.2196,0.2213,428252.0
2023-10-23 10:00:00,0.2213,0.2224,0.2212,0.2223,22285.0
2023-10-23 10:15:00,0.2222,0.2232,0.2222,0.2231,20477.0
2023-10-23 10:30:00,0.2233,0.2237,0.2227,0.2231,44087.0
2023-10-23 10:45:00,0.2234,0.2237,0.223,0.2232,18720.0
2023-10-23 11:00:00,0.2232,0.2238,0.2232,0.2237,18486.0
2023-10-23 11:15:00,0.2236,0.2244,0.2232,0.2242,73699.0
2023-10-23 11:30:00,0.224,0.225,0.2237,0.2248,50675.0
2023-10-23 11:45:00,0.2248,0.2249,0.2239,0.2243,30189.0
2023-10-23 12:00:00,0.2242,0.2245,0.2235,0.2237,45386.0
2023-10-23 12:15:00,0.2237,0.2246,0.2237,0.2237,181931.0
2023-10-23 12:30:00,0.2237,0.224,0.2226,0.2228,120851.0
2023-10-23 12:45:00,0.2228,0.2234,0.2226,0.2232,38688.0
2023-10-23 13:00:00,0.2233,0.2239,0.2228,0.2233,39971.0
2023-10-23 13:15:00,0.2233,0.2233,0.2215,0.2217,42794.0
2023-10-23 13:30:00,0.2215,0.2215,0.2194,0.2205,251330.0
2023-10-23 13:45:00,0.2208,0.2215,0.2206,0.2213,69883.0
2023-10-23 14:00:00,0.2214,0.2227,0.221,0.2224,128022.0
2023-10-23 14:15:00,0.2225,0.223,0.2219,0.2228,76622.0
2023-10-23 14:30:00,0.2228,0.2228,0.2218,0.2222,90640.0
2023-10-23 14:45:00,0.2221,0.223,0.2216,0.2226,111919.0
2023-10-23 15:00:00,0.2228,0.2233,0.2222,0.2231,75189.0
2023-10-23 15:15:00,0.223,0.2234,0.2224,0.2231,36370.0
2023-10-23 15:30:00,0.2231,0.2233,0.2221,0.2221,23349.0
2023-10-23 15:45:00,0.2221,0.223,0.2217,0.2219,29256.0
2023-10-23 16:00:00,0.222,0.2231,0.222,0.222,44892.0
2023-10-23 16:15:00,0.2226,0.2234,0.222,0.2221,26640.0
2023-10-23 16:30:00,0.222,0.2244,0.2217,0.2241,83670.0
2023-10-23 16:45:00,0.2242,0.2264,0.2235,0.2259,374536.0
2023-10-23 17:00:00,0.2258,0.2267,0.2247,0.226,115199.0
2023-10-23 17:15:00,0.2258,0.2261,0.224,0.2251,104743.0
2023-10-23 17:30:00,0.225,0.2259,0.2243,0.2258,43937.0
2023-10-23 17:45:00,0.2258,0.2264,0.2258,0.2259,75253.0
2023-10-23 18:00:00,0.2261,0.2271,0.2261,0.227,55798.0
2023-10-23 18:15:00,0.227,0.227,0.2259,0.226,27836.0
2023-10-23 18:30:00,0.2258,0.226,0.2243,0.2253,120683.0
2023-10-23 18:45:00,0.2253,0.2273,0.2246,0.2271,82795.0
2023-10-23 19:00:00,0.2274,0.2288,0.2274,0.2288,87507.0
2023-10-23 19:15:00,0.2288,0.2288,0.2267,0.2273,62270.0
2023-10-23 19:30:00,0.2271,0.2283,0.2264,0.228,54124.0
2023-10-23 19:45:00,0.2279,0.2291,0.2272,0.2289,65194.0
2023-10-23 20:00:00,0.2288,0.2288,0.2273,0.228,75435.0
2023-10-23 20:15:00,0.2281,0.2285,0.2275,0.2275,42814.0
2023-10-23 20:30:00,0.2279,0.2289,0.2276,0.2281,36954.0
2023-10-23 20:45:00,0.2276,0.2276,0.2257,0.226,52248.0
2023-10-23 21:00:00,0.2264,0.2271,0.2257,0.2257,36102.0
2023-10-23 21:15:00,0.2261,0.2267,0.2253,0.2266,21029.0
2023-10-23 21:30:00,0.2268,0.2283,0.2268,0.2283,40872.0
2023-10-23 21:45:00,0.2285,0.2286,0.2282,0.2283,24312.0
2023-10-23 22:00:00,0.2278,0.2293,0.2278,0.2291,54198.0
2023-10-23 22:15:00,0.229,0.23,0.2286,0.23,65443.0
2023-10-23 22:30:00,0.23,0.2366,0.2297,0.2339,964772.0
2023-10-23 22:45:00,0.2339,0.2373,0.2324,0.2373,668507.0
2023-10-23 23:00:00,0.2372,0.2386,0.2326,0.234,713143.0
2023-10-23 23:15:00,0.234,0.2379,0.2338,0.2378,301448.0
2023-10-23 23:30:00,0.2378,0.2382,0.2361,0.2367,260136.0
2023-10-23 23:45:00,0.2362,0.2383,0.2359,0.2381,221079.0
2023-10-24 00:00:00,0.2381,0.2392,0.2371,0.2385,322928.0
2023-10-24 00:15:00,0.2385,0.2428,0.2367,0.2423,568694.0
2023-10-24 00:30:00,0.2423,0.2452,0.2415,0.2441,2156598.0
2023-10-24 00:45:00,0.2442,0.2469,0.2429,0.2443,393489.0
2023-10-24 01:00:00,0.2445,0.2459,0.2436,0.2445,216532.0
2023-10-24 01:15:00,0.2447,0.2459,0.2431,0.2432,215091.0
2023-10-24 01:30:00,0.2433,0.2433,0.2409,0.2426,276286.0
2023-10-24 01:45:00,0.2425,0.244,0.2422,0.2436,126036.0
2023-10-24 02:00:00,0.2436,0.2468,0.2433,0.2451,520869.0
2023-10-24 02:15:00,0.2454,0.2489,0.2454,0.247,343932.0
2023-10-24 02:30:00,0.2469,0.2494,0.2458,0.2487,182862.0
2023-10-24 02:45:00,0.2488,0.2517,0.2485,0.2505,592699.0
2023-10-24 03:00:00,0.2505,0.2526,0.2484,0.2496,1049521.0
2023-10-24 03:15:00,0.2496,0.2514,0.2454,0.2465,1182257.0
2023-10-24 03:30:00,0.2463,0.2471,0.2439,0.2447,912889.0
2023-10-24 03:45:00,0.2448,0.2449,0.2418,0.2418,734551.0
2023-10-24 04:00:00,0.2418,0.2452,0.2418,0.245,405841.0
2023-10-24 04:15:00,0.245,0.2461,0.2436,0.2455,224927.0
2023-10-24 04:30:00,0.2456,0.2457,0.2427,0.2429,271416.0
2023-10-24 04:45:00,0.2431,0.2441,0.2424,0.2441,93031.0
2023-10-24 05:00:00,0.2439,0.2472,0.2439,0.246,204155.0
2023-10-24 05:15:00,0.2462,0.2476,0.2453,0.2476,219308.0
2023-10-24 05:30:00,0.2477,0.2478,0.2453,0.2453,187274.0
2023-10-24 05:45:00,0.2453,0.2457,0.2413,0.2423,429706.0
2023-10-24 06:00:00,0.2424,0.2444,0.2418,0.2442,239056.0
2023-10-24 06:15:00,0.2443,0.2445,0.2382,0.2393,745252.0
2023-10-24 06:30:00,0.2396,0.2412,0.2384,0.2411,206334.0
2023-10-24 06:45:00,0.2414,0.2421,0.241,0.242,69863.0
2023-10-24 07:00:00,0.2422,0.2424,0.24,0.241,294975.0
2023-10-24 07:15:00,0.2408,0.2425,0.2393,0.2393,385129.0
2023-10-24 07:30:00,0.2394,0.2405,0.2385,0.2396,792955.0
2023-10-24 07:45:00,0.2396,0.241,0.2393,0.2402,327445.0
2023-10-24 08:00:00,0.2402,0.2462,0.2385,0.2457,633742.0
2023-10-24 08:15:00,0.2457,0.2462,0.2439,0.244,631883.0
2023-10-24 08:30:00,0.244,0.2456,0.2434,0.2454,504793.0
2023-10-24 08:45:00,0.2454,0.246,0.2446,0.2459,293569.0
2023-10-24 09:00:00,0.2457,0.2458,0.2442,0.2456,388386.0
2023-10-24 09:15:00,0.2455,0.247,0.2446,0.2462,758316.0
2023-10-24 09:30:00,0.2456,0.2477,0.2454,0.2468,116343.0
2023-10-24 09:45:00,0.247,0.249,0.2458,0.2463,258763.0
2023-10-24 10:00:00,0.246,0.2474,0.2456,0.2456,71750.0
2023-10-24 10:15:00,0.2455,0.2466,0.2434,0.244,1194602.0
2023-10-24 10:30:00,0.244,0.2442,0.242,0.2424,528153.0
2023-10-24 10:45:00,0.2421,0.2424,0.2407,0.2412,321481.0
2023-10-24 11:00:00,0.2412,0.244,0.2409,0.2436,268400.0
2023-10-24 11:15:00,0.2439,0.2443,0.2425,0.2438,162640.0
2023-10-24 11:30:00,0.2438,0.2453,0.2431,0.2451,127089.0
2023-10-24 11:45:00,0.2451,0.2481,0.2444,0.2478,255266.0
2023-10-24 12:00:00,0.2478,0.2493,0.2466,0.2468,332678.0
2023-10-24 12:15:00,0.2469,0.248,0.2466,0.248,153967.0
2023-10-24 12:30:00,0.2479,0.2512,0.2479,0.2509,462122.0
2023-10-24 12:45:00,0.2506,0.2511,0.2486,0.2493,498751.0
2023-10-24 13:00:00,0.2492,0.2492,0.2425,0.2446,484657.0
2023-10-24 13:15:00,0.2447,0.2463,0.2439,0.2456,146277.0
2023-10-24 13:30:00,0.2455,0.2474,0.2453,0.2474,94483.0
2023-10-24 13:45:00,0.2474,0.2479,0.2453,0.2479,109571.0
2023-10-24 14:00:00,0.248,0.2486,0.2471,0.2476,52367.0
2023-10-24 14:15:00,0.2473,0.2485,0.2426,0.2452,418022.0
2023-10-24 14:30:00,0.2449,0.2465,0.2444,0.2465,78026.0
2023-10-24 14:45:00,0.2466,0.2478,0.2464,0.2473,43544.0
2023-10-24 15:00:00,0.2473,0.2503,0.2473,0.2486,257460.0
2023-10-24 15:15:00,0.2487,0.2496,0.2381,0.2381,938816.0
2023-10-24 15:30:00,0.2388,0.2392,0.2303,0.2344,1311711.0
2023-10-24 15:45:00,0.2344,0.2382,0.2343,0.2367,277211.0
2023-10-24 16:00:00,0.2367,0.2401,0.2339,0.2395,468568.0
2023-10-24 16:15:00,0.2392,0.2411,0.2388,0.2391,265002.0
2023-10-24 16:30:00,0.2389,0.2419,0.2389,0.2408,178547.0
2023-10-24 16:45:00,0.2407,0.2408,0.2395,0.2396,174008.0
2023-10-24 17:00:00,0.2394,0.2416,0.239,0.2401,128034.0
2023-10-24 17:15:00,0.2401,0.2415,0.2398,0.2415,118412.0
2023-10-24 17:30:00,0.2414,0.2414,0.2399,0.2406,205760.0
2023-10-24 17:45:00,0.2401,0.2408,0.2398,0.24,73914.0
2023-10-24 18:00:00,0.24,0.2408,0.2385,0.2388,115104.0
2023-10-24 18:15:00,0.239,0.2395,0.2366,0.2379,106323.0
2023-10-24 18:30:00,0.2382,0.2408,0.2382,0.2405,99000.0
2023-10-24 18:45:00,0.2408,0.242,0.2406,0.2417,70624.0
2023-10-24 19:00:00,0.2415,0.2424,0.2411,0.2419,75990.0
2023-10-24 19:15:00,0.2415,0.2422,0.2409,0.2418,79480.0
2023-10-24 19:30:00,0.2421,0.2435,0.2415,0.2421,80567.0
2023-10-24 19:45:00,0.2422,0.2426,0.2409,0.2413,31482.0
2023-10-24 20:00:00,0.2413,0.2429,0.2408,0.2428,40891.0
2023-10-24 20:15:00,0.2427,0.2432,0.2417,0.2422,40111.0
2023-10-24 20:30:00,0.2419,0.242,0.2405,0.2405,24707.0
2023-10-24 20:45:00,0.2408,0.241,0.2394,0.24,34526.0
2023-10-24 21:00:00,0.2399,0.2403,0.2386,0.2396,80489.0
2023-10-24 21:15:00,0.2398,0.2411,0.2398,0.241,50325.0
2023-10-24 21:30:00,0.2409,0.2412,0.239,0.2397,33422.0
2023-10-24 21:45:00,0.2394,0.2427,0.2389,0.2419,265507.0
2023-10-24 22:00:00,0.2419,0.243,0.2415,0.2424,129119.0
2023-10-24 22:15:00,0.2421,0.2431,0.2413,0.2428,66513.0
2023-10-24 22:30:00,0.2428,0.2438,0.2423,0.2434,83604.0
2023-10-24 22:45:00,0.2433,0.2447,0.2433,0.2446,83170.0
2023-10-24 23:00:00,0.2445,0.2454,0.2439,0.2445,186463.0
2023-10-24 23:15:00,0.2444,0.2444,0.2425,0.2426,239669.0
2023-10-24 23:30:00,0.2425,0.2425,0.2401,0.2418,133021.0
2023-10-24 23:45:00,0.2419,0.2435,0.2419,0.2435,171180.0
2023-10-25 00:00:00,0.2431,0.2442,0.2414,0.2417,226699.0
2023-10-25 00:15:00,0.2416,0.2431,0.2416,0.2418,61406.0
2023-10-25 00:30:00,0.2419,0.2428,0.2408,0.2422,153541.0
2023-10-25 00:45:00,0.2422,0.2478,0.2422,0.2467,298074.0
2023-10-25 01:00:00,0.2466,0.248,0.2466,0.2478,160241.0
2023-10-25 01:15:00,0.2476,0.2515,0.2471,0.2502,318506.0
2023-10-25 01:30:00,0.25,0.2528,0.2488,0.2528,354767.0
2023-10-25 01:45:00,0.2527,0.2546,0.2505,0.2518,413553.0
2023-10-25 02:00:00,0.252,0.252,0.2487,0.2497,153908.0
2023-10-25 02:15:00,0.25,0.2503,0.2448,0.2448,297914.0
2023-10-25 02:30:00,0.2448,0.2464,0.2446,0.2454,172680.0
2023-10-25 02:45:00,0.2454,0.2472,0.2453,0.2468,72795.0
2023-10-25 03:00:00,0.2469,0.2471,0.2447,0.247,76557.0
2023-10-25 03:15:00,0.247,0.2475,0.2446,0.245,82859.0
2023-10-25 03:30:00,0.2455,0.2464,0.2446,0.2456,65143.0
2023-10-25 03:45:00,0.2459,0.2467,0.2453,0.2457,93869.0
2023-10-25 04:00:00,0.246,0.2467,0.2443,0.2448,215746.0
2023-10-25 04:15:00,0.2448,0.2479,0.2434,0.2474,521185.0
2023-10-25 04:30:00,0.2474,0.2475,0.2464,0.2472,58692.0
2023-10-25 04:45:00,0.2471,0.2482,0.247,0.2476,82192.0
2023-10-25 05:00:00,0.2475,0.2481,0.2462,0.2476,147830.0
2023-10-25 05:15:00,0.2472,0.2472,0.2443,0.2446,120717.0
2023-10-25 05:30:00,0.2448,0.2456,0.2438,0.2438,78280.0
2023-10-25 05:45:00,0.2439,0.2447,0.2427,0.2447,123429.0
2023-10-25 06:00:00,0.2449,0.2498,0.2449,0.2491,151417.0
2023-10-25 06:15:00,0.2492,0.2518,0.2479,0.2506,293082.0
2023-10-25 06:30:00,0.2507,0.2549,0.2501,0.2521,511488.0
2023-10-25 06:45:00,0.252,0.2524,0.2488,0.2506,312369.0
2023-10-25 07:00:00,0.2506,0.2511,0.247,0.2471,239637.0
2023-10-25 07:15:00,0.2473,0.2479,0.244,0.2441,280173.0
2023-10-25 07:30:00,0.244,0.2453,0.2419,0.2426,451142.0
2023-10-25 07:45:00,0.2425,0.2436,0.2396,0.2436,555259.0
2023-10-25 08:00:00,0.2436,0.2437,0.2379,0.239,479036.0
2023-10-25 08:15:00,0.2391,0.2428,0.239,0.2424,225388.0
2023-10-25 08:30:00,0.2425,0.2441,0.2425,0.2437,97290.0
2023-10-25 08:45:00,0.2432,0.2436,0.2428,0.2433,83258.0
2023-10-25 09:00:00,0.2432,0.2449,0.2424,0.2448,82377.0
2023-10-25 09:15:00,0.2445,0.246,0.2444,0.2458,119007.0
2023-10-25 09:30:00,0.2456,0.2463,0.2441,0.2445,94815.0
2023-10-25 09:45:00,0.2447,0.2451,0.2431,0.2435,106322.0
2023-10-25 10:00:00,0.2437,0.2439,0.243,0.2439,28362.0
2023-10-25 10:15:00,0.2439,0.2464,0.2436,0.2464,309135.0
2023-10-25 10:30:00,0.2464,0.2467,0.2451,0.246,72768.0
2023-10-25 10:45:00,0.246,0.248,0.2456,0.2479,258522.0
2023-10-25 11:00:00,0.2478,0.2479,0.2463,0.247,299532.0
2023-10-25 11:15:00,0.247,0.2476,0.2455,0.2455,147631.0
2023-10-25 11:30:00,0.2454,0.2464,0.2453,0.2457,103657.0
2023-10-25 11:45:00,0.2456,0.246,0.2452,0.2456,97504.0
2023-10-25 12:00:00,0.2456,0.2477,0.2456,0.2471,127825.0
2023-10-25 12:15:00,0.2478,0.2484,0.2468,0.2481,148149.0
2023-10-25 12:30:00,0.2483,0.2486,0.2467,0.2471,66426.0
2023-10-25 12:45:00,0.247,0.2474,0.2464,0.2469,25235.0
2023-10-25 13:00:00,0.2471,0.2498,0.247,0.2493,195821.0
2023-10-25 13:15:00,0.2491,0.2527,0.249,0.2497,342673.0
2023-10-25 13:30:00,0.2497,0.2498,0.2448,0.2457,499510.0
2023-10-25 13:45:00,0.2457,0.2475,0.2456,0.2468,858201.0
2023-10-25 14:00:00,0.2468,0.2503,0.2467,0.25,473457.0
2023-10-25 14:15:00,0.2502,0.2521,0.2485,0.2509,373780.0
2023-10-25 14:30:00,0.2505,0.2534,0.25,0.2523,295302.0
2023-10-25 14:45:00,0.2524,0.2642,0.2524,0.2574,3342096.0
2023-10-25 15:00:00,0.2572,0.2579,0.2549,0.2565,782519.0
2023-10-25 15:15:00,0.2565,0.26,0.2549,0.2572,766526.0
2023-10-25 15:30:00,0.2573,0.2601,0.2559,0.2581,563724.0
2023-10-25 15:45:00,0.258,0.264,0.2568,0.2625,724368.0
2023-10-25 16:00:00,0.2628,0.2827,0.2589,0.2727,7100428.0
2023-10-25 16:15:00,0.2725,0.2729,0.2547,0.2571,2611093.0
2023-10-25 16:30:00,0.2572,0.2644,0.2501,0.2541,3022792.0
2023-10-25 16:45:00,0.2538,0.2551,0.2468,0.248,1507652.0
2023-10-25 17:00:00,0.248,0.2508,0.2461,0.2501,801098.0
2023-10-25 17:15:00,0.2501,0.2514,0.2488,0.2511,420008.0
2023-10-25 17:30:00,0.2513,0.253,0.2472,0.2488,449600.0
2023-10-25 17:45:00,0.2492,0.2499,0.2481,0.2484,190985.0
2023-10-25 18:00:00,0.2486,0.2501,0.2483,0.2499,200586.0
2023-10-25 18:15:00,0.2497,0.2518,0.2495,0.251,216254.0
2023-10-25 18:30:00,0.2511,0.2525,0.2502,0.2522,191438.0
2023-10-25 18:45:00,0.252,0.2535,0.2517,0.2533,116559.0
2023-10-25 19:00:00,0.2531,0.2534,0.2505,0.2519,295444.0
2023-10-25 19:15:00,0.2518,0.2519,0.25,0.2508,114424.0
2023-10-25 19:30:00,0.251,0.2519,0.2507,0.2511,56592.0
2023-10-25 19:45:00,0.2509,0.254,0.2508,0.2535,87555.0
2023-10-25 20:00:00,0.2534,0.2556,0.2529,0.2548,397428.0
2023-10-25 20:15:00,0.2551,0.2563,0.253,0.2545,305590.0
2023-10-25 20:30:00,0.2546,0.2554,0.2538,0.2541,278065.0
2023-10-25 20:45:00,0.254,0.2541,0.2517,0.2521,134076.0
2023-10-25 21:00:00,0.2521,0.2528,0.2518,0.2526,85071.0
2023-10-25 21:15:00,0.2526,0.254,0.2524,0.2539,23547.0
2023-10-25 21:30:00,0.254,0.254,0.2511,0.2521,178300.0
2023-10-25 21:45:00,0.2522,0.255,0.252,0.2549,87242.0
2023-10-25 22:00:00,0.2549,0.2557,0.2541,0.2557,66507.0
2023-10-25 22:15:00,0.2558,0.2561,0.2552,0.2558,40895.0
2023-10-25 22:30:00,0.2559,0.2571,0.2553,0.2567,174535.0
2023-10-25 22:45:00,0.2567,0.2567,0.255,0.2554,300601.0
2023-10-25 23:00:00,0.2556,0.2559,0.2529,0.254,305064.0
2023-10-25 23:15:00,0.2541,0.2559,0.2541,0.2554,118033.0
2023-10-25 23:30:00,0.2556,0.2561,0.2544,0.256,57755.0
2023-10-25 23:45:00,0.2561,0.257,0.256,0.2566,67397.0
2023-10-26 00:00:00,0.256,0.256,0.2534,0.2544,212045.0
2023-10-26 00:15:00,0.2543,0.2572,0.2541,0.2569,168707.0
2023-10-26 00:30:00,0.2568,0.2582,0.2559,0.2559,444208.0
2023-10-26 00:45:00,0.2558,0.2558,0.2522,0.2553,266418.0
2023-10-26 01:00:00,0.2552,0.2554,0.2526,0.2533,471219.0
2023-10-26 01:15:00,0.2541,0.2547,0.2535,0.2545,139230.0
2023-10-26 01:30:00,0.2544,0.2548,0.2513,0.2516,227636.0
2023-10-26 01:45:00,0.2515,0.2538,0.2503,0.2537,247050.0
2023-10-26 02:00:00,0.2538,0.2539,0.2519,0.2519,174950.0
2023-10-26 02:15:00,0.2519,0.2525,0.2515,0.2523,102091.0
2023-10-26 02:30:00,0.2522,0.2542,0.2521,0.2539,60097.0
2023-10-26 02:45:00,0.254,0.2546,0.2535,0.2544,88612.0
2023-10-26 03:00:00,0.2546,0.2561,0.2541,0.2561,192096.0
2023-10-26 03:15:00,0.2559,0.2592,0.2559,0.2589,234362.0
2023-10-26 03:30:00,0.2588,0.26,0.2579,0.2596,309853.0
2023-10-26 03:45:00,0.2593,0.2618,0.259,0.2615,386690.0
2023-10-26 04:00:00,0.2611,0.2625,0.2591,0.2591,325006.0
2023-10-26 04:15:00,0.2591,0.2606,0.2579,0.2606,201768.0
2023-10-26 04:30:00,0.2603,0.2624,0.2594,0.2617,248714.0
2023-10-26 04:45:00,0.2616,0.2624,0.2606,0.2617,127969.0
2023-10-26 05:00:00,0.2616,0.2616,0.2595,0.2599,110717.0
2023-10-26 05:15:00,0.2598,0.2598,0.257,0.258,311369.0
2023-10-26 05:30:00,0.2581,0.2591,0.2578,0.2591,165617.0
2023-10-26 05:45:00,0.2592,0.2595,0.257,0.2577,323482.0
2023-10-26 06:00:00,0.2578,0.2583,0.2539,0.2549,553436.0
2023-10-26 06:15:00,0.2547,0.2564,0.254,0.2553,235968.0
2023-10-26 06:30:00,0.2554,0.2587,0.2551,0.2586,131916.0
2023-10-26 06:45:00,0.2586,0.2594,0.2585,0.2593,68043.0
2023-10-26 07:00:00,0.2592,0.2616,0.259,0.261,186197.0
2023-10-26 07:15:00,0.261,0.263,0.2608,0.2621,302531.0
2023-10-26 07:30:00,0.2621,0.2637,0.2609,0.2633,285107.0
2023-10-26 07:45:00,0.2634,0.2667,0.2625,0.2658,796524.0
2023-10-26 08:00:00,0.2652,0.266,0.2621,0.2627,357738.0
2023-10-26 08:15:00,0.2627,0.2639,0.2611,0.2614,191286.0
2023-10-26 08:30:00,0.2614,0.2648,0.261,0.264,261851.0
2023-10-26 08:45:00,0.264,0.2641,0.2621,0.2623,207303.0
2023-10-26 09:00:00,0.2623,0.2636,0.2603,0.262,293676.0
2023-10-26 09:15:00,0.2617,0.2617,0.2587,0.2587,237254.0
2023-10-26 09:30:00,0.2591,0.2604,0.2587,0.26,286276.0
2023-10-26 09:45:00,0.26,0.2605,0.2598,0.26,44026.0
2023-10-26 10:00:00,0.26,0.2601,0.258,0.2588,292735.0
2023-10-26 10:15:00,0.2588,0.2611,0.2585,0.2603,117019.0
2023-10-26 10:30:00,0.26,0.2604,0.2572,0.2575,180173.0
2023-10-26 10:45:00,0.2576,0.259,0.2569,0.2589,148247.0
2023-10-26 11:00:00,0.259,0.2606,0.259,0.2603,146535.0
2023-10-26 11:15:00,0.2603,0.2603,0.258,0.258,91390.0
2023-10-26 11:30:00,0.2579,0.2585,0.2529,0.2549,328163.0
2023-10-26 11:45:00,0.2548,0.2554,0.252,0.255,453449.0
2023-10-26 12:00:00,0.255,0.2579,0.2547,0.2578,117604.0
2023-10-26 12:15:00,0.2579,0.258,0.2561,0.2573,215066.0
2023-10-26 12:30:00,0.257,0.2585,0.2568,0.2581,139103.0
2023-10-26 12:45:00,0.2579,0.2586,0.2571,0.2582,93760.0
2023-10-26 13:00:00,0.2582,0.2601,0.2582,0.2596,201523.0
2023-10-26 13:15:00,0.2593,0.2598,0.2577,0.2582,78628.0
2023-10-26 13:30:00,0.258,0.2589,0.2552,0.2572,138424.0
2023-10-26 13:45:00,0.2572,0.2572,0.2535,0.254,160065.0
2023-10-26 14:00:00,0.2539,0.2563,0.2537,0.2557,229873.0
2023-10-26 14:15:00,0.2557,0.256,0.253,0.2537,211436.0
2023-10-26 14:30:00,0.2542,0.2543,0.2401,0.2475,1744782.0
2023-10-26 14:45:00,0.2471,0.2498,0.2458,0.2498,258072.0
2023-10-26 15:00:00,0.2494,0.2503,0.2478,0.2478,217349.0
2023-10-26 15:15:00,0.2483,0.2483,0.2451,0.2454,705633.0
2023-10-26 15:30:00,0.2455,0.2481,0.2442,0.2462,404386.0
2023-10-26 15:45:00,0.2462,0.2493,0.2461,0.249,119207.0
2023-10-26 16:00:00,0.2488,0.2499,0.2483,0.2484,143195.0
2023-10-26 16:15:00,0.2484,0.2495,0.2477,0.2486,226897.0
2023-10-26 16:30:00,0.2486,0.2488,0.2459,0.2461,510032.0
2023-10-26 16:45:00,0.2463,0.2468,0.2454,0.2456,167872.0
2023-10-26 17:00:00,0.246,0.2492,0.2459,0.2489,80471.0
2023-10-26 17:15:00,0.2491,0.2497,0.2486,0.2495,85755.0
2023-10-26 17:30:00,0.2493,0.2495,0.249,0.2493,14502.0
2023-10-26 17:45:00,0.2494,0.2508,0.2494,0.2505,50242.0
2023-10-26 18:00:00,0.2505,0.251,0.2501,0.2505,30444.0
2023-10-26 18:15:00,0.2503,0.2503,0.2492,0.2494,89347.0
2023-10-26 18:30:00,0.2495,0.2506,0.2493,0.2502,6384.0
2023-10-26 18:45:00,0.2497,0.2504,0.2495,0.2498,46419.0
2023-10-26 19:00:00,0.2501,0.2511,0.2501,0.2506,9179.0
2023-10-26 19:15:00,0.2505,0.251,0.2504,0.2506,19506.0
2023-10-26 19:30:00,0.2505,0.2518,0.2504,0.2518,21759.0
2023-10-26 19:45:00,0.2518,0.2522,0.2515,0.2516,24538.0
2023-10-26 20:00:00,0.2515,0.2525,0.2513,0.2522,81666.0
2023-10-26 20:15:00,0.2523,0.2523,0.2503,0.251,717634.0
2023-10-26 20:30:00,0.2509,0.2509,0.2479,0.2489,843238.0
2023-10-26 20:45:00,0.249,0.2491,0.2471,0.2489,767429.0
2023-10-26 21:00:00,0.2488,0.249,0.2473,0.2475,692349.0
2023-10-26 21:15:00,0.2475,0.2475,0.2407,0.2439,2708565.0
2023-10-26 21:30:00,0.244,0.2443,0.2336,0.2346,4059634.0
2023-10-26 21:45:00,0.2343,0.2352,0.2286,0.2326,3454914.0
2023-10-26 22:00:00,0.2328,0.2359,0.228,0.2329,2348389.0
2023-10-26 22:15:00,0.2329,0.2346,0.231,0.2342,1064090.0
2023-10-26 22:30:00,0.2342,0.2344,0.23,0.231,1761845.0
2023-10-26 22:45:00,0.231,0.2333,0.2277,0.2304,3105076.0
2023-10-26 23:00:00,0.2307,0.2331,0.2283,0.2321,2460079.0
2023-10-26 23:15:00,0.2323,0.233,0.2251,0.2256,2637806.0
2023-10-26 23:30:00,0.2256,0.2287,0.2243,0.2281,2123501.0
2023-10-26 23:45:00,0.2282,0.2286,0.2267,0.2277,747583.0
2023-10-27 00:00:00,0.2277,0.2298,0.225,0.2288,1120870.0
2023-10-27 00:15:00,0.2287,0.2315,0.2272,0.2299,829799.0
2023-10-27 00:30:00,0.2299,0.2308,0.2282,0.2299,891379.0
2023-10-27 00:45:00,0.23,0.23,0.228,0.2293,346850.0
2023-10-27 01:00:00,0.2293,0.23,0.2261,0.2278,473147.0
2023-10-27 01:15:00,0.2277,0.2277,0.2254,0.226,638167.0
2023-10-27 01:30:00,0.2259,0.2274,0.2253,0.2274,270576.0
2023-10-27 01:45:00,0.2275,0.2275,0.2236,0.2239,904947.0
2023-10-27 02:00:00,0.2241,0.2263,0.2207,0.2255,755224.0
2023-10-27 02:15:00,0.2256,0.2284,0.2256,0.2271,299710.0
2023-10-27 02:30:00,0.2272,0.2277,0.2261,0.2269,315210.0
2023-10-27 02:45:00,0.227,0.2276,0.2264,0.227,258807.0
2023-10-27 03:00:00,0.227,0.2277,0.2255,0.2272,404020.0
2023-10-27 03:15:00,0.2274,0.2275,0.2261,0.2262,283631.0
2023-10-27 03:30:00,0.2263,0.2277,0.2261,0.2267,172268.0
2023-10-27 03:45:00,0.2267,0.2275,0.226,0.2275,133177.0
2023-10-27 04:00:00,0.2273,0.2275,0.2261,0.2267,264682.0
2023-10-27 04:15:00,0.2267,0.2275,0.226,0.226,514536.0
2023-10-27 04:30:00,0.2263,0.2269,0.2255,0.2264,222927.0
2023-10-27 04:45:00,0.2264,0.2296,0.2262,0.2287,675101.0
2023-10-27 05:00:00,0.2285,0.2286,0.2267,0.2272,279450.0
2023-10-27 05:15:00,0.2271,0.2271,0.2251,0.2255,199963.0
2023-10-27 05:30:00,0.2255,0.227,0.2251,0.2266,217199.0
2023-10-27 05:45:00,0.2266,0.2266,0.2222,0.224,2289255.0
2023-10-27 06:00:00,0.224,0.2271,0.2237,0.2269,508700.0
2023-10-27 06:15:00,0.2268,0.2275,0.2263,0.227,407471.0
2023-10-27 06:30:00,0.227,0.2281,0.2265,0.2271,339290.0
2023-10-27 06:45:00,0.227,0.2293,0.2269,0.2291,601062.0
2023-10-27 07:00:00,0.2291,0.2292,0.2276,0.2285,317099.0
2023-10-27 07:15:00,0.2285,0.2285,0.2257,0.2257,567033.0
2023-10-27 07:30:00,0.226,0.2268,0.2248,0.2254,377275.0
2023-10-27 07:45:00,0.2256,0.2259,0.2243,0.2245,299045.0
2023-10-27 08:00:00,0.2245,0.2253,0.2241,0.2248,245176.0
2023-10-27 08:15:00,0.2246,0.2262,0.2246,0.2246,433481.0
2023-10-27 08:30:00,0.2247,0.2269,0.2246,0.2269,151919.0
2023-10-27 08:45:00,0.2269,0.2277,0.2268,0.2272,138506.0
2023-10-27 09:00:00,0.2271,0.2277,0.2265,0.2268,292546.0
2023-10-27 09:15:00,0.2268,0.2274,0.2266,0.2274,215336.0
2023-10-27 09:30:00,0.2273,0.2274,0.2265,0.2272,354983.0
2023-10-27 09:45:00,0.2272,0.2278,0.2269,0.2278,142304.0
2023-10-27 10:00:00,0.2278,0.2278,0.2256,0.2261,125432.0
2023-10-27 10:15:00,0.2262,0.2268,0.2256,0.2258,216905.0
2023-10-27 10:30:00,0.2258,0.2282,0.2256,0.2278,500158.0
2023-10-27 10:45:00,0.2281,0.2281,0.2268,0.2272,130918.0
2023-10-27 11:00:00,0.227,0.2273,0.225,0.2256,378190.0
2023-10-27 11:15:00,0.2258,0.2263,0.2245,0.2252,228577.0
2023-10-27 11:30:00,0.2249,0.2257,0.2245,0.2248,163413.0
2023-10-27 11:45:00,0.2248,0.2267,0.2248,0.2264,162931.0
2023-10-27 12:00:00,0.2265,0.2276,0.2252,0.2261,162586.0
2023-10-27 12:15:00,0.2261,0.2272,0.226,0.2261,158303.0
2023-10-27 12:30:00,0.2261,0.2276,0.2259,0.2273,244534.0
2023-10-27 12:45:00,0.2271,0.2297,0.227,0.2287,802381.0
2023-10-27 13:00:00,0.2286,0.2307,0.2286,0.2299,718173.0
2023-10-27 13:15:00,0.23,0.2305,0.2279,0.2291,797333.0
2023-10-27 13:30:00,0.2291,0.2311,0.229,0.2307,547367.0
2023-10-27 13:45:00,0.2307,0.231,0.2297,0.2308,349711.0
2023-10-27 14:00:00,0.2308,0.2308,0.2274,0.2283,498861.0
2023-10-27 14:15:00,0.228,0.228,0.2254,0.2263,1030972.0
2023-10-27 14:30:00,0.2262,0.2278,0.224,0.2243,2324608.0
2023-10-27 14:45:00,0.2243,0.2256,0.2233,0.2253,842326.0
2023-10-27 15:00:00,0.2251,0.2263,0.2234,0.2256,719455.0
2023-10-27 15:15:00,0.2257,0.2266,0.2248,0.2258,188264.0
2023-10-27 15:30:00,0.2257,0.2283,0.2257,0.2282,285131.0
2023-10-27 15:45:00,0.2282,0.2284,0.2265,0.2273,414914.0
2023-10-27 16:00:00,0.2274,0.2281,0.2263,0.2272,236478.0
2023-10-27 16:15:00,0.2276,0.2278,0.2257,0.2266,283266.0
2023-10-27 16:30:00,0.2267,0.2267,0.2252,0.2254,366262.0
2023-10-27 16:45:00,0.2254,0.2254,0.2222,0.2231,929273.0
2023-10-27 17:00:00,0.2232,0.2237,0.22,0.2225,1428072.0
2023-10-27 17:15:00,0.2223,0.2243,0.2221,0.224,637386.0
2023-10-27 17:30:00,0.2238,0.224,0.2224,0.223,138927.0
2023-10-27 17:45:00,0.2229,0.2237,0.2226,0.2226,234348.0
2023-10-27 18:00:00,0.2228,0.2235,0.2207,0.221,661089.0
2023-10-27 18:15:00,0.2211,0.2219,0.219,0.2191,724928.0
2023-10-27 18:30:00,0.2192,0.222,0.2185,0.2218,474858.0
2023-10-27 18:45:00,0.2218,0.2227,0.2212,0.2223,224402.0
2023-10-27 19:00:00,0.2224,0.2229,0.2219,0.2227,191763.0
2023-10-27 19:15:00,0.2227,0.223,0.222,0.2224,118908.0
2023-10-27 19:30:00,0.2225,0.2238,0.2225,0.2234,343758.0
2023-10-27 19:45:00,0.2233,0.2254,0.2232,0.2243,611977.0
2023-10-27 20:00:00,0.2241,0.2246,0.2229,0.2238,236837.0
2023-10-27 20:15:00,0.2236,0.2244,0.2232,0.2243,197945.0
2023-10-27 20:30:00,0.2243,0.2248,0.2237,0.2238,104660.0
2023-10-27 20:45:00,0.2238,0.2245,0.2233,0.2243,143755.0
2023-10-27 21:00:00,0.2243,0.2243,0.2235,0.2235,53800.0
2023-10-27 21:15:00,0.2233,0.2233,0.2226,0.2227,121667.0
2023-10-27 21:30:00,0.2229,0.2238,0.2229,0.2237,36460.0
2023-10-27 21:45:00,0.2238,0.2249,0.2237,0.2242,263280.0
2023-10-27 22:00:00,0.2242,0.2244,0.2234,0.224,83300.0
2023-10-27 22:15:00,0.2237,0.2237,0.2224,0.2227,240892.0
2023-10-27 22:30:00,0.2228,0.2231,0.2224,0.2224,120099.0
2023-10-27 22:45:00,0.2223,0.2234,0.2222,0.2227,89233.0
2023-10-27 23:00:00,0.2228,0.2237,0.2223,0.2237,69990.0
2023-10-27 23:15:00,0.2238,0.2239,0.2233,0.2233,56682.0
2023-10-27 23:30:00,0.2234,0.2238,0.223,0.2238,101002.0
2023-10-27 23:45:00,0.2238,0.2239,0.2235,0.2237,33658.0
2023-10-28 00:00:00,0.2235,0.2254,0.2232,0.2252,230567.0
2023-10-28 00:15:00,0.2252,0.2256,0.2245,0.2254,99327.0
2023-10-28 00:30:00,0.2256,0.2258,0.2249,0.2252,97747.0
2023-10-28 00:45:00,0.2251,0.2253,0.225,0.2251,98761.0
2023-10-28 01:00:00,0.2251,0.2258,0.2244,0.2248,215448.0
2023-10-28 01:15:00,0.2248,0.2261,0.2248,0.2252,94909.0
2023-10-28 01:30:00,0.2253,0.2275,0.2253,0.2273,222401.0
2023-10-28 01:45:00,0.2273,0.2286,0.2271,0.2282,313118.0
2023-10-28 02:00:00,0.2282,0.2282,0.2261,0.2268,560495.0
2023-10-28 02:15:00,0.2267,0.2277,0.2266,0.2277,109584.0
2023-10-28 02:30:00,0.2276,0.2286,0.2269,0.2286,156291.0
2023-10-28 02:45:00,0.2286,0.23,0.2285,0.2294,430515.0
2023-10-28 03:00:00,0.2294,0.23,0.2274,0.228,587227.0
2023-10-28 03:15:00,0.2281,0.2282,0.227,0.227,81878.0
2023-10-28 03:30:00,0.2269,0.2278,0.2266,0.2275,165533.0
2023-10-28 03:45:00,0.2275,0.2282,0.2273,0.228,107875.0
2023-10-28 04:00:00,0.228,0.228,0.2251,0.2264,521678.0
2023-10-28 04:15:00,0.2264,0.2273,0.2262,0.2272,64294.0
2023-10-28 04:30:00,0.2274,0.228,0.2269,0.228,92825.0
2023-10-28 04:45:00,0.228,0.2287,0.2279,0.2284,269043.0
2023-10-28 05:00:00,0.2284,0.2288,0.2276,0.2277,311514.0
2023-10-28 05:15:00,0.2276,0.228,0.2263,0.2266,180820.0
2023-10-28 05:30:00,0.2267,0.2272,0.2265,0.2272,47250.0
2023-10-28 05:45:00,0.227,0.227,0.2259,0.2268,178706.0
2023-10-28 06:00:00,0.2268,0.2275,0.226,0.227,236446.0
2023-10-28 06:15:00,0.227,0.2273,0.2265,0.2265,164294.0
2023-10-28 06:30:00,0.2265,0.2265,0.226,0.2264,230131.0
2023-10-28 06:45:00,0.2264,0.2276,0.2264,0.227,125640.0
2023-10-28 07:00:00,0.227,0.2277,0.2268,0.2273,244469.0
2023-10-28 07:15:00,0.2273,0.2316,0.2273,0.2301,1138215.0
2023-10-28 07:30:00,0.2302,0.2311,0.2294,0.2311,672000.0
2023-10-28 07:45:00,0.231,0.2333,0.2308,0.2321,1120342.0
2023-10-28 08:00:00,0.2321,0.2321,0.2299,0.2305,690873.0
2023-10-28 08:15:00,0.2304,0.2312,0.2301,0.2309,180570.0
2023-10-28 08:30:00,0.2309,0.2319,0.2302,0.2315,144368.0
2023-10-28 08:45:00,0.2316,0.232,0.2303,0.2304,237731.0
2023-10-28 09:00:00,0.2309,0.2322,0.2299,0.2304,453877.0
2023-10-28 09:15:00,0.2304,0.2308,0.229,0.2298,273720.0
2023-10-28 09:30:00,0.2298,0.2304,0.2295,0.2296,263237.0
2023-10-28 09:45:00,0.2299,0.2301,0.2292,0.2294,123538.0
2023-10-28 10:00:00,0.2295,0.2304,0.2294,0.2301,105259.0
2023-10-28 10:15:00,0.2299,0.2301,0.2288,0.2293,144094.0
2023-10-28 10:30:00,0.2292,0.2295,0.2287,0.2293,141467.0
2023-10-28 10:45:00,0.2295,0.2311,0.229,0.231,327626.0
2023-10-28 11:00:00,0.2309,0.2323,0.2305,0.2311,193773.0
2023-10-28 11:15:00,0.2311,0.2328,0.2307,0.2315,269585.0
2023-10-28 11:30:00,0.2315,0.232,0.2298,0.2308,424616.0
2023-10-28 11:45:00,0.2303,0.2303,0.2296,0.2298,123608.0
2023-10-28 12:00:00,0.2299,0.2311,0.2297,0.23,212212.0
2023-10-28 12:15:00,0.23,0.2303,0.2285,0.229,206747.0
2023-10-28 12:30:00,0.229,0.2294,0.2279,0.2281,207632.0
2023-10-28 12:45:00,0.2282,0.2282,0.225,0.2265,422004.0
2023-10-28 13:00:00,0.2265,0.2274,0.2255,0.2273,333311.0
2023-10-28 13:15:00,0.2273,0.2274,0.2264,0.2272,153956.0
2023-10-28 13:30:00,0.2272,0.2281,0.2271,0.2279,113287.0
2023-10-28 13:45:00,0.2278,0.2291,0.2278,0.229,92310.0
2023-10-28 14:00:00,0.2289,0.2294,0.2282,0.2292,93224.0
2023-10-28 14:15:00,0.2292,0.2294,0.2285,0.2291,73266.0
2023-10-28 14:30:00,0.2291,0.2302,0.2287,0.2287,102233.0
2023-10-28 14:45:00,0.2288,0.2292,0.2275,0.2288,166427.0
2023-10-28 15:00:00,0.2289,0.2302,0.2287,0.2294,93016.0
2023-10-28 15:15:00,0.2292,0.2304,0.2291,0.2301,102386.0
2023-10-28 15:30:00,0.2301,0.2309,0.2296,0.2305,231284.0
2023-10-28 15:45:00,0.2305,0.2305,0.2297,0.2299,66581.0
2023-10-28 16:00:00,0.23,0.2304,0.229,0.2291,229219.0
2023-10-28 16:15:00,0.2292,0.23,0.2285,0.2299,70795.0
2023-10-28 16:30:00,0.2298,0.2306,0.2296,0.2299,79133.0
2023-10-28 16:45:00,0.23,0.2309,0.2296,0.2306,391338.0
2023-10-28 17:00:00,0.2304,0.2308,0.2301,0.2301,77450.0
2023-10-28 17:15:00,0.2301,0.2305,0.2293,0.2305,162858.0
2023-10-28 17:30:00,0.2306,0.2311,0.2303,0.231,212866.0
2023-10-28 17:45:00,0.2307,0.2312,0.2305,0.231,47418.0
2023-10-28 18:00:00,0.2309,0.2312,0.2299,0.2299,79574.0
2023-10-28 18:15:00,0.2299,0.2303,0.2295,0.2296,74403.0
2023-10-28 18:30:00,0.2296,0.2308,0.2293,0.2303,122888.0
2023-10-28 18:45:00,0.2303,0.2314,0.2303,0.2313,109887.0
2023-10-28 19:00:00,0.2313,0.232,0.231,0.2311,221179.0
2023-10-28 19:15:00,0.2312,0.2316,0.2309,0.2314,58664.0
2023-10-28 19:30:00,0.2317,0.2319,0.2304,0.2306,162736.0
2023-10-28 19:45:00,0.2308,0.2311,0.2297,0.2299,75541.0
2023-10-28 20:00:00,0.2299,0.2313,0.2295,0.231,74670.0
2023-10-28 20:15:00,0.2311,0.2324,0.2311,0.2322,131856.0
2023-10-28 20:30:00,0.2322,0.2322,0.2313,0.2316,73546.0
2023-10-28 20:45:00,0.2318,0.2323,0.2318,0.232,56754.0
2023-10-28 21:00:00,0.2318,0.2321,0.2314,0.2321,54833.0
2023-10-28 21:15:00,0.2322,0.2326,0.2318,0.2325,205556.0
2023-10-28 21:30:00,0.2326,0.233,0.2325,0.2328,210921.0
2023-10-28 21:45:00,0.2329,0.2342,0.2329,0.2338,246552.0
2023-10-28 22:00:00,0.2338,0.2339,0.2318,0.2318,226138.0
2023-10-28 22:15:00,0.2318,0.2323,0.2295,0.2297,298390.0
2023-10-28 22:30:00,0.2297,0.2308,0.2292,0.2308,214554.0
2023-10-28 22:45:00,0.231,0.2311,0.2305,0.2309,88664.0
2023-10-28 23:00:00,0.2309,0.2312,0.2298,0.2305,161318.0
2023-10-28 23:15:00,0.2305,0.2307,0.2297,0.2306,143516.0
2023-10-28 23:30:00,0.2307,0.2314,0.2306,0.2311,75670.0
2023-10-28 23:45:00,0.2309,0.2317,0.2309,0.2316,27744.0
2023-10-29 00:00:00,0.2318,0.2319,0.2302,0.2307,131768.0
2023-10-29 00:15:00,0.2308,0.2318,0.2306,0.2318,186052.0
2023-10-29 00:30:00,0.2318,0.2333,0.2308,0.2332,86911.0
2023-10-29 00:45:00,0.2331,0.234,0.2305,0.2308,328224.0
2023-10-29 01:00:00,0.2308,0.2312,0.2288,0.2295,379531.0
2023-10-29 01:15:00,0.2295,0.2302,0.2256,0.228,464598.0
2023-10-29 01:30:00,0.228,0.2293,0.2274,0.2292,125961.0
2023-10-29 01:45:00,0.2289,0.2294,0.2286,0.2286,36602.0
2023-10-29 02:00:00,0.2288,0.2291,0.2277,0.2289,45731.0
2023-10-29 02:15:00,0.2288,0.2298,0.2286,0.2293,22820.0
2023-10-29 02:30:00,0.2293,0.2293,0.2283,0.229,21371.0
2023-10-29 02:45:00,0.2291,0.2296,0.2288,0.2295,63949.0
2023-10-29 03:00:00,0.2295,0.2297,0.2286,0.2289,265982.0
2023-10-29 03:15:00,0.2288,0.2304,0.2288,0.2304,156115.0
2023-10-29 03:30:00,0.2304,0.2304,0.2296,0.23,51813.0
2023-10-29 03:45:00,0.2302,0.2302,0.2271,0.2283,176377.0
2023-10-29 04:00:00,0.2282,0.2302,0.2276,0.2297,51705.0
2023-10-29 04:15:00,0.2296,0.2304,0.2294,0.2304,57774.0
2023-10-29 04:30:00,0.2304,0.2307,0.2302,0.2307,51455.0
2023-10-29 04:45:00,0.2307,0.2311,0.2303,0.2307,70722.0
2023-10-29 05:00:00,0.2307,0.2309,0.2301,0.2301,182536.0
2023-10-29 05:15:00,0.23,0.2304,0.229,0.2295,125908.0
2023-10-29 05:30:00,0.2295,0.2301,0.2292,0.23,151021.0
2023-10-29 05:45:00,0.23,0.2302,0.2298,0.2301,118516.0
2023-10-29 06:00:00,0.2301,0.2318,0.2299,0.2309,242161.0
2023-10-29 06:15:00,0.2311,0.2318,0.2307,0.2315,121104.0
2023-10-29 06:30:00,0.2315,0.2327,0.2308,0.2326,180506.0
2023-10-29 06:45:00,0.2327,0.2329,0.2311,0.2313,164541.0
2023-10-29 07:00:00,0.2313,0.2326,0.2313,0.2319,64148.0
2023-10-29 07:15:00,0.2321,0.2329,0.2321,0.2323,60950.0
2023-10-29 07:30:00,0.2323,0.2327,0.2318,0.2325,274955.0
2023-10-29 07:45:00,0.2325,0.233,0.2324,0.2329,180816.0
2023-10-29 08:00:00,0.2329,0.2361,0.2325,0.2351,652270.0
2023-10-29 08:15:00,0.2351,0.2369,0.2348,0.2352,555110.0
2023-10-29 08:30:00,0.2354,0.236,0.2351,0.2357,180671.0
2023-10-29 08:45:00,0.2357,0.2372,0.2347,0.2369,562934.0
2023-10-29 09:00:00,0.237,0.2373,0.2354,0.2359,418218.0
2023-10-29 09:15:00,0.2357,0.2368,0.235,0.2367,188844.0
2023-10-29 09:30:00,0.2367,0.2369,0.2361,0.2364,253371.0
2023-10-29 09:45:00,0.2363,0.2367,0.2358,0.2362,95857.0
2023-10-29 10:00:00,0.2362,0.2363,0.2352,0.2352,162169.0
2023-10-29 10:15:00,0.2352,0.2359,0.2348,0.2353,82186.0
2023-10-29 10:30:00,0.2359,0.2359,0.2353,0.2353,28644.0
2023-10-29 10:45:00,0.2353,0.2356,0.2345,0.2348,294617.0
2023-10-29 11:00:00,0.2348,0.235,0.2344,0.2346,87157.0
2023-10-29 11:15:00,0.2346,0.2363,0.2346,0.2362,96164.0
2023-10-29 11:30:00,0.2361,0.2361,0.2351,0.2355,29512.0
2023-10-29 11:45:00,0.2358,0.236,0.2355,0.2356,52309.0
2023-10-29 12:00:00,0.2357,0.2369,0.2355,0.2355,101339.0
2023-10-29 12:15:00,0.2356,0.2373,0.2356,0.237,146631.0
2023-10-29 12:30:00,0.2367,0.2399,0.2364,0.2386,916875.0
2023-10-29 12:45:00,0.2386,0.2398,0.2386,0.2395,501314.0
2023-10-29 13:00:00,0.2395,0.2397,0.2374,0.2379,361351.0
2023-10-29 13:15:00,0.238,0.2402,0.2376,0.2402,232183.0
2023-10-29 13:30:00,0.2401,0.2403,0.2371,0.2381,861252.0
2023-10-29 13:45:00,0.238,0.2392,0.2375,0.2383,469649.0
2023-10-29 14:00:00,0.2381,0.2384,0.2363,0.2369,551553.0
2023-10-29 14:15:00,0.237,0.2379,0.2367,0.2371,175097.0
2023-10-29 14:30:00,0.2373,0.239,0.2369,0.2389,205366.0
2023-10-29 14:45:00,0.239,0.239,0.2379,0.2386,94136.0
2023-10-29 15:00:00,0.2386,0.2386,0.2356,0.2365,377905.0
2023-10-29 15:15:00,0.2367,0.2374,0.2356,0.2367,217610.0
2023-10-29 15:30:00,0.2368,0.2368,0.235,0.2353,116683.0
2023-10-29 15:45:00,0.2355,0.2358,0.234,0.2349,217834.0
2023-10-29 16:00:00,0.2349,0.2359,0.2341,0.2355,234370.0
2023-10-29 16:15:00,0.2354,0.2359,0.2352,0.2352,20791.0
2023-10-29 16:30:00,0.2353,0.236,0.2353,0.2359,27736.0
2023-10-29 16:45:00,0.236,0.2365,0.2347,0.235,208210.0
2023-10-29 17:00:00,0.235,0.2354,0.2316,0.2328,857658.0
2023-10-29 17:15:00,0.2328,0.2338,0.2325,0.2335,284875.0
2023-10-29 17:30:00,0.2337,0.2358,0.2337,0.2354,284589.0
2023-10-29 17:45:00,0.2354,0.2366,0.2351,0.2354,138484.0
2023-10-29 18:00:00,0.2354,0.2367,0.2354,0.2365,75219.0
2023-10-29 18:15:00,0.2363,0.2365,0.2359,0.2359,46164.0
2023-10-29 18:30:00,0.2359,0.2363,0.2331,0.2331,131802.0
2023-10-29 18:45:00,0.2333,0.2348,0.233,0.2344,207934.0
2023-10-29 19:00:00,0.2345,0.235,0.2335,0.235,187248.0
2023-10-29 19:15:00,0.2348,0.2352,0.2329,0.2335,150582.0
2023-10-29 19:30:00,0.2336,0.2348,0.2336,0.2344,80718.0
2023-10-29 19:45:00,0.2345,0.2347,0.2336,0.2338,169070.0
2023-10-29 20:00:00,0.234,0.2354,0.234,0.235,121561.0
2023-10-29 20:15:00,0.2349,0.2358,0.2338,0.2338,152250.0
2023-10-29 20:30:00,0.234,0.235,0.234,0.2347,70244.0
2023-10-29 20:45:00,0.2349,0.2359,0.2349,0.2359,85154.0
2023-10-29 21:00:00,0.236,0.2369,0.2358,0.2368,196440.0
2023-10-29 21:15:00,0.2369,0.2372,0.2364,0.2365,48257.0
2023-10-29 21:30:00,0.2365,0.2367,0.2352,0.236,69262.0
2023-10-29 21:45:00,0.2362,0.2365,0.235,0.2352,80185.0
2023-10-29 22:00:00,0.2355,0.2365,0.2354,0.2364,45566.0
2023-10-29 22:15:00,0.2364,0.2376,0.2361,0.2376,64635.0
2023-10-29 22:30:00,0.2375,0.2383,0.2372,0.2378,188988.0
2023-10-29 22:45:00,0.2374,0.2387,0.2374,0.2376,143912.0
2023-10-29 23:00:00,0.2378,0.2379,0.2357,0.236,78789.0
2023-10-29 23:15:00,0.2365,0.237,0.2359,0.2362,40065.0
2023-10-29 23:30:00,0.2359,0.2362,0.235,0.2354,66793.0
2023-10-29 23:45:00,0.2353,0.2353,0.2337,0.2348,132732.0
2023-10-30 00:00:00,0.235,0.2361,0.2349,0.2358,96161.0
2023-10-30 00:15:00,0.2358,0.2363,0.2353,0.2357,128405.0
2023-10-30 00:30:00,0.2356,0.2357,0.2324,0.2345,253127.0
2023-10-30 00:45:00,0.2345,0.2353,0.2335,0.2348,92722.0
2023-10-30 01:00:00,0.2349,0.2383,0.2348,0.2365,411974.0
2023-10-30 01:15:00,0.2367,0.2369,0.2355,0.2362,266854.0
2023-10-30 01:30:00,0.236,0.237,0.2353,0.2364,142928.0
2023-10-30 01:45:00,0.2365,0.2369,0.2352,0.2357,223957.0
2023-10-30 02:00:00,0.2358,0.2376,0.2343,0.2375,186655.0
2023-10-30 02:15:00,0.2372,0.2378,0.2352,0.2352,216998.0
2023-10-30 02:30:00,0.2351,0.2362,0.2341,0.2349,140134.0
2023-10-30 02:45:00,0.2349,0.2366,0.2349,0.2365,46340.0
2023-10-30 03:00:00,0.2366,0.2366,0.235,0.236,92600.0
2023-10-30 03:15:00,0.236,0.2369,0.2354,0.2356,155079.0
2023-10-30 03:30:00,0.2355,0.2371,0.2351,0.2352,229799.0
2023-10-30 03:45:00,0.2352,0.2364,0.2351,0.2355,28445.0
2023-10-30 04:00:00,0.2353,0.2359,0.2347,0.2357,42836.0
2023-10-30 04:15:00,0.2357,0.237,0.2356,0.237,46494.0
2023-10-30 04:30:00,0.237,0.2388,0.2363,0.2384,358799.0
2023-10-30 04:45:00,0.2385,0.2385,0.2372,0.2378,65447.0
2023-10-30 05:00:00,0.2379,0.2379,0.2365,0.2365,104569.0
2023-10-30 05:15:00,0.2367,0.2372,0.235,0.2354,557550.0
2023-10-30 05:30:00,0.2352,0.2365,0.2351,0.2364,159084.0
2023-10-30 05:45:00,0.2364,0.2366,0.2354,0.2354,74694.0
2023-10-30 06:00:00,0.2352,0.2359,0.2322,0.2329,371548.0
2023-10-30 06:15:00,0.2329,0.2353,0.2325,0.2349,264240.0
2023-10-30 06:30:00,0.2349,0.2354,0.2345,0.2348,111422.0
2023-10-30 06:45:00,0.2349,0.2357,0.2348,0.2355,100521.0
2023-10-30 07:00:00,0.2353,0.2365,0.2352,0.2358,88949.0
2023-10-30 07:15:00,0.2359,0.2361,0.2334,0.2346,171973.0
2023-10-30 07:30:00,0.2349,0.2351,0.2335,0.2339,181932.0
2023-10-30 07:45:00,0.2339,0.2347,0.2332,0.2332,190716.0
2023-10-30 08:00:00,0.2332,0.2352,0.2328,0.2351,187235.0
2023-10-30 08:15:00,0.235,0.2358,0.2344,0.2344,155890.0
2023-10-30 08:30:00,0.2343,0.2381,0.2339,0.237,411852.0
2023-10-30 08:45:00,0.2369,0.238,0.2363,0.2379,212775.0
2023-10-30 09:00:00,0.2381,0.242,0.2376,0.241,777373.0
2023-10-30 09:15:00,0.241,0.2426,0.2398,0.2415,955572.0
2023-10-30 09:30:00,0.2412,0.2419,0.2404,0.2409,282411.0
2023-10-30 09:45:00,0.2407,0.241,0.2384,0.2388,227571.0
2023-10-30 10:00:00,0.2389,0.2414,0.2388,0.2394,368496.0
2023-10-30 10:15:00,0.2394,0.2407,0.2388,0.2397,436272.0
2023-10-30 10:30:00,0.2397,0.2426,0.2397,0.2421,800588.0
2023-10-30 10:45:00,0.242,0.2428,0.2405,0.2408,194786.0
2023-10-30 11:00:00,0.2407,0.2418,0.2398,0.2413,218549.0
2023-10-30 11:15:00,0.2412,0.2416,0.2399,0.2403,84834.0
2023-10-30 11:30:00,0.2403,0.2431,0.2402,0.2416,642495.0
2023-10-30 11:45:00,0.2416,0.2439,0.2416,0.2432,355876.0
2023-10-30 12:00:00,0.2431,0.2439,0.2419,0.2437,431543.0
2023-10-30 12:15:00,0.2437,0.2465,0.2432,0.2461,926281.0
2023-10-30 12:30:00,0.2462,0.2463,0.2427,0.2436,668197.0
2023-10-30 12:45:00,0.2437,0.2454,0.2396,0.2423,1104560.0
2023-10-30 13:00:00,0.2423,0.2434,0.2403,0.2428,499959.0
2023-10-30 13:15:00,0.2427,0.2447,0.2425,0.2433,725069.0
2023-10-30 13:30:00,0.2433,0.244,0.2422,0.2433,156043.0
2023-10-30 13:45:00,0.2432,0.2447,0.243,0.2447,224639.0
2023-10-30 14:00:00,0.2445,0.2453,0.2431,0.2435,560563.0
2023-10-30 14:15:00,0.2436,0.2437,0.2413,0.242,244419.0
2023-10-30 14:30:00,0.2421,0.243,0.2401,0.2404,926782.0
2023-10-30 14:45:00,0.2404,0.2415,0.2397,0.2411,205144.0
2023-10-30 15:00:00,0.241,0.2418,0.2405,0.2413,223564.0
2023-10-30 15:15:00,0.241,0.2414,0.2385,0.2391,761545.0
2023-10-30 15:30:00,0.2392,0.2406,0.2389,0.24,182709.0
2023-10-30 15:45:00,0.24,0.241,0.2395,0.2407,223875.0
2023-10-30 16:00:00,0.2408,0.241,0.2398,0.2405,138152.0
2023-10-30 16:15:00,0.2407,0.2407,0.2391,0.2399,101778.0
2023-10-30 16:30:00,0.2398,0.2402,0.238,0.238,143243.0
2023-10-30 16:45:00,0.238,0.2397,0.2379,0.2394,314060.0
2023-10-30 17:00:00,0.2393,0.2396,0.2338,0.2362,614551.0
2023-10-30 17:15:00,0.2363,0.2363,0.2333,0.2361,717220.0
2023-10-30 17:30:00,0.2362,0.2371,0.2362,0.2367,92848.0
2023-10-30 17:45:00,0.2366,0.2371,0.2361,0.2365,75745.0
2023-10-30 18:00:00,0.2364,0.238,0.2364,0.238,98454.0
2023-10-30 18:15:00,0.2379,0.2381,0.2372,0.2372,41582.0
2023-10-30 18:30:00,0.2372,0.238,0.2372,0.2373,35114.0
2023-10-30 18:45:00,0.2376,0.2383,0.2376,0.238,54331.0
2023-10-30 19:00:00,0.2384,0.2385,0.2374,0.2384,69967.0
2023-10-30 19:15:00,0.2381,0.2395,0.2378,0.2392,36200.0
2023-10-30 19:30:00,0.2395,0.2397,0.2388,0.2391,107800.0
2023-10-30 19:45:00,0.2391,0.2405,0.2391,0.2405,122725.0
2023-10-30 20:00:00,0.2404,0.2406,0.2395,0.2403,58044.0
2023-10-30 20:15:00,0.2404,0.2404,0.2395,0.2397,69134.0
2023-10-30 20:30:00,0.2397,0.2411,0.2396,0.2411,144333.0
2023-10-30 20:45:00,0.2407,0.2415,0.2404,0.2411,181719.0
2023-10-30 21:00:00,0.2412,0.2414,0.2401,0.2402,73781.0
2023-10-30 21:15:00,0.2402,0.2417,0.2402,0.2414,171870.0
2023-10-30 21:30:00,0.2414,0.242,0.2413,0.2419,49161.0
2023-10-30 21:45:00,0.2418,0.2422,0.2416,0.2416,35921.0
2023-10-30 22:00:00,0.2418,0.2418,0.2404,0.2408,51141.0
2023-10-30 22:15:00,0.241,0.2415,0.2407,0.2412,12827.0
2023-10-30 22:30:00,0.2408,0.2408,0.2385,0.2398,758908.0
2023-10-30 22:45:00,0.2397,0.2398,0.2389,0.2393,79577.0
2023-10-30 23:00:00,0.2395,0.2411,0.2391,0.2408,66113.0
2023-10-30 23:15:00,0.2408,0.2412,0.2406,0.2407,95558.0
2023-10-30 23:30:00,0.2408,0.2408,0.2399,0.2399,70728.0
2023-10-30 23:45:00,0.24,0.2413,0.2397,0.2412,201151.0
2023-10-31 00:00:00,0.2412,0.2424,0.2407,0.2416,364733.0
2023-10-31 00:15:00,0.2419,0.2425,0.2413,0.2423,173393.0
2023-10-31 00:30:00,0.2424,0.245,0.2416,0.2444,248340.0
2023-10-31 00:45:00,0.2449,0.2466,0.2433,0.2447,678606.0
2023-10-31 01:00:00,0.2447,0.2453,0.2429,0.243,184776.0
2023-10-31 01:15:00,0.2432,0.2444,0.243,0.2444,61153.0
2023-10-31 01:30:00,0.2444,0.245,0.2438,0.2447,49500.0
2023-10-31 01:45:00,0.2446,0.2458,0.2444,0.2447,206897.0
2023-10-31 02:00:00,0.245,0.2463,0.2449,0.2451,246757.0
2023-10-31 02:15:00,0.2452,0.2453,0.2441,0.2446,126640.0
2023-10-31 02:30:00,0.2446,0.2446,0.2423,0.2423,248006.0
2023-10-31 02:45:00,0.2423,0.2432,0.2401,0.2432,556850.0
2023-10-31 03:00:00,0.2431,0.2434,0.2417,0.2422,122339.0
2023-10-31 03:15:00,0.2419,0.243,0.2416,0.2427,113874.0
2023-10-31 03:30:00,0.2429,0.243,0.2409,0.2409,91910.0
2023-10-31 03:45:00,0.241,0.2418,0.2406,0.2407,47775.0
2023-10-31 04:00:00,0.2412,0.2422,0.2388,0.2409,810544.0
2023-10-31 04:15:00,0.2409,0.2423,0.2409,0.242,168583.0
2023-10-31 04:30:00,0.242,0.2431,0.2416,0.242,194098.0
2023-10-31 04:45:00,0.242,0.2422,0.2416,0.2422,82750.0
2023-10-31 05:00:00,0.2422,0.2422,0.2403,0.2405,80026.0
2023-10-31 05:15:00,0.2406,0.2418,0.2402,0.2417,56032.0
2023-10-31 05:30:00,0.2416,0.2425,0.2416,0.2418,61466.0
2023-10-31 05:45:00,0.2419,0.2429,0.2414,0.2418,244013.0
2023-10-31 06:00:00,0.2417,0.243,0.241,0.2426,112930.0
2023-10-31 06:15:00,0.2426,0.243,0.2415,0.2422,167899.0
2023-10-31 06:30:00,0.2422,0.2423,0.2401,0.2416,236520.0
2023-10-31 06:45:00,0.2416,0.2417,0.2401,0.2402,80502.0
2023-10-31 07:00:00,0.2403,0.2412,0.24,0.2406,99670.0
2023-10-31 07:15:00,0.2405,0.2411,0.2378,0.2382,390272.0
2023-10-31 07:30:00,0.2382,0.2391,0.2365,0.2385,347300.0
2023-10-31 07:45:00,0.2386,0.2386,0.236,0.2369,216283.0
2023-10-31 08:00:00,0.2369,0.2383,0.2334,0.2382,664100.0
2023-10-31 08:15:00,0.2379,0.2393,0.2377,0.2391,123857.0
2023-10-31 08:30:00,0.2392,0.2399,0.239,0.2395,108385.0
2023-10-31 08:45:00,0.2398,0.2408,0.2398,0.2403,73628.0
2023-10-31 09:00:00,0.2405,0.2439,0.2404,0.2426,1022857.0
2023-10-31 09:15:00,0.2424,0.2426,0.2402,0.2405,321985.0
2023-10-31 09:30:00,0.2407,0.2419,0.2401,0.2406,442226.0
2023-10-31 09:45:00,0.2406,0.2419,0.2402,0.2418,69346.0
2023-10-31 10:00:00,0.2417,0.2427,0.2415,0.2422,282149.0
2023-10-31 10:15:00,0.242,0.2432,0.2414,0.2429,361459.0
2023-10-31 10:30:00,0.2424,0.2431,0.2418,0.2424,137477.0
2023-10-31 10:45:00,0.2424,0.244,0.2424,0.2427,275398.0
2023-10-31 11:00:00,0.2428,0.2433,0.2414,0.2421,184014.0
2023-10-31 11:15:00,0.2423,0.2437,0.2419,0.2431,97411.0
2023-10-31 11:30:00,0.2432,0.2453,0.243,0.2449,295530.0
2023-10-31 11:45:00,0.245,0.2464,0.2436,0.2441,663010.0
2023-10-31 12:00:00,0.2446,0.2456,0.2442,0.2444,108730.0
2023-10-31 12:15:00,0.2445,0.2448,0.2412,0.2415,254483.0
2023-10-31 12:30:00,0.2414,0.2428,0.2405,0.2406,417084.0
2023-10-31 12:45:00,0.2408,0.241,0.2382,0.2395,664932.0
2023-10-31 13:00:00,0.2393,0.2411,0.2388,0.2396,268291.0
2023-10-31 13:15:00,0.2392,0.2409,0.2392,0.2395,308996.0
2023-10-31 13:30:00,0.2396,0.2398,0.2366,0.2366,827675.0
2023-10-31 13:45:00,0.2366,0.2376,0.2336,0.2363,646072.0
2023-10-31 14:00:00,0.236,0.2372,0.2334,0.2371,642540.0
2023-10-31 14:15:00,0.2372,0.2377,0.2361,0.2361,297737.0
2023-10-31 14:30:00,0.2363,0.2365,0.2343,0.2358,319720.0
2023-10-31 14:45:00,0.236,0.2365,0.2349,0.2356,193730.0
2023-10-31 15:00:00,0.2356,0.2364,0.2248,0.23,1529736.0
2023-10-31 15:15:00,0.23,0.2304,0.224,0.2267,1350143.0
2023-10-31 15:30:00,0.2265,0.2288,0.2245,0.2254,732033.0
2023-10-31 15:45:00,0.2254,0.2277,0.2254,0.2268,276940.0
2023-10-31 16:00:00,0.227,0.2292,0.2254,0.228,462367.0
2023-10-31 16:15:00,0.2281,0.2308,0.2281,0.2298,567698.0
2023-10-31 16:30:00,0.2298,0.2323,0.2287,0.2315,440471.0
2023-10-31 16:45:00,0.2314,0.2314,0.2296,0.2299,230522.0
2023-10-31 17:00:00,0.23,0.2313,0.2295,0.231,306397.0
2023-10-31 17:15:00,0.231,0.2316,0.2294,0.2302,188859.0
2023-10-31 17:30:00,0.2302,0.2302,0.2291,0.2298,245034.0
2023-10-31 17:45:00,0.2299,0.2309,0.2293,0.2298,59395.0
2023-10-31 18:00:00,0.2298,0.2302,0.2291,0.2293,313368.0
2023-10-31 18:15:00,0.2291,0.2295,0.2284,0.2286,203961.0
2023-10-31 18:30:00,0.2285,0.2306,0.2284,0.2299,223063.0
2023-10-31 18:45:00,0.2298,0.2311,0.2288,0.2309,160305.0
2023-10-31 19:00:00,0.2311,0.2326,0.2308,0.2319,491803.0
2023-10-31 19:15:00,0.232,0.232,0.2306,0.2316,69485.0
2023-10-31 19:30:00,0.2315,0.2315,0.2297,0.23,130607.0
2023-10-31 19:45:00,0.23,0.2306,0.2293,0.2306,171329.0
2023-10-31 20:00:00,0.2302,0.2313,0.2297,0.2306,180846.0
2023-10-31 20:15:00,0.2306,0.2317,0.2303,0.2309,93547.0
2023-10-31 20:30:00,0.2308,0.2318,0.2306,0.2316,82517.0
2023-10-31 20:45:00,0.2316,0.2333,0.2314,0.2326,286476.0
2023-10-31 21:00:00,0.2324,0.2327,0.2313,0.2318,528376.0
2023-10-31 21:15:00,0.2317,0.2328,0.2314,0.2322,464973.0
2023-10-31 21:30:00,0.2322,0.2324,0.2315,0.2324,578844.0
2023-10-31 21:45:00,0.2321,0.2321,0.2308,0.2315,248115.0
2023-10-31 22:00:00,0.2314,0.2325,0.2314,0.2319,261121.0
2023-10-31 22:15:00,0.2321,0.2324,0.2317,0.2323,378085.0
2023-10-31 22:30:00,0.2325,0.2334,0.2318,0.2329,187703.0
2023-10-31 22:45:00,0.2328,0.233,0.232,0.2323,364213.0
2023-10-31 23:00:00,0.2323,0.2327,0.2315,0.2315,73707.0
2023-10-31 23:15:00,0.2315,0.2322,0.2312,0.2321,66236.0
2023-10-31 23:30:00,0.2323,0.233,0.232,0.2329,192763.0
2023-10-31 23:45:00,0.2329,0.2343,0.2329,0.2338,258578.0
2023-11-01 00:00:00,0.2337,0.2339,0.2322,0.2327,254122.0
2023-11-01 00:15:00,0.2327,0.2337,0.2323,0.2329,52706.0
2023-11-01 00:30:00,0.2329,0.2352,0.2329,0.2344,206280.0
2023-11-01 00:45:00,0.2348,0.2352,0.2343,0.2345,135005.0
2023-11-01 01:00:00,0.2346,0.2351,0.234,0.2344,91308.0
2023-11-01 01:15:00,0.2344,0.2345,0.2333,0.2345,208130.0
2023-11-01 01:30:00,0.2346,0.2354,0.2341,0.2343,55258.0
2023-11-01 01:45:00,0.2342,0.2348,0.2323,0.2325,290136.0
2023-11-01 02:00:00,0.2325,0.2331,0.2314,0.2331,196582.0
2023-11-01 02:15:00,0.2331,0.2335,0.2324,0.2325,142703.0
2023-11-01 02:30:00,0.2325,0.2335,0.2317,0.2317,90541.0
2023-11-01 02:45:00,0.2318,0.2322,0.231,0.2312,49328.0
2023-11-01 03:00:00,0.2312,0.2317,0.2293,0.2297,123970.0
2023-11-01 03:15:00,0.2297,0.2299,0.2287,0.2291,151268.0
2023-11-01 03:30:00,0.2289,0.2298,0.2279,0.2296,164139.0
2023-11-01 03:45:00,0.2295,0.2299,0.2288,0.2295,64539.0
2023-11-01 04:00:00,0.2293,0.2294,0.2276,0.2289,171988.0
2023-11-01 04:15:00,0.2289,0.2302,0.2289,0.2297,73717.0
2023-11-01 04:30:00,0.2295,0.2299,0.2292,0.2298,44069.0
2023-11-01 04:45:00,0.2298,0.2301,0.229,0.2294,53640.0
2023-11-01 05:00:00,0.2294,0.2297,0.2269,0.2272,205948.0
2023-11-01 05:15:00,0.227,0.2273,0.2264,0.2269,207833.0
2023-11-01 05:30:00,0.2269,0.2269,0.224,0.2244,594435.0
2023-11-01 05:45:00,0.2244,0.226,0.2231,0.2238,557140.0
2023-11-01 06:00:00,0.2238,0.2253,0.2223,0.2253,473171.0
2023-11-01 06:15:00,0.2254,0.2261,0.225,0.2256,71418.0
2023-11-01 06:30:00,0.2256,0.2267,0.2255,0.2266,148456.0
2023-11-01 06:45:00,0.2265,0.2268,0.226,0.2264,91921.0
2023-11-01 07:00:00,0.2263,0.2271,0.2254,0.227,134947.0
2023-11-01 07:15:00,0.227,0.2273,0.2258,0.2258,214219.0
2023-11-01 07:30:00,0.2256,0.2267,0.2252,0.2267,86695.0
2023-11-01 07:45:00,0.2265,0.2272,0.2262,0.2265,277944.0
2023-11-01 08:00:00,0.2265,0.227,0.2262,0.227,79052.0
2023-11-01 08:15:00,0.2268,0.2274,0.2262,0.2271,203393.0
2023-11-01 08:30:00,0.2271,0.2271,0.2248,0.2254,476374.0
2023-11-01 08:45:00,0.2253,0.2254,0.224,0.2244,202965.0
2023-11-01 09:00:00,0.2244,0.2247,0.2237,0.2247,79131.0
2023-11-01 09:15:00,0.2247,0.2247,0.2234,0.2245,98115.0
2023-11-01 09:30:00,0.2245,0.2259,0.2238,0.2251,141716.0
2023-11-01 09:45:00,0.2248,0.2257,0.2242,0.2255,133941.0
2023-11-01 10:00:00,0.2255,0.2255,0.224,0.2247,46850.0
2023-11-01 10:15:00,0.2247,0.2248,0.2232,0.2233,118035.0
2023-11-01 10:30:00,0.2231,0.2234,0.2225,0.2225,129704.0
2023-11-01 10:45:00,0.2225,0.2226,0.2185,0.2195,963590.0
2023-11-01 11:00:00,0.2195,0.2222,0.2195,0.2212,406013.0
2023-11-01 11:15:00,0.2213,0.2219,0.2201,0.2218,214197.0
2023-11-01 11:30:00,0.2214,0.2236,0.2214,0.2233,162232.0
2023-11-01 11:45:00,0.2232,0.2237,0.2226,0.2234,104159.0
2023-11-01 12:00:00,0.2233,0.2239,0.2224,0.2225,281779.0
2023-11-01 12:15:00,0.2226,0.2226,0.2212,0.2215,59000.0
2023-11-01 12:30:00,0.2217,0.2238,0.2211,0.2236,190511.0
2023-11-01 12:45:00,0.2237,0.228,0.2237,0.2266,640244.0
2023-11-01 13:00:00,0.2267,0.2279,0.226,0.2275,260131.0
2023-11-01 13:15:00,0.2276,0.2299,0.225,0.2259,557367.0
2023-11-01 13:30:00,0.2263,0.2266,0.2235,0.2248,576078.0
2023-11-01 13:45:00,0.2247,0.2248,0.2227,0.2247,173923.0
2023-11-01 14:00:00,0.2248,0.2255,0.2225,0.2237,193050.0
2023-11-01 14:15:00,0.2239,0.2246,0.2232,0.2246,154197.0
2023-11-01 14:30:00,0.2246,0.2257,0.2238,0.2249,296112.0
2023-11-01 14:45:00,0.2251,0.2251,0.219,0.2205,701063.0
2023-11-01 15:00:00,0.2204,0.2218,0.22,0.2202,460974.0
2023-11-01 15:15:00,0.2201,0.2212,0.22,0.2201,259798.0
2023-11-01 15:30:00,0.22,0.2214,0.2195,0.2205,231535.0
2023-11-01 15:45:00,0.2205,0.222,0.2198,0.2215,132993.0
2023-11-01 16:00:00,0.2215,0.2221,0.2207,0.2212,93327.0
2023-11-01 16:15:00,0.2213,0.2224,0.2208,0.2224,245856.0
2023-11-01 16:30:00,0.2223,0.2237,0.2221,0.2229,160330.0
2023-11-01 16:45:00,0.223,0.223,0.2222,0.2222,102996.0
2023-11-01 17:00:00,0.2222,0.2229,0.222,0.2228,176421.0
2023-11-01 17:15:00,0.2228,0.223,0.2218,0.222,341196.0
2023-11-01 17:30:00,0.222,0.2228,0.2214,0.2226,211012.0
2023-11-01 17:45:00,0.2225,0.2242,0.2221,0.224,318629.0
2023-11-01 18:00:00,0.2241,0.2274,0.2236,0.2268,618254.0
2023-11-01 18:15:00,0.2267,0.2285,0.226,0.2278,490207.0
2023-11-01 18:30:00,0.2277,0.23,0.227,0.2274,810959.0
2023-11-01 18:45:00,0.2281,0.2293,0.2268,0.2291,137193.0
2023-11-01 19:00:00,0.2291,0.2309,0.2291,0.2292,184369.0
2023-11-01 19:15:00,0.2294,0.2323,0.229,0.2319,319950.0
2023-11-01 19:30:00,0.2319,0.2325,0.2288,0.2295,293420.0
2023-11-01 19:45:00,0.2294,0.2306,0.2284,0.2297,195748.0
2023-11-01 20:00:00,0.23,0.2326,0.23,0.232,198194.0
2023-11-01 20:15:00,0.232,0.2328,0.2317,0.2327,266628.0
2023-11-01 20:30:00,0.2327,0.2353,0.2327,0.235,518732.0
2023-11-01 20:45:00,0.2352,0.2359,0.2331,0.2355,392912.0
2023-11-01 21:00:00,0.2355,0.2366,0.2342,0.2365,494521.0
2023-11-01 21:15:00,0.2365,0.2372,0.2349,0.2357,268775.0
2023-11-01 21:30:00,0.236,0.2377,0.2357,0.2365,176826.0
2023-11-01 21:45:00,0.2367,0.2372,0.2356,0.2371,304908.0
2023-11-01 22:00:00,0.2371,0.2376,0.236,0.2362,162353.0
2023-11-01 22:15:00,0.2365,0.2366,0.2352,0.2356,186387.0
2023-11-01 22:30:00,0.2356,0.2358,0.2343,0.235,177531.0
2023-11-01 22:45:00,0.2351,0.2356,0.2345,0.2351,270948.0
2023-11-01 23:00:00,0.2351,0.2359,0.2346,0.2358,198658.0
2023-11-01 23:15:00,0.2359,0.2368,0.2347,0.2366,107823.0
2023-11-01 23:30:00,0.2368,0.238,0.2362,0.2376,335253.0
2023-11-01 23:45:00,0.2378,0.2382,0.2366,0.2371,111613.0
2023-11-02 00:00:00,0.2372,0.2384,0.2349,0.2365,209218.0
2023-11-02 00:15:00,0.2365,0.2377,0.2359,0.2374,96240.0
2023-11-02 00:30:00,0.2375,0.2375,0.2341,0.2349,185214.0
2023-11-02 00:45:00,0.2347,0.2368,0.2347,0.2364,75306.0
2023-11-02 01:00:00,0.2368,0.2395,0.2368,0.2393,315579.0
2023-11-02 01:15:00,0.2394,0.2413,0.2376,0.2412,1311109.0
2023-11-02 01:30:00,0.2412,0.2412,0.2378,0.2398,351616.0
2023-11-02 01:45:00,0.2399,0.2402,0.2381,0.2394,181213.0
2023-11-02 02:00:00,0.2392,0.24,0.2377,0.2387,183128.0
2023-11-02 02:15:00,0.2387,0.2404,0.2387,0.2398,244692.0
2023-11-02 02:30:00,0.2398,0.241,0.2396,0.2406,282649.0
2023-11-02 02:45:00,0.2408,0.2424,0.2406,0.2411,417851.0
2023-11-02 03:00:00,0.2412,0.2425,0.24,0.2424,199439.0
2023-11-02 03:15:00,0.2423,0.2428,0.2415,0.2418,128602.0
2023-11-02 03:30:00,0.2418,0.2438,0.2416,0.2428,323111.0
2023-11-02 03:45:00,0.2427,0.2431,0.2417,0.2427,200816.0
2023-11-02 04:00:00,0.2427,0.2429,0.2418,0.2423,363685.0
2023-11-02 04:15:00,0.2423,0.2426,0.24,0.2403,167228.0
2023-11-02 04:30:00,0.2403,0.2412,0.2398,0.24,307430.0
2023-11-02 04:45:00,0.24,0.2406,0.2382,0.2388,314719.0
2023-11-02 05:00:00,0.2387,0.239,0.2358,0.2358,372183.0
2023-11-02 05:15:00,0.2359,0.2368,0.2343,0.235,420891.0
2023-11-02 05:30:00,0.235,0.2366,0.2343,0.2365,278251.0
2023-11-02 05:45:00,0.2363,0.2366,0.2347,0.2348,165269.0
2023-11-02 06:00:00,0.2346,0.2364,0.2344,0.2357,139616.0
2023-11-02 06:15:00,0.2355,0.2393,0.235,0.2372,284068.0
2023-11-02 06:30:00,0.2373,0.2379,0.2364,0.2365,134580.0
2023-11-02 06:45:00,0.2365,0.2372,0.2359,0.236,158375.0
2023-11-02 07:00:00,0.2365,0.2381,0.2363,0.2381,108587.0
2023-11-02 07:15:00,0.238,0.2384,0.2371,0.2383,101233.0
2023-11-02 07:30:00,0.2384,0.2386,0.2374,0.2374,251084.0
2023-11-02 07:45:00,0.2376,0.2379,0.2367,0.2375,142922.0
2023-11-02 08:00:00,0.2374,0.2379,0.2343,0.2355,265297.0
2023-11-02 08:15:00,0.2355,0.2362,0.2351,0.2353,126019.0
2023-11-02 08:30:00,0.2351,0.2368,0.2349,0.2364,67570.0
2023-11-02 08:45:00,0.2363,0.2377,0.2363,0.2377,75508.0
2023-11-02 09:00:00,0.2377,0.238,0.2367,0.2376,172013.0
2023-11-02 09:15:00,0.2373,0.2382,0.2366,0.2376,57740.0
2023-11-02 09:30:00,0.2376,0.2385,0.237,0.2385,106561.0
2023-11-02 09:45:00,0.2385,0.2386,0.2375,0.238,153815.0
2023-11-02 10:00:00,0.2378,0.2385,0.2367,0.2378,168552.0
2023-11-02 10:15:00,0.2376,0.2386,0.2374,0.2379,103233.0
2023-11-02 10:30:00,0.2377,0.2379,0.2365,0.2374,217391.0
2023-11-02 10:45:00,0.2373,0.2374,0.2363,0.2364,77963.0
2023-11-02 11:00:00,0.2364,0.2365,0.2349,0.2356,145470.0
2023-11-02 11:15:00,0.2356,0.2369,0.2355,0.2369,122471.0
2023-11-02 11:30:00,0.2368,0.2382,0.2368,0.2377,50699.0
2023-11-02 11:45:00,0.2378,0.238,0.237,0.2375,163943.0
2023-11-02 12:00:00,0.2376,0.238,0.2368,0.2378,53005.0
2023-11-02 12:15:00,0.2378,0.2378,0.2364,0.2364,86569.0
2023-11-02 12:30:00,0.2364,0.2378,0.2364,0.2375,189462.0
2023-11-02 12:45:00,0.2375,0.2386,0.2371,0.2371,137229.0
2023-11-02 13:00:00,0.2371,0.2377,0.2315,0.2326,729787.0
2023-11-02 13:15:00,0.2328,0.2345,0.2324,0.2335,195595.0
2023-11-02 13:30:00,0.2335,0.2354,0.2292,0.2317,350849.0
2023-11-02 13:45:00,0.2321,0.2338,0.2311,0.2318,262915.0
2023-11-02 14:00:00,0.2321,0.2331,0.2299,0.2314,255138.0
2023-11-02 14:15:00,0.2314,0.2325,0.2302,0.2306,231410.0
2023-11-02 14:30:00,0.2306,0.2307,0.228,0.2297,510104.0
2023-11-02 14:45:00,0.2297,0.2315,0.2289,0.2306,154766.0
2023-11-02 15:00:00,0.2304,0.2306,0.2265,0.2272,590584.0
2023-11-02 15:15:00,0.2272,0.2282,0.2254,0.2265,409291.0
2023-11-02 15:30:00,0.2264,0.2284,0.2252,0.2283,405901.0
2023-11-02 15:45:00,0.2283,0.2288,0.226,0.226,176638.0
2023-11-02 16:00:00,0.226,0.2276,0.2255,0.2267,210512.0
2023-11-02 16:15:00,0.2268,0.2269,0.2233,0.2238,566032.0
2023-11-02 16:30:00,0.2237,0.2262,0.2221,0.2258,455318.0
2023-11-02 16:45:00,0.2257,0.2265,0.2253,0.2263,147020.0
2023-11-02 17:00:00,0.226,0.2268,0.2255,0.2255,106122.0
2023-11-02 17:15:00,0.2255,0.2269,0.2247,0.2259,106086.0
2023-11-02 17:30:00,0.2261,0.2277,0.2261,0.2276,135268.0
2023-11-02 17:45:00,0.2275,0.2288,0.2273,0.2287,227137.0
2023-11-02 18:00:00,0.2288,0.2288,0.2272,0.2284,153186.0
2023-11-02 18:15:00,0.2284,0.2289,0.2276,0.2287,277646.0
2023-11-02 18:30:00,0.2285,0.2288,0.228,0.2285,75242.0
2023-11-02 18:45:00,0.2285,0.2285,0.2274,0.2276,82137.0
2023-11-02 19:00:00,0.2274,0.2284,0.2271,0.2284,72510.0
2023-11-02 19:15:00,0.2282,0.2291,0.2278,0.2289,68126.0
2023-11-02 19:30:00,0.2287,0.2293,0.2282,0.2287,58431.0
2023-11-02 19:45:00,0.229,0.2295,0.2282,0.2295,50572.0
2023-11-02 20:00:00,0.2294,0.2298,0.2286,0.2295,134004.0
2023-11-02 20:15:00,0.2294,0.2295,0.2278,0.228,55391.0
2023-11-02 20:30:00,0.2277,0.2279,0.2269,0.2271,40257.0
2023-11-02 20:45:00,0.2271,0.2283,0.2268,0.2273,41201.0
2023-11-02 21:00:00,0.2274,0.2274,0.2255,0.2264,116439.0
2023-11-02 21:15:00,0.2263,0.2269,0.2251,0.2256,90125.0
2023-11-02 21:30:00,0.2256,0.226,0.2251,0.2252,38163.0
2023-11-02 21:45:00,0.2252,0.2273,0.2252,0.2273,317741.0
2023-11-02 22:00:00,0.2273,0.2273,0.2256,0.2256,28684.0
2023-11-02 22:15:00,0.2257,0.2267,0.2255,0.2261,27293.0
2023-11-02 22:30:00,0.2259,0.2265,0.225,0.225,179480.0
2023-11-02 22:45:00,0.2256,0.2258,0.2252,0.2256,30551.0
2023-11-02 23:00:00,0.2255,0.226,0.225,0.2254,182652.0
2023-11-02 23:15:00,0.2256,0.2265,0.2256,0.2265,38678.0
2023-11-02 23:30:00,0.2265,0.2268,0.2254,0.2262,71496.0
2023-11-02 23:45:00,0.2264,0.2273,0.2257,0.2266,131473.0
2023-11-03 00:00:00,0.2266,0.2266,0.2246,0.2253,291965.0
2023-11-03 00:15:00,0.2257,0.2258,0.2226,0.223,594566.0
2023-11-03 00:30:00,0.223,0.2239,0.2228,0.2235,229630.0
2023-11-03 00:45:00,0.2235,0.2238,0.221,0.2219,468059.0
2023-11-03 01:00:00,0.2219,0.2222,0.2204,0.2206,398671.0
2023-11-03 01:15:00,0.2206,0.2207,0.2156,0.2188,1563200.0
2023-11-03 01:30:00,0.219,0.2202,0.2177,0.2184,208724.0
2023-11-03 01:45:00,0.2182,0.2196,0.217,0.2194,273195.0
2023-11-03 02:00:00,0.2193,0.2206,0.2184,0.2199,236556.0
2023-11-03 02:15:00,0.22,0.2203,0.2196,0.2201,153565.0
2023-11-03 02:30:00,0.2202,0.2204,0.2181,0.219,309425.0
2023-11-03 02:45:00,0.2192,0.2196,0.219,0.2196,50101.0
2023-11-03 03:00:00,0.2196,0.22,0.2189,0.2194,200149.0
2023-11-03 03:15:00,0.2195,0.22,0.2192,0.2192,44520.0
2023-11-03 03:30:00,0.2192,0.22,0.2192,0.22,62305.0
2023-11-03 03:45:00,0.2199,0.2208,0.2196,0.22,131483.0
2023-11-03 04:00:00,0.22,0.2203,0.2189,0.2196,190271.0
2023-11-03 04:15:00,0.2194,0.2196,0.2188,0.2193,141455.0
2023-11-03 04:30:00,0.2193,0.2193,0.218,0.218,138504.0
2023-11-03 04:45:00,0.218,0.2189,0.2173,0.2183,204172.0
2023-11-03 05:00:00,0.2187,0.2195,0.2179,0.219,143018.0
2023-11-03 05:15:00,0.2191,0.2198,0.2188,0.2198,98373.0
2023-11-03 05:30:00,0.2198,0.2206,0.2197,0.2198,307938.0
2023-11-03 05:45:00,0.22,0.2219,0.2198,0.2218,159651.0
2023-11-03 06:00:00,0.2218,0.2225,0.2215,0.2222,144731.0
2023-11-03 06:15:00,0.2221,0.2221,0.2211,0.222,61845.0
2023-11-03 06:30:00,0.222,0.222,0.2208,0.2215,84589.0
2023-11-03 06:45:00,0.2213,0.2213,0.22,0.2206,137636.0
2023-11-03 07:00:00,0.2204,0.2212,0.2197,0.2205,92933.0
2023-11-03 07:15:00,0.2205,0.2205,0.22,0.2201,126195.0
2023-11-03 07:30:00,0.2201,0.2207,0.2193,0.2193,50409.0
2023-11-03 07:45:00,0.2191,0.2208,0.2191,0.2206,401423.0
2023-11-03 08:00:00,0.2205,0.2215,0.2196,0.2214,152995.0
2023-11-03 08:15:00,0.2213,0.2217,0.2204,0.2217,267536.0
2023-11-03 08:30:00,0.2215,0.2217,0.22,0.2201,183231.0
2023-11-03 08:45:00,0.2202,0.2207,0.2185,0.2206,165464.0
2023-11-03 09:00:00,0.2202,0.2203,0.2192,0.2192,92747.0
2023-11-03 09:15:00,0.2196,0.2204,0.219,0.2204,278797.0
2023-11-03 09:30:00,0.2204,0.2205,0.2192,0.2193,175339.0
2023-11-03 09:45:00,0.2193,0.2198,0.217,0.2173,482515.0
2023-11-03 10:00:00,0.2173,0.2173,0.2161,0.2162,135952.0
2023-11-03 10:15:00,0.2162,0.2176,0.216,0.2169,518134.0
2023-11-03 10:30:00,0.2166,0.2178,0.2161,0.2176,198028.0
2023-11-03 10:45:00,0.2176,0.2181,0.2172,0.2179,73763.0
2023-11-03 11:00:00,0.2181,0.2189,0.2172,0.2183,346603.0
2023-11-03 11:15:00,0.2183,0.2186,0.2175,0.2178,88088.0
2023-11-03 11:30:00,0.2179,0.2185,0.2175,0.2185,107074.0
2023-11-03 11:45:00,0.2186,0.2188,0.2179,0.2184,40319.0
2023-11-03 12:00:00,0.2184,0.2184,0.2163,0.2167,98387.0
2023-11-03 12:15:00,0.2169,0.2183,0.2164,0.2183,78005.0
2023-11-03 12:30:00,0.2183,0.2198,0.2183,0.2186,598917.0
2023-11-03 12:45:00,0.2187,0.2199,0.2187,0.2189,156423.0
2023-11-03 13:00:00,0.2189,0.2195,0.2183,0.2186,146752.0
2023-11-03 13:15:00,0.2183,0.2189,0.2175,0.2177,142175.0
2023-11-03 13:30:00,0.2175,0.2181,0.2171,0.2179,201318.0
2023-11-03 13:45:00,0.2177,0.221,0.2175,0.2207,251281.0
2023-11-03 14:00:00,0.2207,0.2208,0.2196,0.2197,163535.0
2023-11-03 14:15:00,0.2197,0.2219,0.2194,0.2218,199635.0
2023-11-03 14:30:00,0.2215,0.222,0.2201,0.2213,430960.0
2023-11-03 14:45:00,0.2213,0.2218,0.2207,0.2211,181811.0
2023-11-03 15:00:00,0.2213,0.2215,0.2202,0.2213,142010.0
2023-11-03 15:15:00,0.2213,0.2223,0.221,0.2217,128719.0
2023-11-03 15:30:00,0.2218,0.2228,0.2213,0.2226,124370.0
2023-11-03 15:45:00,0.2226,0.2238,0.2224,0.2237,328349.0
2023-11-03 16:00:00,0.2236,0.2244,0.2226,0.2236,276527.0
2023-11-03 16:15:00,0.2235,0.2235,0.2222,0.2226,104466.0
2023-11-03 16:30:00,0.2226,0.2228,0.2211,0.2215,187296.0
2023-11-03 16:45:00,0.2214,0.2217,0.2202,0.2217,113797.0
2023-11-03 17:00:00,0.2216,0.2219,0.2206,0.2206,17967.0
2023-11-03 17:15:00,0.2211,0.2213,0.2201,0.2204,148235.0
2023-11-03 17:30:00,0.2203,0.2203,0.2188,0.2195,275508.0
2023-11-03 17:45:00,0.2197,0.2206,0.219,0.2203,88030.0
2023-11-03 18:00:00,0.2201,0.2208,0.22,0.2204,13567.0
2023-11-03 18:15:00,0.2204,0.2218,0.2198,0.2217,129646.0
2023-11-03 18:30:00,0.2217,0.2223,0.221,0.2214,83600.0
2023-11-03 18:45:00,0.2214,0.222,0.221,0.2212,94140.0
2023-11-03 19:00:00,0.2212,0.222,0.2208,0.2208,79937.0
2023-11-03 19:15:00,0.2206,0.2214,0.2204,0.2211,38309.0
2023-11-03 19:30:00,0.2211,0.2213,0.2208,0.2211,13828.0
2023-11-03 19:45:00,0.2212,0.222,0.2208,0.2218,38125.0
2023-11-03 20:00:00,0.2217,0.2223,0.2211,0.2221,48718.0
2023-11-03 20:15:00,0.2221,0.2226,0.2219,0.2224,83609.0
2023-11-03 20:30:00,0.2223,0.2233,0.222,0.2232,179876.0
2023-11-03 20:45:00,0.223,0.2239,0.2227,0.2228,149346.0
2023-11-03 21:00:00,0.2232,0.2238,0.2228,0.2229,22714.0
2023-11-03 21:15:00,0.223,0.2241,0.223,0.2239,23075.0
2023-11-03 21:30:00,0.224,0.2243,0.2236,0.2242,41116.0
2023-11-03 21:45:00,0.2241,0.2243,0.2238,0.2241,21978.0
2023-11-03 22:00:00,0.2239,0.2243,0.223,0.2232,421293.0
2023-11-03 22:15:00,0.2232,0.2237,0.2225,0.223,55709.0
2023-11-03 22:30:00,0.2233,0.2238,0.2231,0.2238,21656.0
2023-11-03 22:45:00,0.2237,0.224,0.2236,0.224,25808.0
2023-11-03 23:00:00,0.224,0.2243,0.2229,0.2234,156048.0
2023-11-03 23:15:00,0.2234,0.2234,0.2228,0.2233,69095.0
2023-11-03 23:30:00,0.2235,0.2243,0.2233,0.2243,115491.0
2023-11-03 23:45:00,0.2243,0.2254,0.2242,0.2244,103384.0
2023-11-04 00:00:00,0.2246,0.2249,0.2235,0.224,230074.0
2023-11-04 00:15:00,0.2241,0.2245,0.2231,0.2238,106989.0
2023-11-04 00:30:00,0.2237,0.2241,0.2225,0.2233,80130.0
2023-11-04 00:45:00,0.2234,0.2239,0.2225,0.2236,62218.0
2023-11-04 01:00:00,0.2236,0.2244,0.2232,0.2243,74211.0
2023-11-04 01:15:00,0.2243,0.2247,0.2237,0.2239,233430.0
2023-11-04 01:30:00,0.2242,0.2242,0.2229,0.2239,171216.0
2023-11-04 01:45:00,0.2239,0.2245,0.223,0.2242,242110.0
2023-11-04 02:00:00,0.2243,0.2248,0.2242,0.2248,76799.0
2023-11-04 02:15:00,0.2249,0.2253,0.2246,0.2247,75661.0
2023-11-04 02:30:00,0.2245,0.225,0.224,0.2246,22502.0
2023-11-04 02:45:00,0.2246,0.2252,0.224,0.2245,141758.0
2023-11-04 03:00:00,0.2245,0.2245,0.2235,0.2235,51349.0
2023-11-04 03:15:00,0.2235,0.2238,0.2232,0.2234,10066.0
2023-11-04 03:30:00,0.2235,0.2243,0.2233,0.2238,74854.0
2023-11-04 03:45:00,0.224,0.225,0.224,0.2249,147650.0
2023-11-04 04:00:00,0.2249,0.2249,0.2241,0.2242,164687.0
2023-11-04 04:15:00,0.2242,0.2246,0.2237,0.2246,69309.0
2023-11-04 04:30:00,0.2243,0.2243,0.2233,0.2233,37365.0
2023-11-04 04:45:00,0.2233,0.2239,0.2233,0.2238,31006.0
2023-11-04 05:00:00,0.2236,0.2236,0.2214,0.2223,257904.0
2023-11-04 05:15:00,0.2224,0.2226,0.222,0.2225,188530.0
2023-11-04 05:30:00,0.2225,0.2243,0.2223,0.2243,72003.0
2023-11-04 05:45:00,0.2242,0.2244,0.2236,0.2244,28510.0
2023-11-04 06:00:00,0.2245,0.2256,0.2244,0.2253,226963.0
2023-11-04 06:15:00,0.2255,0.2262,0.225,0.2259,156958.0
2023-11-04 06:30:00,0.226,0.2266,0.2252,0.2265,190106.0
2023-11-04 06:45:00,0.2265,0.2274,0.2265,0.2266,232564.0
2023-11-04 07:00:00,0.2268,0.2283,0.2268,0.2281,158315.0
2023-11-04 07:15:00,0.228,0.2282,0.2269,0.2281,547599.0
2023-11-04 07:30:00,0.2281,0.2282,0.2269,0.2282,187348.0
2023-11-04 07:45:00,0.2282,0.2282,0.2256,0.2257,387983.0
2023-11-04 08:00:00,0.2257,0.2259,0.2241,0.2255,452613.0
2023-11-04 08:15:00,0.2255,0.2275,0.2255,0.2259,612038.0
2023-11-04 08:30:00,0.2259,0.2269,0.2257,0.2267,111539.0
2023-11-04 08:45:00,0.2266,0.2269,0.2261,0.2266,266011.0
2023-11-04 09:00:00,0.2268,0.2275,0.2268,0.2271,75065.0
2023-11-04 09:15:00,0.2272,0.2274,0.2262,0.2264,631322.0
2023-11-04 09:30:00,0.2263,0.2266,0.2259,0.2261,167594.0
2023-11-04 09:45:00,0.2261,0.2262,0.2253,0.2255,225031.0
2023-11-04 10:00:00,0.2255,0.2259,0.2248,0.2259,165799.0
2023-11-04 10:15:00,0.2256,0.2265,0.2256,0.2262,269007.0
2023-11-04 10:30:00,0.2263,0.2267,0.2262,0.2263,94472.0
2023-11-04 10:45:00,0.2266,0.2267,0.2258,0.2261,223922.0
2023-11-04 11:00:00,0.226,0.2269,0.2257,0.2267,142333.0
2023-11-04 11:15:00,0.2265,0.2273,0.2264,0.2272,150063.0
2023-11-04 11:30:00,0.2273,0.2303,0.2273,0.2298,724996.0
2023-11-04 11:45:00,0.2298,0.2298,0.2285,0.2288,341195.0
2023-11-04 12:00:00,0.2287,0.2288,0.2265,0.2275,550687.0
2023-11-04 12:15:00,0.2274,0.2282,0.227,0.2282,377184.0
2023-11-04 12:30:00,0.2282,0.229,0.228,0.2289,239001.0
2023-11-04 12:45:00,0.2289,0.2295,0.2286,0.2293,124211.0
2023-11-04 13:00:00,0.2292,0.2292,0.2285,0.229,142779.0
2023-11-04 13:15:00,0.229,0.2293,0.2269,0.2278,303002.0
2023-11-04 13:30:00,0.2278,0.228,0.2269,0.2274,96878.0
2023-11-04 13:45:00,0.2273,0.2279,0.2253,0.2264,296024.0
2023-11-04 14:00:00,0.2265,0.2268,0.2256,0.2257,208144.0
2023-11-04 14:15:00,0.2256,0.2262,0.2246,0.225,383351.0
2023-11-04 14:30:00,0.225,0.2262,0.2236,0.2253,1108447.0
2023-11-04 14:45:00,0.2253,0.2253,0.2243,0.2243,111705.0
2023-11-04 15:00:00,0.2245,0.2249,0.2224,0.2226,374178.0
2023-11-04 15:15:00,0.2225,0.2236,0.2214,0.2236,617945.0
2023-11-04 15:30:00,0.2235,0.2253,0.2233,0.2248,700048.0
2023-11-04 15:45:00,0.2249,0.2253,0.2241,0.2252,149675.0
2023-11-04 16:00:00,0.2252,0.2252,0.224,0.2244,111338.0
2023-11-04 16:15:00,0.2244,0.2251,0.2241,0.2251,60345.0
2023-11-04 16:30:00,0.2249,0.2257,0.2249,0.2257,133623.0
2023-11-04 16:45:00,0.2255,0.2258,0.2254,0.2256,43473.0
2023-11-04 17:00:00,0.2256,0.2265,0.2256,0.2265,60727.0
2023-11-04 17:15:00,0.226,0.2265,0.2256,0.2261,45971.0
2023-11-04 17:30:00,0.2262,0.2263,0.2254,0.2256,55007.0
2023-11-04 17:45:00,0.2255,0.2263,0.2254,0.2263,43877.0
2023-11-04 18:00:00,0.2262,0.2264,0.2255,0.226,49220.0
2023-11-04 18:15:00,0.2259,0.2259,0.2248,0.2254,41508.0
2023-11-04 18:30:00,0.2253,0.2261,0.2252,0.2261,82353.0
2023-11-04 18:45:00,0.2264,0.2273,0.2263,0.227,74128.0
2023-11-04 19:00:00,0.2269,0.2272,0.2261,0.2262,130812.0
2023-11-04 19:15:00,0.2263,0.2268,0.2262,0.2265,98325.0
2023-11-04 19:30:00,0.2265,0.2272,0.2265,0.2271,51459.0
2023-11-04 19:45:00,0.2271,0.2273,0.2268,0.2271,40114.0
2023-11-04 20:00:00,0.2271,0.2282,0.2258,0.2277,537214.0
2023-11-04 20:15:00,0.228,0.2281,0.2275,0.2278,84043.0
2023-11-04 20:30:00,0.2279,0.2284,0.2275,0.2278,82560.0
2023-11-04 20:45:00,0.2281,0.2283,0.228,0.2283,37385.0
2023-11-04 21:00:00,0.2283,0.2285,0.2279,0.2284,32629.0
2023-11-04 21:15:00,0.2285,0.2291,0.2285,0.2291,169303.0
2023-11-04 21:30:00,0.2292,0.2292,0.2287,0.2291,44448.0
2023-11-04 21:45:00,0.2292,0.2292,0.2282,0.229,90214.0
2023-11-04 22:00:00,0.229,0.23,0.2289,0.2296,57838.0
2023-11-04 22:15:00,0.2298,0.2308,0.2298,0.2303,87861.0
2023-11-04 22:30:00,0.2304,0.2314,0.2304,0.2313,78530.0
2023-11-04 22:45:00,0.2314,0.2326,0.2305,0.2325,180401.0
2023-11-04 23:00:00,0.2325,0.2335,0.2319,0.2322,494286.0
2023-11-04 23:15:00,0.2322,0.2325,0.231,0.2315,216351.0
2023-11-04 23:30:00,0.2318,0.232,0.2307,0.2308,56430.0
2023-11-04 23:45:00,0.2308,0.2308,0.23,0.2306,112526.0
2023-11-05 00:00:00,0.2305,0.231,0.2285,0.229,218451.0
2023-11-05 00:15:00,0.229,0.2305,0.2286,0.2301,98648.0
2023-11-05 00:30:00,0.2303,0.2326,0.2302,0.2325,197755.0
2023-11-05 00:45:00,0.2327,0.2328,0.2313,0.2327,353567.0
2023-11-05 01:00:00,0.2327,0.2346,0.2319,0.234,481554.0
2023-11-05 01:15:00,0.2339,0.2349,0.2329,0.2331,268152.0
2023-11-05 01:30:00,0.2333,0.2345,0.2331,0.2345,66018.0
2023-11-05 01:45:00,0.2345,0.2358,0.2344,0.2356,348819.0
2023-11-05 02:00:00,0.2356,0.2372,0.2345,0.2345,322885.0
2023-11-05 02:15:00,0.2346,0.2352,0.2335,0.2346,333911.0
2023-11-05 02:30:00,0.2348,0.2359,0.2345,0.2346,225634.0
2023-11-05 02:45:00,0.2346,0.2369,0.2346,0.2366,224154.0
2023-11-05 03:00:00,0.2367,0.2376,0.2355,0.2372,130178.0
2023-11-05 03:15:00,0.2371,0.2384,0.2365,0.237,279529.0
2023-11-05 03:30:00,0.2371,0.2389,0.2371,0.2388,253025.0
2023-11-05 03:45:00,0.2387,0.2394,0.2379,0.2386,149640.0
2023-11-05 04:00:00,0.2387,0.2399,0.2384,0.2397,272717.0
2023-11-05 04:15:00,0.2396,0.2418,0.2396,0.2407,860876.0
2023-11-05 04:30:00,0.2403,0.2405,0.238,0.2388,378992.0
2023-11-05 04:45:00,0.2388,0.239,0.2376,0.2377,157684.0
2023-11-05 05:00:00,0.2378,0.2402,0.2378,0.2401,190399.0
2023-11-05 05:15:00,0.2401,0.2405,0.2384,0.2398,379115.0
2023-11-05 05:30:00,0.2398,0.24,0.2375,0.2376,238485.0
2023-11-05 05:45:00,0.2376,0.2386,0.2376,0.2384,263672.0
2023-11-05 06:00:00,0.2385,0.24,0.2383,0.2395,350859.0
2023-11-05 06:15:00,0.2397,0.2404,0.2383,0.2383,263689.0
2023-11-05 06:30:00,0.2387,0.2388,0.2364,0.2366,352811.0
2023-11-05 06:45:00,0.2365,0.2371,0.2352,0.2367,274683.0
2023-11-05 07:00:00,0.2368,0.2381,0.2366,0.237,243003.0
2023-11-05 07:15:00,0.2367,0.2382,0.2361,0.2378,331224.0
2023-11-05 07:30:00,0.2378,0.2382,0.2371,0.2372,141478.0
2023-11-05 07:45:00,0.2371,0.2381,0.2371,0.2377,102968.0
2023-11-05 08:00:00,0.2379,0.2385,0.2361,0.2372,187156.0
2023-11-05 08:15:00,0.2371,0.2374,0.2365,0.2366,89735.0
2023-11-05 08:30:00,0.2366,0.2377,0.2355,0.2361,175354.0
2023-11-05 08:45:00,0.2362,0.2362,0.2337,0.2347,438079.0
2023-11-05 09:00:00,0.2349,0.236,0.2341,0.2359,150798.0
2023-11-05 09:15:00,0.2357,0.2363,0.2355,0.2363,56236.0
2023-11-05 09:30:00,0.2363,0.237,0.236,0.2365,98884.0
2023-11-05 09:45:00,0.2366,0.2377,0.2364,0.2365,159102.0
2023-11-05 10:00:00,0.2367,0.237,0.2365,0.2365,58069.0
2023-11-05 10:15:00,0.2366,0.2368,0.2354,0.2359,223512.0
2023-11-05 10:30:00,0.2358,0.236,0.2351,0.236,128734.0
2023-11-05 10:45:00,0.236,0.2404,0.236,0.2396,423077.0
2023-11-05 11:00:00,0.2397,0.241,0.2381,0.239,453488.0
2023-11-05 11:15:00,0.2389,0.2397,0.2384,0.2393,85559.0
2023-11-05 11:30:00,0.2392,0.2399,0.2383,0.2388,277075.0
2023-11-05 11:45:00,0.2389,0.2392,0.238,0.2387,170803.0
2023-11-05 12:00:00,0.2382,0.2399,0.2381,0.2389,206608.0
2023-11-05 12:15:00,0.2388,0.2389,0.2371,0.2375,335787.0
2023-11-05 12:30:00,0.2373,0.2383,0.2368,0.2377,161617.0
2023-11-05 12:45:00,0.2378,0.2378,0.2362,0.2367,120575.0
2023-11-05 13:00:00,0.2368,0.237,0.2354,0.2361,215831.0
2023-11-05 13:15:00,0.2362,0.2365,0.2344,0.2347,293270.0
2023-11-05 13:30:00,0.2345,0.2352,0.234,0.2343,95673.0
2023-11-05 13:45:00,0.2344,0.2346,0.2235,0.2274,1351938.0
2023-11-05 14:00:00,0.2271,0.2314,0.2271,0.23,954357.0
2023-11-05 14:15:00,0.2302,0.2318,0.23,0.2314,421250.0
2023-11-05 14:30:00,0.2315,0.2322,0.2297,0.2321,988964.0
2023-11-05 14:45:00,0.2322,0.2323,0.2306,0.2323,164740.0
2023-11-05 15:00:00,0.2321,0.2324,0.231,0.2312,104336.0
2023-11-05 15:15:00,0.2314,0.2325,0.2306,0.2321,297830.0
2023-11-05 15:30:00,0.2321,0.2328,0.2313,0.232,323310.0
2023-11-05 15:45:00,0.232,0.2326,0.2309,0.2323,162360.0
2023-11-05 16:00:00,0.232,0.2332,0.2316,0.2326,399993.0
2023-11-05 16:15:00,0.2327,0.2338,0.2327,0.2338,81018.0
2023-11-05 16:30:00,0.2334,0.234,0.2333,0.2339,76095.0
2023-11-05 16:45:00,0.2339,0.2344,0.2337,0.2342,179730.0
2023-11-05 17:00:00,0.2341,0.2367,0.2335,0.2363,302293.0
2023-11-05 17:15:00,0.236,0.2361,0.2343,0.2346,250281.0
2023-11-05 17:30:00,0.2346,0.2364,0.2342,0.2362,371897.0
2023-11-05 17:45:00,0.2362,0.2365,0.2351,0.2357,396154.0
2023-11-05 18:00:00,0.2356,0.2362,0.2348,0.2359,580695.0
2023-11-05 18:15:00,0.236,0.2362,0.2349,0.2358,152628.0
2023-11-05 18:30:00,0.2359,0.2368,0.2357,0.2364,103034.0
2023-11-05 18:45:00,0.2361,0.2367,0.2358,0.236,62139.0
2023-11-05 19:00:00,0.2359,0.2364,0.2356,0.2358,289619.0
2023-11-05 19:15:00,0.2356,0.236,0.2347,0.2349,182821.0
2023-11-05 19:30:00,0.2349,0.2354,0.2345,0.2353,76793.0
2023-11-05 19:45:00,0.2355,0.2363,0.2349,0.2352,48238.0
2023-11-05 20:00:00,0.2354,0.2363,0.2353,0.2361,26481.0
2023-11-05 20:15:00,0.2359,0.2371,0.2355,0.2371,97092.0
2023-11-05 20:30:00,0.2371,0.2376,0.2366,0.2376,96446.0
2023-11-05 20:45:00,0.2375,0.2375,0.2354,0.2359,61697.0
2023-11-05 21:00:00,0.2359,0.2363,0.2348,0.2348,61663.0
2023-11-05 21:15:00,0.2351,0.2356,0.2339,0.2344,212582.0
2023-11-05 21:30:00,0.2342,0.2352,0.2341,0.2352,38583.0
2023-11-05 21:45:00,0.2351,0.2351,0.2313,0.2331,393704.0
2023-11-05 22:00:00,0.2329,0.2342,0.2329,0.233,212208.0
2023-11-05 22:15:00,0.2333,0.2347,0.2333,0.2341,116583.0
2023-11-05 22:30:00,0.2343,0.2345,0.2335,0.2341,103716.0
2023-11-05 22:45:00,0.2345,0.2364,0.2345,0.2362,113816.0
2023-11-05 23:00:00,0.236,0.2377,0.236,0.2364,396974.0
2023-11-05 23:15:00,0.2363,0.2365,0.2358,0.236,258079.0
2023-11-05 23:30:00,0.2364,0.2365,0.2358,0.2364,86394.0
2023-11-05 23:45:00,0.2364,0.2364,0.2353,0.2357,91391.0
2023-11-06 00:00:00,0.2357,0.2359,0.2346,0.2347,144326.0
2023-11-06 00:15:00,0.2347,0.2364,0.2345,0.2364,206735.0
2023-11-06 00:30:00,0.2362,0.2383,0.2362,0.2379,378011.0
2023-11-06 00:45:00,0.2382,0.2417,0.2378,0.2401,679965.0
2023-11-06 01:00:00,0.2401,0.2418,0.2394,0.2408,214229.0
2023-11-06 01:15:00,0.2409,0.2414,0.2405,0.2414,141232.0
2023-11-06 01:30:00,0.2414,0.2414,0.2375,0.239,330305.0
2023-11-06 01:45:00,0.2388,0.239,0.2372,0.2381,247352.0
2023-11-06 02:00:00,0.2379,0.2404,0.2374,0.2399,246675.0
2023-11-06 02:15:00,0.2399,0.2404,0.2393,0.2399,114862.0
2023-11-06 02:30:00,0.2398,0.24,0.2387,0.24,74901.0
2023-11-06 02:45:00,0.2399,0.2414,0.2386,0.2404,483760.0
2023-11-06 03:00:00,0.2407,0.2411,0.238,0.2384,623762.0
2023-11-06 03:15:00,0.2384,0.2384,0.2351,0.2354,1606874.0
2023-11-06 03:30:00,0.2354,0.2387,0.2354,0.2377,419731.0
2023-11-06 03:45:00,0.2377,0.2382,0.2363,0.2372,217425.0
2023-11-06 04:00:00,0.2371,0.2378,0.2361,0.2362,263452.0
2023-11-06 04:15:00,0.2363,0.2368,0.2346,0.2355,409198.0
2023-11-06 04:30:00,0.2353,0.2361,0.2336,0.234,178687.0
2023-11-06 04:45:00,0.2337,0.2351,0.2335,0.2347,276754.0
2023-11-06 05:00:00,0.2348,0.236,0.2346,0.2356,47358.0
2023-11-06 05:15:00,0.2355,0.2355,0.2316,0.2318,531638.0
2023-11-06 05:30:00,0.2319,0.2336,0.2313,0.2333,467605.0
2023-11-06 05:45:00,0.2333,0.2343,0.2327,0.2343,114136.0
2023-11-06 06:00:00,0.2344,0.2345,0.2331,0.2331,147557.0
2023-11-06 06:15:00,0.2332,0.2341,0.2327,0.2335,107033.0
2023-11-06 06:30:00,0.2334,0.2349,0.2332,0.2346,121521.0
2023-11-06 06:45:00,0.2348,0.235,0.2339,0.2339,235742.0
2023-11-06 07:00:00,0.234,0.2346,0.2337,0.2337,213588.0
2023-11-06 07:15:00,0.2336,0.235,0.2328,0.2328,196206.0
2023-11-06 07:30:00,0.2328,0.2351,0.2322,0.235,303964.0
2023-11-06 07:45:00,0.2349,0.2367,0.2349,0.2366,393972.0
2023-11-06 08:00:00,0.2366,0.237,0.2353,0.2355,194713.0
2023-11-06 08:15:00,0.2356,0.2365,0.2346,0.2363,418649.0
2023-11-06 08:30:00,0.2364,0.2364,0.2355,0.2363,151308.0
2023-11-06 08:45:00,0.2361,0.2382,0.236,0.2382,161328.0
2023-11-06 09:00:00,0.2382,0.2389,0.2377,0.2389,194754.0
2023-11-06 09:15:00,0.239,0.2392,0.2383,0.2387,82897.0
2023-11-06 09:30:00,0.2388,0.2397,0.2388,0.2396,193555.0
2023-11-06 09:45:00,0.2395,0.2399,0.2382,0.2393,207957.0
2023-11-06 10:00:00,0.2391,0.2409,0.238,0.2408,211192.0
2023-11-06 10:15:00,0.2408,0.2419,0.2404,0.2413,369505.0
2023-11-06 10:30:00,0.2413,0.2439,0.241,0.2428,817502.0
2023-11-06 10:45:00,0.243,0.2436,0.242,0.2435,417419.0
2023-11-06 11:00:00,0.2435,0.2441,0.2432,0.2434,529836.0
2023-11-06 11:15:00,0.2436,0.2442,0.2432,0.2441,285955.0
2023-11-06 11:30:00,0.2441,0.2452,0.2432,0.2437,344485.0
2023-11-06 11:45:00,0.2437,0.244,0.243,0.2432,309196.0
2023-11-06 12:00:00,0.243,0.2433,0.2423,0.2426,340913.0
2023-11-06 12:15:00,0.2425,0.2442,0.2423,0.2441,190754.0
2023-11-06 12:30:00,0.2441,0.245,0.2433,0.2443,175857.0
2023-11-06 12:45:00,0.2443,0.2458,0.2443,0.2455,310512.0
2023-11-06 13:00:00,0.2455,0.2462,0.2433,0.2437,419204.0
2023-11-06 13:15:00,0.244,0.2442,0.2412,0.2421,354241.0
2023-11-06 13:30:00,0.2422,0.2434,0.2404,0.2413,400603.0
2023-11-06 13:45:00,0.2412,0.2434,0.2406,0.2434,303445.0
2023-11-06 14:00:00,0.243,0.2438,0.2423,0.2426,225012.0
2023-11-06 14:15:00,0.2429,0.2447,0.2428,0.2442,121096.0
2023-11-06 14:30:00,0.2445,0.2454,0.2434,0.2444,204904.0
2023-11-06 14:45:00,0.2444,0.245,0.2435,0.2448,307216.0
2023-11-06 15:00:00,0.2447,0.2455,0.2431,0.2454,341780.0
2023-11-06 15:15:00,0.2449,0.2457,0.2442,0.2451,131369.0
2023-11-06 15:30:00,0.2453,0.2455,0.2427,0.2441,323954.0
2023-11-06 15:45:00,0.244,0.2446,0.2434,0.2435,138074.0
2023-11-06 16:00:00,0.2434,0.2444,0.242,0.2426,390953.0
2023-11-06 16:15:00,0.2424,0.2437,0.2414,0.2437,476516.0
2023-11-06 16:30:00,0.2437,0.245,0.2431,0.2448,216743.0
2023-11-06 16:45:00,0.2448,0.2457,0.2438,0.2456,206158.0
2023-11-06 17:00:00,0.2451,0.2472,0.2432,0.2463,556070.0
2023-11-06 17:15:00,0.2462,0.247,0.243,0.2447,329479.0
2023-11-06 17:30:00,0.2446,0.2463,0.2442,0.2444,441646.0
2023-11-06 17:45:00,0.2444,0.245,0.244,0.2446,319086.0
2023-11-06 18:00:00,0.245,0.2453,0.244,0.2453,129494.0
2023-11-06 18:15:00,0.2451,0.2451,0.2431,0.2431,239229.0
2023-11-06 18:30:00,0.2434,0.2445,0.2431,0.2445,110387.0
2023-11-06 18:45:00,0.2446,0.2463,0.2446,0.2455,267824.0
2023-11-06 19:00:00,0.2456,0.2456,0.2438,0.2439,167207.0
2023-11-06 19:15:00,0.2439,0.2459,0.2439,0.2457,235052.0
2023-11-06 19:30:00,0.2457,0.2465,0.2452,0.2457,130910.0
2023-11-06 19:45:00,0.2459,0.2469,0.2452,0.2466,316333.0
2023-11-06 20:00:00,0.2467,0.2469,0.245,0.245,134841.0
2023-11-06 20:15:00,0.245,0.2456,0.2441,0.2441,35163.0
2023-11-06 20:30:00,0.2442,0.2452,0.2441,0.2449,58964.0
2023-11-06 20:45:00,0.2444,0.2455,0.2444,0.2452,77740.0
2023-11-06 21:00:00,0.2453,0.2453,0.2434,0.2436,150243.0
2023-11-06 21:15:00,0.2436,0.2436,0.2421,0.2435,238414.0
2023-11-06 21:30:00,0.2433,0.2446,0.2432,0.2443,54421.0
2023-11-06 21:45:00,0.2443,0.2453,0.2439,0.2451,58275.0
2023-11-06 22:00:00,0.245,0.2452,0.2438,0.2447,449512.0
2023-11-06 22:15:00,0.2447,0.2457,0.2446,0.2457,90625.0
2023-11-06 22:30:00,0.2458,0.2469,0.2457,0.2467,128000.0
2023-11-06 22:45:00,0.2467,0.2478,0.2465,0.2478,192287.0
2023-11-06 23:00:00,0.2478,0.2482,0.247,0.2476,234617.0
2023-11-06 23:15:00,0.2474,0.2478,0.2457,0.246,286600.0
2023-11-06 23:30:00,0.2462,0.2469,0.2459,0.2462,67783.0
2023-11-06 23:45:00,0.2462,0.247,0.2455,0.247,68126.0
2023-11-07 00:00:00,0.2468,0.2468,0.2439,0.2455,359690.0
2023-11-07 00:15:00,0.2455,0.2474,0.2442,0.2442,457887.0
2023-11-07 00:30:00,0.2448,0.2448,0.2404,0.2425,615439.0
2023-11-07 00:45:00,0.2425,0.2449,0.242,0.2449,98290.0
2023-11-07 01:00:00,0.2446,0.2463,0.2439,0.2459,164041.0
2023-11-07 01:15:00,0.2459,0.2463,0.2436,0.2438,149313.0
2023-11-07 01:30:00,0.2438,0.2449,0.2421,0.2433,288987.0
2023-11-07 01:45:00,0.2433,0.2459,0.2432,0.2448,132777.0
2023-11-07 02:00:00,0.2448,0.2464,0.2448,0.2462,52587.0
2023-11-07 02:15:00,0.246,0.2463,0.2431,0.2444,77596.0
2023-11-07 02:30:00,0.244,0.2442,0.2426,0.2429,186555.0
2023-11-07 02:45:00,0.2429,0.2438,0.239,0.2395,399997.0
2023-11-07 03:00:00,0.2394,0.2428,0.2388,0.2424,416931.0
2023-11-07 03:15:00,0.2425,0.2431,0.2422,0.2429,55064.0
2023-11-07 03:30:00,0.2429,0.2437,0.2422,0.2436,229718.0
2023-11-07 03:45:00,0.2434,0.2435,0.2423,0.2435,50657.0
2023-11-07 04:00:00,0.2436,0.2439,0.2419,0.242,85109.0
2023-11-07 04:15:00,0.2423,0.2433,0.2404,0.2411,333532.0
2023-11-07 04:30:00,0.2411,0.2418,0.2404,0.2407,376458.0
2023-11-07 04:45:00,0.2409,0.2423,0.2409,0.2423,184661.0
2023-11-07 05:00:00,0.2424,0.2425,0.2408,0.2413,73552.0
2023-11-07 05:15:00,0.2413,0.2419,0.2406,0.241,145165.0
2023-11-07 05:30:00,0.241,0.2433,0.241,0.2426,136067.0
2023-11-07 05:45:00,0.2429,0.2436,0.2428,0.2434,78098.0
2023-11-07 06:00:00,0.2435,0.2435,0.2421,0.2429,148392.0
2023-11-07 06:15:00,0.243,0.2441,0.2429,0.2436,217622.0
2023-11-07 06:30:00,0.2435,0.2458,0.2435,0.2458,314796.0
2023-11-07 06:45:00,0.2458,0.2473,0.2456,0.2468,367964.0
2023-11-07 07:00:00,0.2468,0.2476,0.2462,0.2463,331891.0
2023-11-07 07:15:00,0.2462,0.2475,0.2444,0.2446,548745.0
2023-11-07 07:30:00,0.2446,0.245,0.2437,0.2441,139138.0
2023-11-07 07:45:00,0.2442,0.2448,0.2437,0.2446,146734.0
2023-11-07 08:00:00,0.2446,0.2469,0.2443,0.2461,188736.0
2023-11-07 08:15:00,0.2464,0.2464,0.2446,0.2446,160607.0
2023-11-07 08:30:00,0.2448,0.246,0.2436,0.2444,254740.0
2023-11-07 08:45:00,0.2444,0.2461,0.2444,0.2455,121026.0
2023-11-07 09:00:00,0.2457,0.2459,0.2436,0.244,139459.0
2023-11-07 09:15:00,0.2442,0.2449,0.2436,0.2444,136044.0
2023-11-07 09:30:00,0.2445,0.2445,0.2383,0.2409,785286.0
2023-11-07 09:45:00,0.2408,0.2429,0.24,0.24,215636.0
2023-11-07 10:00:00,0.24,0.2413,0.2393,0.2412,568465.0
2023-11-07 10:15:00,0.241,0.2421,0.2406,0.2418,268755.0
2023-11-07 10:30:00,0.2419,0.2421,0.2399,0.2401,369655.0
2023-11-07 10:45:00,0.2406,0.2406,0.2382,0.2393,513923.0
2023-11-07 11:00:00,0.2393,0.2407,0.2388,0.2405,272334.0
2023-11-07 11:15:00,0.2406,0.2417,0.2403,0.2415,123469.0
2023-11-07 11:30:00,0.2413,0.2419,0.2409,0.2415,114758.0
2023-11-07 11:45:00,0.2416,0.2419,0.2403,0.2403,166445.0
2023-11-07 12:00:00,0.2405,0.2409,0.2371,0.2387,397100.0
2023-11-07 12:15:00,0.2388,0.2404,0.2378,0.2396,237159.0
2023-11-07 12:30:00,0.2396,0.2407,0.2388,0.2406,287510.0
2023-11-07 12:45:00,0.2406,0.2415,0.2403,0.2412,304548.0
2023-11-07 13:00:00,0.2413,0.2414,0.2402,0.2407,162245.0
2023-11-07 13:15:00,0.2407,0.2416,0.2396,0.2396,152740.0
2023-11-07 13:30:00,0.2399,0.2399,0.2374,0.2381,308242.0
2023-11-07 13:45:00,0.2384,0.2398,0.2381,0.2398,191503.0
2023-11-07 14:00:00,0.2397,0.2403,0.2391,0.24,335039.0
2023-11-07 14:15:00,0.24,0.2409,0.2392,0.24,120045.0
2023-11-07 14:30:00,0.2399,0.2401,0.2382,0.239,319841.0
2023-11-07 14:45:00,0.2391,0.2402,0.2385,0.2391,425334.0
2023-11-07 15:00:00,0.239,0.2393,0.2371,0.2376,203151.0
2023-11-07 15:15:00,0.2376,0.2378,0.2343,0.2357,764220.0
2023-11-07 15:30:00,0.2357,0.2357,0.2322,0.2332,1058038.0
2023-11-07 15:45:00,0.2331,0.2348,0.2328,0.2346,291246.0
2023-11-07 16:00:00,0.2346,0.2357,0.2334,0.2352,251637.0
2023-11-07 16:15:00,0.2353,0.2358,0.2348,0.2357,126473.0
2023-11-07 16:30:00,0.2357,0.2358,0.2343,0.2344,141547.0
2023-11-07 16:45:00,0.2344,0.2345,0.2309,0.2317,493758.0
2023-11-07 17:00:00,0.2317,0.2323,0.2286,0.232,1034723.0
2023-11-07 17:15:00,0.232,0.2336,0.2319,0.2324,378347.0
2023-11-07 17:30:00,0.2325,0.2342,0.2324,0.234,100566.0
2023-11-07 17:45:00,0.234,0.2353,0.2335,0.235,123524.0
2023-11-07 18:00:00,0.2352,0.2394,0.2349,0.2388,439701.0
2023-11-07 18:15:00,0.2391,0.24,0.2381,0.2392,324629.0
2023-11-07 18:30:00,0.2393,0.2394,0.2382,0.2386,253338.0
2023-11-07 18:45:00,0.2387,0.2408,0.2386,0.2406,481113.0
2023-11-07 19:00:00,0.2407,0.2423,0.2397,0.2412,358814.0
2023-11-07 19:15:00,0.2414,0.2415,0.239,0.2395,156940.0
2023-11-07 19:30:00,0.2397,0.2408,0.2393,0.2402,76476.0
2023-11-07 19:45:00,0.2405,0.2408,0.24,0.2408,106838.0
2023-11-07 20:00:00,0.2409,0.2415,0.2402,0.2407,138554.0
2023-11-07 20:15:00,0.2407,0.2407,0.2397,0.2399,31729.0
2023-11-07 20:30:00,0.24,0.2417,0.24,0.2415,45223.0
2023-11-07 20:45:00,0.2416,0.2425,0.2413,0.242,107931.0
2023-11-07 21:00:00,0.2421,0.2424,0.2412,0.2412,95063.0
2023-11-07 21:15:00,0.2411,0.242,0.2407,0.2419,54109.0
2023-11-07 21:30:00,0.2418,0.2431,0.2412,0.2427,83643.0
2023-11-07 21:45:00,0.2427,0.2428,0.2414,0.2425,49324.0
2023-11-07 22:00:00,0.2426,0.2429,0.2395,0.241,219738.0
2023-11-07 22:15:00,0.2409,0.2411,0.2392,0.2411,196777.0
2023-11-07 22:30:00,0.2409,0.2409,0.2387,0.2396,154631.0
2023-11-07 22:45:00,0.24,0.2409,0.2391,0.2392,315530.0
2023-11-07 23:00:00,0.2392,0.2406,0.2385,0.2399,195712.0
2023-11-07 23:15:00,0.24,0.241,0.2399,0.2401,176092.0
2023-11-07 23:30:00,0.2401,0.2413,0.2396,0.241,105005.0
2023-11-07 23:45:00,0.2408,0.2409,0.24,0.2404,50870.0
2023-11-08 00:00:00,0.2404,0.2409,0.2391,0.2394,283143.0
2023-11-08 00:15:00,0.2394,0.2396,0.238,0.2382,81089.0
2023-11-08 00:30:00,0.2382,0.2382,0.2364,0.2381,217150.0
2023-11-08 00:45:00,0.238,0.2392,0.2379,0.2392,79834.0
2023-11-08 01:00:00,0.2393,0.2396,0.2385,0.2396,41449.0
2023-11-08 01:15:00,0.2395,0.2422,0.2394,0.242,423003.0
2023-11-08 01:30:00,0.242,0.2422,0.241,0.241,243115.0
2023-11-08 01:45:00,0.241,0.2418,0.241,0.2416,122845.0
2023-11-08 02:00:00,0.2417,0.2428,0.2411,0.2428,455240.0
2023-11-08 02:15:00,0.2428,0.2435,0.2418,0.2433,480877.0
2023-11-08 02:30:00,0.2434,0.244,0.2423,0.2439,168783.0
2023-11-08 02:45:00,0.244,0.2442,0.2431,0.2438,292048.0
2023-11-08 03:00:00,0.2436,0.2446,0.2432,0.2439,175957.0
2023-11-08 03:15:00,0.244,0.2446,0.243,0.2436,520144.0
2023-11-08 03:30:00,0.2434,0.244,0.2432,0.2437,68466.0
2023-11-08 03:45:00,0.2435,0.244,0.243,0.2438,58512.0
2023-11-08 04:00:00,0.2438,0.2447,0.2431,0.2431,206712.0
2023-11-08 04:15:00,0.2432,0.2432,0.2419,0.2425,125447.0
2023-11-08 04:30:00,0.2424,0.2437,0.242,0.2437,60289.0
2023-11-08 04:45:00,0.2438,0.2441,0.2432,0.244,128165.0
2023-11-08 05:00:00,0.244,0.2445,0.2426,0.243,110693.0
2023-11-08 05:15:00,0.2429,0.243,0.242,0.2428,183806.0
2023-11-08 05:30:00,0.2427,0.2427,0.2415,0.242,171731.0
2023-11-08 05:45:00,0.2421,0.2424,0.2416,0.2423,55772.0
2023-11-08 06:00:00,0.2423,0.2423,0.2413,0.2417,80016.0
2023-11-08 06:15:00,0.2417,0.2424,0.2406,0.2423,171899.0
2023-11-08 06:30:00,0.2425,0.2432,0.2425,0.2429,95335.0
2023-11-08 06:45:00,0.2429,0.2436,0.2428,0.2434,59086.0
2023-11-08 07:00:00,0.2435,0.2435,0.2422,0.2426,49411.0
2023-11-08 07:15:00,0.2426,0.2442,0.2424,0.2439,74856.0
2023-11-08 07:30:00,0.244,0.2446,0.2438,0.2442,143720.0
2023-11-08 07:45:00,0.2441,0.2442,0.2427,0.2429,115939.0
2023-11-08 08:00:00,0.2429,0.2431,0.2421,0.2427,111998.0
2023-11-08 08:15:00,0.2429,0.2431,0.2417,0.2418,58022.0
2023-11-08 08:30:00,0.2418,0.2447,0.2417,0.2447,106455.0
2023-11-08 08:45:00,0.2447,0.2464,0.2446,0.2455,678775.0
2023-11-08 09:00:00,0.2455,0.2514,0.2452,0.2513,2182388.0
2023-11-08 09:15:00,0.2509,0.252,0.2491,0.2507,626826.0
2023-11-08 09:30:00,0.2511,0.2556,0.2504,0.2531,1380530.0
2023-11-08 09:45:00,0.2531,0.2531,0.2517,0.2519,256889.0
2023-11-08 10:00:00,0.2517,0.2533,0.2515,0.2528,400955.0
2023-11-08 10:15:00,0.2529,0.2542,0.2519,0.2537,203005.0
2023-11-08 10:30:00,0.2538,0.2546,0.2526,0.2541,216189.0
2023-11-08 10:45:00,0.254,0.2567,0.2534,0.2552,526323.0
2023-11-08 11:00:00,0.2552,0.256,0.2532,0.2539,413312.0
2023-11-08 11:15:00,0.2542,0.2543,0.2533,0.2538,228640.0
2023-11-08 11:30:00,0.2538,0.255,0.2533,0.255,188983.0
2023-11-08 11:45:00,0.2547,0.2567,0.2543,0.2548,313246.0
2023-11-08 12:00:00,0.2549,0.2549,0.2519,0.253,355245.0
2023-11-08 12:15:00,0.2529,0.2532,0.251,0.2513,284715.0
2023-11-08 12:30:00,0.2514,0.2517,0.2495,0.2509,568335.0
2023-11-08 12:45:00,0.2508,0.2519,0.2492,0.2508,268044.0
2023-11-08 13:00:00,0.2508,0.2511,0.2493,0.2498,220158.0
2023-11-08 13:15:00,0.2499,0.2501,0.2485,0.2492,465116.0
2023-11-08 13:30:00,0.2491,0.2502,0.2489,0.2497,149373.0
2023-11-08 13:45:00,0.2497,0.2515,0.2497,0.2508,80628.0
2023-11-08 14:00:00,0.2508,0.2516,0.2508,0.2513,140415.0
2023-11-08 14:15:00,0.2513,0.2532,0.2511,0.2529,227578.0
2023-11-08 14:30:00,0.253,0.2556,0.2502,0.2517,919973.0
2023-11-08 14:45:00,0.2515,0.252,0.2504,0.2506,642546.0
2023-11-08 15:00:00,0.2506,0.2517,0.2477,0.2485,957338.0
2023-11-08 15:15:00,0.2483,0.2489,0.2463,0.2482,820783.0
2023-11-08 15:30:00,0.2481,0.2491,0.2468,0.2475,568761.0
2023-11-08 15:45:00,0.2475,0.2484,0.2474,0.2481,185025.0
2023-11-08 16:00:00,0.2481,0.2485,0.2472,0.2476,67638.0
2023-11-08 16:15:00,0.2474,0.2485,0.2469,0.2478,194033.0
2023-11-08 16:30:00,0.2478,0.2496,0.2477,0.2491,181657.0
2023-11-08 16:45:00,0.249,0.25,0.249,0.2495,97702.0
2023-11-08 17:00:00,0.2496,0.2496,0.2483,0.2489,306343.0
2023-11-08 17:15:00,0.249,0.2508,0.249,0.25,133489.0
2023-11-08 17:30:00,0.2499,0.2503,0.249,0.249,68848.0
2023-11-08 17:45:00,0.2491,0.2501,0.2489,0.2491,282407.0
2023-11-08 18:00:00,0.2493,0.2507,0.2477,0.2501,370887.0
2023-11-08 18:15:00,0.2501,0.2505,0.247,0.2475,309890.0
2023-11-08 18:30:00,0.2474,0.251,0.2472,0.2499,190627.0
2023-11-08 18:45:00,0.25,0.2515,0.2484,0.2506,384844.0
2023-11-08 19:00:00,0.2506,0.2521,0.25,0.2521,151671.0
2023-11-08 19:15:00,0.2518,0.252,0.2497,0.2498,101750.0
2023-11-08 19:30:00,0.2496,0.2517,0.2495,0.2515,20498.0
2023-11-08 19:45:00,0.2514,0.2517,0.2498,0.2502,169511.0
2023-11-08 20:00:00,0.2503,0.2508,0.2501,0.2501,57159.0
2023-11-08 20:15:00,0.2502,0.2502,0.2492,0.2492,40494.0
2023-11-08 20:30:00,0.2492,0.2497,0.2485,0.2491,34648.0
2023-11-08 20:45:00,0.2489,0.2498,0.2489,0.2498,20501.0
2023-11-08 21:00:00,0.25,0.2511,0.2498,0.2502,44089.0
2023-11-08 21:15:00,0.25,0.2501,0.2479,0.2481,91739.0
2023-11-08 21:30:00,0.2479,0.2487,0.2475,0.2483,138377.0
2023-11-08 21:45:00,0.2483,0.2513,0.2482,0.2507,220905.0
2023-11-08 22:00:00,0.2506,0.2516,0.2505,0.251,76489.0
2023-11-08 22:15:00,0.2509,0.2521,0.2508,0.2512,199897.0
2023-11-08 22:30:00,0.2512,0.2514,0.2504,0.2507,61501.0
2023-11-08 22:45:00,0.2507,0.253,0.2507,0.2525,102390.0
2023-11-08 23:00:00,0.2525,0.2526,0.251,0.2521,63080.0
2023-11-08 23:15:00,0.2519,0.2522,0.2515,0.2515,97758.0
2023-11-08 23:30:00,0.2514,0.2519,0.2509,0.2512,90904.0
2023-11-08 23:45:00,0.2513,0.253,0.2506,0.2506,500094.0
2023-11-09 00:00:00,0.2508,0.253,0.2498,0.2529,445559.0
2023-11-09 00:15:00,0.2531,0.2548,0.2521,0.2535,709933.0
2023-11-09 00:30:00,0.2533,0.2557,0.2528,0.2555,282928.0
2023-11-09 00:45:00,0.2556,0.2571,0.255,0.2563,493624.0
2023-11-09 01:00:00,0.2563,0.2596,0.2553,0.2583,496652.0
2023-11-09 01:15:00,0.2583,0.2589,0.2563,0.2569,202923.0
2023-11-09 01:30:00,0.2572,0.2575,0.2561,0.2571,118781.0
2023-11-09 01:45:00,0.2572,0.2579,0.2564,0.2568,341310.0
2023-11-09 02:00:00,0.2565,0.2575,0.256,0.2572,139849.0
2023-11-09 02:15:00,0.2571,0.2594,0.2567,0.2588,195517.0
2023-11-09 02:30:00,0.2587,0.2593,0.258,0.2582,202501.0
2023-11-09 02:45:00,0.2582,0.2584,0.2564,0.2577,194204.0
2023-11-09 03:00:00,0.2578,0.2582,0.2546,0.2546,292689.0
2023-11-09 03:15:00,0.2546,0.2556,0.2545,0.2551,121970.0
2023-11-09 03:30:00,0.2553,0.2561,0.2545,0.2561,163932.0
2023-11-09 03:45:00,0.2562,0.2569,0.256,0.2569,223789.0
2023-11-09 04:00:00,0.257,0.2585,0.2566,0.2585,194042.0
2023-11-09 04:15:00,0.2582,0.2583,0.2574,0.2581,130765.0
2023-11-09 04:30:00,0.2581,0.2586,0.2577,0.2578,181726.0
2023-11-09 04:45:00,0.2579,0.2584,0.2575,0.2578,300631.0
2023-11-09 05:00:00,0.258,0.2588,0.2572,0.2584,395176.0
2023-11-09 05:15:00,0.2583,0.2584,0.2566,0.2569,316569.0
2023-11-09 05:30:00,0.257,0.2592,0.257,0.2591,224667.0
2023-11-09 05:45:00,0.2591,0.2592,0.2583,0.259,195779.0
2023-11-09 06:00:00,0.2589,0.2591,0.2579,0.2581,249522.0
2023-11-09 06:15:00,0.2582,0.2587,0.2575,0.2581,125450.0
2023-11-09 06:30:00,0.2582,0.2598,0.2581,0.2598,226081.0
2023-11-09 06:45:00,0.2595,0.2595,0.2582,0.2588,443515.0
2023-11-09 07:00:00,0.2587,0.259,0.258,0.2582,195745.0
2023-11-09 07:15:00,0.2582,0.2595,0.258,0.2582,258931.0
2023-11-09 07:30:00,0.2584,0.2584,0.2519,0.2543,670488.0
2023-11-09 07:45:00,0.2543,0.255,0.2528,0.2534,542758.0
2023-11-09 08:00:00,0.2533,0.256,0.2533,0.2559,240012.0
2023-11-09 08:15:00,0.2557,0.256,0.2551,0.2559,223945.0
2023-11-09 08:30:00,0.2559,0.2576,0.2559,0.2573,627396.0
2023-11-09 08:45:00,0.2572,0.2585,0.2569,0.2577,230642.0
2023-11-09 09:00:00,0.2578,0.258,0.2556,0.2566,394232.0
2023-11-09 09:15:00,0.2565,0.2571,0.2556,0.2571,62385.0
2023-11-09 09:30:00,0.2568,0.2569,0.256,0.2566,74421.0
2023-11-09 09:45:00,0.2563,0.258,0.2555,0.2576,265624.0
2023-11-09 10:00:00,0.2571,0.2597,0.2566,0.2596,696423.0
2023-11-09 10:15:00,0.2596,0.2601,0.259,0.26,399811.0
2023-11-09 10:30:00,0.2601,0.2607,0.2581,0.2597,268033.0
2023-11-09 10:45:00,0.2595,0.2605,0.2584,0.2584,245403.0
2023-11-09 11:00:00,0.2587,0.259,0.2547,0.2552,515727.0
2023-11-09 11:15:00,0.2551,0.2561,0.2536,0.2545,451380.0
2023-11-09 11:30:00,0.2544,0.2563,0.2541,0.2561,419926.0
2023-11-09 11:45:00,0.2562,0.2577,0.2557,0.2571,197892.0
2023-11-09 12:00:00,0.2571,0.259,0.2562,0.2586,234734.0
2023-11-09 12:15:00,0.2588,0.2589,0.2578,0.2579,231972.0
2023-11-09 12:30:00,0.2579,0.258,0.256,0.2571,235645.0
2023-11-09 12:45:00,0.2569,0.2576,0.2562,0.2562,222014.0
2023-11-09 13:00:00,0.2565,0.2607,0.256,0.2605,903288.0
2023-11-09 13:15:00,0.2605,0.2607,0.2563,0.2579,943923.0
2023-11-09 13:30:00,0.2576,0.259,0.2547,0.2564,775057.0
2023-11-09 13:45:00,0.2564,0.259,0.2562,0.2586,350367.0
2023-11-09 14:00:00,0.2586,0.2598,0.2559,0.2598,472726.0
2023-11-09 14:15:00,0.2595,0.2646,0.2581,0.2639,1282585.0
2023-11-09 14:30:00,0.2636,0.2648,0.2612,0.2623,939673.0
2023-11-09 14:45:00,0.2621,0.2662,0.2619,0.2641,1214249.0
2023-11-09 15:00:00,0.2639,0.2662,0.2622,0.2647,848536.0
2023-11-09 15:15:00,0.2647,0.2659,0.2562,0.2586,1430053.0
2023-11-09 15:30:00,0.259,0.2637,0.259,0.263,466964.0
2023-11-09 15:45:00,0.263,0.264,0.2597,0.2597,733852.0
2023-11-09 16:00:00,0.2597,0.2632,0.2103,0.2324,4493335.0
2023-11-09 16:15:00,0.2328,0.2403,0.23,0.238,4228558.0
2023-11-09 16:30:00,0.238,0.2382,0.2282,0.2349,1718489.0
2023-11-09 16:45:00,0.2349,0.2391,0.2345,0.2373,1007741.0
2023-11-09 17:00:00,0.2372,0.2413,0.2365,0.2386,960793.0
2023-11-09 17:15:00,0.2385,0.2395,0.2333,0.2365,597124.0
2023-11-09 17:30:00,0.2364,0.2391,0.2352,0.2388,340992.0
2023-11-09 17:45:00,0.2386,0.242,0.2382,0.2413,215128.0
2023-11-09 18:00:00,0.2411,0.2411,0.2388,0.2393,263514.0
2023-11-09 18:15:00,0.2394,0.2397,0.2375,0.2376,174505.0
2023-11-09 18:30:00,0.2375,0.2386,0.2362,0.238,291629.0
2023-11-09 18:45:00,0.2379,0.2382,0.2343,0.2345,141943.0
2023-11-09 19:00:00,0.2347,0.2364,0.2336,0.2344,349768.0
2023-11-09 19:15:00,0.2343,0.235,0.2327,0.2335,227437.0
2023-11-09 19:30:00,0.2334,0.2348,0.2316,0.232,236216.0
2023-11-09 19:45:00,0.2319,0.2345,0.2312,0.2343,165372.0
2023-11-09 20:00:00,0.2343,0.2343,0.2322,0.233,105889.0
2023-11-09 20:15:00,0.2328,0.2329,0.2298,0.2302,213182.0
2023-11-09 20:30:00,0.2304,0.2311,0.2283,0.2307,362165.0
2023-11-09 20:45:00,0.2304,0.2342,0.2304,0.2336,114467.0
2023-11-09 21:00:00,0.2339,0.2354,0.2334,0.2348,184630.0
2023-11-09 21:15:00,0.2348,0.2372,0.2337,0.2363,230519.0
2023-11-09 21:30:00,0.2361,0.2368,0.2346,0.235,81322.0
2023-11-09 21:45:00,0.2349,0.2353,0.2339,0.235,103581.0
2023-11-09 22:00:00,0.235,0.2376,0.235,0.2375,77319.0
2023-11-09 22:15:00,0.2377,0.2392,0.2369,0.2372,140910.0
2023-11-09 22:30:00,0.2371,0.2397,0.2368,0.2391,176729.0
2023-11-09 22:45:00,0.2394,0.2415,0.2391,0.2415,169438.0
2023-11-09 23:00:00,0.2412,0.2446,0.2409,0.2446,345194.0
2023-11-09 23:15:00,0.2445,0.2482,0.2442,0.2481,426223.0
2023-11-09 23:30:00,0.2481,0.25,0.2478,0.2499,465345.0
2023-11-09 23:45:00,0.2499,0.2526,0.2498,0.2511,564511.0
2023-11-10 00:00:00,0.2512,0.2594,0.2498,0.2593,773894.0
2023-11-10 00:15:00,0.2592,0.26,0.2553,0.2587,1820798.0
2023-11-10 00:30:00,0.2586,0.2587,0.255,0.2558,673641.0
2023-11-10 00:45:00,0.2558,0.2576,0.253,0.2535,385862.0
2023-11-10 01:00:00,0.2537,0.2542,0.2514,0.2537,466270.0
2023-11-10 01:15:00,0.2537,0.2567,0.2535,0.2561,304675.0
2023-11-10 01:30:00,0.2565,0.2585,0.2562,0.2584,354731.0
2023-11-10 01:45:00,0.2581,0.2593,0.2574,0.2589,158944.0
2023-11-10 02:00:00,0.259,0.2624,0.2563,0.2606,1191992.0
2023-11-10 02:15:00,0.2606,0.2619,0.26,0.2614,232618.0
2023-11-10 02:30:00,0.2614,0.2633,0.26,0.2628,325710.0
2023-11-10 02:45:00,0.2629,0.2678,0.2629,0.2676,730589.0
2023-11-10 03:00:00,0.2678,0.2742,0.2658,0.2705,1699535.0
2023-11-10 03:15:00,0.2705,0.2708,0.2659,0.2667,1021503.0
2023-11-10 03:30:00,0.2666,0.2672,0.2645,0.2664,624459.0
2023-11-10 03:45:00,0.2663,0.2719,0.2658,0.2671,782704.0
2023-11-10 04:00:00,0.2669,0.2685,0.2661,0.2685,561788.0
2023-11-10 04:15:00,0.2685,0.2714,0.2681,0.2699,643106.0
2023-11-10 04:30:00,0.27,0.28,0.27,0.2748,2324612.0
2023-11-10 04:45:00,0.2748,0.2825,0.2736,0.2793,1524850.0
2023-11-10 05:00:00,0.2794,0.2801,0.2718,0.2725,1506145.0
2023-11-10 05:15:00,0.2725,0.2752,0.2712,0.2744,683151.0
2023-11-10 05:30:00,0.2745,0.2786,0.274,0.2778,476221.0
2023-11-10 05:45:00,0.2777,0.2815,0.2768,0.2784,810972.0
2023-11-10 06:00:00,0.2786,0.2806,0.276,0.2768,446760.0
2023-11-10 06:15:00,0.2766,0.2788,0.274,0.2752,824814.0
2023-11-10 06:30:00,0.2753,0.276,0.2727,0.2737,709017.0
2023-11-10 06:45:00,0.2734,0.2777,0.2728,0.2744,531899.0
2023-11-10 07:00:00,0.2746,0.2777,0.272,0.2739,524462.0
2023-11-10 07:15:00,0.2738,0.2763,0.27,0.2714,703448.0
2023-11-10 07:30:00,0.2714,0.2746,0.2702,0.2725,484675.0
2023-11-10 07:45:00,0.2727,0.2727,0.27,0.2705,468792.0
2023-11-10 08:00:00,0.2705,0.272,0.267,0.2681,751097.0
2023-11-10 08:15:00,0.2679,0.2714,0.265,0.2696,1012414.0
2023-11-10 08:30:00,0.2698,0.2722,0.2692,0.2717,407470.0
2023-11-10 08:45:00,0.2719,0.2767,0.2718,0.2759,533924.0
2023-11-10 09:00:00,0.2759,0.2761,0.2726,0.2729,504251.0
2023-11-10 09:15:00,0.2729,0.2741,0.2721,0.2725,272301.0
2023-11-10 09:30:00,0.2723,0.2729,0.2701,0.2715,633510.0
2023-11-10 09:45:00,0.2716,0.2724,0.2703,0.2722,145655.0
2023-11-10 10:00:00,0.272,0.2722,0.2704,0.2715,274790.0
2023-11-10 10:15:00,0.2717,0.2734,0.2704,0.2719,406548.0
2023-11-10 10:30:00,0.2718,0.2729,0.2702,0.2705,322486.0
2023-11-10 10:45:00,0.2706,0.2731,0.2701,0.2727,270931.0
2023-11-10 11:00:00,0.2727,0.2747,0.2725,0.2729,263043.0
2023-11-10 11:15:00,0.2729,0.2745,0.2685,0.2706,953415.0
2023-11-10 11:30:00,0.2705,0.2769,0.2705,0.274,584379.0
2023-11-10 11:45:00,0.2739,0.2749,0.2729,0.2736,333223.0
2023-11-10 12:00:00,0.2739,0.274,0.2654,0.2682,731127.0
2023-11-10 12:15:00,0.268,0.2713,0.2675,0.2713,310179.0
2023-11-10 12:30:00,0.2711,0.2717,0.2697,0.2705,490661.0
2023-11-10 12:45:00,0.2705,0.2742,0.2705,0.2741,309227.0
2023-11-10 13:00:00,0.2741,0.2742,0.272,0.2725,309001.0
2023-11-10 13:15:00,0.2725,0.2731,0.269,0.2703,528096.0
2023-11-10 13:30:00,0.2701,0.2708,0.2683,0.2697,386171.0
2023-11-10 13:45:00,0.2696,0.2699,0.2622,0.264,786064.0
2023-11-10 14:00:00,0.264,0.2661,0.26,0.2625,1288291.0
2023-11-10 14:15:00,0.2627,0.2651,0.2621,0.2625,278339.0
2023-11-10 14:30:00,0.2626,0.2655,0.2617,0.265,257056.0
2023-11-10 14:45:00,0.2652,0.2652,0.2621,0.2623,310884.0
2023-11-10 15:00:00,0.2626,0.2672,0.2622,0.267,308171.0
2023-11-10 15:15:00,0.267,0.2683,0.2661,0.2664,390127.0
2023-11-10 15:30:00,0.2663,0.2677,0.2648,0.2649,328969.0
2023-11-10 15:45:00,0.2646,0.2656,0.2643,0.2647,195207.0
2023-11-10 16:00:00,0.2651,0.2687,0.2645,0.267,368642.0
2023-11-10 16:15:00,0.267,0.2706,0.2665,0.2699,286926.0
2023-11-10 16:30:00,0.27,0.271,0.2682,0.2697,372086.0
2023-11-10 16:45:00,0.2696,0.2697,0.2675,0.2689,208851.0
2023-11-10 17:00:00,0.2688,0.27,0.2677,0.2692,284430.0
2023-11-10 17:15:00,0.2693,0.27,0.268,0.268,217203.0
2023-11-10 17:30:00,0.268,0.2688,0.2667,0.2688,174957.0
2023-11-10 17:45:00,0.2687,0.2706,0.268,0.2703,172596.0
2023-11-10 18:00:00,0.2703,0.2713,0.2698,0.2698,136170.0
2023-11-10 18:15:00,0.2699,0.2714,0.2699,0.2713,82970.0
2023-11-10 18:30:00,0.271,0.2712,0.2698,0.2698,117639.0
2023-11-10 18:45:00,0.2697,0.2707,0.2683,0.2704,257934.0
2023-11-10 19:00:00,0.2706,0.273,0.2704,0.2719,251525.0
2023-11-10 19:15:00,0.2718,0.2724,0.2708,0.2708,90207.0
2023-11-10 19:30:00,0.2709,0.2715,0.2705,0.2709,47284.0
2023-11-10 19:45:00,0.2709,0.2721,0.2707,0.271,185431.0
2023-11-10 20:00:00,0.2709,0.271,0.2697,0.2705,129190.0
2023-11-10 20:15:00,0.2707,0.2725,0.2697,0.2724,244452.0
2023-11-10 20:30:00,0.2723,0.2744,0.272,0.2744,234044.0
2023-11-10 20:45:00,0.2738,0.2752,0.2733,0.2743,406159.0
2023-11-10 21:00:00,0.2743,0.2759,0.2736,0.2756,170820.0
2023-11-10 21:15:00,0.2756,0.2758,0.274,0.2747,134543.0
2023-11-10 21:30:00,0.275,0.2756,0.2742,0.2747,163636.0
2023-11-10 21:45:00,0.275,0.2765,0.2744,0.2764,168298.0
2023-11-10 22:00:00,0.2759,0.28,0.2759,0.277,836219.0
2023-11-10 22:15:00,0.2769,0.2818,0.2759,0.2816,1853680.0
2023-11-10 22:30:00,0.2817,0.2837,0.2772,0.2774,507810.0
2023-11-10 22:45:00,0.2774,0.2813,0.2766,0.2769,703840.0
2023-11-10 23:00:00,0.2769,0.2794,0.2742,0.2763,661905.0
2023-11-10 23:15:00,0.2762,0.2771,0.2755,0.2763,325102.0
2023-11-10 23:30:00,0.2768,0.2787,0.2755,0.2786,397262.0
2023-11-10 23:45:00,0.2787,0.28,0.2785,0.2794,409287.0
2023-11-11 00:00:00,0.2797,0.28,0.2764,0.2768,289129.0
2023-11-11 00:15:00,0.2766,0.28,0.2762,0.278,516000.0
2023-11-11 00:30:00,0.2777,0.2777,0.2761,0.2766,417626.0
2023-11-11 00:45:00,0.2767,0.2776,0.2738,0.2767,360581.0
2023-11-11 01:00:00,0.2766,0.2793,0.2765,0.2776,191956.0
2023-11-11 01:15:00,0.2776,0.278,0.2732,0.2749,717521.0
2023-11-11 01:30:00,0.2751,0.2784,0.2738,0.2774,729496.0
2023-11-11 01:45:00,0.2775,0.2778,0.2715,0.2743,629904.0
2023-11-11 02:00:00,0.2742,0.2778,0.272,0.2728,587931.0
2023-11-11 02:15:00,0.2732,0.2737,0.2672,0.2733,898451.0
2023-11-11 02:30:00,0.2732,0.278,0.2717,0.2759,362018.0
2023-11-11 02:45:00,0.2757,0.279,0.2752,0.2763,353080.0
2023-11-11 03:00:00,0.2761,0.2793,0.2756,0.2761,593278.0
2023-11-11 03:15:00,0.2761,0.2809,0.2751,0.2801,418290.0
2023-11-11 03:30:00,0.2802,0.2804,0.2763,0.277,449268.0
2023-11-11 03:45:00,0.2767,0.2773,0.2754,0.2756,243734.0
2023-11-11 04:00:00,0.2755,0.2771,0.2707,0.2746,705202.0
2023-11-11 04:15:00,0.2747,0.2775,0.2718,0.2762,790557.0
2023-11-11 04:30:00,0.2762,0.2831,0.2737,0.2824,1355955.0
2023-11-11 04:45:00,0.2829,0.2835,0.2784,0.2788,443705.0
2023-11-11 05:00:00,0.2786,0.2797,0.2763,0.2771,298346.0
2023-11-11 05:15:00,0.2771,0.2786,0.2765,0.2785,233399.0
2023-11-11 05:30:00,0.2787,0.2792,0.276,0.2774,395761.0
2023-11-11 05:45:00,0.2774,0.2839,0.2774,0.283,553889.0
2023-11-11 06:00:00,0.2829,0.283,0.2789,0.2814,453994.0
2023-11-11 06:15:00,0.2813,0.2829,0.2786,0.2799,394287.0
2023-11-11 06:30:00,0.2799,0.2855,0.2794,0.285,807871.0
2023-11-11 06:45:00,0.2853,0.2865,0.2821,0.2833,576482.0
2023-11-11 07:00:00,0.283,0.283,0.277,0.2776,625892.0
2023-11-11 07:15:00,0.2774,0.2786,0.2751,0.2764,419643.0
2023-11-11 07:30:00,0.2764,0.2768,0.2742,0.2753,403264.0
2023-11-11 07:45:00,0.2751,0.2758,0.2729,0.2748,494801.0
2023-11-11 08:00:00,0.2747,0.2751,0.2712,0.2729,735596.0
2023-11-11 08:15:00,0.273,0.2739,0.271,0.2725,501081.0
2023-11-11 08:30:00,0.2726,0.2737,0.2701,0.271,471764.0
2023-11-11 08:45:00,0.271,0.2719,0.2709,0.2717,163211.0
2023-11-11 09:00:00,0.2715,0.2733,0.2715,0.2731,219481.0
2023-11-11 09:15:00,0.2731,0.2758,0.2731,0.2756,177435.0
2023-11-11 09:30:00,0.2753,0.2762,0.2741,0.2747,160117.0
2023-11-11 09:45:00,0.2746,0.2772,0.274,0.2772,176095.0
2023-11-11 10:00:00,0.2772,0.2779,0.2767,0.2775,291335.0
2023-11-11 10:15:00,0.2775,0.2776,0.2761,0.2761,108236.0
2023-11-11 10:30:00,0.2761,0.2786,0.2744,0.2782,240725.0
2023-11-11 10:45:00,0.2781,0.2789,0.2774,0.2783,464468.0
2023-11-11 11:00:00,0.2784,0.2784,0.2766,0.2767,108961.0
2023-11-11 11:15:00,0.2767,0.28,0.276,0.2775,858950.0
2023-11-11 11:30:00,0.2776,0.279,0.2764,0.2789,342925.0
2023-11-11 11:45:00,0.2785,0.2799,0.278,0.2789,281114.0
2023-11-11 12:00:00,0.279,0.2798,0.2767,0.2795,227287.0
2023-11-11 12:15:00,0.2794,0.2829,0.2794,0.2814,572263.0
2023-11-11 12:30:00,0.2813,0.2816,0.2792,0.2797,413333.0
2023-11-11 12:45:00,0.2794,0.2799,0.279,0.2796,99946.0
2023-11-11 13:00:00,0.2796,0.2796,0.2763,0.2769,273922.0
2023-11-11 13:15:00,0.277,0.2778,0.2747,0.275,197047.0
2023-11-11 13:30:00,0.2749,0.278,0.2749,0.2778,151764.0
2023-11-11 13:45:00,0.2778,0.2784,0.2768,0.2784,79075.0
2023-11-11 14:00:00,0.2783,0.2784,0.2769,0.2776,135026.0
2023-11-11 14:15:00,0.2781,0.2807,0.2774,0.2803,419694.0
2023-11-11 14:30:00,0.2804,0.2808,0.2781,0.2789,229882.0
2023-11-11 14:45:00,0.2789,0.2791,0.2772,0.2776,240814.0
2023-11-11 15:00:00,0.2779,0.2788,0.2769,0.2787,292306.0
2023-11-11 15:15:00,0.2788,0.2789,0.2771,0.2774,146460.0
2023-11-11 15:30:00,0.2771,0.2787,0.276,0.2772,216350.0
2023-11-11 15:45:00,0.2772,0.2772,0.2742,0.2752,234685.0
2023-11-11 16:00:00,0.2752,0.2789,0.2752,0.2785,291983.0
2023-11-11 16:15:00,0.2784,0.2799,0.278,0.2785,134236.0
2023-11-11 16:30:00,0.2785,0.2823,0.2784,0.2814,379831.0
2023-11-11 16:45:00,0.2814,0.2824,0.2809,0.2817,283861.0
2023-11-11 17:00:00,0.2816,0.2826,0.2756,0.2772,567855.0
2023-11-11 17:15:00,0.2775,0.2788,0.2748,0.2779,310904.0
2023-11-11 17:30:00,0.278,0.278,0.2758,0.2775,169533.0
2023-11-11 17:45:00,0.2776,0.2816,0.2775,0.2801,307905.0
2023-11-11 18:00:00,0.2801,0.2815,0.2779,0.2805,328388.0
2023-11-11 18:15:00,0.2802,0.2803,0.2789,0.2792,100951.0
2023-11-11 18:30:00,0.2792,0.281,0.2792,0.2806,90779.0
2023-11-11 18:45:00,0.2804,0.2804,0.2789,0.279,55196.0
2023-11-11 19:00:00,0.2789,0.2801,0.2785,0.2798,52682.0
2023-11-11 19:15:00,0.2796,0.2817,0.2784,0.2817,222629.0
2023-11-11 19:30:00,0.2813,0.2818,0.2805,0.2811,64826.0
2023-11-11 19:45:00,0.2811,0.2833,0.2809,0.2833,250983.0
2023-11-11 20:00:00,0.2832,0.285,0.2803,0.2807,470992.0
2023-11-11 20:15:00,0.2809,0.2809,0.279,0.2794,113645.0
2023-11-11 20:30:00,0.2794,0.2801,0.2767,0.2788,127242.0
2023-11-11 20:45:00,0.2786,0.2791,0.277,0.2772,115241.0
2023-11-11 21:00:00,0.277,0.279,0.2759,0.278,137054.0
2023-11-11 21:15:00,0.2785,0.2788,0.2755,0.2763,141697.0
2023-11-11 21:30:00,0.276,0.2767,0.274,0.2766,163542.0
2023-11-11 21:45:00,0.2767,0.277,0.2731,0.2739,182930.0
2023-11-11 22:00:00,0.2742,0.2748,0.2671,0.2684,622085.0
2023-11-11 22:15:00,0.2684,0.2718,0.2683,0.2711,255625.0
2023-11-11 22:30:00,0.2709,0.2723,0.2709,0.2718,161523.0
2023-11-11 22:45:00,0.2721,0.2733,0.2716,0.2717,99423.0
2023-11-11 23:00:00,0.2719,0.2723,0.2701,0.2705,262337.0
2023-11-11 23:15:00,0.2705,0.2721,0.2697,0.2711,229148.0
2023-11-11 23:30:00,0.2712,0.2716,0.2653,0.2702,566468.0
2023-11-11 23:45:00,0.27,0.2735,0.27,0.273,135559.0
2023-11-12 00:00:00,0.273,0.2743,0.2715,0.2718,207420.0
2023-11-12 00:15:00,0.2715,0.2715,0.2655,0.2664,525279.0
2023-11-12 00:30:00,0.2663,0.2682,0.26,0.2628,1822001.0
2023-11-12 00:45:00,0.2627,0.2646,0.258,0.2646,909613.0
2023-11-12 01:00:00,0.2641,0.2648,0.2601,0.2619,318192.0
2023-11-12 01:15:00,0.262,0.2664,0.262,0.2664,421960.0
2023-11-12 01:30:00,0.2665,0.2683,0.266,0.2679,210947.0
2023-11-12 01:45:00,0.268,0.2689,0.2671,0.2685,261994.0
2023-11-12 02:00:00,0.2684,0.269,0.2672,0.2681,247728.0
2023-11-12 02:15:00,0.2681,0.2681,0.2646,0.2659,141696.0
2023-11-12 02:30:00,0.2654,0.2664,0.2639,0.2664,161306.0
2023-11-12 02:45:00,0.2661,0.2676,0.265,0.2661,135558.0
2023-11-12 03:00:00,0.2663,0.2708,0.266,0.2703,309876.0
2023-11-12 03:15:00,0.2702,0.2712,0.2684,0.2698,256323.0
2023-11-12 03:30:00,0.2697,0.27,0.2666,0.2671,969122.0
2023-11-12 03:45:00,0.267,0.2679,0.2663,0.2678,770362.0
2023-11-12 04:00:00,0.2678,0.2687,0.2674,0.2686,163425.0
2023-11-12 04:15:00,0.2683,0.2687,0.2656,0.2663,181713.0
2023-11-12 04:30:00,0.2663,0.2665,0.2649,0.2661,424188.0
2023-11-12 04:45:00,0.266,0.2679,0.2652,0.2678,150454.0
2023-11-12 05:00:00,0.2675,0.2675,0.2652,0.2658,137155.0
2023-11-12 05:15:00,0.2656,0.267,0.2656,0.2667,95663.0
2023-11-12 05:30:00,0.2667,0.2672,0.2661,0.2666,45853.0
2023-11-12 05:45:00,0.2669,0.2687,0.2668,0.2686,145971.0
2023-11-12 06:00:00,0.2684,0.2688,0.2663,0.2675,352511.0
2023-11-12 06:15:00,0.2678,0.269,0.2673,0.269,115907.0
2023-11-12 06:30:00,0.269,0.2702,0.2688,0.269,318708.0
2023-11-12 06:45:00,0.269,0.2703,0.2684,0.2698,243370.0
2023-11-12 07:00:00,0.2701,0.2729,0.2701,0.2728,318471.0
2023-11-12 07:15:00,0.2729,0.2742,0.2728,0.2733,319907.0
2023-11-12 07:30:00,0.2738,0.2751,0.2722,0.2749,324376.0
2023-11-12 07:45:00,0.2749,0.2757,0.2741,0.2748,236374.0
2023-11-12 08:00:00,0.2749,0.282,0.2732,0.2808,842407.0
2023-11-12 08:15:00,0.2807,0.2807,0.2752,0.2794,779065.0
2023-11-12 08:30:00,0.2795,0.2807,0.278,0.2801,484311.0
2023-11-12 08:45:00,0.2804,0.2805,0.2785,0.2797,363139.0
2023-11-12 09:00:00,0.2798,0.2809,0.2775,0.2778,391847.0
2023-11-12 09:15:00,0.278,0.2799,0.2777,0.2782,209219.0
2023-11-12 09:30:00,0.2784,0.2788,0.273,0.2739,480749.0
2023-11-12 09:45:00,0.2737,0.2742,0.2711,0.2729,388214.0
2023-11-12 10:00:00,0.2731,0.2734,0.2716,0.2722,206071.0
2023-11-12 10:15:00,0.2719,0.2731,0.2697,0.273,313722.0
2023-11-12 10:30:00,0.2728,0.2751,0.2724,0.2731,269541.0
2023-11-12 10:45:00,0.2736,0.2739,0.2712,0.2713,109680.0
2023-11-12 11:00:00,0.2713,0.2737,0.2712,0.2729,205498.0
2023-11-12 11:15:00,0.2729,0.2753,0.2724,0.2736,807699.0
2023-11-12 11:30:00,0.2736,0.2737,0.2714,0.2723,178471.0
2023-11-12 11:45:00,0.2723,0.2733,0.2709,0.2715,173235.0
2023-11-12 12:00:00,0.2716,0.2729,0.2707,0.2719,266213.0
2023-11-12 12:15:00,0.272,0.2724,0.2671,0.2679,617894.0
2023-11-12 12:30:00,0.2681,0.2698,0.2672,0.2674,530159.0
2023-11-12 12:45:00,0.2676,0.2688,0.2667,0.268,436173.0
2023-11-12 13:00:00,0.2678,0.2693,0.2642,0.2688,762681.0
2023-11-12 13:15:00,0.2684,0.27,0.2659,0.2669,307626.0
2023-11-12 13:30:00,0.267,0.2684,0.2668,0.2671,301154.0
2023-11-12 13:45:00,0.2671,0.269,0.2671,0.268,88457.0
2023-11-12 14:00:00,0.268,0.2693,0.2678,0.2691,87762.0
2023-11-12 14:15:00,0.2692,0.2704,0.269,0.2693,363837.0
2023-11-12 14:30:00,0.2694,0.2706,0.2687,0.2702,197615.0
2023-11-12 14:45:00,0.2702,0.271,0.2691,0.2706,208708.0
2023-11-12 15:00:00,0.2705,0.2718,0.2675,0.2676,223603.0
2023-11-12 15:15:00,0.2675,0.2689,0.267,0.2678,222864.0
2023-11-12 15:30:00,0.2675,0.2699,0.2673,0.2698,225823.0
2023-11-12 15:45:00,0.2695,0.2703,0.2687,0.2689,99682.0
2023-11-12 16:00:00,0.2691,0.2702,0.267,0.2674,273931.0
2023-11-12 16:15:00,0.2676,0.2679,0.2659,0.2674,313503.0
2023-11-12 16:30:00,0.2672,0.2678,0.2656,0.266,188074.0
2023-11-12 16:45:00,0.266,0.2672,0.2652,0.2658,181373.0
2023-11-12 17:00:00,0.266,0.2664,0.2633,0.2649,389094.0
2023-11-12 17:15:00,0.2649,0.2663,0.2644,0.2655,303320.0
2023-11-12 17:30:00,0.2655,0.2664,0.2644,0.2663,81691.0
2023-11-12 17:45:00,0.2663,0.2671,0.2648,0.2655,161642.0
2023-11-12 18:00:00,0.2658,0.2663,0.2629,0.2646,207591.0
2023-11-12 18:15:00,0.2646,0.2653,0.263,0.2645,155919.0
2023-11-12 18:30:00,0.2648,0.2676,0.2645,0.2665,140069.0
2023-11-12 18:45:00,0.2667,0.2678,0.2665,0.2668,105789.0
2023-11-12 19:00:00,0.2673,0.2685,0.2668,0.2682,202897.0
2023-11-12 19:15:00,0.2681,0.2684,0.2664,0.2666,60579.0
2023-11-12 19:30:00,0.2669,0.2671,0.2655,0.2662,111456.0
2023-11-12 19:45:00,0.2661,0.2676,0.2659,0.267,29968.0
2023-11-12 20:00:00,0.267,0.2671,0.2652,0.2671,120976.0
2023-11-12 20:15:00,0.2671,0.2675,0.2659,0.2664,83810.0
2023-11-12 20:30:00,0.2664,0.269,0.2664,0.2688,82653.0
2023-11-12 20:45:00,0.269,0.2693,0.2675,0.2688,81891.0
2023-11-12 21:00:00,0.2688,0.2705,0.2687,0.2705,81389.0
2023-11-12 21:15:00,0.2702,0.2712,0.2698,0.2709,60408.0
2023-11-12 21:30:00,0.271,0.2713,0.2698,0.2713,77051.0
2023-11-12 21:45:00,0.2713,0.2721,0.2701,0.2714,208291.0
2023-11-12 22:00:00,0.2714,0.2717,0.2696,0.2705,130370.0
2023-11-12 22:15:00,0.2708,0.2712,0.2699,0.2707,139831.0
2023-11-12 22:30:00,0.2705,0.2719,0.2704,0.271,66220.0
2023-11-12 22:45:00,0.2713,0.2725,0.2708,0.272,96562.0
2023-11-12 23:00:00,0.2721,0.2729,0.2696,0.2702,190032.0
2023-11-12 23:15:00,0.2702,0.2702,0.265,0.2686,360495.0
2023-11-12 23:30:00,0.2684,0.2686,0.2659,0.2668,121574.0
2023-11-12 23:45:00,0.2668,0.2692,0.2663,0.2692,120354.0
2023-11-13 00:00:00,0.2692,0.2696,0.2657,0.2672,168860.0
2023-11-13 00:15:00,0.2671,0.2693,0.2648,0.2673,425562.0
2023-11-13 00:30:00,0.2671,0.2734,0.2663,0.2726,179511.0
2023-11-13 00:45:00,0.2729,0.275,0.2724,0.2749,457147.0
2023-11-13 01:00:00,0.275,0.2777,0.2735,0.2771,690673.0
2023-11-13 01:15:00,0.2774,0.2791,0.2768,0.2791,405367.0
2023-11-13 01:30:00,0.2789,0.2789,0.2749,0.2775,563163.0
2023-11-13 01:45:00,0.2772,0.2778,0.2763,0.2771,170881.0
2023-11-13 02:00:00,0.277,0.2782,0.2756,0.2756,214429.0
2023-11-13 02:15:00,0.2756,0.2774,0.2741,0.277,498198.0
2023-11-13 02:30:00,0.2772,0.2787,0.2758,0.276,318370.0
2023-11-13 02:45:00,0.2763,0.2769,0.2714,0.273,876718.0
2023-11-13 03:00:00,0.2732,0.274,0.2687,0.2695,987845.0
2023-11-13 03:15:00,0.2694,0.2718,0.269,0.2699,168167.0
2023-11-13 03:30:00,0.2701,0.2711,0.2665,0.267,459395.0
2023-11-13 03:45:00,0.267,0.2679,0.2612,0.2637,816804.0
2023-11-13 04:00:00,0.2633,0.2659,0.2628,0.2635,210817.0
2023-11-13 04:15:00,0.2634,0.2663,0.2621,0.266,355623.0
2023-11-13 04:30:00,0.266,0.2669,0.2643,0.2667,307541.0
2023-11-13 04:45:00,0.2667,0.2667,0.2613,0.264,843967.0
2023-11-13 05:00:00,0.2639,0.2639,0.2616,0.2618,424233.0
2023-11-13 05:15:00,0.2616,0.2646,0.2615,0.2641,239324.0
2023-11-13 05:30:00,0.2639,0.2662,0.2639,0.2655,282664.0
2023-11-13 05:45:00,0.2655,0.2667,0.2647,0.2665,244673.0
2023-11-13 06:00:00,0.2663,0.2663,0.2641,0.2661,243217.0
2023-11-13 06:15:00,0.2661,0.2661,0.2629,0.2632,180380.0
2023-11-13 06:30:00,0.2633,0.2653,0.2624,0.2648,200016.0
2023-11-13 06:45:00,0.2647,0.2656,0.2643,0.2654,87016.0
2023-11-13 07:00:00,0.2654,0.268,0.2648,0.2676,425995.0
2023-11-13 07:15:00,0.2677,0.2679,0.2669,0.2678,130556.0
2023-11-13 07:30:00,0.2676,0.2685,0.2672,0.2681,192011.0
2023-11-13 07:45:00,0.2684,0.2686,0.2669,0.2672,126758.0
2023-11-13 08:00:00,0.2671,0.271,0.267,0.2709,547319.0
2023-11-13 08:15:00,0.2708,0.276,0.2705,0.2753,1140049.0
2023-11-13 08:30:00,0.2755,0.2929,0.2736,0.2916,6786634.0
2023-11-13 08:45:00,0.2917,0.2971,0.2889,0.2964,4697240.0
2023-11-13 09:00:00,0.2965,0.31,0.2916,0.31,7503488.0
2023-11-13 09:15:00,0.3093,0.3168,0.3032,0.305,6295135.0
2023-11-13 09:30:00,0.305,0.31,0.2982,0.3002,3319485.0
2023-11-13 09:45:00,0.2998,0.3057,0.297,0.3048,1583768.0
2023-11-13 10:00:00,0.3046,0.3087,0.3025,0.3053,2455255.0
2023-11-13 10:15:00,0.3052,0.3093,0.299,0.3001,2612839.0
2023-11-13 10:30:00,0.3001,0.3289,0.3001,0.3195,6919215.0
2023-11-13 10:45:00,0.3194,0.329,0.316,0.3192,3305204.0
2023-11-13 11:00:00,0.3192,0.3199,0.3111,0.3135,2489571.0
2023-11-13 11:15:00,0.3131,0.3173,0.3044,0.3062,2940856.0
2023-11-13 11:30:00,0.3062,0.3087,0.2993,0.3021,2183703.0
2023-11-13 11:45:00,0.3019,0.3113,0.3016,0.3106,2396883.0
2023-11-13 12:00:00,0.3104,0.3137,0.3062,0.3122,1361755.0
2023-11-13 12:15:00,0.3118,0.318,0.3034,0.3171,2554087.0
2023-11-13 12:30:00,0.317,0.3216,0.3076,0.3101,2434495.0
2023-11-13 12:45:00,0.31,0.3123,0.3048,0.3062,1145834.0
2023-11-13 13:00:00,0.3062,0.3081,0.3001,0.3049,1595625.0
2023-11-13 13:15:00,0.3053,0.3113,0.3045,0.3111,1583209.0
2023-11-13 13:30:00,0.3111,0.3123,0.3048,0.3087,1159521.0
2023-11-13 13:45:00,0.3087,0.33,0.3072,0.3177,4726691.0
2023-11-13 14:00:00,0.3173,0.3178,0.307,0.3091,1787281.0
2023-11-13 14:15:00,0.3094,0.3262,0.3092,0.3199,3032271.0
2023-11-13 14:30:00,0.3198,0.3271,0.306,0.3117,5158558.0
2023-11-13 14:45:00,0.3113,0.3186,0.3075,0.317,2290808.0
2023-11-13 15:00:00,0.3169,0.335,0.3168,0.3212,7407768.0
2023-11-13 15:15:00,0.3211,0.3212,0.3126,0.3178,2790313.0
2023-11-13 15:30:00,0.3174,0.3256,0.3165,0.3189,2111931.0
2023-11-13 15:45:00,0.319,0.3253,0.319,0.3195,1275045.0
2023-11-13 16:00:00,0.3195,0.3214,0.3128,0.3175,1776720.0
2023-11-13 16:15:00,0.3173,0.3285,0.3135,0.3258,2357966.0
2023-11-13 16:30:00,0.3259,0.3299,0.3208,0.3235,2587984.0
2023-11-13 16:45:00,0.3234,0.3294,0.3172,0.3283,2414011.0
2023-11-13 17:00:00,0.3281,0.3285,0.313,0.3149,2129146.0
2023-11-13 17:15:00,0.3148,0.3152,0.3066,0.3114,2278885.0
2023-11-13 17:30:00,0.3114,0.3127,0.3054,0.307,1240013.0
2023-11-13 17:45:00,0.307,0.3107,0.3055,0.3082,625457.0
2023-11-13 18:00:00,0.3079,0.3087,0.2925,0.2983,2623753.0
2023-11-13 18:15:00,0.2985,0.3007,0.2947,0.2996,869834.0
2023-11-13 18:30:00,0.2999,0.3051,0.2992,0.3041,1298588.0
2023-11-13 18:45:00,0.3041,0.3044,0.3008,0.3027,557886.0
2023-11-13 19:00:00,0.3026,0.3035,0.293,0.2988,1547094.0
2023-11-13 19:15:00,0.2996,0.3012,0.2984,0.301,367067.0
2023-11-13 19:30:00,0.3013,0.3038,0.3,0.3012,581702.0
2023-11-13 19:45:00,0.3012,0.3051,0.3012,0.3035,559947.0
2023-11-13 20:00:00,0.3035,0.3051,0.302,0.3038,245834.0
2023-11-13 20:15:00,0.304,0.307,0.3028,0.303,517084.0
2023-11-13 20:30:00,0.303,0.305,0.3018,0.3045,349550.0
2023-11-13 20:45:00,0.3044,0.3064,0.3,0.3019,795189.0
2023-11-13 21:00:00,0.3017,0.303,0.2889,0.2919,3675351.0
2023-11-13 21:15:00,0.2922,0.2955,0.2905,0.2932,371910.0
2023-11-13 21:30:00,0.2931,0.2986,0.285,0.2947,1979082.0
2023-11-13 21:45:00,0.2943,0.2969,0.289,0.2915,1045186.0
2023-11-13 22:00:00,0.2913,0.2945,0.2901,0.2926,938988.0
2023-11-13 22:15:00,0.2925,0.2939,0.29,0.2901,322730.0
2023-11-13 22:30:00,0.2901,0.295,0.2891,0.2896,527682.0
2023-11-13 22:45:00,0.2896,0.292,0.2877,0.2887,489681.0
2023-11-13 23:00:00,0.2888,0.2933,0.2887,0.2917,318318.0
2023-11-13 23:15:00,0.2922,0.2939,0.2918,0.2924,281793.0
2023-11-13 23:30:00,0.2926,0.2965,0.2894,0.2894,619393.0
2023-11-13 23:45:00,0.2897,0.2921,0.287,0.2882,587447.0
2023-11-14 00:00:00,0.2883,0.2909,0.279,0.2836,3164420.0
2023-11-14 00:15:00,0.2834,0.286,0.2792,0.285,1601440.0
2023-11-14 00:30:00,0.2853,0.2911,0.283,0.2839,1446233.0
2023-11-14 00:45:00,0.2834,0.284,0.2759,0.277,1398748.0
2023-11-14 01:00:00,0.2766,0.2858,0.2764,0.2848,603293.0
2023-11-14 01:15:00,0.2848,0.2867,0.2834,0.2857,497102.0
2023-11-14 01:30:00,0.2856,0.2867,0.2832,0.2847,336770.0
2023-11-14 01:45:00,0.2847,0.2851,0.2825,0.2825,293535.0
2023-11-14 02:00:00,0.2831,0.2879,0.2831,0.287,535314.0
2023-11-14 02:15:00,0.2871,0.2879,0.2832,0.2846,477472.0
2023-11-14 02:30:00,0.2844,0.2869,0.283,0.2851,613478.0
2023-11-14 02:45:00,0.2852,0.2886,0.2849,0.2866,657007.0
2023-11-14 03:00:00,0.2866,0.2911,0.2864,0.2907,924197.0
2023-11-14 03:15:00,0.2906,0.2931,0.2897,0.2923,947485.0
2023-11-14 03:30:00,0.2923,0.2926,0.2878,0.2905,959465.0
2023-11-14 03:45:00,0.2906,0.2931,0.2887,0.2919,851634.0
2023-11-14 04:00:00,0.2918,0.2936,0.2887,0.2907,775985.0
2023-11-14 04:15:00,0.2903,0.2903,0.2866,0.2873,516808.0
2023-11-14 04:30:00,0.2874,0.2929,0.2871,0.2924,710837.0
2023-11-14 04:45:00,0.2926,0.294,0.2915,0.2932,687084.0
2023-11-14 05:00:00,0.2935,0.2955,0.2912,0.2952,1078824.0
2023-11-14 05:15:00,0.295,0.3009,0.2936,0.2948,2329796.0
2023-11-14 05:30:00,0.2949,0.2972,0.2916,0.296,1049314.0
2023-11-14 05:45:00,0.2959,0.2987,0.2946,0.2976,1070898.0
2023-11-14 06:00:00,0.2974,0.2987,0.2943,0.2968,713746.0
2023-11-14 06:15:00,0.2967,0.297,0.294,0.2941,629607.0
2023-11-14 06:30:00,0.2943,0.296,0.2924,0.2945,374105.0
2023-11-14 06:45:00,0.2944,0.297,0.294,0.2958,443655.0
2023-11-14 07:00:00,0.2958,0.297,0.2937,0.2944,312041.0
2023-11-14 07:15:00,0.2944,0.2968,0.2934,0.2939,412107.0
2023-11-14 07:30:00,0.2939,0.2961,0.2932,0.2961,319993.0
2023-11-14 07:45:00,0.2958,0.2997,0.2958,0.2978,766088.0
2023-11-14 08:00:00,0.2975,0.2981,0.2898,0.2931,1585212.0
2023-11-14 08:15:00,0.2931,0.2951,0.2917,0.2935,491028.0
2023-11-14 08:30:00,0.2935,0.2935,0.2909,0.2926,729295.0
2023-11-14 08:45:00,0.2926,0.2953,0.2918,0.2952,348225.0
2023-11-14 09:00:00,0.2952,0.2953,0.2914,0.2921,687245.0
2023-11-14 09:15:00,0.2924,0.2929,0.2885,0.29,1674693.0
2023-11-14 09:30:00,0.2899,0.2911,0.2879,0.2895,1223696.0
2023-11-14 09:45:00,0.2895,0.2895,0.2863,0.2863,546112.0
2023-11-14 10:00:00,0.2863,0.2889,0.2839,0.2875,765954.0
2023-11-14 10:15:00,0.2877,0.2897,0.2861,0.287,213605.0
2023-11-14 10:30:00,0.287,0.2879,0.283,0.2848,631118.0
2023-11-14 10:45:00,0.2846,0.2879,0.284,0.287,202268.0
2023-11-14 11:00:00,0.2871,0.2893,0.2848,0.2855,658109.0
2023-11-14 11:15:00,0.2855,0.2881,0.2809,0.2824,855175.0
2023-11-14 11:30:00,0.2827,0.2881,0.2825,0.2857,1069088.0
2023-11-14 11:45:00,0.2856,0.2883,0.2842,0.2862,638217.0
2023-11-14 12:00:00,0.2859,0.2878,0.2829,0.2848,804516.0
2023-11-14 12:15:00,0.285,0.2875,0.2823,0.2871,454004.0
2023-11-14 12:30:00,0.2867,0.2867,0.2823,0.285,542423.0
2023-11-14 12:45:00,0.2848,0.2887,0.2834,0.2866,687188.0
2023-11-14 13:00:00,0.2866,0.2887,0.2857,0.2873,426907.0
2023-11-14 13:15:00,0.2872,0.2875,0.2842,0.2856,402080.0
2023-11-14 13:30:00,0.2855,0.2932,0.2853,0.29,1714171.0
2023-11-14 13:45:00,0.2898,0.2921,0.2881,0.289,523488.0
2023-11-14 14:00:00,0.2888,0.2892,0.2854,0.2883,496677.0
2023-11-14 14:15:00,0.2882,0.291,0.2871,0.2893,701316.0
2023-11-14 14:30:00,0.2895,0.2921,0.2877,0.2901,622785.0
2023-11-14 14:45:00,0.2902,0.2926,0.29,0.2918,742051.0
2023-11-14 15:00:00,0.2918,0.2933,0.2863,0.2879,3039221.0
2023-11-14 15:15:00,0.2879,0.2885,0.2817,0.2841,1580465.0
2023-11-14 15:30:00,0.2844,0.2894,0.281,0.2885,1116142.0
2023-11-14 15:45:00,0.2888,0.293,0.2878,0.2914,1440147.0
2023-11-14 16:00:00,0.2914,0.2943,0.2895,0.2918,1431044.0
2023-11-14 16:15:00,0.2919,0.2929,0.2899,0.2925,602049.0
2023-11-14 16:30:00,0.2922,0.296,0.2914,0.2929,1063887.0
2023-11-14 16:45:00,0.2931,0.2938,0.2912,0.2917,448471.0
2023-11-14 17:00:00,0.2917,0.2932,0.2899,0.2907,371882.0
2023-11-14 17:15:00,0.2906,0.2922,0.289,0.29,397542.0
2023-11-14 17:30:00,0.2901,0.291,0.285,0.2887,766646.0
2023-11-14 17:45:00,0.2887,0.289,0.2854,0.2859,403293.0
2023-11-14 18:00:00,0.286,0.2873,0.283,0.2841,727440.0
2023-11-14 18:15:00,0.2845,0.2868,0.2841,0.2862,279571.0
2023-11-14 18:30:00,0.2862,0.2863,0.28,0.2826,742014.0
2023-11-14 18:45:00,0.2823,0.2835,0.2648,0.2698,3103267.0
2023-11-14 19:00:00,0.2698,0.2754,0.2672,0.2741,949433.0
2023-11-14 19:15:00,0.2739,0.276,0.27,0.274,1161668.0
2023-11-14 19:30:00,0.274,0.2769,0.2731,0.2762,378767.0
2023-11-14 19:45:00,0.276,0.2761,0.2728,0.2734,455677.0
2023-11-14 20:00:00,0.2735,0.2772,0.2725,0.2762,423028.0
2023-11-14 20:15:00,0.2765,0.279,0.2757,0.2758,230510.0
2023-11-14 20:30:00,0.2756,0.2775,0.2746,0.2759,195535.0
2023-11-14 20:45:00,0.2759,0.276,0.2731,0.2731,222226.0
2023-11-14 21:00:00,0.273,0.2753,0.2723,0.2731,531598.0
2023-11-14 21:15:00,0.2728,0.2749,0.2725,0.2729,173276.0
2023-11-14 21:30:00,0.2732,0.2766,0.2731,0.2756,148050.0
2023-11-14 21:45:00,0.2759,0.2774,0.2748,0.2773,196024.0
2023-11-14 22:00:00,0.2771,0.2794,0.277,0.2792,244687.0
2023-11-14 22:15:00,0.2792,0.2798,0.2774,0.278,257123.0
2023-11-14 22:30:00,0.2778,0.2803,0.2775,0.2801,229255.0
2023-11-14 22:45:00,0.28,0.2811,0.2791,0.2806,266654.0
2023-11-14 23:00:00,0.2803,0.2817,0.2797,0.2817,149494.0
2023-11-14 23:15:00,0.2819,0.2838,0.2818,0.2834,181356.0
2023-11-14 23:30:00,0.2837,0.2846,0.2822,0.283,199623.0
2023-11-14 23:45:00,0.2827,0.286,0.2818,0.2824,302581.0
2023-11-15 00:00:00,0.2824,0.285,0.2819,0.2827,296696.0
2023-11-15 00:15:00,0.2829,0.2873,0.2829,0.2858,277056.0
2023-11-15 00:30:00,0.2862,0.2862,0.2825,0.2843,372957.0
2023-11-15 00:45:00,0.2844,0.2856,0.2823,0.2826,317983.0
2023-11-15 01:00:00,0.2825,0.2855,0.2821,0.2854,175010.0
2023-11-15 01:15:00,0.2854,0.2873,0.2838,0.2842,247942.0
2023-11-15 01:30:00,0.2847,0.2849,0.2814,0.2819,177271.0
2023-11-15 01:45:00,0.2817,0.2819,0.2798,0.2816,303801.0
2023-11-15 02:00:00,0.2815,0.2839,0.2815,0.2832,336281.0
2023-11-15 02:15:00,0.2833,0.2843,0.2797,0.2834,679153.0
2023-11-15 02:30:00,0.2835,0.2854,0.2833,0.285,248559.0
2023-11-15 02:45:00,0.2854,0.2877,0.2852,0.2858,439602.0
2023-11-15 03:00:00,0.2859,0.2884,0.2849,0.2869,334555.0
2023-11-15 03:15:00,0.2867,0.291,0.2866,0.2898,582856.0
2023-11-15 03:30:00,0.2899,0.2927,0.2883,0.2915,998336.0
2023-11-15 03:45:00,0.2916,0.294,0.2905,0.2933,738625.0
2023-11-15 04:00:00,0.2934,0.2993,0.2907,0.2924,1294258.0
2023-11-15 04:15:00,0.2922,0.2998,0.2921,0.2987,798991.0
2023-11-15 04:30:00,0.2988,0.3009,0.2978,0.2987,566866.0
2023-11-15 04:45:00,0.2988,0.301,0.2958,0.3007,705921.0
2023-11-15 05:00:00,0.3007,0.3029,0.2968,0.2978,832416.0
2023-11-15 05:15:00,0.2978,0.3037,0.2978,0.3023,843762.0
2023-11-15 05:30:00,0.3018,0.3053,0.3011,0.304,609815.0
2023-11-15 05:45:00,0.3039,0.306,0.3031,0.3035,609487.0
2023-11-15 06:00:00,0.3035,0.3037,0.3002,0.3029,693581.0
2023-11-15 06:15:00,0.3027,0.303,0.3001,0.3005,338526.0
2023-11-15 06:30:00,0.3002,0.3028,0.2995,0.3024,402072.0
2023-11-15 06:45:00,0.3024,0.3063,0.3023,0.3044,421156.0
2023-11-15 07:00:00,0.3043,0.3062,0.3018,0.3035,272433.0
2023-11-15 07:15:00,0.3035,0.3043,0.2996,0.2997,824932.0
2023-11-15 07:30:00,0.3006,0.3016,0.2975,0.2986,338328.0
2023-11-15 07:45:00,0.2988,0.3042,0.2982,0.3008,526912.0
2023-11-15 08:00:00,0.3011,0.3036,0.3011,0.3034,214711.0
2023-11-15 08:15:00,0.3035,0.3057,0.303,0.3032,379897.0
2023-11-15 08:30:00,0.3032,0.3047,0.3013,0.3037,286626.0
2023-11-15 08:45:00,0.3038,0.3077,0.3018,0.3067,1095858.0
2023-11-15 09:00:00,0.307,0.3073,0.3025,0.3028,414722.0
2023-11-15 09:15:00,0.3028,0.3065,0.3023,0.3034,770113.0
2023-11-15 09:30:00,0.3034,0.3034,0.3,0.3007,793343.0
2023-11-15 09:45:00,0.3008,0.3026,0.2991,0.2991,421874.0
2023-11-15 10:00:00,0.2991,0.3084,0.2991,0.3062,802693.0
2023-11-15 10:15:00,0.3061,0.3145,0.3061,0.3113,1542674.0
2023-11-15 10:30:00,0.3113,0.315,0.31,0.3109,1259569.0
2023-11-15 10:45:00,0.311,0.3126,0.3089,0.3121,749498.0
2023-11-15 11:00:00,0.312,0.313,0.3097,0.31,574377.0
2023-11-15 11:15:00,0.31,0.315,0.3062,0.3134,816016.0
2023-11-15 11:30:00,0.313,0.3161,0.3117,0.3144,1212543.0
2023-11-15 11:45:00,0.3144,0.3184,0.3125,0.3183,910378.0
2023-11-15 12:00:00,0.3178,0.325,0.3133,0.3151,1665579.0
2023-11-15 12:15:00,0.3149,0.3182,0.3145,0.3158,559741.0
2023-11-15 12:30:00,0.3159,0.3199,0.3138,0.3176,651577.0
2023-11-15 12:45:00,0.3177,0.3188,0.3143,0.3149,517748.0
2023-11-15 13:00:00,0.3148,0.3161,0.3107,0.3128,887649.0
2023-11-15 13:15:00,0.3127,0.3143,0.3102,0.3125,589394.0
2023-11-15 13:30:00,0.3121,0.3138,0.3101,0.3106,860390.0
2023-11-15 13:45:00,0.3106,0.3124,0.3075,0.3102,983677.0
2023-11-15 14:00:00,0.3101,0.316,0.31,0.3132,433178.0
2023-11-15 14:15:00,0.3132,0.3172,0.313,0.3146,722259.0
2023-11-15 14:30:00,0.3148,0.3158,0.3111,0.3128,547864.0
2023-11-15 14:45:00,0.3126,0.3138,0.3109,0.3118,487761.0
2023-11-15 15:00:00,0.3121,0.3159,0.3121,0.3152,296925.0
2023-11-15 15:15:00,0.3148,0.3156,0.3128,0.3133,265708.0
2023-11-15 15:30:00,0.3137,0.3151,0.3121,0.3122,363214.0
2023-11-15 15:45:00,0.3121,0.314,0.3109,0.314,373057.0
2023-11-15 16:00:00,0.3137,0.3166,0.3124,0.3124,419458.0
2023-11-15 16:15:00,0.3123,0.3127,0.3088,0.3106,747792.0
2023-11-15 16:30:00,0.3103,0.3159,0.3102,0.3149,552343.0
2023-11-15 16:45:00,0.3152,0.317,0.3135,0.3143,454004.0
2023-11-15 17:00:00,0.3141,0.3142,0.3086,0.309,973321.0
2023-11-15 17:15:00,0.3089,0.3108,0.3078,0.3095,650236.0
2023-11-15 17:30:00,0.3096,0.3108,0.309,0.3096,201892.0
2023-11-15 17:45:00,0.3095,0.3111,0.3046,0.3064,782706.0
2023-11-15 18:00:00,0.3066,0.3121,0.2995,0.3116,1030620.0
2023-11-15 18:15:00,0.3122,0.3157,0.31,0.3114,1109738.0
2023-11-15 18:30:00,0.3117,0.3134,0.3081,0.3124,690638.0
2023-11-15 18:45:00,0.3126,0.3132,0.3109,0.3127,283936.0
2023-11-15 19:00:00,0.3128,0.3135,0.3098,0.3098,201277.0
2023-11-15 19:15:00,0.3105,0.3127,0.3081,0.3127,418810.0
2023-11-15 19:30:00,0.3127,0.3143,0.3122,0.3134,197086.0
2023-11-15 19:45:00,0.3134,0.3145,0.3126,0.3143,139405.0
2023-11-15 20:00:00,0.314,0.315,0.3129,0.3132,576488.0
2023-11-15 20:15:00,0.3132,0.3147,0.3125,0.3128,123615.0
2023-11-15 20:30:00,0.3125,0.3129,0.3097,0.31,193646.0
2023-11-15 20:45:00,0.3101,0.311,0.3086,0.3089,557435.0
2023-11-15 21:00:00,0.3094,0.3094,0.3078,0.3086,98776.0
2023-11-15 21:15:00,0.3084,0.3104,0.3077,0.3088,81286.0
2023-11-15 21:30:00,0.3088,0.3095,0.3063,0.3077,182383.0
2023-11-15 21:45:00,0.3076,0.3085,0.3066,0.3077,131524.0
2023-11-15 22:00:00,0.3079,0.3104,0.3071,0.3104,127319.0
2023-11-15 22:15:00,0.3102,0.3122,0.3089,0.3118,115231.0
2023-11-15 22:30:00,0.3118,0.3133,0.3118,0.3133,157012.0
2023-11-15 22:45:00,0.3131,0.3133,0.3102,0.3106,220761.0
2023-11-15 23:00:00,0.3106,0.3118,0.3091,0.3106,303444.0
2023-11-15 23:15:00,0.311,0.3112,0.3091,0.3104,95079.0
2023-11-15 23:30:00,0.3101,0.311,0.3098,0.3108,215849.0
2023-11-15 23:45:00,0.3107,0.3107,0.3089,0.31,236471.0
2023-11-16 00:00:00,0.31,0.3107,0.3083,0.3102,235871.0
2023-11-16 00:15:00,0.3103,0.3136,0.3102,0.3126,372040.0
2023-11-16 00:30:00,0.3125,0.3154,0.312,0.3132,612851.0
2023-11-16 00:45:00,0.3134,0.3162,0.3133,0.3145,301907.0
2023-11-16 01:00:00,0.3145,0.3156,0.3126,0.3127,276250.0
2023-11-16 01:15:00,0.3123,0.3137,0.3079,0.3127,789015.0
2023-11-16 01:30:00,0.3129,0.3145,0.3113,0.3145,391811.0
2023-11-16 01:45:00,0.3145,0.3148,0.3125,0.3129,173852.0
2023-11-16 02:00:00,0.3129,0.3149,0.312,0.3149,347221.0
2023-11-16 02:15:00,0.3149,0.3202,0.3147,0.3186,860203.0
2023-11-16 02:30:00,0.3183,0.3228,0.3171,0.3205,762363.0
2023-11-16 02:45:00,0.3205,0.324,0.3172,0.3177,457815.0
2023-11-16 03:00:00,0.3172,0.3173,0.3146,0.3153,418697.0
2023-11-16 03:15:00,0.3152,0.3152,0.3125,0.3128,290091.0
2023-11-16 03:30:00,0.3128,0.3149,0.3124,0.3139,203726.0
2023-11-16 03:45:00,0.3135,0.3145,0.3129,0.3143,216165.0
2023-11-16 04:00:00,0.3144,0.3146,0.3108,0.3122,576645.0
2023-11-16 04:15:00,0.3123,0.3138,0.3116,0.3122,488637.0
2023-11-16 04:30:00,0.3125,0.3146,0.3124,0.3133,195294.0
2023-11-16 04:45:00,0.3133,0.3148,0.313,0.3137,124922.0
2023-11-16 05:00:00,0.3136,0.3136,0.3108,0.3118,204468.0
2023-11-16 05:15:00,0.312,0.312,0.31,0.3109,266391.0
2023-11-16 05:30:00,0.311,0.314,0.3108,0.3138,139364.0
2023-11-16 05:45:00,0.3139,0.3145,0.3127,0.3141,148955.0
2023-11-16 06:00:00,0.3141,0.3153,0.3133,0.3145,283487.0
2023-11-16 06:15:00,0.3144,0.315,0.3135,0.3149,145319.0
2023-11-16 06:30:00,0.3152,0.3156,0.3135,0.3155,228785.0
2023-11-16 06:45:00,0.3155,0.325,0.3148,0.3234,1043506.0
2023-11-16 07:00:00,0.3234,0.3242,0.3188,0.319,524495.0
2023-11-16 07:15:00,0.319,0.3224,0.3169,0.3215,874668.0
2023-11-16 07:30:00,0.3213,0.3242,0.319,0.3225,541389.0
2023-11-16 07:45:00,0.3226,0.3235,0.3202,0.3219,579782.0
2023-11-16 08:00:00,0.3218,0.3266,0.3204,0.3222,1413193.0
2023-11-16 08:15:00,0.3221,0.3232,0.3159,0.3179,783643.0
2023-11-16 08:30:00,0.318,0.3269,0.3169,0.3265,986066.0
2023-11-16 08:45:00,0.3264,0.3306,0.326,0.3278,1929381.0
2023-11-16 09:00:00,0.3279,0.3305,0.323,0.3282,1293409.0
2023-11-16 09:15:00,0.3283,0.3334,0.3276,0.329,1036946.0
2023-11-16 09:30:00,0.3292,0.333,0.3273,0.3275,1136689.0
2023-11-16 09:45:00,0.3275,0.329,0.3259,0.3259,862784.0
2023-11-16 10:00:00,0.3259,0.3262,0.3188,0.3215,1243180.0
2023-11-16 10:15:00,0.3213,0.3218,0.3165,0.3167,918003.0
2023-11-16 10:30:00,0.3167,0.318,0.3142,0.3179,732610.0
2023-11-16 10:45:00,0.3176,0.319,0.3142,0.3144,423148.0
2023-11-16 11:00:00,0.3147,0.3189,0.312,0.3185,1292828.0
2023-11-16 11:15:00,0.3184,0.3188,0.3155,0.3167,352974.0
2023-11-16 11:30:00,0.3167,0.3177,0.3152,0.3159,268543.0
2023-11-16 11:45:00,0.3161,0.3162,0.3122,0.3127,573605.0
2023-11-16 12:00:00,0.3129,0.3131,0.3069,0.3095,1392328.0
2023-11-16 12:15:00,0.3095,0.3098,0.3006,0.3025,1638854.0
2023-11-16 12:30:00,0.3026,0.3053,0.3018,0.3041,788328.0
2023-11-16 12:45:00,0.3041,0.3053,0.2993,0.3028,985644.0
2023-11-16 13:00:00,0.3027,0.3037,0.2974,0.2977,706924.0
2023-11-16 13:15:00,0.2979,0.2979,0.2911,0.2964,1275530.0
2023-11-16 13:30:00,0.2964,0.298,0.295,0.2959,707298.0
2023-11-16 13:45:00,0.2958,0.3006,0.2956,0.3005,408192.0
2023-11-16 14:00:00,0.3001,0.3021,0.2975,0.2994,408440.0
2023-11-16 14:15:00,0.2995,0.3003,0.2954,0.2962,423802.0
2023-11-16 14:30:00,0.2964,0.302,0.2953,0.3019,448194.0
2023-11-16 14:45:00,0.3019,0.3057,0.3015,0.3034,602101.0
2023-11-16 15:00:00,0.3034,0.3042,0.3008,0.3017,308291.0
2023-11-16 15:15:00,0.3014,0.3031,0.3003,0.3017,495232.0
2023-11-16 15:30:00,0.3016,0.3033,0.2957,0.2989,769775.0
2023-11-16 15:45:00,0.2988,0.2991,0.2913,0.2963,920533.0
2023-11-16 16:00:00,0.2964,0.2985,0.2963,0.2978,327658.0
2023-11-16 16:15:00,0.2974,0.2995,0.2974,0.2983,281620.0
2023-11-16 16:30:00,0.2982,0.3009,0.2979,0.299,211618.0
2023-11-16 16:45:00,0.2989,0.3004,0.2976,0.2995,381999.0
2023-11-16 17:00:00,0.2996,0.3008,0.2983,0.2993,89488.0
2023-11-16 17:15:00,0.2993,0.3049,0.2992,0.3016,409722.0
2023-11-16 17:30:00,0.3014,0.3024,0.2999,0.3,149771.0
2023-11-16 17:45:00,0.3002,0.3012,0.2971,0.2976,159333.0
2023-11-16 18:00:00,0.2973,0.2988,0.2965,0.298,122679.0
2023-11-16 18:15:00,0.2984,0.2984,0.2934,0.2964,416711.0
2023-11-16 18:30:00,0.296,0.2972,0.2953,0.2957,149420.0
2023-11-16 18:45:00,0.2958,0.2964,0.294,0.2959,244684.0
2023-11-16 19:00:00,0.2958,0.2968,0.2888,0.291,482225.0
2023-11-16 19:15:00,0.2908,0.2935,0.2866,0.29,614576.0
2023-11-16 19:30:00,0.2899,0.2923,0.2877,0.2921,393746.0
2023-11-16 19:45:00,0.292,0.297,0.2917,0.2968,326405.0
2023-11-16 20:00:00,0.2964,0.2999,0.2952,0.2957,410068.0
2023-11-16 20:15:00,0.2956,0.2959,0.2922,0.2945,304059.0
2023-11-16 20:30:00,0.2942,0.2959,0.2938,0.2945,170430.0
2023-11-16 20:45:00,0.2939,0.2941,0.2915,0.2919,116749.0
2023-11-16 21:00:00,0.2914,0.2921,0.2884,0.2891,337264.0
2023-11-16 21:15:00,0.2889,0.2904,0.2852,0.2873,603443.0
2023-11-16 21:30:00,0.2875,0.2894,0.2863,0.287,361894.0
2023-11-16 21:45:00,0.287,0.2893,0.2829,0.2866,752594.0
2023-11-16 22:00:00,0.2864,0.2891,0.2846,0.287,339251.0
2023-11-16 22:15:00,0.2871,0.2908,0.2871,0.2885,287283.0
2023-11-16 22:30:00,0.2884,0.2909,0.2879,0.2902,338711.0
2023-11-16 22:45:00,0.2902,0.2912,0.2889,0.2889,202306.0
2023-11-16 23:00:00,0.2889,0.2889,0.2851,0.2852,248069.0
2023-11-16 23:15:00,0.285,0.2851,0.2822,0.284,361575.0
2023-11-16 23:30:00,0.2841,0.2868,0.2833,0.2867,121497.0
2023-11-16 23:45:00,0.2865,0.2874,0.2853,0.2865,276835.0
2023-11-17 00:00:00,0.2863,0.2885,0.2862,0.2874,185850.0
2023-11-17 00:15:00,0.2873,0.2915,0.2873,0.2907,368527.0
2023-11-17 00:30:00,0.2909,0.2935,0.2894,0.293,302470.0
2023-11-17 00:45:00,0.293,0.2943,0.2918,0.2937,214528.0
2023-11-17 01:00:00,0.2937,0.2944,0.2926,0.2935,405146.0
2023-11-17 01:15:00,0.293,0.2957,0.2928,0.2956,201495.0
2023-11-17 01:30:00,0.2955,0.297,0.2947,0.2967,189114.0
2023-11-17 01:45:00,0.297,0.2995,0.2968,0.2995,251349.0
2023-11-17 02:00:00,0.2994,0.2994,0.2973,0.2981,453908.0
2023-11-17 02:15:00,0.2983,0.3013,0.2983,0.3002,454676.0
2023-11-17 02:30:00,0.3,0.3008,0.297,0.298,1362737.0
2023-11-17 02:45:00,0.2981,0.3005,0.2967,0.2992,213667.0
2023-11-17 03:00:00,0.2993,0.2998,0.296,0.2975,245530.0
2023-11-17 03:15:00,0.2973,0.2978,0.2951,0.2978,338942.0
2023-11-17 03:30:00,0.2978,0.2983,0.2965,0.2977,111678.0
2023-11-17 03:45:00,0.2973,0.2984,0.297,0.2976,131184.0
2023-11-17 04:00:00,0.2977,0.2987,0.2946,0.2951,130755.0
2023-11-17 04:15:00,0.2949,0.2968,0.2948,0.2958,209740.0
2023-11-17 04:30:00,0.296,0.2973,0.2947,0.2961,180045.0
2023-11-17 04:45:00,0.296,0.297,0.2953,0.2958,166587.0
2023-11-17 05:00:00,0.2957,0.2968,0.2953,0.2957,131431.0
2023-11-17 05:15:00,0.2953,0.2972,0.2941,0.2955,483134.0
2023-11-17 05:30:00,0.2955,0.2964,0.2948,0.296,87840.0
2023-11-17 05:45:00,0.2961,0.2979,0.2958,0.2975,177117.0
2023-11-17 06:00:00,0.2976,0.2976,0.2956,0.2961,172804.0
2023-11-17 06:15:00,0.296,0.2995,0.2955,0.2989,301812.0
2023-11-17 06:30:00,0.299,0.3001,0.2987,0.2993,344128.0
2023-11-17 06:45:00,0.2992,0.3006,0.2983,0.2988,560037.0
2023-11-17 07:00:00,0.2987,0.2992,0.2969,0.2974,421272.0
2023-11-17 07:15:00,0.297,0.2977,0.2941,0.295,551332.0
2023-11-17 07:30:00,0.2949,0.2956,0.2924,0.2931,510022.0
2023-11-17 07:45:00,0.2931,0.2938,0.2889,0.2912,782037.0
2023-11-17 08:00:00,0.2911,0.2949,0.2903,0.291,342256.0
2023-11-17 08:15:00,0.291,0.2949,0.291,0.2948,393873.0
2023-11-17 08:30:00,0.295,0.2969,0.2949,0.296,213854.0
2023-11-17 08:45:00,0.2965,0.2973,0.2955,0.296,101995.0
2023-11-17 09:00:00,0.2963,0.2965,0.2932,0.2946,213533.0
2023-11-17 09:15:00,0.2945,0.2959,0.2929,0.293,315661.0
2023-11-17 09:30:00,0.2932,0.2932,0.2893,0.2907,406432.0
2023-11-17 09:45:00,0.2908,0.2914,0.2892,0.2902,362725.0
2023-11-17 10:00:00,0.2905,0.2909,0.2849,0.2859,586858.0
2023-11-17 10:15:00,0.2858,0.2868,0.282,0.2843,737533.0
2023-11-17 10:30:00,0.2841,0.2864,0.2835,0.284,556174.0
2023-11-17 10:45:00,0.2839,0.285,0.2813,0.2845,665100.0
2023-11-17 11:00:00,0.2848,0.2857,0.2827,0.2843,558068.0
2023-11-17 11:15:00,0.2844,0.2844,0.2813,0.2836,508708.0
2023-11-17 11:30:00,0.2836,0.2836,0.2813,0.282,299736.0
2023-11-17 11:45:00,0.282,0.282,0.2789,0.2802,576588.0
2023-11-17 12:00:00,0.2803,0.2815,0.2784,0.2787,351091.0
2023-11-17 12:15:00,0.2786,0.2787,0.2753,0.2766,690330.0
2023-11-17 12:30:00,0.2766,0.2785,0.2748,0.276,497803.0
2023-11-17 12:45:00,0.2759,0.2796,0.2759,0.2794,269346.0
2023-11-17 13:00:00,0.2797,0.2849,0.2796,0.2846,722842.0
2023-11-17 13:15:00,0.2845,0.2857,0.2806,0.2811,314355.0
2023-11-17 13:30:00,0.281,0.2825,0.2793,0.2802,399608.0
2023-11-17 13:45:00,0.2805,0.2806,0.2769,0.2777,356648.0
2023-11-17 14:00:00,0.2777,0.28,0.2761,0.2772,487837.0
2023-11-17 14:15:00,0.2773,0.2785,0.2761,0.277,427969.0
2023-11-17 14:30:00,0.2777,0.2782,0.2736,0.2738,501711.0
2023-11-17 14:45:00,0.2738,0.2743,0.2709,0.2738,789032.0
2023-11-17 15:00:00,0.2738,0.2771,0.2721,0.2768,342114.0
2023-11-17 15:15:00,0.2766,0.277,0.2706,0.2726,527565.0
2023-11-17 15:30:00,0.2729,0.2735,0.268,0.2686,1197333.0
2023-11-17 15:45:00,0.2685,0.2699,0.2668,0.2683,660486.0
2023-11-17 16:00:00,0.268,0.2723,0.2667,0.2717,492347.0
2023-11-17 16:15:00,0.2719,0.2733,0.2715,0.2726,298654.0
2023-11-17 16:30:00,0.2727,0.2728,0.2694,0.2714,564997.0
2023-11-17 16:45:00,0.2714,0.272,0.2705,0.2718,96560.0
2023-11-17 17:00:00,0.2719,0.2789,0.2714,0.2755,665412.0
2023-11-17 17:15:00,0.2759,0.278,0.2744,0.2757,288827.0
2023-11-17 17:30:00,0.2757,0.2776,0.2743,0.2774,106842.0
2023-11-17 17:45:00,0.2771,0.2782,0.2765,0.2778,411746.0
2023-11-17 18:00:00,0.2776,0.2782,0.2755,0.278,160081.0
2023-11-17 18:15:00,0.2779,0.278,0.2757,0.2765,157522.0
2023-11-17 18:30:00,0.2767,0.2779,0.276,0.2767,52375.0
2023-11-17 18:45:00,0.2765,0.279,0.2761,0.2781,132789.0
2023-11-17 19:00:00,0.2781,0.2784,0.2751,0.276,93897.0
2023-11-17 19:15:00,0.2763,0.2769,0.2742,0.2747,133228.0
2023-11-17 19:30:00,0.2748,0.2761,0.274,0.2746,74600.0
2023-11-17 19:45:00,0.2748,0.2752,0.2739,0.274,124827.0
2023-11-17 20:00:00,0.2742,0.2777,0.2739,0.2772,120082.0
2023-11-17 20:15:00,0.277,0.2771,0.2753,0.2756,44683.0
2023-11-17 20:30:00,0.2753,0.2753,0.2733,0.2733,234585.0
2023-11-17 20:45:00,0.2733,0.2752,0.2731,0.2743,121470.0
2023-11-17 21:00:00,0.274,0.2752,0.2738,0.2747,147388.0
2023-11-17 21:15:00,0.2746,0.275,0.272,0.2734,139807.0
2023-11-17 21:30:00,0.273,0.274,0.2727,0.2734,78246.0
2023-11-17 21:45:00,0.2733,0.2744,0.273,0.2738,57669.0
2023-11-17 22:00:00,0.2736,0.2756,0.2735,0.2752,60072.0
2023-11-17 22:15:00,0.275,0.2765,0.2734,0.276,103346.0
2023-11-17 22:30:00,0.276,0.2768,0.2754,0.2758,81488.0
2023-11-17 22:45:00,0.2755,0.2788,0.2755,0.2788,247793.0
2023-11-17 23:00:00,0.2782,0.2798,0.2781,0.2792,199850.0
2023-11-17 23:15:00,0.2792,0.2795,0.2767,0.2767,84372.0
2023-11-17 23:30:00,0.2767,0.2783,0.2761,0.2781,503466.0
2023-11-17 23:45:00,0.278,0.2789,0.2769,0.2785,420384.0
2023-11-18 00:00:00,0.2784,0.2791,0.2758,0.2763,621532.0
2023-11-18 00:15:00,0.2763,0.2772,0.276,0.2762,234403.0
2023-11-18 00:30:00,0.2761,0.2772,0.2738,0.2738,649284.0
2023-11-18 00:45:00,0.2738,0.2754,0.2734,0.2737,303725.0
2023-11-18 01:00:00,0.2738,0.2754,0.2729,0.2733,95404.0
2023-11-18 01:15:00,0.2733,0.2756,0.2732,0.2753,301456.0
2023-11-18 01:30:00,0.2753,0.2767,0.2723,0.2736,435347.0
2023-11-18 01:45:00,0.2737,0.2742,0.2709,0.2717,519369.0
2023-11-18 02:00:00,0.2717,0.2743,0.2715,0.2742,199751.0
2023-11-18 02:15:00,0.274,0.2748,0.273,0.2741,86197.0
2023-11-18 02:30:00,0.2741,0.2745,0.2728,0.2739,83549.0
2023-11-18 02:45:00,0.2741,0.2741,0.272,0.2721,171929.0
2023-11-18 03:00:00,0.2722,0.2727,0.27,0.271,321951.0
2023-11-18 03:15:00,0.2707,0.2707,0.2685,0.2693,388322.0
2023-11-18 03:30:00,0.2695,0.2699,0.2685,0.2695,315064.0
2023-11-18 03:45:00,0.2695,0.2703,0.2679,0.2684,243303.0
2023-11-18 04:00:00,0.2685,0.2715,0.2679,0.2713,243662.0
2023-11-18 04:15:00,0.2711,0.2728,0.2711,0.2722,247801.0
2023-11-18 04:30:00,0.2721,0.2722,0.2706,0.2715,94718.0
2023-11-18 04:45:00,0.2716,0.2718,0.2691,0.2691,141768.0
2023-11-18 05:00:00,0.2693,0.2694,0.266,0.2663,362258.0
2023-11-18 05:15:00,0.266,0.2667,0.2637,0.2645,552288.0
2023-11-18 05:30:00,0.2646,0.2666,0.2642,0.2653,300713.0
2023-11-18 05:45:00,0.2652,0.2654,0.2605,0.2623,1057907.0
2023-11-18 06:00:00,0.2623,0.265,0.2619,0.2639,408286.0
2023-11-18 06:15:00,0.2639,0.264,0.2568,0.2609,2297783.0
2023-11-18 06:30:00,0.261,0.2613,0.2585,0.26,300117.0
2023-11-18 06:45:00,0.26,0.26,0.2552,0.257,1115836.0
2023-11-18 07:00:00,0.257,0.2592,0.2521,0.2575,2003017.0
2023-11-18 07:15:00,0.2577,0.2612,0.2577,0.2606,405823.0
2023-11-18 07:30:00,0.2605,0.2647,0.2604,0.2615,389404.0
2023-11-18 07:45:00,0.2615,0.2632,0.2607,0.263,232819.0
2023-11-18 08:00:00,0.263,0.2639,0.2612,0.2619,439921.0
2023-11-18 08:15:00,0.262,0.2622,0.261,0.2615,113895.0
2023-11-18 08:30:00,0.2618,0.2644,0.2617,0.2639,425895.0
2023-11-18 08:45:00,0.2638,0.2639,0.2623,0.2629,232355.0
2023-11-18 09:00:00,0.2629,0.2637,0.2619,0.2625,267660.0
2023-11-18 09:15:00,0.2626,0.2642,0.2625,0.2635,218393.0
2023-11-18 09:30:00,0.2633,0.2644,0.2629,0.2644,133035.0
2023-11-18 09:45:00,0.2644,0.2644,0.2628,0.2632,124680.0
2023-11-18 10:00:00,0.2632,0.2657,0.2627,0.2656,248969.0
2023-11-18 10:15:00,0.2656,0.2664,0.2651,0.2662,269876.0
2023-11-18 10:30:00,0.2665,0.268,0.2654,0.2678,309857.0
2023-11-18 10:45:00,0.2679,0.2709,0.2659,0.269,911989.0
2023-11-18 11:00:00,0.2688,0.2688,0.2672,0.2679,127868.0
2023-11-18 11:15:00,0.2678,0.2682,0.2667,0.268,146858.0
2023-11-18 11:30:00,0.2679,0.2731,0.2664,0.2676,948902.0
2023-11-18 11:45:00,0.2674,0.268,0.2647,0.2651,795249.0
2023-11-18 12:00:00,0.2653,0.266,0.2642,0.2652,153158.0
2023-11-18 12:15:00,0.2651,0.2688,0.2648,0.2682,151097.0
2023-11-18 12:30:00,0.2683,0.2713,0.2663,0.2682,1121530.0
2023-11-18 12:45:00,0.2687,0.2693,0.2678,0.268,75268.0
2023-11-18 13:00:00,0.2679,0.2688,0.2668,0.2669,203838.0
2023-11-18 13:15:00,0.2669,0.2672,0.262,0.2672,414615.0
2023-11-18 13:30:00,0.267,0.2675,0.2654,0.2666,148782.0
2023-11-18 13:45:00,0.2667,0.2667,0.2647,0.2652,112572.0
2023-11-18 14:00:00,0.2651,0.2666,0.2648,0.2666,144052.0
2023-11-18 14:15:00,0.2665,0.2696,0.2665,0.2692,238699.0
2023-11-18 14:30:00,0.2691,0.2698,0.2676,0.2685,151451.0
2023-11-18 14:45:00,0.2685,0.2699,0.2677,0.2692,145094.0
2023-11-18 15:00:00,0.269,0.271,0.2677,0.2709,256007.0
2023-11-18 15:15:00,0.2705,0.2725,0.2698,0.272,179135.0
2023-11-18 15:30:00,0.272,0.2728,0.271,0.2721,206460.0
2023-11-18 15:45:00,0.2721,0.2734,0.2718,0.2724,365163.0
2023-11-18 16:00:00,0.2724,0.2746,0.2723,0.274,245453.0
2023-11-18 16:15:00,0.2738,0.2738,0.2712,0.2723,303240.0
2023-11-18 16:30:00,0.2722,0.2722,0.2698,0.2717,154461.0
2023-11-18 16:45:00,0.2715,0.2715,0.2695,0.2697,114967.0
2023-11-18 17:00:00,0.2696,0.2705,0.2681,0.2705,310636.0
2023-11-18 17:15:00,0.2703,0.2717,0.27,0.2703,114319.0
2023-11-18 17:30:00,0.2701,0.2711,0.2698,0.2703,114670.0
2023-11-18 17:45:00,0.2701,0.2711,0.2699,0.2708,108462.0
2023-11-18 18:00:00,0.271,0.271,0.2695,0.2698,74467.0
2023-11-18 18:15:00,0.2698,0.27,0.2691,0.2697,89322.0
2023-11-18 18:30:00,0.2697,0.2713,0.2694,0.2712,63301.0
2023-11-18 18:45:00,0.2711,0.2721,0.271,0.2718,92998.0
2023-11-18 19:00:00,0.2717,0.2737,0.2703,0.2711,480289.0
2023-11-18 19:15:00,0.2709,0.2717,0.2701,0.2716,76782.0
2023-11-18 19:30:00,0.2715,0.2718,0.2707,0.2707,66207.0
2023-11-18 19:45:00,0.2708,0.2717,0.2704,0.2712,79948.0
2023-11-18 20:00:00,0.2714,0.2724,0.27,0.27,71501.0
2023-11-18 20:15:00,0.2701,0.2713,0.2701,0.2706,51654.0
2023-11-18 20:30:00,0.2706,0.2717,0.2706,0.2711,22217.0
2023-11-18 20:45:00,0.2713,0.2715,0.27,0.2704,26756.0
2023-11-18 21:00:00,0.2701,0.2715,0.2699,0.2714,31464.0
2023-11-18 21:15:00,0.2715,0.2715,0.2702,0.2705,25804.0
2023-11-18 21:30:00,0.2702,0.2715,0.27,0.2712,43447.0
2023-11-18 21:45:00,0.2712,0.2723,0.2708,0.2709,129246.0
2023-11-18 22:00:00,0.271,0.2716,0.2699,0.2699,51572.0
2023-11-18 22:15:00,0.2699,0.2709,0.2687,0.27,106044.0
2023-11-18 22:30:00,0.2707,0.2714,0.2706,0.2706,207147.0
2023-11-18 22:45:00,0.2706,0.2721,0.2705,0.2716,143779.0
2023-11-18 23:00:00,0.2714,0.2721,0.2702,0.2705,43878.0
2023-11-18 23:15:00,0.2706,0.2717,0.2703,0.2709,39655.0
2023-11-18 23:30:00,0.271,0.2718,0.2705,0.2718,39730.0
2023-11-18 23:45:00,0.2718,0.2735,0.2712,0.272,515049.0
2023-11-19 00:00:00,0.272,0.272,0.2683,0.2695,148980.0
2023-11-19 00:15:00,0.2692,0.2716,0.2687,0.2708,117914.0
2023-11-19 00:30:00,0.271,0.2715,0.2694,0.2699,154918.0
2023-11-19 00:45:00,0.2699,0.2703,0.2659,0.2665,220343.0
2023-11-19 01:00:00,0.2668,0.2683,0.2657,0.2671,309763.0
2023-11-19 01:15:00,0.267,0.2679,0.2648,0.2654,263232.0
2023-11-19 01:30:00,0.2654,0.2669,0.2638,0.2664,245567.0
2023-11-19 01:45:00,0.2665,0.269,0.2664,0.2678,84119.0
2023-11-19 02:00:00,0.2678,0.2684,0.2664,0.2664,49356.0
2023-11-19 02:15:00,0.2667,0.2672,0.2649,0.2671,172125.0
2023-11-19 02:30:00,0.267,0.2684,0.2664,0.268,136429.0
2023-11-19 02:45:00,0.2679,0.2689,0.2675,0.2675,123423.0
2023-11-19 03:00:00,0.2674,0.2681,0.267,0.2681,113741.0
2023-11-19 03:15:00,0.2678,0.2678,0.266,0.2661,82115.0
2023-11-19 03:30:00,0.2659,0.2689,0.2659,0.2686,59751.0
2023-11-19 03:45:00,0.2686,0.2725,0.2682,0.272,246263.0
2023-11-19 04:00:00,0.272,0.2725,0.2701,0.2718,345313.0
2023-11-19 04:15:00,0.272,0.2722,0.2701,0.2712,75259.0
2023-11-19 04:30:00,0.2711,0.2721,0.2704,0.271,26546.0
2023-11-19 04:45:00,0.2709,0.2728,0.2707,0.2728,97197.0
2023-11-19 05:00:00,0.2726,0.2731,0.2717,0.2731,117443.0
2023-11-19 05:15:00,0.2731,0.2738,0.272,0.2734,219044.0
2023-11-19 05:30:00,0.2733,0.2734,0.2718,0.2727,103646.0
2023-11-19 05:45:00,0.2725,0.274,0.2723,0.2739,186293.0
2023-11-19 06:00:00,0.2736,0.2768,0.2728,0.2762,533428.0
2023-11-19 06:15:00,0.2762,0.2787,0.2758,0.2767,376627.0
2023-11-19 06:30:00,0.2766,0.278,0.2759,0.2778,144750.0
2023-11-19 06:45:00,0.2778,0.28,0.2774,0.2792,613284.0
2023-11-19 07:00:00,0.2793,0.28,0.2773,0.278,559121.0
2023-11-19 07:15:00,0.2779,0.2811,0.2778,0.279,652769.0
2023-11-19 07:30:00,0.2792,0.2801,0.278,0.2785,413590.0
2023-11-19 07:45:00,0.2784,0.2788,0.2776,0.2779,108293.0
2023-11-19 08:00:00,0.2781,0.2785,0.2763,0.2785,204864.0
2023-11-19 08:15:00,0.2785,0.2798,0.2774,0.279,134117.0
2023-11-19 08:30:00,0.279,0.2794,0.2765,0.277,120282.0
2023-11-19 08:45:00,0.2769,0.2769,0.2751,0.2757,131678.0
2023-11-19 09:00:00,0.2756,0.2761,0.2739,0.2747,210891.0
2023-11-19 09:15:00,0.2748,0.2754,0.2741,0.2753,173236.0
2023-11-19 09:30:00,0.2754,0.2771,0.2749,0.2767,376081.0
2023-11-19 09:45:00,0.2765,0.2765,0.2755,0.2761,50219.0
2023-11-19 10:00:00,0.2761,0.2764,0.2739,0.2743,180532.0
2023-11-19 10:15:00,0.2743,0.2746,0.2714,0.2723,257721.0
2023-11-19 10:30:00,0.2723,0.273,0.2717,0.2718,145752.0
2023-11-19 10:45:00,0.2723,0.2727,0.2715,0.2716,226715.0
2023-11-19 11:00:00,0.2716,0.2718,0.2705,0.2706,186908.0
2023-11-19 11:15:00,0.2706,0.2708,0.2597,0.2653,2510423.0
2023-11-19 11:30:00,0.2651,0.268,0.2651,0.2677,329148.0
2023-11-19 11:45:00,0.2676,0.2684,0.2665,0.268,317698.0
2023-11-19 12:00:00,0.2681,0.2688,0.267,0.2688,207350.0
2023-11-19 12:15:00,0.2689,0.2691,0.2661,0.2672,231763.0
2023-11-19 12:30:00,0.2671,0.2671,0.2644,0.2656,231216.0
2023-11-19 12:45:00,0.2656,0.2696,0.2655,0.2676,375124.0
2023-11-19 13:00:00,0.2677,0.2689,0.2673,0.2678,118262.0
2023-11-19 13:15:00,0.268,0.2684,0.2673,0.2684,64214.0
2023-11-19 13:30:00,0.2685,0.2691,0.268,0.2685,95013.0
2023-11-19 13:45:00,0.2683,0.2685,0.2671,0.2671,108742.0
2023-11-19 14:00:00,0.2671,0.2677,0.265,0.2653,284208.0
2023-11-19 14:15:00,0.2652,0.2674,0.2651,0.2672,113117.0
2023-11-19 14:30:00,0.2668,0.2672,0.2661,0.267,41924.0
2023-11-19 14:45:00,0.2669,0.2671,0.2653,0.2657,131419.0
2023-11-19 15:00:00,0.2656,0.2656,0.2607,0.2638,615382.0
2023-11-19 15:15:00,0.2636,0.2684,0.2634,0.2684,159918.0
2023-11-19 15:30:00,0.2681,0.269,0.2676,0.2677,143610.0
2023-11-19 15:45:00,0.268,0.2688,0.267,0.2681,169772.0
2023-11-19 16:00:00,0.2678,0.2703,0.2677,0.2698,174452.0
2023-11-19 16:15:00,0.2694,0.2695,0.2663,0.2667,400339.0
2023-11-19 16:30:00,0.2669,0.2685,0.2665,0.2678,174063.0
2023-11-19 16:45:00,0.268,0.2689,0.268,0.2686,103573.0
2023-11-19 17:00:00,0.2685,0.2707,0.2681,0.2707,362773.0
2023-11-19 17:15:00,0.2707,0.2724,0.2705,0.2716,270151.0
2023-11-19 17:30:00,0.2714,0.2758,0.2714,0.2723,366656.0
2023-11-19 17:45:00,0.2724,0.2747,0.2718,0.2745,296348.0
2023-11-19 18:00:00,0.2745,0.2746,0.2726,0.2734,71594.0
2023-11-19 18:15:00,0.2732,0.2749,0.2732,0.2742,67893.0
2023-11-19 18:30:00,0.2743,0.2751,0.2738,0.2747,66549.0
2023-11-19 18:45:00,0.2747,0.2753,0.2738,0.2738,118898.0
2023-11-19 19:00:00,0.2741,0.2742,0.2725,0.2729,86538.0
2023-11-19 19:15:00,0.2729,0.274,0.2729,0.274,18761.0
2023-11-19 19:30:00,0.274,0.2754,0.2739,0.2754,146096.0
2023-11-19 19:45:00,0.2754,0.2766,0.2754,0.2764,71849.0
2023-11-19 20:00:00,0.2764,0.28,0.2763,0.2768,856802.0
2023-11-19 20:15:00,0.277,0.2773,0.2748,0.2748,118960.0
2023-11-19 20:30:00,0.2749,0.2767,0.2744,0.2756,147419.0
2023-11-19 20:45:00,0.2755,0.2761,0.2753,0.2754,59344.0
2023-11-19 21:00:00,0.2757,0.2761,0.2741,0.2741,95680.0
2023-11-19 21:15:00,0.2742,0.2759,0.2742,0.2756,70652.0
2023-11-19 21:30:00,0.2757,0.2761,0.2744,0.2747,53587.0
2023-11-19 21:45:00,0.2747,0.2754,0.2745,0.2753,47532.0
2023-11-19 22:00:00,0.2752,0.2754,0.2735,0.2737,77879.0
2023-11-19 22:15:00,0.2733,0.2744,0.2732,0.2733,37478.0
2023-11-19 22:30:00,0.2733,0.2737,0.2728,0.273,176130.0
2023-11-19 22:45:00,0.2734,0.2737,0.2724,0.2737,66551.0
2023-11-19 23:00:00,0.274,0.2777,0.2739,0.2776,183838.0
2023-11-19 23:15:00,0.2776,0.2791,0.2775,0.2785,394165.0
2023-11-19 23:30:00,0.2784,0.2798,0.2783,0.2796,168121.0
2023-11-19 23:45:00,0.2795,0.2801,0.2779,0.2779,169609.0
2023-11-20 00:00:00,0.278,0.2824,0.2764,0.2804,362822.0
2023-11-20 00:15:00,0.2805,0.2806,0.277,0.277,307339.0
2023-11-20 00:30:00,0.2771,0.28,0.2753,0.28,244618.0
2023-11-20 00:45:00,0.2798,0.2811,0.2791,0.281,222227.0
2023-11-20 01:00:00,0.2812,0.2814,0.2778,0.2789,188725.0
2023-11-20 01:15:00,0.279,0.2807,0.2787,0.2801,58242.0
2023-11-20 01:30:00,0.2805,0.281,0.2793,0.2803,65565.0
2023-11-20 01:45:00,0.2804,0.2804,0.2787,0.2792,98868.0
2023-11-20 02:00:00,0.2792,0.2793,0.2766,0.277,164667.0
2023-11-20 02:15:00,0.277,0.2795,0.2769,0.279,96665.0
2023-11-20 02:30:00,0.2788,0.2802,0.2782,0.2796,44550.0
2023-11-20 02:45:00,0.2798,0.2805,0.2788,0.2801,20227.0
2023-11-20 03:00:00,0.2803,0.2803,0.2781,0.2784,56912.0
2023-11-20 03:15:00,0.2784,0.2788,0.2779,0.2788,32768.0
2023-11-20 03:30:00,0.2787,0.2787,0.2767,0.277,37260.0
2023-11-20 03:45:00,0.2767,0.2782,0.2764,0.2782,107886.0
2023-11-20 04:00:00,0.2782,0.2782,0.2761,0.2769,123176.0
2023-11-20 04:15:00,0.2769,0.2778,0.2761,0.2778,112172.0
2023-11-20 04:30:00,0.2779,0.2809,0.2778,0.2808,177087.0
2023-11-20 04:45:00,0.2808,0.281,0.2799,0.2803,125653.0
2023-11-20 05:00:00,0.2801,0.2801,0.2763,0.2776,161088.0
2023-11-20 05:15:00,0.2777,0.2791,0.2757,0.2775,127489.0
2023-11-20 05:30:00,0.2777,0.2782,0.2757,0.2766,170542.0
2023-11-20 05:45:00,0.2766,0.2778,0.2761,0.2771,95207.0
2023-11-20 06:00:00,0.2773,0.2782,0.2765,0.2765,145588.0
2023-11-20 06:15:00,0.2767,0.2772,0.2763,0.2771,65466.0
2023-11-20 06:30:00,0.2772,0.2786,0.2762,0.2786,215576.0
2023-11-20 06:45:00,0.2785,0.279,0.2779,0.279,56955.0
2023-11-20 07:00:00,0.2793,0.2795,0.2767,0.2779,350983.0
2023-11-20 07:15:00,0.2781,0.2788,0.2763,0.2772,101330.0
2023-11-20 07:30:00,0.2773,0.2806,0.2772,0.2803,131930.0
2023-11-20 07:45:00,0.2801,0.2821,0.28,0.2818,296781.0
2023-11-20 08:00:00,0.2817,0.2824,0.2775,0.2802,711849.0
2023-11-20 08:15:00,0.2804,0.2819,0.2801,0.2817,207205.0
2023-11-20 08:30:00,0.2817,0.2818,0.2802,0.2804,170276.0
2023-11-20 08:45:00,0.2803,0.2817,0.28,0.2816,456759.0
2023-11-20 09:00:00,0.2816,0.2819,0.2804,0.2817,473715.0
2023-11-20 09:15:00,0.2817,0.2824,0.2807,0.2822,443985.0
2023-11-20 09:30:00,0.282,0.2837,0.2807,0.2832,670728.0
2023-11-20 09:45:00,0.2832,0.2847,0.2824,0.2837,360723.0
2023-11-20 10:00:00,0.2837,0.2844,0.283,0.2837,397310.0
2023-11-20 10:15:00,0.2837,0.2842,0.283,0.2836,374465.0
2023-11-20 10:30:00,0.2836,0.2843,0.2829,0.284,163213.0
2023-11-20 10:45:00,0.2841,0.2842,0.283,0.2837,97811.0
2023-11-20 11:00:00,0.2835,0.2842,0.2825,0.2838,131180.0
2023-11-20 11:15:00,0.284,0.284,0.2828,0.2829,121901.0
2023-11-20 11:30:00,0.2828,0.2832,0.2809,0.2816,238851.0
2023-11-20 11:45:00,0.2816,0.2819,0.279,0.281,285764.0
2023-11-20 12:00:00,0.281,0.2813,0.2798,0.2811,124180.0
2023-11-20 12:15:00,0.2811,0.2812,0.2784,0.2786,151822.0
2023-11-20 12:30:00,0.2786,0.2802,0.2777,0.2779,398999.0
2023-11-20 12:45:00,0.278,0.279,0.2778,0.2789,328294.0
2023-11-20 13:00:00,0.279,0.2802,0.278,0.2798,319899.0
2023-11-20 13:15:00,0.2797,0.2802,0.2789,0.2795,156866.0
2023-11-20 13:30:00,0.2792,0.2798,0.2777,0.2779,208930.0
2023-11-20 13:45:00,0.2777,0.278,0.2753,0.2754,410185.0
2023-11-20 14:00:00,0.2754,0.2777,0.2728,0.2746,827438.0
2023-11-20 14:15:00,0.2743,0.2776,0.2729,0.2773,393992.0
2023-11-20 14:30:00,0.2774,0.2798,0.2769,0.2791,536673.0
2023-11-20 14:45:00,0.279,0.282,0.2786,0.2811,224330.0
2023-11-20 15:00:00,0.2813,0.2821,0.2798,0.2817,320354.0
2023-11-20 15:15:00,0.2819,0.2822,0.2808,0.2813,315804.0
2023-11-20 15:30:00,0.2811,0.2825,0.2792,0.2819,371710.0
2023-11-20 15:45:00,0.2817,0.2835,0.2816,0.2816,389235.0
2023-11-20 16:00:00,0.2818,0.2836,0.2799,0.2801,258019.0
2023-11-20 16:15:00,0.28,0.2808,0.278,0.2784,424825.0
2023-11-20 16:30:00,0.2781,0.2792,0.277,0.2776,254574.0
2023-11-20 16:45:00,0.2775,0.2779,0.2744,0.2753,274812.0
2023-11-20 17:00:00,0.2747,0.2781,0.2744,0.2781,76058.0
2023-11-20 17:15:00,0.278,0.2784,0.2762,0.277,125118.0
2023-11-20 17:30:00,0.2774,0.2848,0.2762,0.2836,474989.0
2023-11-20 17:45:00,0.2834,0.2857,0.2834,0.2852,341236.0
2023-11-20 18:00:00,0.2851,0.2862,0.2831,0.2856,310565.0
2023-11-20 18:15:00,0.2856,0.286,0.2825,0.2835,231788.0
2023-11-20 18:30:00,0.2834,0.2837,0.2808,0.2808,125536.0
2023-11-20 18:45:00,0.2809,0.2829,0.28,0.2811,100894.0
2023-11-20 19:00:00,0.2809,0.2831,0.279,0.2799,208102.0
2023-11-20 19:15:00,0.28,0.2812,0.2794,0.2808,48586.0
2023-11-20 19:30:00,0.2809,0.2817,0.2799,0.2808,135597.0
2023-11-20 19:45:00,0.2806,0.2808,0.2786,0.279,127544.0
2023-11-20 20:00:00,0.2792,0.2797,0.2783,0.279,87351.0
2023-11-20 20:15:00,0.279,0.282,0.2788,0.2818,56015.0
2023-11-20 20:30:00,0.2818,0.2818,0.2785,0.2787,46196.0
2023-11-20 20:45:00,0.2785,0.2791,0.2779,0.2779,30294.0
2023-11-20 21:00:00,0.2779,0.278,0.2747,0.2752,135239.0
2023-11-20 21:15:00,0.2752,0.2755,0.2701,0.2732,304482.0
2023-11-20 21:30:00,0.2731,0.2763,0.273,0.2754,132990.0
2023-11-20 21:45:00,0.2756,0.2762,0.2745,0.2752,211729.0
2023-11-20 22:00:00,0.2753,0.279,0.2753,0.2788,240817.0
2023-11-20 22:15:00,0.2792,0.2813,0.2788,0.2811,184720.0
2023-11-20 22:30:00,0.2813,0.2815,0.2781,0.2784,57998.0
2023-11-20 22:45:00,0.278,0.2786,0.2769,0.278,143884.0
2023-11-20 23:00:00,0.278,0.2812,0.2777,0.2803,166290.0
2023-11-20 23:15:00,0.2804,0.2805,0.2742,0.2742,473208.0
2023-11-20 23:30:00,0.2742,0.2755,0.2738,0.274,77786.0
2023-11-20 23:45:00,0.274,0.2743,0.273,0.2734,232758.0
2023-11-21 00:00:00,0.2734,0.2768,0.2718,0.2766,481687.0
2023-11-21 00:15:00,0.2766,0.2777,0.2756,0.2776,128480.0
2023-11-21 00:30:00,0.2777,0.2777,0.2755,0.2757,142917.0
2023-11-21 00:45:00,0.2761,0.2761,0.2747,0.2758,68613.0
2023-11-21 01:00:00,0.2758,0.2781,0.2758,0.2769,353115.0
2023-11-21 01:15:00,0.2766,0.2766,0.2735,0.2735,144357.0
2023-11-21 01:30:00,0.2736,0.2786,0.2736,0.2786,179562.0
2023-11-21 01:45:00,0.2786,0.2793,0.2781,0.2788,116810.0
2023-11-21 02:00:00,0.2787,0.2803,0.2773,0.2795,685652.0
2023-11-21 02:15:00,0.2796,0.2812,0.2772,0.2778,712603.0
2023-11-21 02:30:00,0.2777,0.2803,0.2771,0.2777,183556.0
2023-11-21 02:45:00,0.278,0.2782,0.2722,0.2749,626824.0
2023-11-21 03:00:00,0.2747,0.2776,0.2737,0.2758,193615.0
2023-11-21 03:15:00,0.2755,0.2762,0.2748,0.2751,55105.0
2023-11-21 03:30:00,0.275,0.2772,0.2743,0.2756,337262.0
2023-11-21 03:45:00,0.2757,0.2782,0.2754,0.2782,163288.0
2023-11-21 04:00:00,0.2783,0.2795,0.2769,0.277,176982.0
2023-11-21 04:15:00,0.2769,0.2779,0.2764,0.2777,115821.0
2023-11-21 04:30:00,0.2776,0.2803,0.2772,0.2793,166337.0
2023-11-21 04:45:00,0.2791,0.2805,0.2783,0.2785,477324.0
2023-11-21 05:00:00,0.2787,0.2823,0.2787,0.2823,205225.0
2023-11-21 05:15:00,0.2822,0.2826,0.2792,0.2799,166270.0
2023-11-21 05:30:00,0.2803,0.2808,0.277,0.2807,265388.0
2023-11-21 05:45:00,0.2803,0.2819,0.2785,0.2814,385436.0
2023-11-21 06:00:00,0.2812,0.2835,0.2798,0.2833,700879.0
2023-11-21 06:15:00,0.2833,0.2877,0.2827,0.287,877546.0
2023-11-21 06:30:00,0.287,0.2871,0.2845,0.286,453818.0
2023-11-21 06:45:00,0.286,0.2863,0.2836,0.2845,436455.0
2023-11-21 07:00:00,0.2845,0.285,0.2797,0.2805,782496.0
2023-11-21 07:15:00,0.2808,0.2827,0.2778,0.2781,792386.0
2023-11-21 07:30:00,0.2783,0.2813,0.2782,0.28,965330.0
2023-11-21 07:45:00,0.2799,0.2813,0.2759,0.2769,590159.0
2023-11-21 08:00:00,0.2767,0.2783,0.2758,0.2766,498572.0
2023-11-21 08:15:00,0.2764,0.2781,0.2764,0.277,291932.0
2023-11-21 08:30:00,0.2772,0.2779,0.2763,0.2775,182931.0
2023-11-21 08:45:00,0.2772,0.2792,0.2771,0.279,204607.0
2023-11-21 09:00:00,0.2787,0.2857,0.2786,0.2838,1630756.0
2023-11-21 09:15:00,0.2839,0.2851,0.283,0.2842,662068.0
2023-11-21 09:30:00,0.2846,0.2847,0.2829,0.2836,126147.0
2023-11-21 09:45:00,0.2834,0.2835,0.2813,0.2816,414470.0
2023-11-21 10:00:00,0.2816,0.2822,0.2802,0.2814,485984.0
2023-11-21 10:15:00,0.2814,0.2837,0.2812,0.2827,80927.0
2023-11-21 10:30:00,0.2827,0.2864,0.2827,0.2843,457484.0
2023-11-21 10:45:00,0.2841,0.2843,0.2816,0.2831,269422.0
2023-11-21 11:00:00,0.2831,0.2831,0.2798,0.28,170669.0
2023-11-21 11:15:00,0.2801,0.2803,0.2776,0.2782,353507.0
2023-11-21 11:30:00,0.2779,0.2801,0.2776,0.2783,142570.0
2023-11-21 11:45:00,0.2787,0.2791,0.2769,0.2772,237686.0
2023-11-21 12:00:00,0.2771,0.2787,0.2764,0.2785,161474.0
2023-11-21 12:15:00,0.2781,0.2783,0.2766,0.278,91361.0
2023-11-21 12:30:00,0.2781,0.2786,0.2771,0.2782,101902.0
2023-11-21 12:45:00,0.2785,0.2807,0.2772,0.2801,186751.0
2023-11-21 13:00:00,0.2797,0.2802,0.2765,0.2771,205280.0
2023-11-21 13:15:00,0.277,0.2785,0.2761,0.2777,115315.0
2023-11-21 13:30:00,0.2779,0.2784,0.2754,0.2756,259022.0
2023-11-21 13:45:00,0.2758,0.2759,0.2748,0.275,241469.0
2023-11-21 14:00:00,0.2751,0.2752,0.2694,0.2712,1042764.0
2023-11-21 14:15:00,0.2713,0.2741,0.2713,0.2724,458316.0
2023-11-21 14:30:00,0.2723,0.2738,0.2711,0.2721,313064.0
2023-11-21 14:45:00,0.2725,0.2737,0.2696,0.2725,593191.0
2023-11-21 15:00:00,0.2724,0.2724,0.2631,0.2661,2041030.0
2023-11-21 15:15:00,0.266,0.2684,0.2641,0.2666,1009735.0
2023-11-21 15:30:00,0.2667,0.2682,0.2651,0.2667,634598.0
2023-11-21 15:45:00,0.267,0.2763,0.2666,0.2739,1108695.0
2023-11-21 16:00:00,0.2737,0.2769,0.2712,0.2765,589412.0
2023-11-21 16:15:00,0.2766,0.2779,0.2746,0.2765,433592.0
2023-11-21 16:30:00,0.2766,0.2772,0.2737,0.2755,120216.0
2023-11-21 16:45:00,0.2753,0.2803,0.275,0.279,440825.0
2023-11-21 17:00:00,0.2789,0.2791,0.277,0.2787,147707.0
2023-11-21 17:15:00,0.2787,0.2812,0.2777,0.2788,472943.0
2023-11-21 17:30:00,0.2785,0.2792,0.267,0.2674,1119959.0
2023-11-21 17:45:00,0.2676,0.2698,0.2626,0.2662,1498861.0
2023-11-21 18:00:00,0.2663,0.2663,0.2538,0.2603,3498289.0
2023-11-21 18:15:00,0.2608,0.2632,0.2585,0.2627,917798.0
2023-11-21 18:30:00,0.2631,0.2649,0.2625,0.2634,363248.0
2023-11-21 18:45:00,0.2633,0.2635,0.2593,0.2604,2061281.0
2023-11-21 19:00:00,0.2604,0.2624,0.2599,0.2623,316172.0
2023-11-21 19:15:00,0.2622,0.2674,0.2621,0.2669,289862.0
2023-11-21 19:30:00,0.2669,0.2672,0.265,0.2655,95105.0
2023-11-21 19:45:00,0.2652,0.2663,0.2631,0.2642,272268.0
2023-11-21 20:00:00,0.2643,0.2643,0.2606,0.2618,170291.0
2023-11-21 20:15:00,0.2616,0.2646,0.2613,0.2627,103533.0
2023-11-21 20:30:00,0.2625,0.2689,0.2624,0.2687,333848.0
2023-11-21 20:45:00,0.2686,0.2686,0.2648,0.2652,278727.0
2023-11-21 21:00:00,0.2652,0.2664,0.2643,0.2654,214112.0
2023-11-21 21:15:00,0.2655,0.2668,0.2642,0.2648,125062.0
2023-11-21 21:30:00,0.2648,0.2653,0.2626,0.2634,174504.0
2023-11-21 21:45:00,0.2633,0.2633,0.2611,0.2617,89609.0
2023-11-21 22:00:00,0.2613,0.2619,0.259,0.2594,139786.0
2023-11-21 22:15:00,0.259,0.2594,0.2526,0.2553,599937.0
2023-11-21 22:30:00,0.2548,0.257,0.2533,0.2545,295368.0
2023-11-21 22:45:00,0.2541,0.2542,0.2467,0.2491,1680614.0
2023-11-21 23:00:00,0.2493,0.2524,0.2471,0.2518,777448.0
2023-11-21 23:15:00,0.252,0.2539,0.2504,0.2535,624982.0
2023-11-21 23:30:00,0.2537,0.2552,0.2523,0.2531,318078.0
2023-11-21 23:45:00,0.2533,0.2536,0.2494,0.2494,306120.0
2023-11-22 00:00:00,0.2494,0.2549,0.2486,0.2545,627223.0
2023-11-22 00:15:00,0.2545,0.2553,0.2528,0.255,310161.0
2023-11-22 00:30:00,0.2547,0.2549,0.252,0.252,548477.0
2023-11-22 00:45:00,0.2521,0.2535,0.2512,0.2528,436759.0
2023-11-22 01:00:00,0.253,0.2543,0.2526,0.2543,462223.0
2023-11-22 01:15:00,0.254,0.2554,0.252,0.2554,556572.0
2023-11-22 01:30:00,0.2554,0.2554,0.2537,0.2551,179933.0
2023-11-22 01:45:00,0.255,0.255,0.2523,0.2525,157698.0
2023-11-22 02:00:00,0.2525,0.2527,0.2518,0.2521,112834.0
2023-11-22 02:15:00,0.2525,0.2529,0.2516,0.2529,208224.0
2023-11-22 02:30:00,0.253,0.2543,0.253,0.254,147457.0
2023-11-22 02:45:00,0.2539,0.2571,0.2533,0.2566,434911.0
2023-11-22 03:00:00,0.2566,0.2571,0.2559,0.2571,251011.0
2023-11-22 03:15:00,0.2573,0.2599,0.2573,0.2595,477894.0
2023-11-22 03:30:00,0.2594,0.2595,0.2584,0.259,312878.0
2023-11-22 03:45:00,0.2591,0.26,0.2587,0.2599,264927.0
2023-11-22 04:00:00,0.26,0.26,0.2585,0.2599,129469.0
2023-11-22 04:15:00,0.2599,0.2602,0.2573,0.2575,231966.0
2023-11-22 04:30:00,0.2579,0.26,0.257,0.2597,180403.0
2023-11-22 04:45:00,0.2595,0.2597,0.2586,0.2587,112963.0
2023-11-22 05:00:00,0.2589,0.2599,0.2587,0.2598,134232.0
2023-11-22 05:15:00,0.2597,0.2598,0.258,0.2581,113722.0
2023-11-22 05:30:00,0.2582,0.2588,0.2577,0.2584,62648.0
2023-11-22 05:45:00,0.258,0.258,0.2568,0.2573,121819.0
2023-11-22 06:00:00,0.2574,0.26,0.2574,0.2597,173531.0
2023-11-22 06:15:00,0.2597,0.2605,0.2587,0.2588,88001.0
2023-11-22 06:30:00,0.2586,0.2607,0.2585,0.2604,196301.0
2023-11-22 06:45:00,0.2602,0.2614,0.2594,0.2613,379679.0
2023-11-22 07:00:00,0.2613,0.2615,0.258,0.2588,429537.0
2023-11-22 07:15:00,0.2587,0.2596,0.2583,0.2596,146628.0
2023-11-22 07:30:00,0.2597,0.26,0.2588,0.2588,144180.0
2023-11-22 07:45:00,0.2589,0.2589,0.2569,0.2573,224196.0
2023-11-22 08:00:00,0.2575,0.2578,0.2562,0.2573,118657.0
2023-11-22 08:15:00,0.2578,0.2584,0.2571,0.2573,104874.0
2023-11-22 08:30:00,0.2574,0.2589,0.2569,0.2588,157307.0
2023-11-22 08:45:00,0.2588,0.2593,0.2574,0.2591,147752.0
2023-11-22 09:00:00,0.2592,0.2594,0.2583,0.2593,101272.0
2023-11-22 09:15:00,0.2592,0.2593,0.2579,0.258,47452.0
2023-11-22 09:30:00,0.2582,0.2607,0.2582,0.2607,118190.0
2023-11-22 09:45:00,0.2607,0.2608,0.2593,0.2608,184603.0
2023-11-22 10:00:00,0.2608,0.2609,0.2589,0.2591,140673.0
2023-11-22 10:15:00,0.2591,0.2591,0.2564,0.2566,200933.0
2023-11-22 10:30:00,0.2567,0.2582,0.2559,0.2582,332692.0
2023-11-22 10:45:00,0.2582,0.2643,0.2572,0.2637,923711.0
2023-11-22 11:00:00,0.2637,0.2655,0.2626,0.265,403047.0
2023-11-22 11:15:00,0.265,0.2651,0.2629,0.265,729331.0
2023-11-22 11:30:00,0.265,0.2654,0.2635,0.2646,94704.0
2023-11-22 11:45:00,0.2649,0.2651,0.2632,0.2635,193463.0
2023-11-22 12:00:00,0.2633,0.265,0.2629,0.2647,97109.0
2023-11-22 12:15:00,0.2648,0.2655,0.2633,0.2634,297118.0
2023-11-22 12:30:00,0.2636,0.2645,0.2629,0.2643,157273.0
2023-11-22 12:45:00,0.2645,0.2669,0.2645,0.2654,270500.0
2023-11-22 13:00:00,0.2655,0.2666,0.2625,0.2642,353705.0
2023-11-22 13:15:00,0.2641,0.2648,0.2631,0.2633,145634.0
2023-11-22 13:30:00,0.263,0.2657,0.263,0.2643,131726.0
2023-11-22 13:45:00,0.2645,0.2666,0.2645,0.2662,201201.0
2023-11-22 14:00:00,0.2662,0.2669,0.2648,0.2665,160134.0
2023-11-22 14:15:00,0.2666,0.2667,0.2652,0.2655,136291.0
2023-11-22 14:30:00,0.2656,0.2659,0.2639,0.2639,143631.0
2023-11-22 14:45:00,0.2639,0.2645,0.261,0.2631,500178.0
2023-11-22 15:00:00,0.263,0.263,0.2606,0.2615,400151.0
2023-11-22 15:15:00,0.2618,0.2652,0.2612,0.2639,228667.0
2023-11-22 15:30:00,0.2637,0.2645,0.263,0.2635,195275.0
2023-11-22 15:45:00,0.2637,0.2641,0.2627,0.2631,191981.0
2023-11-22 16:00:00,0.2631,0.2655,0.262,0.2653,112624.0
2023-11-22 16:15:00,0.2653,0.2653,0.2631,0.2632,50093.0
2023-11-22 16:30:00,0.263,0.2639,0.2627,0.2636,64696.0
2023-11-22 16:45:00,0.2635,0.2645,0.2621,0.2644,97533.0
2023-11-22 17:00:00,0.2645,0.268,0.2641,0.266,473948.0
2023-11-22 17:15:00,0.2659,0.2678,0.2653,0.2666,337706.0
2023-11-22 17:30:00,0.2666,0.267,0.2654,0.2658,106909.0
2023-11-22 17:45:00,0.2659,0.2667,0.2657,0.2667,21110.0
2023-11-22 18:00:00,0.2664,0.2675,0.2656,0.2672,100044.0
2023-11-22 18:15:00,0.2672,0.2717,0.2671,0.2714,248450.0
2023-11-22 18:30:00,0.2714,0.2726,0.2712,0.2714,101657.0
2023-11-22 18:45:00,0.2717,0.2732,0.271,0.2724,203579.0
2023-11-22 19:00:00,0.2726,0.2755,0.2726,0.2755,311669.0
2023-11-22 19:15:00,0.2755,0.2772,0.2755,0.2758,448704.0
2023-11-22 19:30:00,0.2759,0.2767,0.2746,0.2761,132305.0
2023-11-22 19:45:00,0.2757,0.2765,0.2751,0.2758,186067.0
2023-11-22 20:00:00,0.2762,0.277,0.2752,0.2764,146859.0
2023-11-22 20:15:00,0.2765,0.2775,0.2764,0.2774,242595.0
2023-11-22 20:30:00,0.2774,0.278,0.2768,0.2768,129972.0
2023-11-22 20:45:00,0.2768,0.2775,0.2763,0.2767,123541.0
2023-11-22 21:00:00,0.2762,0.2787,0.2756,0.278,163911.0
2023-11-22 21:15:00,0.2778,0.2782,0.276,0.2776,89754.0
2023-11-22 21:30:00,0.2773,0.2774,0.2756,0.2756,66983.0
2023-11-22 21:45:00,0.2757,0.2784,0.2755,0.278,294756.0
2023-11-22 22:00:00,0.2782,0.2788,0.2766,0.2785,439331.0
2023-11-22 22:15:00,0.278,0.2782,0.2763,0.2766,82983.0
2023-11-22 22:30:00,0.2767,0.277,0.2757,0.2764,120320.0
2023-11-22 22:45:00,0.2764,0.2771,0.2758,0.2762,93018.0
2023-11-22 23:00:00,0.2765,0.2768,0.2742,0.2743,92301.0
2023-11-22 23:15:00,0.2745,0.276,0.2745,0.275,66192.0
2023-11-22 23:30:00,0.2751,0.2771,0.2751,0.2767,82130.0
2023-11-22 23:45:00,0.2774,0.2784,0.2769,0.2779,198559.0
2023-11-23 00:00:00,0.2782,0.281,0.2777,0.2793,615117.0
2023-11-23 00:15:00,0.2795,0.284,0.2789,0.2812,709133.0
2023-11-23 00:30:00,0.2814,0.2825,0.2805,0.2821,239335.0
2023-11-23 00:45:00,0.2821,0.2823,0.2807,0.2821,271858.0
2023-11-23 01:00:00,0.2821,0.284,0.2813,0.2829,440352.0
2023-11-23 01:15:00,0.2829,0.2847,0.2826,0.2844,115524.0
2023-11-23 01:30:00,0.2843,0.2855,0.2839,0.2855,199040.0
2023-11-23 01:45:00,0.2854,0.286,0.2839,0.2857,568610.0
2023-11-23 02:00:00,0.2855,0.2874,0.2841,0.2845,716330.0
2023-11-23 02:15:00,0.2846,0.2866,0.284,0.2857,440948.0
2023-11-23 02:30:00,0.2856,0.2877,0.2856,0.2862,478186.0
2023-11-23 02:45:00,0.2864,0.2869,0.285,0.2852,240544.0
2023-11-23 03:00:00,0.2852,0.2855,0.2825,0.2828,486948.0
2023-11-23 03:15:00,0.2829,0.2857,0.2827,0.2855,169244.0
2023-11-23 03:30:00,0.2857,0.2886,0.2857,0.2874,433195.0
2023-11-23 03:45:00,0.2875,0.2875,0.2842,0.2842,337746.0
2023-11-23 04:00:00,0.2845,0.2868,0.2826,0.2862,392029.0
2023-11-23 04:15:00,0.2859,0.2878,0.285,0.2875,261567.0
2023-11-23 04:30:00,0.2874,0.2888,0.287,0.2883,334265.0
2023-11-23 04:45:00,0.2883,0.2886,0.2866,0.2871,254627.0
2023-11-23 05:00:00,0.2872,0.2889,0.2872,0.2885,237972.0
2023-11-23 05:15:00,0.2885,0.2905,0.2871,0.2896,524675.0
2023-11-23 05:30:00,0.2897,0.2897,0.2869,0.2878,247661.0
2023-11-23 05:45:00,0.2878,0.2879,0.2866,0.2872,252423.0
2023-11-23 06:00:00,0.2872,0.2886,0.2858,0.286,233400.0
2023-11-23 06:15:00,0.286,0.286,0.2846,0.2852,288318.0
2023-11-23 06:30:00,0.2853,0.2854,0.2806,0.282,810549.0
2023-11-23 06:45:00,0.2816,0.2833,0.2815,0.2824,654485.0
2023-11-23 07:00:00,0.2828,0.2844,0.2828,0.2837,456875.0
2023-11-23 07:15:00,0.2838,0.2844,0.2829,0.2832,258055.0
2023-11-23 07:30:00,0.2832,0.2845,0.2828,0.2838,168569.0
2023-11-23 07:45:00,0.2839,0.2845,0.2829,0.2831,99584.0
2023-11-23 08:00:00,0.2832,0.2849,0.2831,0.2844,161932.0
2023-11-23 08:15:00,0.2845,0.2845,0.2827,0.283,143458.0
2023-11-23 08:30:00,0.2828,0.2848,0.2824,0.2845,366692.0
2023-11-23 08:45:00,0.2844,0.2866,0.2842,0.2863,175252.0
2023-11-23 09:00:00,0.2864,0.2871,0.2858,0.2871,155356.0
2023-11-23 09:15:00,0.287,0.287,0.285,0.285,216824.0
2023-11-23 09:30:00,0.2852,0.2861,0.285,0.2851,91854.0
2023-11-23 09:45:00,0.2853,0.2861,0.2848,0.2858,99005.0
2023-11-23 10:00:00,0.2858,0.286,0.2843,0.2849,163963.0
2023-11-23 10:15:00,0.2847,0.2847,0.2829,0.283,156714.0
2023-11-23 10:30:00,0.2829,0.2831,0.2812,0.2819,307582.0
2023-11-23 10:45:00,0.2817,0.2822,0.2804,0.2805,221405.0
2023-11-23 11:00:00,0.2805,0.2814,0.279,0.2796,392106.0
2023-11-23 11:15:00,0.2796,0.2799,0.2769,0.2788,368433.0
2023-11-23 11:30:00,0.2787,0.2805,0.2787,0.2796,169228.0
2023-11-23 11:45:00,0.28,0.2804,0.2787,0.2804,162650.0
2023-11-23 12:00:00,0.2804,0.284,0.2797,0.284,221399.0
2023-11-23 12:15:00,0.284,0.2846,0.2824,0.2826,230191.0
2023-11-23 12:30:00,0.2825,0.2825,0.2812,0.2822,98939.0
2023-11-23 12:45:00,0.2823,0.2833,0.2818,0.2821,112091.0
2023-11-23 13:00:00,0.282,0.284,0.2815,0.284,143607.0
2023-11-23 13:15:00,0.284,0.2847,0.2827,0.2842,117811.0
2023-11-23 13:30:00,0.2842,0.2849,0.2826,0.2826,89314.0
2023-11-23 13:45:00,0.2831,0.2835,0.2809,0.2835,161898.0
2023-11-23 14:00:00,0.2834,0.2841,0.2826,0.2838,119558.0
2023-11-23 14:15:00,0.2838,0.2851,0.283,0.2831,187648.0
2023-11-23 14:30:00,0.2831,0.2858,0.2825,0.2835,842556.0
2023-11-23 14:45:00,0.2833,0.2837,0.2808,0.2819,181318.0
2023-11-23 15:00:00,0.2818,0.2836,0.2817,0.2819,137153.0
2023-11-23 15:15:00,0.2819,0.2823,0.2777,0.2789,546499.0
2023-11-23 15:30:00,0.2787,0.2813,0.2778,0.2807,560572.0
2023-11-23 15:45:00,0.2806,0.2806,0.2776,0.2781,384182.0
2023-11-23 16:00:00,0.2781,0.284,0.2769,0.2836,592518.0
2023-11-23 16:15:00,0.2836,0.2855,0.283,0.285,309698.0
2023-11-23 16:30:00,0.2849,0.2871,0.2844,0.2855,536489.0
2023-11-23 16:45:00,0.2856,0.2878,0.2843,0.2861,701933.0
2023-11-23 17:00:00,0.2861,0.2886,0.2857,0.2876,398471.0
2023-11-23 17:15:00,0.2875,0.2892,0.2872,0.2888,309068.0
2023-11-23 17:30:00,0.289,0.2931,0.2885,0.2925,952053.0
2023-11-23 17:45:00,0.2922,0.2926,0.2894,0.2902,665607.0
2023-11-23 18:00:00,0.29,0.2902,0.2885,0.2895,164332.0
2023-11-23 18:15:00,0.2896,0.2924,0.2896,0.291,216928.0
2023-11-23 18:30:00,0.291,0.2922,0.2904,0.2905,113929.0
2023-11-23 18:45:00,0.2906,0.2926,0.2906,0.2912,245457.0
2023-11-23 19:00:00,0.2914,0.2915,0.2895,0.2897,229135.0
2023-11-23 19:15:00,0.2899,0.2929,0.2899,0.2924,426908.0
2023-11-23 19:30:00,0.2924,0.2924,0.2902,0.2902,155813.0
2023-11-23 19:45:00,0.2906,0.2921,0.2903,0.2907,165310.0
2023-11-23 20:00:00,0.2907,0.293,0.2905,0.2925,85849.0
2023-11-23 20:15:00,0.2923,0.2952,0.2922,0.2942,381484.0
2023-11-23 20:30:00,0.2941,0.2942,0.293,0.293,85425.0
2023-11-23 20:45:00,0.2934,0.2949,0.2934,0.2939,118143.0
2023-11-23 21:00:00,0.2937,0.2955,0.2936,0.2939,155234.0
2023-11-23 21:15:00,0.2941,0.2977,0.2935,0.2972,688003.0
2023-11-23 21:30:00,0.297,0.297,0.2942,0.2954,443779.0
2023-11-23 21:45:00,0.2956,0.2965,0.2948,0.2961,66533.0
2023-11-23 22:00:00,0.2962,0.2963,0.2936,0.2946,338472.0
2023-11-23 22:15:00,0.2945,0.2946,0.2937,0.2942,125092.0
2023-11-23 22:30:00,0.2944,0.2949,0.2941,0.2947,53019.0
2023-11-23 22:45:00,0.2948,0.2954,0.2946,0.2948,65750.0
2023-11-23 23:00:00,0.2949,0.2952,0.2931,0.2944,82525.0
2023-11-23 23:15:00,0.2943,0.2943,0.2923,0.2928,119207.0
2023-11-23 23:30:00,0.2931,0.2936,0.2919,0.2925,123956.0
2023-11-23 23:45:00,0.2923,0.2928,0.292,0.2928,48429.0
2023-11-24 00:00:00,0.293,0.2943,0.2904,0.2909,389741.0
2023-11-24 00:15:00,0.2913,0.2945,0.2913,0.2929,185451.0
2023-11-24 00:30:00,0.2931,0.2942,0.2923,0.2936,128820.0
2023-11-24 00:45:00,0.2933,0.2937,0.2926,0.2931,57706.0
2023-11-24 01:00:00,0.2931,0.2937,0.2918,0.2937,107567.0
2023-11-24 01:15:00,0.2938,0.2977,0.2938,0.2972,806297.0
2023-11-24 01:30:00,0.2972,0.2972,0.295,0.2954,140688.0
2023-11-24 01:45:00,0.2952,0.2966,0.2952,0.2955,198155.0
2023-11-24 02:00:00,0.2957,0.2971,0.295,0.2968,271975.0
2023-11-24 02:15:00,0.2968,0.2983,0.2964,0.2965,213706.0
2023-11-24 02:30:00,0.2964,0.298,0.2956,0.2974,336749.0
2023-11-24 02:45:00,0.2975,0.299,0.2968,0.2988,149931.0
2023-11-24 03:00:00,0.2988,0.3,0.2977,0.2977,651828.0
2023-11-24 03:15:00,0.2977,0.2999,0.2977,0.2998,190189.0
2023-11-24 03:30:00,0.2999,0.3,0.2993,0.3,188766.0
2023-11-24 03:45:00,0.3,0.3017,0.2999,0.3016,421435.0
2023-11-24 04:00:00,0.3018,0.3018,0.297,0.2982,405451.0
2023-11-24 04:15:00,0.2981,0.2982,0.2965,0.2974,202651.0
2023-11-24 04:30:00,0.2973,0.298,0.2968,0.2977,71444.0
2023-11-24 04:45:00,0.2979,0.2982,0.2972,0.2974,89137.0
2023-11-24 05:00:00,0.2972,0.2973,0.2945,0.2952,277912.0
2023-11-24 05:15:00,0.2952,0.2956,0.2941,0.2956,123123.0
2023-11-24 05:30:00,0.2957,0.2974,0.2957,0.297,127412.0
2023-11-24 05:45:00,0.2967,0.2985,0.2958,0.2985,104114.0
2023-11-24 06:00:00,0.2985,0.3033,0.2984,0.3031,1367033.0
2023-11-24 06:15:00,0.303,0.31,0.3007,0.3007,1231194.0
2023-11-24 06:30:00,0.3006,0.3008,0.2989,0.2999,311530.0
2023-11-24 06:45:00,0.2997,0.3,0.2965,0.2973,497812.0
2023-11-24 07:00:00,0.2973,0.2991,0.2963,0.2984,338754.0
2023-11-24 07:15:00,0.2985,0.2999,0.2975,0.2979,265292.0
2023-11-24 07:30:00,0.298,0.3011,0.2977,0.3009,179555.0
2023-11-24 07:45:00,0.3009,0.3017,0.3003,0.3011,263896.0
2023-11-24 08:00:00,0.3012,0.302,0.2983,0.2996,389906.0
2023-11-24 08:15:00,0.2996,0.3033,0.2995,0.303,307587.0
2023-11-24 08:30:00,0.303,0.3079,0.302,0.3062,1046645.0
2023-11-24 08:45:00,0.306,0.31,0.3057,0.3072,792302.0
2023-11-24 09:00:00,0.3074,0.3083,0.3056,0.3073,343488.0
2023-11-24 09:15:00,0.3074,0.31,0.3065,0.31,445765.0
2023-11-24 09:30:00,0.3098,0.3115,0.3091,0.3093,488772.0
2023-11-24 09:45:00,0.3093,0.3105,0.3078,0.31,494114.0
2023-11-24 10:00:00,0.3101,0.3101,0.3087,0.3091,252232.0
2023-11-24 10:15:00,0.3091,0.3091,0.3071,0.3073,360801.0
2023-11-24 10:30:00,0.3073,0.3088,0.3039,0.3053,703526.0
2023-11-24 10:45:00,0.3054,0.3079,0.3047,0.3059,455624.0
2023-11-24 11:00:00,0.3062,0.3145,0.3057,0.3135,747918.0
2023-11-24 11:15:00,0.3135,0.3154,0.3126,0.3142,1237970.0
2023-11-24 11:30:00,0.3141,0.3146,0.3114,0.3143,390323.0
2023-11-24 11:45:00,0.3143,0.3144,0.3091,0.3091,583859.0
2023-11-24 12:00:00,0.3091,0.3153,0.3079,0.3153,921756.0
2023-11-24 12:15:00,0.3154,0.3195,0.3154,0.3178,2084632.0
2023-11-24 12:30:00,0.3177,0.32,0.3175,0.3198,829713.0
2023-11-24 12:45:00,0.3197,0.3221,0.3184,0.3205,1563741.0
2023-11-24 13:00:00,0.3204,0.3208,0.3159,0.3201,1409872.0
2023-11-24 13:15:00,0.3201,0.3217,0.3183,0.3217,439155.0
2023-11-24 13:30:00,0.3217,0.3226,0.3183,0.3212,511298.0
2023-11-24 13:45:00,0.3215,0.3236,0.3212,0.3226,319158.0
2023-11-24 14:00:00,0.3228,0.324,0.3197,0.3208,589696.0
2023-11-24 14:15:00,0.3206,0.3235,0.318,0.3198,960362.0
2023-11-24 14:30:00,0.32,0.3231,0.3188,0.3227,333367.0
2023-11-24 14:45:00,0.3226,0.3251,0.3226,0.3251,601320.0
2023-11-24 15:00:00,0.325,0.3252,0.3232,0.3233,356434.0
2023-11-24 15:15:00,0.3235,0.3284,0.3235,0.3272,710247.0
2023-11-24 15:30:00,0.3271,0.334,0.3264,0.3339,1952082.0
2023-11-24 15:45:00,0.3333,0.3338,0.3249,0.326,1469648.0
2023-11-24 16:00:00,0.3261,0.3329,0.3256,0.329,1587624.0
2023-11-24 16:15:00,0.3291,0.3296,0.3243,0.3253,885067.0
2023-11-24 16:30:00,0.3252,0.3264,0.3226,0.3261,764915.0
2023-11-24 16:45:00,0.3263,0.3264,0.3194,0.3211,1388215.0
2023-11-24 17:00:00,0.3212,0.3266,0.3204,0.3247,737719.0
2023-11-24 17:15:00,0.3248,0.3269,0.324,0.324,234104.0
2023-11-24 17:30:00,0.3245,0.3253,0.3232,0.3232,195148.0
2023-11-24 17:45:00,0.3231,0.3251,0.3223,0.3229,372572.0
2023-11-24 18:00:00,0.3231,0.3232,0.3211,0.3224,297128.0
2023-11-24 18:15:00,0.3224,0.3226,0.3197,0.3214,658461.0
2023-11-24 18:30:00,0.3213,0.3213,0.319,0.3196,346254.0
2023-11-24 18:45:00,0.3198,0.3214,0.3198,0.3207,147717.0
2023-11-24 19:00:00,0.3207,0.3235,0.318,0.3199,935500.0
2023-11-24 19:15:00,0.3197,0.3206,0.3183,0.3204,297384.0
2023-11-24 19:30:00,0.3205,0.3211,0.3195,0.3211,88470.0
2023-11-24 19:45:00,0.3213,0.3213,0.3181,0.3182,413378.0
2023-11-24 20:00:00,0.3184,0.3205,0.3172,0.3204,351362.0
2023-11-24 20:15:00,0.3205,0.3222,0.3198,0.3209,170050.0
2023-11-24 20:30:00,0.3207,0.3217,0.3203,0.3215,115445.0
2023-11-24 20:45:00,0.3215,0.3231,0.3206,0.3227,135320.0
2023-11-24 21:00:00,0.3225,0.3239,0.3221,0.3231,148535.0
2023-11-24 21:15:00,0.3231,0.3247,0.3226,0.3239,227423.0
2023-11-24 21:30:00,0.3238,0.324,0.3231,0.324,123451.0
2023-11-24 21:45:00,0.3241,0.3241,0.3223,0.3225,186337.0
2023-11-24 22:00:00,0.3226,0.3241,0.3204,0.3217,259908.0
2023-11-24 22:15:00,0.3212,0.3243,0.3212,0.3241,88062.0
2023-11-24 22:30:00,0.3244,0.3253,0.3238,0.3247,107812.0
2023-11-24 22:45:00,0.3245,0.3262,0.3222,0.3244,353964.0
2023-11-24 23:00:00,0.3239,0.3248,0.3198,0.3207,213527.0
2023-11-24 23:15:00,0.3208,0.3239,0.319,0.3234,252970.0
2023-11-24 23:30:00,0.3233,0.3243,0.3223,0.3238,68104.0
2023-11-24 23:45:00,0.3238,0.3242,0.3221,0.3235,66378.0
2023-11-25 00:00:00,0.3236,0.3236,0.3173,0.3199,369371.0
2023-11-25 00:15:00,0.3202,0.3244,0.3199,0.3234,748710.0
2023-11-25 00:30:00,0.3234,0.324,0.3222,0.3234,109354.0
2023-11-25 00:45:00,0.3235,0.3238,0.3212,0.3221,253946.0
2023-11-25 01:00:00,0.322,0.3256,0.322,0.3254,256300.0
2023-11-25 01:15:00,0.325,0.3287,0.3248,0.3275,456357.0
2023-11-25 01:30:00,0.3276,0.3313,0.3275,0.3306,507498.0
2023-11-25 01:45:00,0.3306,0.3332,0.3299,0.3319,414100.0
2023-11-25 02:00:00,0.3322,0.3323,0.3284,0.3289,794071.0
2023-11-25 02:15:00,0.3289,0.3316,0.328,0.331,277012.0
2023-11-25 02:30:00,0.3314,0.3339,0.3312,0.3316,447992.0
2023-11-25 02:45:00,0.3316,0.3321,0.329,0.3292,170347.0
2023-11-25 03:00:00,0.3292,0.3309,0.328,0.3301,188758.0
2023-11-25 03:15:00,0.33,0.33,0.3277,0.3282,263163.0
2023-11-25 03:30:00,0.3285,0.3285,0.3248,0.3254,898865.0
2023-11-25 03:45:00,0.3253,0.3265,0.3247,0.3253,142935.0
2023-11-25 04:00:00,0.3254,0.3266,0.3252,0.3264,274086.0
2023-11-25 04:15:00,0.3265,0.3272,0.326,0.326,88262.0
2023-11-25 04:30:00,0.3259,0.3287,0.3258,0.3283,335830.0
2023-11-25 04:45:00,0.3282,0.3284,0.3252,0.3274,374597.0
2023-11-25 05:00:00,0.3275,0.3292,0.3267,0.3292,149965.0
2023-11-25 05:15:00,0.3293,0.3311,0.3261,0.3292,495355.0
2023-11-25 05:30:00,0.3291,0.3332,0.3291,0.3308,996760.0
2023-11-25 05:45:00,0.331,0.3336,0.3309,0.3319,379849.0
2023-11-25 06:00:00,0.3319,0.3392,0.3316,0.336,1183794.0
2023-11-25 06:15:00,0.336,0.3362,0.3318,0.334,877382.0
2023-11-25 06:30:00,0.3338,0.335,0.3312,0.3314,305628.0
2023-11-25 06:45:00,0.3314,0.3325,0.3305,0.3307,490592.0
2023-11-25 07:00:00,0.3308,0.3313,0.3258,0.3281,913497.0
2023-11-25 07:15:00,0.3282,0.3283,0.3263,0.3263,230542.0
2023-11-25 07:30:00,0.3263,0.3268,0.321,0.3228,796599.0
2023-11-25 07:45:00,0.3227,0.3244,0.3223,0.3243,595170.0
2023-11-25 08:00:00,0.3243,0.3309,0.3238,0.3303,530593.0
2023-11-25 08:15:00,0.3303,0.3303,0.3232,0.3241,873552.0
2023-11-25 08:30:00,0.3242,0.3242,0.3227,0.3237,513594.0
2023-11-25 08:45:00,0.3237,0.3237,0.32,0.3204,444956.0
2023-11-25 09:00:00,0.3204,0.3229,0.3202,0.3227,567011.0
2023-11-25 09:15:00,0.3228,0.3235,0.3193,0.3206,580508.0
2023-11-25 09:30:00,0.3206,0.3206,0.3145,0.316,1343556.0
2023-11-25 09:45:00,0.316,0.3168,0.3135,0.314,934843.0
2023-11-25 10:00:00,0.314,0.3157,0.3118,0.3121,534129.0
2023-11-25 10:15:00,0.3121,0.313,0.3106,0.3117,523135.0
2023-11-25 10:30:00,0.3119,0.3146,0.3101,0.311,899619.0
2023-11-25 10:45:00,0.3111,0.3113,0.3089,0.3102,747495.0
2023-11-25 11:00:00,0.3102,0.3134,0.3102,0.3132,357054.0
2023-11-25 11:15:00,0.3133,0.3133,0.3095,0.3111,484835.0
2023-11-25 11:30:00,0.3109,0.3115,0.3072,0.3078,452687.0
2023-11-25 11:45:00,0.3078,0.3098,0.3069,0.3093,477977.0
2023-11-25 12:00:00,0.3092,0.3139,0.309,0.3128,280496.0
2023-11-25 12:15:00,0.3127,0.3145,0.312,0.3138,290206.0
2023-11-25 12:30:00,0.314,0.3159,0.3138,0.315,294062.0
2023-11-25 12:45:00,0.3151,0.3154,0.3138,0.3151,161310.0
2023-11-25 13:00:00,0.3151,0.3157,0.3141,0.3152,155655.0
2023-11-25 13:15:00,0.3152,0.3156,0.3142,0.3156,153967.0
2023-11-25 13:30:00,0.3156,0.3176,0.3155,0.3174,321767.0
2023-11-25 13:45:00,0.3175,0.3181,0.3166,0.3166,421518.0
2023-11-25 14:00:00,0.3165,0.3174,0.3156,0.3162,287719.0
2023-11-25 14:15:00,0.3163,0.3165,0.3147,0.3165,89823.0
2023-11-25 14:30:00,0.3164,0.317,0.3142,0.3154,215662.0
2023-11-25 14:45:00,0.3155,0.3165,0.3142,0.3154,389418.0
2023-11-25 15:00:00,0.3155,0.3166,0.3147,0.3148,141077.0
2023-11-25 15:15:00,0.3146,0.3152,0.3126,0.315,207782.0
2023-11-25 15:30:00,0.3149,0.3163,0.3149,0.3162,199065.0
2023-11-25 15:45:00,0.3162,0.3168,0.3142,0.3151,569581.0
2023-11-25 16:00:00,0.3148,0.3165,0.3148,0.3151,172114.0
2023-11-25 16:15:00,0.3153,0.3155,0.3129,0.3133,200217.0
2023-11-25 16:30:00,0.3133,0.3139,0.3117,0.3128,143389.0
2023-11-25 16:45:00,0.313,0.3138,0.3114,0.3135,213438.0
2023-11-25 17:00:00,0.3135,0.3155,0.3133,0.314,107736.0
2023-11-25 17:15:00,0.3142,0.3144,0.3126,0.3126,167098.0
2023-11-25 17:30:00,0.3125,0.3134,0.3123,0.3127,107329.0
2023-11-25 17:45:00,0.3128,0.3128,0.3103,0.3121,220829.0
2023-11-25 18:00:00,0.3123,0.3128,0.3111,0.3113,70304.0
2023-11-25 18:15:00,0.3113,0.3115,0.31,0.3112,143267.0
2023-11-25 18:30:00,0.3111,0.3131,0.3106,0.313,365605.0
2023-11-25 18:45:00,0.313,0.313,0.3119,0.312,181547.0
2023-11-25 19:00:00,0.3119,0.3129,0.31,0.3108,141589.0
2023-11-25 19:15:00,0.3107,0.311,0.3095,0.3101,157335.0
2023-11-25 19:30:00,0.3099,0.3103,0.309,0.3103,76893.0
2023-11-25 19:45:00,0.3103,0.3105,0.3088,0.3092,185481.0
2023-11-25 20:00:00,0.3093,0.3102,0.3085,0.3091,111838.0
2023-11-25 20:15:00,0.3092,0.3104,0.3087,0.3094,77277.0
2023-11-25 20:30:00,0.3094,0.3108,0.3085,0.3105,120779.0
2023-11-25 20:45:00,0.3105,0.3124,0.3102,0.3115,93543.0
2023-11-25 21:00:00,0.3116,0.3134,0.3103,0.3129,198300.0
2023-11-25 21:15:00,0.3132,0.3133,0.3121,0.3126,163622.0
2023-11-25 21:30:00,0.3128,0.3132,0.3116,0.3118,60694.0
2023-11-25 21:45:00,0.3117,0.3124,0.3114,0.312,43089.0
2023-11-25 22:00:00,0.3119,0.312,0.3108,0.3114,51801.0
2023-11-25 22:15:00,0.3115,0.313,0.3115,0.3123,40434.0
2023-11-25 22:30:00,0.3122,0.3126,0.3117,0.3125,62007.0
2023-11-25 22:45:00,0.3126,0.3139,0.3126,0.3137,95009.0
2023-11-25 23:00:00,0.3135,0.3152,0.3133,0.3144,230672.0
2023-11-25 23:15:00,0.3139,0.3141,0.3126,0.3128,125062.0
2023-11-25 23:30:00,0.3127,0.3138,0.3126,0.3135,47530.0
2023-11-25 23:45:00,0.3134,0.3144,0.3131,0.3142,141698.0
2023-11-26 00:00:00,0.3142,0.3151,0.3136,0.3151,160609.0
2023-11-26 00:15:00,0.3153,0.3164,0.3146,0.3154,200712.0
2023-11-26 00:30:00,0.3155,0.3171,0.3146,0.3164,300419.0
2023-11-26 00:45:00,0.3165,0.3197,0.3162,0.3193,591408.0
2023-11-26 01:00:00,0.3192,0.321,0.3182,0.3182,418231.0
2023-11-26 01:15:00,0.3181,0.3181,0.3163,0.3165,198054.0
2023-11-26 01:30:00,0.3165,0.3168,0.316,0.3165,255380.0
2023-11-26 01:45:00,0.3163,0.3163,0.3106,0.3109,337620.0
2023-11-26 02:00:00,0.3109,0.3145,0.3104,0.3141,183714.0
2023-11-26 02:15:00,0.3144,0.3156,0.3143,0.3151,48925.0
2023-11-26 02:30:00,0.3151,0.3166,0.3151,0.3163,79833.0
2023-11-26 02:45:00,0.316,0.3163,0.3155,0.3157,116014.0
2023-11-26 03:00:00,0.3157,0.3172,0.3149,0.3153,173848.0
2023-11-26 03:15:00,0.3153,0.3164,0.3152,0.3155,87676.0
2023-11-26 03:30:00,0.3158,0.3172,0.3153,0.3153,74697.0
2023-11-26 03:45:00,0.3152,0.3162,0.3146,0.3153,118399.0
2023-11-26 04:00:00,0.3157,0.3164,0.3148,0.3153,109022.0
2023-11-26 04:15:00,0.3154,0.3166,0.3148,0.3164,141683.0
2023-11-26 04:30:00,0.3168,0.3187,0.3168,0.3184,139644.0
2023-11-26 04:45:00,0.3186,0.3195,0.3174,0.3179,164178.0
2023-11-26 05:00:00,0.3176,0.3176,0.3153,0.316,50022.0
2023-11-26 05:15:00,0.3162,0.3163,0.3145,0.3145,267227.0
2023-11-26 05:30:00,0.3145,0.3151,0.3137,0.3137,130716.0
2023-11-26 05:45:00,0.3137,0.3143,0.3122,0.3133,441994.0
2023-11-26 06:00:00,0.3133,0.3141,0.3126,0.3132,135237.0
2023-11-26 06:15:00,0.3131,0.3135,0.3126,0.3131,44812.0
2023-11-26 06:30:00,0.3133,0.3139,0.3113,0.3123,222759.0
2023-11-26 06:45:00,0.3123,0.3138,0.3122,0.3129,105642.0
2023-11-26 07:00:00,0.3128,0.3129,0.3108,0.3114,169741.0
2023-11-26 07:15:00,0.3114,0.3116,0.3107,0.3111,151737.0
2023-11-26 07:30:00,0.3112,0.3115,0.3106,0.3113,55415.0
2023-11-26 07:45:00,0.3115,0.3118,0.31,0.3105,241052.0
2023-11-26 08:00:00,0.3107,0.3109,0.3099,0.3104,338371.0
2023-11-26 08:15:00,0.3105,0.3127,0.3105,0.3124,115571.0
2023-11-26 08:30:00,0.3124,0.3143,0.3124,0.3127,245639.0
2023-11-26 08:45:00,0.3127,0.3127,0.3102,0.3104,157387.0
2023-11-26 09:00:00,0.3103,0.3115,0.3098,0.3114,245234.0
2023-11-26 09:15:00,0.3115,0.3125,0.3108,0.3108,61522.0
2023-11-26 09:30:00,0.3108,0.3113,0.3101,0.3111,130647.0
2023-11-26 09:45:00,0.3111,0.3129,0.311,0.3127,122474.0
2023-11-26 10:00:00,0.3128,0.3128,0.3106,0.3106,95585.0
2023-11-26 10:15:00,0.3107,0.3108,0.3097,0.31,152034.0
2023-11-26 10:30:00,0.31,0.3104,0.3089,0.309,291843.0
2023-11-26 10:45:00,0.309,0.309,0.3037,0.3043,1715350.0
2023-11-26 11:00:00,0.3043,0.3066,0.304,0.305,519715.0
2023-11-26 11:15:00,0.305,0.3064,0.3049,0.3052,170852.0
2023-11-26 11:30:00,0.3054,0.3068,0.3053,0.306,82575.0
2023-11-26 11:45:00,0.3061,0.3061,0.3038,0.3041,137188.0
2023-11-26 12:00:00,0.3042,0.3052,0.3033,0.3047,440832.0
2023-11-26 12:15:00,0.3048,0.3053,0.3031,0.3051,198895.0
2023-11-26 12:30:00,0.3054,0.3077,0.3051,0.3072,293465.0
2023-11-26 12:45:00,0.3072,0.3089,0.3068,0.3086,87210.0
2023-11-26 13:00:00,0.3086,0.3087,0.3066,0.3069,129688.0
2023-11-26 13:15:00,0.3071,0.3072,0.3061,0.3068,105036.0
2023-11-26 13:30:00,0.3068,0.3069,0.3053,0.3057,127625.0
2023-11-26 13:45:00,0.3057,0.3081,0.3057,0.3079,43047.0
2023-11-26 14:00:00,0.3081,0.3094,0.3076,0.309,163614.0
2023-11-26 14:15:00,0.3088,0.3088,0.3047,0.3053,429664.0
2023-11-26 14:30:00,0.3051,0.3067,0.3034,0.3055,402007.0
2023-11-26 14:45:00,0.3055,0.3063,0.3023,0.303,363330.0
2023-11-26 15:00:00,0.3028,0.3059,0.3004,0.3049,495352.0
2023-11-26 15:15:00,0.3048,0.3054,0.3034,0.305,94601.0
2023-11-26 15:30:00,0.305,0.306,0.3033,0.3034,182247.0
2023-11-26 15:45:00,0.3034,0.3034,0.2971,0.2997,964551.0
2023-11-26 16:00:00,0.2997,0.3017,0.299,0.2993,321299.0
2023-11-26 16:15:00,0.2994,0.2999,0.29,0.2951,1212017.0
2023-11-26 16:30:00,0.295,0.2958,0.2931,0.2951,458821.0
2023-11-26 16:45:00,0.2951,0.2963,0.2928,0.2957,381931.0
2023-11-26 17:00:00,0.2955,0.2979,0.2947,0.297,173574.0
2023-11-26 17:15:00,0.2969,0.3001,0.2966,0.2988,354788.0
2023-11-26 17:30:00,0.2989,0.3004,0.2986,0.3,115631.0
2023-11-26 17:45:00,0.3,0.3,0.2982,0.2989,145088.0
2023-11-26 18:00:00,0.2989,0.3007,0.2978,0.3002,173380.0
2023-11-26 18:15:00,0.3003,0.3003,0.2975,0.2975,152135.0
2023-11-26 18:30:00,0.2976,0.2982,0.2968,0.2971,165263.0
2023-11-26 18:45:00,0.2971,0.298,0.2964,0.2979,76751.0
2023-11-26 19:00:00,0.2979,0.2988,0.2968,0.2984,114528.0
2023-11-26 19:15:00,0.2982,0.2987,0.2967,0.2968,205247.0
2023-11-26 19:30:00,0.2967,0.2986,0.2967,0.2986,95149.0
2023-11-26 19:45:00,0.2987,0.299,0.298,0.2987,227602.0
2023-11-26 20:00:00,0.2985,0.2989,0.296,0.2966,108127.0
2023-11-26 20:15:00,0.2966,0.2983,0.2966,0.2974,33936.0
2023-11-26 20:30:00,0.2974,0.2984,0.2971,0.2979,54162.0
2023-11-26 20:45:00,0.2979,0.3009,0.2972,0.3002,186976.0
2023-11-26 21:00:00,0.3001,0.3004,0.298,0.2986,69814.0
2023-11-26 21:15:00,0.2984,0.2988,0.2972,0.2974,51069.0
2023-11-26 21:30:00,0.2975,0.2988,0.2974,0.2977,64688.0
2023-11-26 21:45:00,0.2977,0.2995,0.2977,0.2993,172683.0
2023-11-26 22:00:00,0.2993,0.3016,0.2993,0.3015,233808.0
2023-11-26 22:15:00,0.3014,0.3022,0.3008,0.3019,114685.0
2023-11-26 22:30:00,0.3019,0.3025,0.3016,0.3023,46984.0
2023-11-26 22:45:00,0.3023,0.3033,0.3023,0.3033,83949.0
2023-11-26 23:00:00,0.3031,0.3031,0.3004,0.3011,47897.0
2023-11-26 23:15:00,0.3009,0.3018,0.3002,0.3009,77523.0
2023-11-26 23:30:00,0.3011,0.3021,0.3009,0.3021,60762.0
2023-11-26 23:45:00,0.3021,0.3021,0.3008,0.3009,32489.0
2023-11-27 00:00:00,0.3011,0.3031,0.3005,0.3023,158297.0
2023-11-27 00:15:00,0.3024,0.3051,0.3024,0.305,160275.0
2023-11-27 00:30:00,0.305,0.3067,0.3046,0.3049,269063.0
2023-11-27 00:45:00,0.305,0.3056,0.3017,0.302,354923.0
2023-11-27 01:00:00,0.3021,0.3026,0.3002,0.3003,196588.0
2023-11-27 01:15:00,0.3003,0.3004,0.2944,0.2974,1442815.0
2023-11-27 01:30:00,0.2974,0.2975,0.2944,0.2945,303293.0
2023-11-27 01:45:00,0.2944,0.2967,0.2939,0.295,267920.0
2023-11-27 02:00:00,0.2949,0.2958,0.2939,0.2943,459924.0
2023-11-27 02:15:00,0.2943,0.296,0.2941,0.2956,348124.0
2023-11-27 02:30:00,0.2957,0.2963,0.2946,0.295,185020.0
2023-11-27 02:45:00,0.295,0.2954,0.2927,0.2939,269260.0
2023-11-27 03:00:00,0.2937,0.2946,0.2911,0.2931,209540.0
2023-11-27 03:15:00,0.2929,0.2929,0.2897,0.2905,620539.0
2023-11-27 03:30:00,0.2904,0.2915,0.289,0.291,313328.0
2023-11-27 03:45:00,0.291,0.2941,0.2908,0.294,169936.0
2023-11-27 04:00:00,0.2939,0.2963,0.2939,0.2961,199165.0
2023-11-27 04:15:00,0.2964,0.2965,0.2934,0.2952,138834.0
2023-11-27 04:30:00,0.2952,0.2973,0.2952,0.2959,106227.0
2023-11-27 04:45:00,0.2961,0.3002,0.2961,0.2997,450064.0
2023-11-27 05:00:00,0.2997,0.3006,0.2983,0.299,69694.0
2023-11-27 05:15:00,0.2991,0.2991,0.2964,0.2974,115280.0
2023-11-27 05:30:00,0.2971,0.2976,0.2956,0.2968,159868.0
2023-11-27 05:45:00,0.2967,0.2968,0.2937,0.2948,294747.0
2023-11-27 06:00:00,0.2949,0.2981,0.2949,0.2979,115436.0
2023-11-27 06:15:00,0.2981,0.2983,0.2956,0.2961,235011.0
2023-11-27 06:30:00,0.2961,0.2968,0.2945,0.2945,89861.0
2023-11-27 06:45:00,0.2944,0.2946,0.2909,0.2912,386622.0
2023-11-27 07:00:00,0.2911,0.2935,0.291,0.2921,207335.0
2023-11-27 07:15:00,0.292,0.2925,0.2878,0.2889,566069.0
2023-11-27 07:30:00,0.2891,0.2918,0.2883,0.2912,324517.0
2023-11-27 07:45:00,0.2909,0.2919,0.2902,0.2919,237665.0
2023-11-27 08:00:00,0.2918,0.2944,0.2912,0.2941,173191.0
2023-11-27 08:15:00,0.2942,0.2953,0.2939,0.2949,255892.0
2023-11-27 08:30:00,0.2949,0.2952,0.2925,0.293,139712.0
2023-11-27 08:45:00,0.2931,0.2933,0.2887,0.2912,391291.0
2023-11-27 09:00:00,0.2912,0.2954,0.2912,0.2952,361784.0
2023-11-27 09:15:00,0.2952,0.296,0.2927,0.2931,219293.0
2023-11-27 09:30:00,0.2931,0.2961,0.2924,0.2961,135987.0
2023-11-27 09:45:00,0.2962,0.2967,0.2944,0.2945,102777.0
2023-11-27 10:00:00,0.2942,0.2949,0.2931,0.2933,144426.0
2023-11-27 10:15:00,0.2934,0.2938,0.291,0.2911,220709.0
2023-11-27 10:30:00,0.2913,0.2923,0.2892,0.2916,388257.0
2023-11-27 10:45:00,0.2916,0.292,0.2868,0.2901,1047564.0
2023-11-27 11:00:00,0.29,0.2917,0.2874,0.2884,889673.0
2023-11-27 11:15:00,0.2881,0.2893,0.2869,0.2872,521966.0
2023-11-27 11:30:00,0.2873,0.2897,0.2857,0.2894,347350.0
2023-11-27 11:45:00,0.2896,0.2908,0.2889,0.2893,47934.0
2023-11-27 12:00:00,0.2892,0.2904,0.2886,0.2904,85577.0
2023-11-27 12:15:00,0.2901,0.2905,0.2878,0.2883,254051.0
2023-11-27 12:30:00,0.2881,0.2897,0.2875,0.2877,181069.0
2023-11-27 12:45:00,0.2879,0.2885,0.2853,0.2863,986907.0
2023-11-27 13:00:00,0.2861,0.288,0.2853,0.2872,259084.0
2023-11-27 13:15:00,0.2871,0.2908,0.2827,0.2894,1010356.0
2023-11-27 13:30:00,0.2894,0.2911,0.2884,0.2889,293012.0
2023-11-27 13:45:00,0.2889,0.2911,0.287,0.2903,344098.0
2023-11-27 14:00:00,0.2902,0.2914,0.2889,0.289,251685.0
2023-11-27 14:15:00,0.2885,0.2887,0.2875,0.2875,92112.0
2023-11-27 14:30:00,0.2874,0.2891,0.2861,0.2871,213351.0
2023-11-27 14:45:00,0.2872,0.2879,0.2843,0.2855,224288.0
2023-11-27 15:00:00,0.2853,0.2888,0.285,0.2882,212469.0
2023-11-27 15:15:00,0.288,0.2899,0.2879,0.2883,100663.0
2023-11-27 15:30:00,0.2883,0.2888,0.2846,0.2859,273318.0
2023-11-27 15:45:00,0.2861,0.2868,0.282,0.2831,405236.0
2023-11-27 16:00:00,0.2834,0.2854,0.2819,0.2848,1102406.0
2023-11-27 16:15:00,0.2848,0.2869,0.2843,0.2857,100625.0
2023-11-27 16:30:00,0.2856,0.2864,0.2841,0.286,125515.0
2023-11-27 16:45:00,0.2857,0.2883,0.2857,0.2883,174308.0
2023-11-27 17:00:00,0.2883,0.2898,0.2872,0.2894,204095.0
2023-11-27 17:15:00,0.2894,0.2894,0.2877,0.2886,102414.0
2023-11-27 17:30:00,0.2884,0.2892,0.2875,0.2875,67124.0
2023-11-27 17:45:00,0.2875,0.2875,0.286,0.2864,92318.0
2023-11-27 18:00:00,0.2866,0.2878,0.2866,0.287,53415.0
2023-11-27 18:15:00,0.2869,0.2879,0.2868,0.2877,96273.0
2023-11-27 18:30:00,0.2874,0.288,0.2867,0.2867,53716.0
2023-11-27 18:45:00,0.2866,0.2877,0.2855,0.2855,120534.0
2023-11-27 19:00:00,0.2856,0.287,0.2846,0.2863,90246.0
2023-11-27 19:15:00,0.2864,0.2867,0.2851,0.2858,129467.0
2023-11-27 19:30:00,0.2859,0.2865,0.2822,0.2822,180433.0
2023-11-27 19:45:00,0.2822,0.2832,0.2802,0.2832,365637.0
2023-11-27 20:00:00,0.283,0.2859,0.2826,0.2851,265152.0
2023-11-27 20:15:00,0.2851,0.2859,0.2824,0.2824,151112.0
2023-11-27 20:30:00,0.2824,0.2839,0.282,0.2839,121918.0
2023-11-27 20:45:00,0.2837,0.2848,0.2829,0.2846,69038.0
2023-11-27 21:00:00,0.2843,0.287,0.2837,0.287,75574.0
2023-11-27 21:15:00,0.2871,0.2881,0.286,0.2875,315315.0
2023-11-27 21:30:00,0.2877,0.2892,0.2874,0.2885,80940.0
2023-11-27 21:45:00,0.2885,0.2888,0.2876,0.2888,52494.0
2023-11-27 22:00:00,0.2888,0.289,0.2876,0.2876,56289.0
2023-11-27 22:15:00,0.2878,0.2878,0.2855,0.2872,356094.0
2023-11-27 22:30:00,0.2873,0.2875,0.2865,0.2865,91571.0
2023-11-27 22:45:00,0.2866,0.2885,0.2865,0.2883,75053.0
2023-11-27 23:00:00,0.2882,0.2888,0.2877,0.2883,76852.0
2023-11-27 23:15:00,0.2884,0.2896,0.2879,0.2891,99110.0
2023-11-27 23:30:00,0.2888,0.2897,0.2887,0.2891,79950.0
2023-11-27 23:45:00,0.2891,0.2899,0.2889,0.2894,114261.0
2023-11-28 00:00:00,0.2894,0.29,0.2877,0.2878,177705.0
2023-11-28 00:15:00,0.2879,0.2908,0.2879,0.2901,68956.0
2023-11-28 00:30:00,0.2902,0.2915,0.2902,0.2913,174390.0
2023-11-28 00:45:00,0.2913,0.2915,0.2902,0.2904,112387.0
2023-11-28 01:00:00,0.2904,0.2906,0.2891,0.2891,375696.0
2023-11-28 01:15:00,0.2891,0.2894,0.2878,0.2884,114763.0
2023-11-28 01:30:00,0.288,0.2897,0.2879,0.2893,36107.0
2023-11-28 01:45:00,0.2893,0.2899,0.2888,0.2889,41452.0
2023-11-28 02:00:00,0.2888,0.2888,0.2857,0.2861,171245.0
2023-11-28 02:15:00,0.286,0.2876,0.2857,0.2874,217412.0
2023-11-28 02:30:00,0.2875,0.2883,0.2869,0.288,98309.0
2023-11-28 02:45:00,0.288,0.2886,0.2874,0.288,98294.0
2023-11-28 03:00:00,0.2881,0.2882,0.2868,0.2868,160639.0
2023-11-28 03:15:00,0.2868,0.2872,0.2857,0.2872,205091.0
2023-11-28 03:30:00,0.2874,0.2877,0.2851,0.2853,154988.0
2023-11-28 03:45:00,0.2853,0.2859,0.285,0.2859,63691.0
2023-11-28 04:00:00,0.2857,0.2858,0.283,0.2853,325941.0
2023-11-28 04:15:00,0.2854,0.2856,0.2831,0.2834,269163.0
2023-11-28 04:30:00,0.2833,0.2834,0.2802,0.2804,426455.0
2023-11-28 04:45:00,0.2804,0.2817,0.28,0.2806,418958.0
2023-11-28 05:00:00,0.2804,0.2808,0.2778,0.2785,617622.0
2023-11-28 05:15:00,0.2784,0.2794,0.2775,0.2785,202650.0
2023-11-28 05:30:00,0.2784,0.2786,0.275,0.2775,380130.0
2023-11-28 05:45:00,0.2773,0.2786,0.2769,0.2773,210939.0
2023-11-28 06:00:00,0.2772,0.2794,0.2765,0.2791,207125.0
2023-11-28 06:15:00,0.279,0.2796,0.2789,0.2791,81685.0
2023-11-28 06:30:00,0.2794,0.28,0.278,0.2798,343199.0
2023-11-28 06:45:00,0.2796,0.2803,0.2785,0.2802,136436.0
2023-11-28 07:00:00,0.28,0.2803,0.2785,0.2788,128753.0
2023-11-28 07:15:00,0.2789,0.2791,0.2758,0.2765,436195.0
2023-11-28 07:30:00,0.2763,0.2782,0.2763,0.2782,217276.0
2023-11-28 07:45:00,0.2782,0.2802,0.278,0.2794,131153.0
2023-11-28 08:00:00,0.2796,0.2803,0.279,0.2792,115424.0
2023-11-28 08:15:00,0.2792,0.2801,0.2786,0.2793,128590.0
2023-11-28 08:30:00,0.2792,0.2814,0.2791,0.2796,245265.0
2023-11-28 08:45:00,0.2798,0.2802,0.2785,0.2785,65683.0
2023-11-28 09:00:00,0.2785,0.2788,0.277,0.278,169491.0
2023-11-28 09:15:00,0.2783,0.2797,0.2782,0.2796,80713.0
2023-11-28 09:30:00,0.2798,0.2821,0.2788,0.282,388202.0
2023-11-28 09:45:00,0.282,0.2826,0.2813,0.2813,97448.0
2023-11-28 10:00:00,0.2813,0.2817,0.2795,0.2804,135737.0
2023-11-28 10:15:00,0.2803,0.281,0.2797,0.2802,164091.0
2023-11-28 10:30:00,0.2804,0.2819,0.2803,0.2815,131847.0
2023-11-28 10:45:00,0.2816,0.2828,0.2811,0.2828,85197.0
2023-11-28 11:00:00,0.2828,0.2828,0.2811,0.2817,123017.0
2023-11-28 11:15:00,0.2819,0.2835,0.2819,0.2834,119581.0
2023-11-28 11:30:00,0.2834,0.2843,0.2831,0.2841,186507.0
2023-11-28 11:45:00,0.284,0.2899,0.2837,0.2895,411053.0
2023-11-28 12:00:00,0.2895,0.293,0.2892,0.2908,1111072.0
2023-11-28 12:15:00,0.2908,0.2926,0.2907,0.2923,328527.0
2023-11-28 12:30:00,0.2922,0.2962,0.2913,0.2945,633717.0
2023-11-28 12:45:00,0.2945,0.2945,0.2922,0.2933,177819.0
2023-11-28 13:00:00,0.2934,0.2935,0.2883,0.2888,337535.0
2023-11-28 13:15:00,0.2886,0.2907,0.2886,0.2893,266675.0
2023-11-28 13:30:00,0.2893,0.2911,0.2892,0.2906,188746.0
2023-11-28 13:45:00,0.2906,0.2936,0.2897,0.2934,170165.0
2023-11-28 14:00:00,0.2936,0.294,0.2901,0.291,390188.0
2023-11-28 14:15:00,0.2909,0.2917,0.2898,0.2907,248357.0
2023-11-28 14:30:00,0.2908,0.2917,0.2904,0.2904,121099.0
2023-11-28 14:45:00,0.2906,0.2907,0.2893,0.2901,127056.0
2023-11-28 15:00:00,0.2905,0.2912,0.2884,0.2887,482270.0
2023-11-28 15:15:00,0.2888,0.2892,0.2877,0.288,137398.0
2023-11-28 15:30:00,0.2878,0.2907,0.2862,0.2905,291743.0
2023-11-28 15:45:00,0.2905,0.2924,0.2889,0.2912,586827.0
2023-11-28 16:00:00,0.2912,0.2924,0.2907,0.2909,238654.0
2023-11-28 16:15:00,0.2912,0.2932,0.291,0.2928,253924.0
2023-11-28 16:30:00,0.2929,0.2977,0.2923,0.2966,407770.0
2023-11-28 16:45:00,0.2964,0.2968,0.295,0.2966,158235.0
2023-11-28 17:00:00,0.2967,0.2995,0.2963,0.2967,597504.0
2023-11-28 17:15:00,0.2971,0.3005,0.2963,0.2975,513738.0
2023-11-28 17:30:00,0.298,0.301,0.2977,0.301,570926.0
2023-11-28 17:45:00,0.301,0.301,0.2988,0.2996,240758.0
2023-11-28 18:00:00,0.2999,0.3002,0.2961,0.2979,164117.0
2023-11-28 18:15:00,0.298,0.2994,0.2967,0.2991,172324.0
2023-11-28 18:30:00,0.2989,0.2995,0.2982,0.2991,68247.0
2023-11-28 18:45:00,0.2989,0.2998,0.2965,0.2993,262362.0
2023-11-28 19:00:00,0.2991,0.3017,0.2985,0.2995,586311.0
2023-11-28 19:15:00,0.2994,0.3007,0.2993,0.2998,145914.0
2023-11-28 19:30:00,0.3,0.3075,0.2995,0.307,1242451.0
2023-11-28 19:45:00,0.3071,0.3079,0.3029,0.3039,642343.0
2023-11-28 20:00:00,0.3038,0.3075,0.3028,0.3072,966446.0
2023-11-28 20:15:00,0.3072,0.3088,0.3059,0.3065,1002683.0
2023-11-28 20:30:00,0.3064,0.3087,0.3059,0.3082,737910.0
2023-11-28 20:45:00,0.3084,0.3097,0.3075,0.3076,435008.0
2023-11-28 21:00:00,0.3076,0.3079,0.3038,0.3045,1306303.0
2023-11-28 21:15:00,0.3044,0.3047,0.3028,0.303,403833.0
2023-11-28 21:30:00,0.3031,0.3034,0.3003,0.3019,850088.0
2023-11-28 21:45:00,0.3018,0.3027,0.3006,0.3006,216568.0
2023-11-28 22:00:00,0.3007,0.301,0.2999,0.3003,177650.0
2023-11-28 22:15:00,0.3001,0.3008,0.2989,0.2997,150959.0
2023-11-28 22:30:00,0.2997,0.2998,0.2969,0.2979,996835.0
2023-11-28 22:45:00,0.2978,0.2978,0.2963,0.2973,190626.0
2023-11-28 23:00:00,0.2974,0.2983,0.2964,0.2982,190938.0
2023-11-28 23:15:00,0.298,0.298,0.2965,0.2966,156197.0
2023-11-28 23:30:00,0.2967,0.2969,0.2944,0.2955,225798.0
2023-11-28 23:45:00,0.2956,0.2975,0.2956,0.2974,260651.0
2023-11-29 00:00:00,0.2975,0.298,0.2942,0.2944,231415.0
2023-11-29 00:15:00,0.2943,0.2958,0.2937,0.2957,167572.0
2023-11-29 00:30:00,0.2957,0.297,0.2954,0.2969,278317.0
2023-11-29 00:45:00,0.2969,0.2973,0.2959,0.2961,139829.0
2023-11-29 01:00:00,0.2962,0.2972,0.296,0.2969,203612.0
2023-11-29 01:15:00,0.297,0.2971,0.296,0.2965,208013.0
2023-11-29 01:30:00,0.2965,0.2967,0.2951,0.2956,232296.0
2023-11-29 01:45:00,0.2956,0.2956,0.2939,0.2945,242400.0
2023-11-29 02:00:00,0.2944,0.2972,0.2942,0.2972,513122.0
2023-11-29 02:15:00,0.2972,0.2977,0.2956,0.2963,211368.0
2023-11-29 02:30:00,0.296,0.296,0.2932,0.2936,362429.0
2023-11-29 02:45:00,0.2936,0.2942,0.2927,0.2937,204626.0
2023-11-29 03:00:00,0.2937,0.2943,0.2933,0.2939,119747.0
2023-11-29 03:15:00,0.2938,0.2938,0.2927,0.2933,141981.0
2023-11-29 03:30:00,0.2933,0.2934,0.292,0.2921,142118.0
2023-11-29 03:45:00,0.292,0.293,0.292,0.293,138549.0
2023-11-29 04:00:00,0.2929,0.2934,0.2923,0.2926,160833.0
2023-11-29 04:15:00,0.2926,0.2932,0.292,0.2926,237920.0
2023-11-29 04:30:00,0.2924,0.293,0.292,0.2924,85080.0
2023-11-29 04:45:00,0.2923,0.2934,0.2922,0.293,88383.0
2023-11-29 05:00:00,0.2929,0.2941,0.2927,0.2941,116984.0
2023-11-29 05:15:00,0.2942,0.2946,0.2931,0.2936,143593.0
2023-11-29 05:30:00,0.2934,0.2934,0.291,0.2914,265830.0
2023-11-29 05:45:00,0.2914,0.293,0.2911,0.2929,232462.0
2023-11-29 06:00:00,0.293,0.293,0.2919,0.2924,97917.0
2023-11-29 06:15:00,0.2923,0.2924,0.2911,0.292,322709.0
2023-11-29 06:30:00,0.2918,0.2944,0.2918,0.2942,376254.0
2023-11-29 06:45:00,0.2943,0.2952,0.2932,0.2951,305331.0
2023-11-29 07:00:00,0.2953,0.296,0.2932,0.2941,622785.0
2023-11-29 07:15:00,0.294,0.2962,0.2936,0.2961,218921.0
2023-11-29 07:30:00,0.2962,0.2963,0.2922,0.2934,226564.0
2023-11-29 07:45:00,0.2929,0.2939,0.2922,0.2936,249363.0
2023-11-29 08:00:00,0.2936,0.295,0.2931,0.294,175492.0
2023-11-29 08:15:00,0.2941,0.2942,0.2927,0.2939,214156.0
2023-11-29 08:30:00,0.294,0.2942,0.2924,0.293,478641.0
2023-11-29 08:45:00,0.293,0.296,0.2928,0.2954,419247.0
2023-11-29 09:00:00,0.2953,0.296,0.2938,0.2959,317734.0
2023-11-29 09:15:00,0.2954,0.2963,0.2953,0.2957,334648.0
2023-11-29 09:30:00,0.2957,0.2958,0.293,0.2932,552552.0
2023-11-29 09:45:00,0.2931,0.2934,0.2912,0.2923,368261.0
2023-11-29 10:00:00,0.2923,0.2924,0.2907,0.2915,249497.0
2023-11-29 10:15:00,0.2914,0.2916,0.2877,0.2882,588487.0
2023-11-29 10:30:00,0.288,0.2888,0.2847,0.2852,1003725.0
2023-11-29 10:45:00,0.2851,0.2877,0.2847,0.2851,465840.0
2023-11-29 11:00:00,0.2851,0.2883,0.2849,0.2881,389769.0
2023-11-29 11:15:00,0.2882,0.2884,0.2865,0.287,203840.0
2023-11-29 11:30:00,0.2869,0.2877,0.2865,0.2877,122974.0
2023-11-29 11:45:00,0.2876,0.2888,0.2872,0.2884,409060.0
2023-11-29 12:00:00,0.2883,0.2891,0.2866,0.2866,436202.0
2023-11-29 12:15:00,0.2866,0.2877,0.2851,0.2873,377793.0
2023-11-29 12:30:00,0.2873,0.2876,0.2857,0.2861,357068.0
2023-11-29 12:45:00,0.286,0.2866,0.2853,0.2854,188491.0
2023-11-29 13:00:00,0.2852,0.2857,0.284,0.2849,356166.0
2023-11-29 13:15:00,0.2848,0.2852,0.2831,0.2835,224909.0
2023-11-29 13:30:00,0.2835,0.2856,0.2831,0.2836,310545.0
2023-11-29 13:45:00,0.2834,0.2844,0.2813,0.2835,275217.0
2023-11-29 14:00:00,0.2833,0.2858,0.2828,0.2854,268445.0
2023-11-29 14:15:00,0.2853,0.2854,0.2825,0.2833,169110.0
2023-11-29 14:30:00,0.2835,0.2838,0.2815,0.2821,477287.0
2023-11-29 14:45:00,0.2819,0.2825,0.281,0.2814,273691.0
2023-11-29 15:00:00,0.2815,0.2822,0.2786,0.2793,481517.0
2023-11-29 15:15:00,0.2792,0.2839,0.2791,0.2839,461352.0
2023-11-29 15:30:00,0.2835,0.2864,0.2834,0.2855,515192.0
2023-11-29 15:45:00,0.2855,0.2872,0.2853,0.2856,247484.0
2023-11-29 16:00:00,0.2857,0.2867,0.2842,0.2845,254872.0
2023-11-29 16:15:00,0.2845,0.2845,0.282,0.2826,565049.0
2023-11-29 16:30:00,0.2826,0.2833,0.2813,0.2828,174973.0
2023-11-29 16:45:00,0.2828,0.2849,0.2826,0.2838,146097.0
2023-11-29 17:00:00,0.2837,0.2839,0.2828,0.2832,122961.0
2023-11-29 17:15:00,0.283,0.2841,0.2825,0.284,172758.0
2023-11-29 17:30:00,0.2841,0.2848,0.2836,0.2845,104585.0
2023-11-29 17:45:00,0.2844,0.2853,0.2836,0.2839,279115.0
2023-11-29 18:00:00,0.284,0.2842,0.2834,0.2834,54942.0
2023-11-29 18:15:00,0.2834,0.2843,0.2834,0.2843,29324.0
2023-11-29 18:30:00,0.2844,0.2854,0.2835,0.2854,150948.0
2023-11-29 18:45:00,0.2854,0.2872,0.2852,0.287,135818.0
2023-11-29 19:00:00,0.287,0.2876,0.2862,0.2867,196281.0
2023-11-29 19:15:00,0.2869,0.2877,0.2859,0.2873,268553.0
2023-11-29 19:30:00,0.2872,0.2875,0.2865,0.2872,120109.0
2023-11-29 19:45:00,0.2874,0.2882,0.2871,0.2879,50839.0
2023-11-29 20:00:00,0.2879,0.2879,0.2862,0.2867,67953.0
2023-11-29 20:15:00,0.2867,0.287,0.286,0.2862,22950.0
2023-11-29 20:30:00,0.2863,0.2863,0.2846,0.2852,44803.0
2023-11-29 20:45:00,0.2849,0.2856,0.2846,0.285,112219.0
2023-11-29 21:00:00,0.2854,0.2866,0.2848,0.286,54992.0
2023-11-29 21:15:00,0.2858,0.2862,0.2849,0.2849,39907.0
2023-11-29 21:30:00,0.2849,0.285,0.2837,0.2844,94584.0
2023-11-29 21:45:00,0.2847,0.2851,0.2841,0.2848,33583.0
2023-11-29 22:00:00,0.285,0.2854,0.2846,0.2852,72411.0
2023-11-29 22:15:00,0.2853,0.2853,0.284,0.2842,163640.0
2023-11-29 22:30:00,0.2842,0.2848,0.2839,0.2848,70134.0
2023-11-29 22:45:00,0.2848,0.2852,0.2847,0.2848,40226.0
2023-11-29 23:00:00,0.2848,0.2857,0.283,0.2854,167585.0
2023-11-29 23:15:00,0.2859,0.2861,0.2845,0.2849,52732.0
2023-11-29 23:30:00,0.285,0.2855,0.2848,0.2849,105478.0
2023-11-29 23:45:00,0.2849,0.2852,0.2843,0.2849,94624.0
2023-11-30 00:00:00,0.2846,0.2846,0.2831,0.284,270825.0
2023-11-30 00:15:00,0.2839,0.2855,0.2829,0.2851,256904.0
2023-11-30 00:30:00,0.2851,0.2861,0.2841,0.2847,110183.0
2023-11-30 00:45:00,0.2852,0.286,0.2837,0.2837,74841.0
2023-11-30 01:00:00,0.2836,0.2839,0.2819,0.2829,76659.0
2023-11-30 01:15:00,0.2826,0.2847,0.2826,0.2833,138366.0
2023-11-30 01:30:00,0.2831,0.2849,0.2831,0.2839,166895.0
2023-11-30 01:45:00,0.284,0.2846,0.2831,0.2832,34495.0
2023-11-30 02:00:00,0.283,0.2839,0.2827,0.2834,43273.0
2023-11-30 02:15:00,0.2834,0.284,0.2819,0.284,164843.0
2023-11-30 02:30:00,0.2841,0.2857,0.2838,0.2856,97494.0
2023-11-30 02:45:00,0.2857,0.2864,0.2854,0.2859,51859.0
2023-11-30 03:00:00,0.2858,0.2859,0.2853,0.2855,25469.0
2023-11-30 03:15:00,0.2855,0.2859,0.2847,0.2859,141613.0
2023-11-30 03:30:00,0.2859,0.2885,0.2854,0.2877,154037.0
2023-11-30 03:45:00,0.2879,0.2884,0.2871,0.2871,207912.0
2023-11-30 04:00:00,0.2875,0.2875,0.2862,0.2862,121984.0
2023-11-30 04:15:00,0.2864,0.2864,0.2848,0.2848,130210.0
2023-11-30 04:30:00,0.2849,0.2853,0.2844,0.2846,53292.0
2023-11-30 04:45:00,0.2845,0.2845,0.2834,0.2835,64631.0
2023-11-30 05:00:00,0.2838,0.2903,0.2838,0.2874,936148.0
2023-11-30 05:15:00,0.2874,0.292,0.2863,0.2919,1133573.0
2023-11-30 05:30:00,0.2918,0.2952,0.2914,0.2917,1268963.0
2023-11-30 05:45:00,0.2916,0.2937,0.2891,0.29,545334.0
2023-11-30 06:00:00,0.29,0.292,0.2897,0.2918,512947.0
2023-11-30 06:15:00,0.2917,0.2929,0.2907,0.2908,235395.0
2023-11-30 06:30:00,0.2908,0.2908,0.2879,0.2885,331682.0
2023-11-30 06:45:00,0.2887,0.2898,0.2883,0.2898,111919.0
2023-11-30 07:00:00,0.2891,0.2927,0.2884,0.2911,361427.0
2023-11-30 07:15:00,0.2907,0.2928,0.2907,0.2922,241172.0
2023-11-30 07:30:00,0.2922,0.2939,0.2913,0.2922,358465.0
2023-11-30 07:45:00,0.2922,0.2945,0.2922,0.2939,744741.0
2023-11-30 08:00:00,0.2939,0.2939,0.2895,0.2904,340863.0
2023-11-30 08:15:00,0.2903,0.2909,0.2888,0.29,126084.0
2023-11-30 08:30:00,0.2899,0.2914,0.2868,0.2887,643015.0
2023-11-30 08:45:00,0.2886,0.2894,0.2878,0.2887,120679.0
2023-11-30 09:00:00,0.2887,0.2896,0.2869,0.2889,195203.0
2023-11-30 09:15:00,0.289,0.2909,0.2882,0.2884,126697.0
2023-11-30 09:30:00,0.2883,0.2896,0.2874,0.2894,91628.0
2023-11-30 09:45:00,0.2896,0.2896,0.2871,0.2876,262101.0
2023-11-30 10:00:00,0.2876,0.2887,0.2869,0.2886,117827.0
2023-11-30 10:15:00,0.2881,0.289,0.2881,0.2887,45412.0
2023-11-30 10:30:00,0.289,0.2905,0.2889,0.2898,146936.0
2023-11-30 10:45:00,0.2898,0.2902,0.289,0.2895,141418.0
2023-11-30 11:00:00,0.2892,0.2902,0.2884,0.2902,95367.0
2023-11-30 11:15:00,0.2902,0.291,0.2895,0.29,111682.0
2023-11-30 11:30:00,0.2898,0.2917,0.2895,0.2914,103138.0
2023-11-30 11:45:00,0.2913,0.2925,0.2908,0.292,226784.0
2023-11-30 12:00:00,0.292,0.2927,0.2911,0.2925,263664.0
2023-11-30 12:15:00,0.2925,0.2931,0.2916,0.2927,215969.0
2023-11-30 12:30:00,0.2926,0.2926,0.2914,0.2921,101596.0
2023-11-30 12:45:00,0.2921,0.2923,0.2899,0.2905,216819.0
2023-11-30 13:00:00,0.2906,0.2908,0.2882,0.2882,253684.0
2023-11-30 13:15:00,0.2882,0.2894,0.2874,0.2889,253942.0
2023-11-30 13:30:00,0.2888,0.2898,0.2885,0.2897,189183.0
2023-11-30 13:45:00,0.2898,0.2906,0.2865,0.2872,429520.0
2023-11-30 14:00:00,0.2872,0.2875,0.284,0.287,377728.0
2023-11-30 14:15:00,0.2869,0.287,0.2855,0.2864,206633.0
2023-11-30 14:30:00,0.2864,0.2866,0.2834,0.2841,316490.0
2023-11-30 14:45:00,0.2839,0.2859,0.2839,0.2847,274546.0
2023-11-30 15:00:00,0.2848,0.2855,0.2837,0.2853,184785.0
2023-11-30 15:15:00,0.2852,0.2879,0.2852,0.2873,168831.0
2023-11-30 15:30:00,0.2876,0.288,0.2851,0.286,207912.0
2023-11-30 15:45:00,0.2863,0.2864,0.2844,0.2864,247840.0
2023-11-30 16:00:00,0.2863,0.2869,0.2842,0.2867,149273.0
2023-11-30 16:15:00,0.2867,0.2869,0.2855,0.2868,38963.0
2023-11-30 16:30:00,0.2863,0.2868,0.2862,0.2868,52567.0
2023-11-30 16:45:00,0.2868,0.2873,0.2862,0.2867,177003.0
2023-11-30 17:00:00,0.2867,0.287,0.2861,0.2864,35137.0
2023-11-30 17:15:00,0.2862,0.2862,0.2851,0.2857,104128.0
2023-11-30 17:30:00,0.2858,0.2865,0.2852,0.2861,59827.0
2023-11-30 17:45:00,0.286,0.2865,0.2854,0.2858,40390.0
2023-11-30 18:00:00,0.2859,0.2859,0.2847,0.2847,57632.0
2023-11-30 18:15:00,0.2846,0.2858,0.2834,0.2857,125666.0
2023-11-30 18:30:00,0.2857,0.2865,0.2853,0.2861,73763.0
2023-11-30 18:45:00,0.2859,0.2859,0.2846,0.2848,11327.0
2023-11-30 19:00:00,0.285,0.2853,0.2843,0.2845,28448.0
2023-11-30 19:15:00,0.2846,0.2861,0.2846,0.286,48575.0
2023-11-30 19:30:00,0.2859,0.2859,0.2846,0.2849,58107.0
2023-11-30 19:45:00,0.2848,0.2849,0.2837,0.2837,71339.0
2023-11-30 20:00:00,0.2842,0.2844,0.2816,0.2826,315794.0
2023-11-30 20:15:00,0.2825,0.2828,0.2814,0.2822,121057.0
2023-11-30 20:30:00,0.2824,0.2838,0.2822,0.2833,56849.0
2023-11-30 20:45:00,0.2833,0.2835,0.2827,0.2831,47114.0
2023-11-30 21:00:00,0.2831,0.2837,0.2824,0.2827,37018.0
2023-11-30 21:15:00,0.2829,0.284,0.2829,0.284,29144.0
2023-11-30 21:30:00,0.284,0.2846,0.284,0.2844,87394.0
2023-11-30 21:45:00,0.2845,0.2845,0.284,0.2841,49582.0
2023-11-30 22:00:00,0.2842,0.2853,0.2836,0.2851,109614.0
2023-11-30 22:15:00,0.285,0.2854,0.2843,0.2849,120397.0
2023-11-30 22:30:00,0.2849,0.2849,0.2838,0.2838,76329.0
2023-11-30 22:45:00,0.2838,0.2846,0.2836,0.2836,153184.0
2023-11-30 23:00:00,0.2833,0.2835,0.282,0.283,148548.0
2023-11-30 23:15:00,0.283,0.2843,0.2829,0.2837,22267.0
2023-11-30 23:30:00,0.2839,0.2845,0.2835,0.2845,88342.0
2023-11-30 23:45:00,0.2843,0.2849,0.284,0.2843,86934.0
2023-12-01 00:00:00,0.2844,0.2848,0.2826,0.2831,94793.0
2023-12-01 00:15:00,0.283,0.2831,0.2813,0.2813,183156.0
2023-12-01 00:30:00,0.2816,0.2845,0.28,0.2845,340168.0
2023-12-01 00:45:00,0.2846,0.2853,0.2839,0.2845,75242.0
2023-12-01 01:00:00,0.2842,0.2855,0.2834,0.2852,97814.0
2023-12-01 01:15:00,0.2852,0.2882,0.2851,0.2882,180181.0
2023-12-01 01:30:00,0.2882,0.2888,0.2869,0.2878,206210.0
2023-12-01 01:45:00,0.2879,0.2904,0.2877,0.2888,210923.0
2023-12-01 02:00:00,0.2887,0.2912,0.2884,0.2902,347173.0
2023-12-01 02:15:00,0.2902,0.2917,0.2891,0.2905,188720.0
2023-12-01 02:30:00,0.2905,0.2908,0.2893,0.2896,163433.0
2023-12-01 02:45:00,0.2899,0.2908,0.2894,0.2894,67770.0
2023-12-01 03:00:00,0.2896,0.2905,0.2894,0.2898,87239.0
2023-12-01 03:15:00,0.2896,0.2914,0.2896,0.29,114367.0
2023-12-01 03:30:00,0.2901,0.2931,0.2899,0.2913,448300.0
2023-12-01 03:45:00,0.2913,0.2914,0.2901,0.2903,148004.0
2023-12-01 04:00:00,0.2906,0.2909,0.2901,0.2902,79493.0
2023-12-01 04:15:00,0.2904,0.292,0.29,0.292,167192.0
2023-12-01 04:30:00,0.292,0.2921,0.29,0.2902,231162.0
2023-12-01 04:45:00,0.2901,0.2913,0.29,0.2912,106566.0
2023-12-01 05:00:00,0.2913,0.2913,0.2892,0.2893,408153.0
2023-12-01 05:15:00,0.2894,0.2899,0.2891,0.2895,136561.0
2023-12-01 05:30:00,0.2893,0.2893,0.2883,0.2883,74233.0
2023-12-01 05:45:00,0.2883,0.289,0.2881,0.2883,103752.0
2023-12-01 06:00:00,0.2882,0.2895,0.288,0.289,121399.0
2023-12-01 06:15:00,0.289,0.2895,0.2882,0.2889,104434.0
2023-12-01 06:30:00,0.2889,0.2901,0.2888,0.2897,124023.0
2023-12-01 06:45:00,0.2898,0.2899,0.2884,0.2887,78471.0
2023-12-01 07:00:00,0.2886,0.2902,0.2886,0.29,72089.0
2023-12-01 07:15:00,0.29,0.2901,0.2889,0.2889,107315.0
2023-12-01 07:30:00,0.2889,0.2889,0.2869,0.2872,284212.0
2023-12-01 07:45:00,0.2872,0.2883,0.2869,0.2875,178168.0
2023-12-01 08:00:00,0.2878,0.288,0.2869,0.2873,138295.0
2023-12-01 08:15:00,0.2873,0.2886,0.2873,0.2877,299481.0
2023-12-01 08:30:00,0.2878,0.2878,0.2864,0.2869,127418.0
2023-12-01 08:45:00,0.2869,0.2873,0.2868,0.2871,59599.0
2023-12-01 09:00:00,0.2869,0.2882,0.2867,0.2881,194446.0
2023-12-01 09:15:00,0.2882,0.2907,0.2879,0.2892,380991.0
2023-12-01 09:30:00,0.2893,0.2898,0.2888,0.2896,72029.0
2023-12-01 09:45:00,0.2898,0.2929,0.2898,0.2918,489282.0
2023-12-01 10:00:00,0.2918,0.2918,0.2901,0.2903,299348.0
2023-12-01 10:15:00,0.2904,0.2913,0.2897,0.2905,380343.0
2023-12-01 10:30:00,0.2905,0.2908,0.2894,0.2902,111557.0
2023-12-01 10:45:00,0.2902,0.2908,0.29,0.2903,100949.0
2023-12-01 11:00:00,0.2903,0.2914,0.2903,0.2909,65720.0
2023-12-01 11:15:00,0.2909,0.2918,0.2904,0.2913,200376.0
2023-12-01 11:30:00,0.2914,0.2917,0.2905,0.2905,122255.0
2023-12-01 11:45:00,0.2906,0.2908,0.2898,0.2903,143146.0
2023-12-01 12:00:00,0.2901,0.291,0.2886,0.2887,354220.0
2023-12-01 12:15:00,0.2886,0.2901,0.2886,0.2901,234330.0
2023-12-01 12:30:00,0.2901,0.2901,0.2885,0.2885,121447.0
2023-12-01 12:45:00,0.2886,0.2892,0.2875,0.2889,203067.0
2023-12-01 13:00:00,0.289,0.289,0.2881,0.2887,89654.0
2023-12-01 13:15:00,0.2886,0.2907,0.2886,0.2901,83839.0
2023-12-01 13:30:00,0.2902,0.2905,0.2895,0.2903,65676.0
2023-12-01 13:45:00,0.2902,0.2902,0.2884,0.2891,151400.0
2023-12-01 14:00:00,0.2891,0.2891,0.288,0.2882,107083.0
2023-12-01 14:15:00,0.2882,0.2896,0.288,0.2891,161333.0
2023-12-01 14:30:00,0.2893,0.2907,0.2893,0.2893,394806.0
2023-12-01 14:45:00,0.2893,0.29,0.288,0.2883,208385.0
2023-12-01 15:00:00,0.2882,0.2892,0.2871,0.2871,337562.0
2023-12-01 15:15:00,0.2872,0.289,0.2867,0.2871,202001.0
2023-12-01 15:30:00,0.2871,0.2892,0.2871,0.2887,109117.0
2023-12-01 15:45:00,0.2886,0.2907,0.2885,0.2891,235204.0
2023-12-01 16:00:00,0.289,0.2905,0.2879,0.29,220429.0
2023-12-01 16:15:00,0.29,0.2911,0.2894,0.291,128579.0
2023-12-01 16:30:00,0.2909,0.2916,0.2897,0.2902,200197.0
2023-12-01 16:45:00,0.2902,0.2915,0.2893,0.2913,288619.0
2023-12-01 17:00:00,0.2912,0.2916,0.2897,0.2897,87318.0
2023-12-01 17:15:00,0.2899,0.2903,0.2896,0.29,41726.0
2023-12-01 17:30:00,0.2897,0.2897,0.2886,0.2887,22963.0
2023-12-01 17:45:00,0.2886,0.2897,0.2882,0.2892,196240.0
2023-12-01 18:00:00,0.2891,0.2896,0.2886,0.2893,69008.0
2023-12-01 18:15:00,0.2893,0.2902,0.289,0.2898,69649.0
2023-12-01 18:30:00,0.2897,0.2904,0.2897,0.2901,47658.0
2023-12-01 18:45:00,0.2901,0.2909,0.2901,0.2903,61838.0
2023-12-01 19:00:00,0.2904,0.2909,0.2901,0.2909,23132.0
2023-12-01 19:15:00,0.2908,0.2908,0.29,0.2903,59520.0
2023-12-01 19:30:00,0.2902,0.2913,0.2895,0.2913,74064.0
2023-12-01 19:45:00,0.2912,0.292,0.291,0.2917,153391.0
2023-12-01 20:00:00,0.2918,0.2918,0.2903,0.2905,149055.0
2023-12-01 20:15:00,0.2905,0.2908,0.2899,0.2899,51289.0
2023-12-01 20:30:00,0.2898,0.2907,0.2898,0.2903,53798.0
2023-12-01 20:45:00,0.2901,0.2909,0.2897,0.2907,62446.0
2023-12-01 21:00:00,0.2908,0.2908,0.2896,0.2904,184192.0
2023-12-01 21:15:00,0.2904,0.291,0.29,0.291,111449.0
2023-12-01 21:30:00,0.291,0.2911,0.2903,0.2907,191204.0
2023-12-01 21:45:00,0.2907,0.2912,0.2899,0.2904,69958.0
2023-12-01 22:00:00,0.2903,0.2907,0.29,0.2907,45825.0
2023-12-01 22:15:00,0.2905,0.2909,0.2903,0.2908,24658.0
2023-12-01 22:30:00,0.2906,0.2907,0.2896,0.2896,49032.0
2023-12-01 22:45:00,0.2896,0.2897,0.289,0.2894,33101.0
2023-12-01 23:00:00,0.2893,0.2896,0.289,0.2893,41352.0
2023-12-01 23:15:00,0.2895,0.2899,0.2894,0.2894,21774.0
2023-12-01 23:30:00,0.2892,0.2894,0.289,0.2891,55690.0
2023-12-01 23:45:00,0.2893,0.29,0.2893,0.29,27396.0
2023-12-02 00:00:00,0.29,0.2914,0.29,0.2907,246762.0
2023-12-02 00:15:00,0.2906,0.2907,0.2899,0.2899,140801.0
2023-12-02 00:30:00,0.29,0.2914,0.2899,0.2914,108324.0
2023-12-02 00:45:00,0.2914,0.2928,0.2912,0.2919,321743.0
2023-12-02 01:00:00,0.2917,0.2918,0.2909,0.2912,127536.0
2023-12-02 01:15:00,0.2911,0.2925,0.2911,0.2925,73629.0
2023-12-02 01:30:00,0.2926,0.2945,0.2926,0.2929,197755.0
2023-12-02 01:45:00,0.2929,0.2929,0.2906,0.2915,335184.0
2023-12-02 02:00:00,0.2913,0.292,0.2909,0.2914,127800.0
2023-12-02 02:15:00,0.2913,0.2913,0.2896,0.2899,369526.0
2023-12-02 02:30:00,0.2899,0.29,0.2874,0.2876,293770.0
2023-12-02 02:45:00,0.2875,0.2883,0.2873,0.2883,248896.0
2023-12-02 03:00:00,0.2883,0.2886,0.2879,0.2884,119033.0
2023-12-02 03:15:00,0.2883,0.2895,0.288,0.2893,154000.0
2023-12-02 03:30:00,0.2893,0.29,0.2891,0.2894,30635.0
2023-12-02 03:45:00,0.2896,0.2902,0.2891,0.2901,106025.0
2023-12-02 04:00:00,0.2901,0.291,0.2901,0.2909,71612.0
2023-12-02 04:15:00,0.2909,0.292,0.2909,0.292,64743.0
2023-12-02 04:30:00,0.292,0.2923,0.2908,0.2908,131499.0
2023-12-02 04:45:00,0.2907,0.2925,0.2907,0.2921,101402.0
2023-12-02 05:00:00,0.2921,0.2921,0.291,0.2913,121981.0
2023-12-02 05:15:00,0.2911,0.2917,0.2911,0.2916,42953.0
2023-12-02 05:30:00,0.2916,0.2919,0.2915,0.2916,35532.0
2023-12-02 05:45:00,0.2916,0.2917,0.2903,0.291,272287.0
2023-12-02 06:00:00,0.2912,0.2946,0.2904,0.2945,322797.0
2023-12-02 06:15:00,0.2945,0.2954,0.2928,0.293,495703.0
2023-12-02 06:30:00,0.293,0.2938,0.2927,0.2934,269536.0
2023-12-02 06:45:00,0.2934,0.2939,0.2928,0.293,266893.0
2023-12-02 07:00:00,0.2928,0.2936,0.2928,0.2935,153186.0
2023-12-02 07:15:00,0.2934,0.2938,0.2929,0.293,42654.0
2023-12-02 07:30:00,0.2932,0.2932,0.292,0.2926,92298.0
2023-12-02 07:45:00,0.2926,0.2953,0.2924,0.2946,401244.0
2023-12-02 08:00:00,0.2946,0.2959,0.2938,0.2942,465705.0
2023-12-02 08:15:00,0.2941,0.2941,0.292,0.2924,290819.0
2023-12-02 08:30:00,0.2924,0.2926,0.2914,0.2926,216093.0
2023-12-02 08:45:00,0.2926,0.293,0.2919,0.2924,205927.0
2023-12-02 09:00:00,0.2922,0.2934,0.2914,0.293,178057.0
2023-12-02 09:15:00,0.2931,0.2944,0.2924,0.2941,511286.0
2023-12-02 09:30:00,0.2938,0.2938,0.2929,0.2936,47301.0
2023-12-02 09:45:00,0.2937,0.2938,0.2933,0.2935,61915.0
2023-12-02 10:00:00,0.2936,0.2946,0.2931,0.2938,359507.0
2023-12-02 10:15:00,0.2938,0.2951,0.2934,0.2936,210377.0
2023-12-02 10:30:00,0.2935,0.2936,0.293,0.293,176894.0
2023-12-02 10:45:00,0.2931,0.2942,0.2926,0.2939,194884.0
2023-12-02 11:00:00,0.294,0.2947,0.2933,0.294,208230.0
2023-12-02 11:15:00,0.2941,0.2942,0.2929,0.2937,115197.0
2023-12-02 11:30:00,0.2938,0.2958,0.2938,0.2957,186508.0
2023-12-02 11:45:00,0.2958,0.2975,0.2953,0.2969,332039.0
2023-12-02 12:00:00,0.2969,0.2992,0.2958,0.2992,691579.0
2023-12-02 12:15:00,0.2992,0.3011,0.2983,0.301,765968.0
2023-12-02 12:30:00,0.301,0.3013,0.2991,0.3003,625288.0
2023-12-02 12:45:00,0.3003,0.3028,0.2995,0.3026,876280.0
2023-12-02 13:00:00,0.3026,0.3038,0.3001,0.3002,767527.0
2023-12-02 13:15:00,0.3003,0.3009,0.2993,0.3006,407814.0
2023-12-02 13:30:00,0.3007,0.3007,0.2986,0.2986,667456.0
2023-12-02 13:45:00,0.2986,0.2992,0.2972,0.2987,612359.0
2023-12-02 14:00:00,0.2987,0.2998,0.2975,0.2977,488027.0
2023-12-02 14:15:00,0.2976,0.2989,0.2967,0.2977,588948.0
2023-12-02 14:30:00,0.2977,0.298,0.2957,0.2977,676997.0
2023-12-02 14:45:00,0.2976,0.3012,0.2919,0.2955,931843.0
2023-12-02 15:00:00,0.2955,0.2968,0.2931,0.2957,348407.0
2023-12-02 15:15:00,0.2955,0.2981,0.2954,0.2974,179232.0
2023-12-02 15:30:00,0.2973,0.298,0.2955,0.296,299514.0
2023-12-02 15:45:00,0.296,0.298,0.296,0.2979,227051.0
2023-12-02 16:00:00,0.2979,0.3006,0.2976,0.3001,630852.0
2023-12-02 16:15:00,0.3002,0.304,0.3002,0.3015,1019822.0
2023-12-02 16:30:00,0.3016,0.3028,0.2995,0.3012,759519.0
2023-12-02 16:45:00,0.3012,0.305,0.3004,0.304,1201460.0
2023-12-02 17:00:00,0.3038,0.3055,0.3036,0.3046,1007733.0
2023-12-02 17:15:00,0.3046,0.3059,0.3039,0.3053,788429.0
2023-12-02 17:30:00,0.3052,0.3095,0.3052,0.3073,1191099.0
2023-12-02 17:45:00,0.3073,0.3081,0.3044,0.3056,895827.0
2023-12-02 18:00:00,0.3056,0.3093,0.3052,0.309,1103118.0
2023-12-02 18:15:00,0.309,0.31,0.3086,0.3089,1132149.0
2023-12-02 18:30:00,0.3089,0.3105,0.3067,0.3079,1323519.0
2023-12-02 18:45:00,0.3078,0.3093,0.3069,0.3093,419872.0
2023-12-02 19:00:00,0.3093,0.3107,0.3057,0.3061,919457.0
2023-12-02 19:15:00,0.3061,0.3078,0.3026,0.3065,1111127.0
2023-12-02 19:30:00,0.3066,0.3081,0.306,0.3061,409910.0
2023-12-02 19:45:00,0.3061,0.3083,0.3061,0.3079,164338.0
2023-12-02 20:00:00,0.308,0.3107,0.3073,0.3107,218516.0
2023-12-02 20:15:00,0.3107,0.3143,0.3097,0.314,608188.0
2023-12-02 20:30:00,0.3139,0.3155,0.3119,0.3139,608753.0
2023-12-02 20:45:00,0.3137,0.3151,0.3112,0.3146,596223.0
2023-12-02 21:00:00,0.3147,0.3149,0.3118,0.3118,273819.0
2023-12-02 21:15:00,0.3119,0.3141,0.3105,0.3124,908096.0
2023-12-02 21:30:00,0.3125,0.3189,0.3124,0.3148,1089305.0
2023-12-02 21:45:00,0.3148,0.3169,0.3142,0.3158,445108.0
2023-12-02 22:00:00,0.3158,0.316,0.3123,0.3129,261655.0
2023-12-02 22:15:00,0.313,0.3138,0.3123,0.3134,186275.0
2023-12-02 22:30:00,0.3135,0.3149,0.3124,0.313,186289.0
2023-12-02 22:45:00,0.3132,0.3132,0.3101,0.313,273275.0
2023-12-02 23:00:00,0.313,0.3138,0.3082,0.3123,530265.0
2023-12-02 23:15:00,0.3123,0.314,0.3116,0.313,121102.0
2023-12-02 23:30:00,0.3132,0.3151,0.3132,0.3139,222669.0
2023-12-02 23:45:00,0.314,0.3143,0.3129,0.3131,111474.0
2023-12-03 00:00:00,0.313,0.32,0.3129,0.3182,1155589.0
2023-12-03 00:15:00,0.3182,0.3191,0.3163,0.3191,615118.0
2023-12-03 00:30:00,0.3191,0.3212,0.3175,0.3194,1054231.0
2023-12-03 00:45:00,0.3191,0.3204,0.3167,0.3175,386335.0
2023-12-03 01:00:00,0.3175,0.3178,0.3154,0.3157,315453.0
2023-12-03 01:15:00,0.3158,0.3161,0.3136,0.3144,350556.0
2023-12-03 01:30:00,0.3146,0.3153,0.3132,0.3142,381832.0
2023-12-03 01:45:00,0.3141,0.3148,0.3133,0.3147,107434.0
2023-12-03 02:00:00,0.3145,0.3154,0.3133,0.3143,267366.0
2023-12-03 02:15:00,0.3144,0.3155,0.314,0.3141,220994.0
2023-12-03 02:30:00,0.3141,0.3143,0.3132,0.3137,178640.0
2023-12-03 02:45:00,0.3138,0.3142,0.3112,0.3116,284421.0
2023-12-03 03:00:00,0.3118,0.3124,0.3088,0.3094,663317.0
2023-12-03 03:15:00,0.3092,0.3101,0.309,0.3099,480922.0
2023-12-03 03:30:00,0.3099,0.3106,0.309,0.3103,154336.0
2023-12-03 03:45:00,0.3103,0.3108,0.3092,0.3101,279525.0
2023-12-03 04:00:00,0.31,0.3113,0.3091,0.3111,206248.0
2023-12-03 04:15:00,0.3111,0.3113,0.3102,0.3105,192464.0
2023-12-03 04:30:00,0.3107,0.3107,0.3092,0.3093,321721.0
2023-12-03 04:45:00,0.3094,0.3107,0.3081,0.3085,253591.0
2023-12-03 05:00:00,0.3085,0.3172,0.3078,0.3151,913219.0
2023-12-03 05:15:00,0.315,0.317,0.314,0.3145,397043.0
2023-12-03 05:30:00,0.3149,0.3159,0.3145,0.3157,266688.0
2023-12-03 05:45:00,0.3156,0.3156,0.3121,0.3121,238803.0
2023-12-03 06:00:00,0.3122,0.3122,0.3103,0.3106,256007.0
2023-12-03 06:15:00,0.3105,0.3118,0.3105,0.3112,104661.0
2023-12-03 06:30:00,0.3113,0.3117,0.3099,0.31,107286.0
2023-12-03 06:45:00,0.3099,0.3105,0.3093,0.31,94473.0
2023-12-03 07:00:00,0.31,0.3111,0.3078,0.3087,320746.0
2023-12-03 07:15:00,0.3087,0.3087,0.3056,0.307,815583.0
2023-12-03 07:30:00,0.307,0.3079,0.3064,0.3072,173337.0
2023-12-03 07:45:00,0.3072,0.3081,0.3067,0.3073,213069.0
2023-12-03 08:00:00,0.3074,0.3104,0.3071,0.3099,261212.0
2023-12-03 08:15:00,0.3099,0.3101,0.3092,0.3093,240072.0
2023-12-03 08:30:00,0.3094,0.3095,0.3081,0.3087,133429.0
2023-12-03 08:45:00,0.3088,0.3089,0.3074,0.3076,175192.0
2023-12-03 09:00:00,0.3076,0.3101,0.3076,0.3094,295587.0
2023-12-03 09:15:00,0.3094,0.3101,0.3088,0.3097,249056.0
2023-12-03 09:30:00,0.3095,0.3105,0.3089,0.3089,379172.0
2023-12-03 09:45:00,0.3088,0.309,0.3074,0.3082,390150.0
2023-12-03 10:00:00,0.3083,0.3123,0.3083,0.3118,208486.0
2023-12-03 10:15:00,0.3119,0.3121,0.309,0.309,218388.0
2023-12-03 10:30:00,0.309,0.3095,0.3044,0.3078,782590.0
2023-12-03 10:45:00,0.3079,0.3091,0.3074,0.3089,179777.0
2023-12-03 11:00:00,0.3088,0.3092,0.3061,0.3078,458217.0
2023-12-03 11:15:00,0.3083,0.3083,0.3054,0.3059,196858.0
2023-12-03 11:30:00,0.306,0.3081,0.3057,0.3068,201797.0
2023-12-03 11:45:00,0.3068,0.3078,0.3068,0.3075,99755.0
2023-12-03 12:00:00,0.3073,0.3105,0.307,0.3104,326164.0
2023-12-03 12:15:00,0.3104,0.3116,0.3099,0.3103,250924.0
2023-12-03 12:30:00,0.3106,0.314,0.3085,0.3119,1092020.0
2023-12-03 12:45:00,0.3117,0.3117,0.307,0.3083,737722.0
2023-12-03 13:00:00,0.308,0.3154,0.308,0.3137,788617.0
2023-12-03 13:15:00,0.314,0.3181,0.3123,0.3147,1019741.0
2023-12-03 13:30:00,0.3149,0.3173,0.3131,0.3138,349559.0
2023-12-03 13:45:00,0.314,0.3146,0.3109,0.3128,507901.0
2023-12-03 14:00:00,0.3126,0.3148,0.3092,0.3109,505484.0
2023-12-03 14:15:00,0.3107,0.3127,0.3092,0.3093,369651.0
2023-12-03 14:30:00,0.3094,0.3123,0.3091,0.3117,218575.0
2023-12-03 14:45:00,0.3117,0.3142,0.3113,0.3116,417348.0
2023-12-03 15:00:00,0.3117,0.3117,0.308,0.3085,839431.0
2023-12-03 15:15:00,0.3086,0.3096,0.3068,0.3094,322016.0
2023-12-03 15:30:00,0.3094,0.3106,0.3089,0.3102,399574.0
2023-12-03 15:45:00,0.3101,0.3116,0.3093,0.3114,604627.0
2023-12-03 16:00:00,0.3115,0.3138,0.311,0.3138,481479.0
2023-12-03 16:15:00,0.3138,0.316,0.3132,0.3154,562346.0
2023-12-03 16:30:00,0.3153,0.3179,0.3152,0.3161,910874.0
2023-12-03 16:45:00,0.3161,0.3167,0.3151,0.316,425073.0
2023-12-03 17:00:00,0.316,0.3165,0.3131,0.3139,630785.0
2023-12-03 17:15:00,0.3137,0.314,0.3105,0.3113,878537.0
2023-12-03 17:30:00,0.3113,0.3127,0.3096,0.3104,446394.0
2023-12-03 17:45:00,0.3102,0.3115,0.3098,0.3114,148977.0
2023-12-03 18:00:00,0.3115,0.3134,0.3108,0.3134,98650.0
2023-12-03 18:15:00,0.3134,0.3146,0.313,0.3144,141338.0
2023-12-03 18:30:00,0.3142,0.3145,0.3138,0.314,124969.0
2023-12-03 18:45:00,0.314,0.314,0.3117,0.3119,215595.0
2023-12-03 19:00:00,0.3118,0.3134,0.311,0.3129,228865.0
2023-12-03 19:15:00,0.3129,0.3166,0.3117,0.3151,558142.0
2023-12-03 19:30:00,0.3151,0.3157,0.3138,0.3142,271033.0
2023-12-03 19:45:00,0.3141,0.3141,0.3126,0.3139,148287.0
2023-12-03 20:00:00,0.3138,0.3173,0.3136,0.3144,458837.0
2023-12-03 20:15:00,0.3143,0.3172,0.3143,0.3161,220014.0
2023-12-03 20:30:00,0.316,0.316,0.3137,0.314,349322.0
2023-12-03 20:45:00,0.3138,0.316,0.3136,0.3155,358385.0
2023-12-03 21:00:00,0.3155,0.3158,0.313,0.3139,547132.0
2023-12-03 21:15:00,0.3139,0.3144,0.3131,0.3134,120573.0
2023-12-03 21:30:00,0.3135,0.3139,0.3123,0.3126,302628.0
2023-12-03 21:45:00,0.3127,0.3134,0.3122,0.3134,98968.0
2023-12-03 22:00:00,0.3134,0.3146,0.3124,0.3145,147782.0
2023-12-03 22:15:00,0.3143,0.3159,0.3138,0.3143,317536.0
2023-12-03 22:30:00,0.3143,0.3163,0.3123,0.3125,510041.0
2023-12-03 22:45:00,0.3122,0.3147,0.312,0.3143,180582.0
2023-12-03 23:00:00,0.3143,0.3184,0.3143,0.3174,323262.0
2023-12-03 23:15:00,0.3174,0.3178,0.3126,0.3136,458920.0
2023-12-03 23:30:00,0.3135,0.315,0.312,0.3147,297020.0
2023-12-03 23:45:00,0.3145,0.3198,0.3145,0.3176,560959.0
2023-12-04 00:00:00,0.3176,0.3188,0.314,0.3149,603315.0
2023-12-04 00:15:00,0.3148,0.3168,0.3133,0.3136,366640.0
2023-12-04 00:30:00,0.3134,0.3154,0.3133,0.3137,355082.0
2023-12-04 00:45:00,0.3137,0.3158,0.3132,0.3158,198158.0
2023-12-04 01:00:00,0.3158,0.3163,0.3143,0.3149,191338.0
2023-12-04 01:15:00,0.3152,0.3202,0.3152,0.3188,368993.0
2023-12-04 01:30:00,0.319,0.3228,0.3185,0.3214,304819.0
2023-12-04 01:45:00,0.3212,0.3217,0.316,0.317,303296.0
2023-12-04 02:00:00,0.3171,0.3229,0.316,0.3185,675605.0
2023-12-04 02:15:00,0.3188,0.3206,0.3165,0.3184,633515.0
2023-12-04 02:30:00,0.3183,0.3237,0.3181,0.3232,914502.0
2023-12-04 02:45:00,0.3233,0.327,0.323,0.3239,806151.0
2023-12-04 03:00:00,0.3239,0.3286,0.3224,0.3275,884222.0
2023-12-04 03:15:00,0.3273,0.33,0.3268,0.3275,710061.0
2023-12-04 03:30:00,0.3275,0.33,0.3234,0.3293,943836.0
2023-12-04 03:45:00,0.3293,0.3299,0.3264,0.3288,544032.0
2023-12-04 04:00:00,0.3286,0.3361,0.3285,0.3325,1250428.0
2023-12-04 04:15:00,0.3323,0.3354,0.3292,0.3293,843994.0
2023-12-04 04:30:00,0.3293,0.336,0.329,0.3304,725203.0
2023-12-04 04:45:00,0.3304,0.3344,0.3284,0.33,809603.0
2023-12-04 05:00:00,0.3299,0.3317,0.3259,0.33,633191.0
2023-12-04 05:15:00,0.33,0.3327,0.3279,0.3285,885910.0
2023-12-04 05:30:00,0.3284,0.3301,0.3247,0.3268,1127361.0
2023-12-04 05:45:00,0.3268,0.3277,0.3239,0.3263,508377.0
2023-12-04 06:00:00,0.3264,0.3267,0.3236,0.3248,474773.0
2023-12-04 06:15:00,0.3247,0.3268,0.3243,0.3266,303884.0
2023-12-04 06:30:00,0.3265,0.3272,0.324,0.3246,601131.0
2023-12-04 06:45:00,0.3246,0.3263,0.3241,0.3241,342946.0
2023-12-04 07:00:00,0.3243,0.3331,0.3242,0.3325,860892.0
2023-12-04 07:15:00,0.3322,0.339,0.3319,0.3355,1373820.0
2023-12-04 07:30:00,0.3355,0.3379,0.3326,0.333,587836.0
2023-12-04 07:45:00,0.333,0.3398,0.331,0.3393,814711.0
2023-12-04 08:00:00,0.3394,0.3434,0.3352,0.3384,1734355.0
2023-12-04 08:15:00,0.3384,0.344,0.3374,0.342,590213.0
2023-12-04 08:30:00,0.3422,0.3489,0.3408,0.3478,1364551.0
2023-12-04 08:45:00,0.3478,0.3516,0.3454,0.3474,1683543.0
2023-12-04 09:00:00,0.3473,0.3493,0.3429,0.3445,900889.0
2023-12-04 09:15:00,0.3445,0.3476,0.3439,0.3454,778696.0
2023-12-04 09:30:00,0.3454,0.3471,0.3404,0.3408,694117.0
2023-12-04 09:45:00,0.3407,0.342,0.336,0.3365,683318.0
2023-12-04 10:00:00,0.3366,0.3418,0.3366,0.338,463581.0
2023-12-04 10:15:00,0.3383,0.3405,0.3381,0.339,267749.0
2023-12-04 10:30:00,0.3388,0.3392,0.3371,0.3378,273952.0
2023-12-04 10:45:00,0.3377,0.3408,0.3357,0.3364,473139.0
2023-12-04 11:00:00,0.3363,0.3388,0.2765,0.3021,4571189.0
2023-12-04 11:15:00,0.3022,0.3229,0.3021,0.3152,4526858.0
2023-12-04 11:30:00,0.3152,0.3226,0.3111,0.316,2533566.0
2023-12-04 11:45:00,0.3159,0.3235,0.312,0.3181,2144917.0
2023-12-04 12:00:00,0.3182,0.3194,0.3147,0.3172,987262.0
2023-12-04 12:15:00,0.3171,0.3234,0.3153,0.3231,744373.0
2023-12-04 12:30:00,0.323,0.3281,0.3224,0.3278,1335352.0
2023-12-04 12:45:00,0.3276,0.328,0.3252,0.3261,452448.0
2023-12-04 13:00:00,0.3261,0.3268,0.3228,0.3232,833633.0
2023-12-04 13:15:00,0.323,0.3256,0.3191,0.324,592674.0
2023-12-04 13:30:00,0.324,0.3249,0.3228,0.3233,534072.0
2023-12-04 13:45:00,0.3232,0.3236,0.3161,0.3175,878422.0
2023-12-04 14:00:00,0.3176,0.3196,0.3134,0.3171,686571.0
2023-12-04 14:15:00,0.317,0.3185,0.3124,0.3133,633421.0
2023-12-04 14:30:00,0.3134,0.3162,0.3121,0.3162,698678.0
2023-12-04 14:45:00,0.316,0.3176,0.3158,0.3172,311222.0
2023-12-04 15:00:00,0.3173,0.3178,0.3149,0.317,268947.0
2023-12-04 15:15:00,0.3169,0.3175,0.3139,0.3141,558858.0
2023-12-04 15:30:00,0.3142,0.3157,0.31,0.3148,520394.0
2023-12-04 15:45:00,0.3145,0.3156,0.3134,0.315,149866.0
2023-12-04 16:00:00,0.3148,0.3199,0.3135,0.318,400068.0
2023-12-04 16:15:00,0.3179,0.3217,0.3165,0.3214,303107.0
2023-12-04 16:30:00,0.3212,0.3214,0.3189,0.319,141402.0
2023-12-04 16:45:00,0.319,0.3237,0.3189,0.3225,776146.0
2023-12-04 17:00:00,0.3224,0.323,0.3186,0.3196,510251.0
2023-12-04 17:15:00,0.3195,0.3211,0.3181,0.3195,314666.0
2023-12-04 17:30:00,0.3194,0.3209,0.3189,0.3197,113792.0
2023-12-04 17:45:00,0.3197,0.3212,0.3187,0.3207,330348.0
2023-12-04 18:00:00,0.3208,0.3215,0.3191,0.3193,139439.0
2023-12-04 18:15:00,0.3192,0.3222,0.3192,0.3205,250334.0
2023-12-04 18:30:00,0.3205,0.321,0.3174,0.3176,221006.0
2023-12-04 18:45:00,0.3174,0.3184,0.3166,0.3179,277730.0
2023-12-04 19:00:00,0.3179,0.3182,0.3161,0.3172,268326.0
2023-12-04 19:15:00,0.3171,0.3198,0.3171,0.3187,114325.0
2023-12-04 19:30:00,0.3188,0.319,0.3167,0.3174,181242.0
2023-12-04 19:45:00,0.3174,0.3184,0.316,0.3183,356015.0
2023-12-04 20:00:00,0.3184,0.3199,0.3184,0.3196,119743.0
2023-12-04 20:15:00,0.3197,0.3211,0.3184,0.3206,146627.0
2023-12-04 20:30:00,0.3203,0.3205,0.3179,0.3194,62899.0
2023-12-04 20:45:00,0.3188,0.3199,0.3185,0.3195,63398.0
2023-12-04 21:00:00,0.3197,0.3233,0.3197,0.323,330698.0
2023-12-04 21:15:00,0.3226,0.3258,0.3223,0.325,450147.0
2023-12-04 21:30:00,0.3249,0.3259,0.3241,0.325,105290.0
2023-12-04 21:45:00,0.3249,0.3265,0.3232,0.3258,334187.0
2023-12-04 22:00:00,0.3258,0.3269,0.3244,0.3257,125301.0
2023-12-04 22:15:00,0.3256,0.3288,0.3246,0.3278,355902.0
2023-12-04 22:30:00,0.3278,0.3278,0.3249,0.3264,155291.0
2023-12-04 22:45:00,0.3266,0.3298,0.3227,0.3284,366153.0
2023-12-04 23:00:00,0.3286,0.335,0.3284,0.3329,719826.0
2023-12-04 23:15:00,0.3328,0.3353,0.3317,0.3326,419771.0
2023-12-04 23:30:00,0.3324,0.345,0.3323,0.3436,1306813.0
2023-12-04 23:45:00,0.3435,0.37,0.3424,0.3629,4929351.0
2023-12-05 00:00:00,0.363,0.3852,0.3605,0.3731,5194256.0
2023-12-05 00:15:00,0.3729,0.3734,0.3605,0.3606,2163087.0
2023-12-05 00:30:00,0.3606,0.3635,0.3569,0.3576,1346511.0
2023-12-05 00:45:00,0.3575,0.3614,0.3535,0.3601,1323998.0
2023-12-05 01:00:00,0.3601,0.3607,0.351,0.353,1174736.0
2023-12-05 01:15:00,0.3529,0.3534,0.346,0.349,783577.0
2023-12-05 01:30:00,0.3492,0.3494,0.3466,0.3473,484521.0
2023-12-05 01:45:00,0.3472,0.3521,0.3461,0.3519,626458.0
2023-12-05 02:00:00,0.3518,0.3519,0.3432,0.3453,606795.0
2023-12-05 02:15:00,0.3453,0.35,0.3442,0.3457,913935.0
2023-12-05 02:30:00,0.3459,0.352,0.3444,0.3519,828753.0
2023-12-05 02:45:00,0.3519,0.3553,0.3506,0.3545,645913.0
2023-12-05 03:00:00,0.3543,0.3579,0.3543,0.3576,944373.0
2023-12-05 03:15:00,0.3574,0.3618,0.3571,0.3589,708376.0
2023-12-05 03:30:00,0.359,0.3591,0.3554,0.3567,850120.0
2023-12-05 03:45:00,0.3567,0.3583,0.3551,0.3559,321597.0
2023-12-05 04:00:00,0.3557,0.356,0.352,0.3531,346513.0
2023-12-05 04:15:00,0.3531,0.358,0.3506,0.358,549341.0
2023-12-05 04:30:00,0.3581,0.3606,0.356,0.3585,380677.0
2023-12-05 04:45:00,0.3584,0.359,0.3552,0.3553,300538.0
2023-12-05 05:00:00,0.3552,0.3568,0.3516,0.3554,645618.0
2023-12-05 05:15:00,0.3554,0.3578,0.3537,0.355,265319.0
2023-12-05 05:30:00,0.3549,0.3561,0.3538,0.3542,289385.0
2023-12-05 05:45:00,0.3541,0.3541,0.3484,0.3505,1356928.0
2023-12-05 06:00:00,0.3505,0.354,0.3475,0.3534,788417.0
2023-12-05 06:15:00,0.3531,0.3554,0.3514,0.3522,268369.0
2023-12-05 06:30:00,0.3522,0.3529,0.3465,0.3514,1019869.0
2023-12-05 06:45:00,0.3513,0.3541,0.3494,0.3538,291450.0
2023-12-05 07:00:00,0.3538,0.3558,0.3483,0.3507,750770.0
2023-12-05 07:15:00,0.3506,0.3515,0.3432,0.3499,804835.0
2023-12-05 07:30:00,0.3498,0.3505,0.34,0.3425,1190517.0
2023-12-05 07:45:00,0.3425,0.3479,0.3416,0.3466,692699.0
2023-12-05 08:00:00,0.3465,0.3486,0.3443,0.3478,505552.0
2023-12-05 08:15:00,0.3477,0.3492,0.3464,0.3466,301684.0
2023-12-05 08:30:00,0.3464,0.3466,0.3406,0.3427,577200.0
2023-12-05 08:45:00,0.3427,0.3459,0.3403,0.3459,690941.0
2023-12-05 09:00:00,0.3459,0.3484,0.3452,0.348,319482.0
2023-12-05 09:15:00,0.3479,0.3543,0.3477,0.3535,963164.0
2023-12-05 09:30:00,0.3537,0.3571,0.3529,0.3553,576499.0
2023-12-05 09:45:00,0.3553,0.36,0.3548,0.359,384700.0
2023-12-05 10:00:00,0.359,0.3596,0.355,0.3555,394616.0
2023-12-05 10:15:00,0.3554,0.3588,0.3536,0.3548,379481.0
2023-12-05 10:30:00,0.3548,0.355,0.3514,0.3531,423511.0
2023-12-05 10:45:00,0.3531,0.3534,0.3488,0.3496,516744.0
2023-12-05 11:00:00,0.3496,0.3512,0.3473,0.3512,392566.0
2023-12-05 11:15:00,0.3511,0.3528,0.3494,0.3498,229662.0
2023-12-05 11:30:00,0.35,0.3501,0.3477,0.3489,174456.0
2023-12-05 11:45:00,0.3489,0.3518,0.348,0.3497,222634.0
2023-12-05 12:00:00,0.3497,0.3551,0.3497,0.3551,238266.0
2023-12-05 12:15:00,0.3551,0.3567,0.3524,0.3554,413183.0
2023-12-05 12:30:00,0.3555,0.36,0.3553,0.3596,961984.0
2023-12-05 12:45:00,0.3596,0.361,0.357,0.36,1274696.0
2023-12-05 13:00:00,0.3598,0.3628,0.3566,0.3601,1668009.0
2023-12-05 13:15:00,0.36,0.3617,0.3515,0.3526,823336.0
2023-12-05 13:30:00,0.3525,0.3553,0.3509,0.3513,559346.0
2023-12-05 13:45:00,0.3512,0.3521,0.3458,0.3502,898734.0
2023-12-05 14:00:00,0.3498,0.3526,0.3483,0.349,593040.0
2023-12-05 14:15:00,0.349,0.3516,0.3462,0.3513,442836.0
2023-12-05 14:30:00,0.3512,0.3542,0.3489,0.3519,1067618.0
2023-12-05 14:45:00,0.3516,0.352,0.3498,0.3511,214395.0
2023-12-05 15:00:00,0.351,0.3524,0.3501,0.3515,276084.0
2023-12-05 15:15:00,0.3516,0.3529,0.35,0.3504,461097.0
2023-12-05 15:30:00,0.3503,0.3565,0.3503,0.3542,506889.0
2023-12-05 15:45:00,0.3544,0.3563,0.3506,0.3551,358810.0
2023-12-05 16:00:00,0.3551,0.3567,0.3511,0.3536,264405.0
2023-12-05 16:15:00,0.3531,0.3547,0.3509,0.3534,200622.0
2023-12-05 16:30:00,0.3533,0.3566,0.3513,0.355,485155.0
2023-12-05 16:45:00,0.3549,0.3577,0.3533,0.357,792326.0
2023-12-05 17:00:00,0.3569,0.3599,0.3559,0.3582,813711.0
2023-12-05 17:15:00,0.3582,0.3587,0.3536,0.3563,937623.0
2023-12-05 17:30:00,0.3567,0.3569,0.3471,0.3501,1068066.0
2023-12-05 17:45:00,0.35,0.3547,0.3495,0.3543,304436.0
2023-12-05 18:00:00,0.3544,0.3578,0.3529,0.3565,359403.0
2023-12-05 18:15:00,0.3567,0.3568,0.3507,0.3521,537842.0
2023-12-05 18:30:00,0.3522,0.3524,0.3502,0.3511,232442.0
2023-12-05 18:45:00,0.351,0.3537,0.3494,0.3524,352932.0
2023-12-05 19:00:00,0.3522,0.3588,0.3514,0.3578,722521.0
2023-12-05 19:15:00,0.3577,0.3623,0.3573,0.3604,694747.0
2023-12-05 19:30:00,0.3603,0.37,0.3595,0.3635,1436086.0
2023-12-05 19:45:00,0.3632,0.3664,0.3609,0.3657,657329.0
2023-12-05 20:00:00,0.3657,0.38,0.3634,0.3795,2501124.0
2023-12-05 20:15:00,0.3795,0.3899,0.37,0.3745,4288780.0
2023-12-05 20:30:00,0.3744,0.3767,0.3673,0.37,1459577.0
2023-12-05 20:45:00,0.3697,0.3714,0.3669,0.3706,506551.0
2023-12-05 21:00:00,0.3706,0.3708,0.3642,0.3656,490640.0
2023-12-05 21:15:00,0.3658,0.3693,0.3649,0.367,308101.0
2023-12-05 21:30:00,0.367,0.3786,0.3653,0.3769,1101440.0
2023-12-05 21:45:00,0.377,0.3831,0.3719,0.3739,1504566.0
2023-12-05 22:00:00,0.374,0.3772,0.3716,0.3756,448533.0
2023-12-05 22:15:00,0.3758,0.3758,0.3711,0.3729,252739.0
2023-12-05 22:30:00,0.373,0.3748,0.3681,0.3685,510653.0
2023-12-05 22:45:00,0.3687,0.3691,0.3659,0.3686,315894.0
2023-12-05 23:00:00,0.3685,0.3699,0.3658,0.3685,283550.0
2023-12-05 23:15:00,0.3683,0.372,0.3626,0.3675,609260.0
2023-12-05 23:30:00,0.368,0.368,0.36,0.3631,841488.0
2023-12-05 23:45:00,0.3626,0.3642,0.3605,0.3627,333679.0
2023-12-06 00:00:00,0.3633,0.3646,0.3606,0.3623,495007.0
2023-12-06 00:15:00,0.3623,0.3641,0.3574,0.363,1135520.0
2023-12-06 00:30:00,0.3631,0.3722,0.3616,0.3705,1319719.0
2023-12-06 00:45:00,0.3704,0.3817,0.368,0.3745,954891.0
2023-12-06 01:00:00,0.3746,0.375,0.3695,0.3704,269694.0
2023-12-06 01:15:00,0.3705,0.3764,0.3695,0.3718,881974.0
2023-12-06 01:30:00,0.3719,0.3742,0.3692,0.3705,345791.0
2023-12-06 01:45:00,0.3706,0.3748,0.37,0.3741,223631.0
2023-12-06 02:00:00,0.3742,0.3764,0.3711,0.3714,421841.0
2023-12-06 02:15:00,0.3714,0.3737,0.3687,0.3693,237741.0
2023-12-06 02:30:00,0.3696,0.3703,0.3642,0.3655,500096.0
2023-12-06 02:45:00,0.3652,0.3653,0.3633,0.3646,225923.0
2023-12-06 03:00:00,0.3646,0.3652,0.3614,0.3624,308381.0
2023-12-06 03:15:00,0.3623,0.3629,0.3607,0.3615,183310.0
2023-12-06 03:30:00,0.3615,0.3615,0.3563,0.359,338528.0
2023-12-06 03:45:00,0.3591,0.3618,0.3591,0.3616,296857.0
2023-12-06 04:00:00,0.3615,0.3634,0.3614,0.3628,432025.0
2023-12-06 04:15:00,0.3628,0.363,0.3593,0.3605,380754.0
2023-12-06 04:30:00,0.3607,0.3608,0.3564,0.3569,237045.0
2023-12-06 04:45:00,0.3566,0.3584,0.3564,0.3576,187677.0
2023-12-06 05:00:00,0.3578,0.3592,0.3537,0.3546,289147.0
2023-12-06 05:15:00,0.3548,0.356,0.3469,0.3511,844733.0
2023-12-06 05:30:00,0.3511,0.3511,0.3433,0.3474,1154927.0
2023-12-06 05:45:00,0.3474,0.3543,0.3469,0.3543,619065.0
2023-12-06 06:00:00,0.3539,0.3548,0.3462,0.35,777980.0
2023-12-06 06:15:00,0.3499,0.3514,0.3465,0.3505,835634.0
2023-12-06 06:30:00,0.3505,0.3526,0.3501,0.3515,231788.0
2023-12-06 06:45:00,0.3516,0.3516,0.3484,0.3492,216143.0
2023-12-06 07:00:00,0.3494,0.3502,0.347,0.3479,247250.0
2023-12-06 07:15:00,0.3479,0.3508,0.3457,0.3494,302518.0
2023-12-06 07:30:00,0.3497,0.3521,0.3484,0.3507,442874.0
2023-12-06 07:45:00,0.3507,0.3516,0.3492,0.3499,232839.0
2023-12-06 08:00:00,0.3496,0.3516,0.3472,0.3506,281877.0
2023-12-06 08:15:00,0.3507,0.3523,0.35,0.3509,175614.0
2023-12-06 08:30:00,0.3507,0.3534,0.35,0.3524,219119.0
2023-12-06 08:45:00,0.3523,0.3539,0.3507,0.3537,112677.0
2023-12-06 09:00:00,0.3534,0.3534,0.3493,0.3501,457018.0
2023-12-06 09:15:00,0.3501,0.351,0.3478,0.3486,396297.0
2023-12-06 09:30:00,0.3485,0.3506,0.3476,0.348,199373.0
2023-12-06 09:45:00,0.3479,0.3494,0.346,0.3471,508136.0
2023-12-06 10:00:00,0.3471,0.348,0.3437,0.3437,536764.0
2023-12-06 10:15:00,0.3439,0.352,0.3423,0.3518,1229637.0
2023-12-06 10:30:00,0.352,0.3534,0.35,0.3521,571951.0
2023-12-06 10:45:00,0.3522,0.3528,0.3501,0.3509,286482.0
2023-12-06 11:00:00,0.3508,0.3525,0.3451,0.3456,572040.0
2023-12-06 11:15:00,0.3456,0.348,0.3422,0.3433,823666.0
2023-12-06 11:30:00,0.3436,0.3444,0.3351,0.3417,1363645.0
2023-12-06 11:45:00,0.3417,0.3444,0.3405,0.3427,644422.0
2023-12-06 12:00:00,0.343,0.3479,0.3421,0.3456,769382.0
2023-12-06 12:15:00,0.3456,0.346,0.3428,0.3435,276920.0
2023-12-06 12:30:00,0.3433,0.3469,0.343,0.3465,338612.0
2023-12-06 12:45:00,0.3468,0.3491,0.3468,0.3485,368421.0
2023-12-06 13:00:00,0.3483,0.3607,0.3481,0.3544,1820621.0
2023-12-06 13:15:00,0.3551,0.356,0.3511,0.3536,397489.0
2023-12-06 13:30:00,0.3533,0.3578,0.3508,0.3514,458408.0
2023-12-06 13:45:00,0.3514,0.3543,0.3503,0.3516,278417.0
2023-12-06 14:00:00,0.3515,0.3539,0.348,0.35,313435.0
2023-12-06 14:15:00,0.3499,0.3519,0.349,0.3493,358545.0
2023-12-06 14:30:00,0.3492,0.3496,0.3421,0.3453,590839.0
2023-12-06 14:45:00,0.3452,0.3452,0.3411,0.3422,328082.0
2023-12-06 15:00:00,0.3422,0.3442,0.3418,0.3435,224838.0
2023-12-06 15:15:00,0.3434,0.3441,0.3419,0.3436,269085.0
2023-12-06 15:30:00,0.3437,0.346,0.3435,0.3454,312081.0
2023-12-06 15:45:00,0.3455,0.3479,0.3452,0.3464,201237.0
2023-12-06 16:00:00,0.3469,0.3533,0.3459,0.3515,636804.0
2023-12-06 16:15:00,0.3516,0.3533,0.351,0.3532,159367.0
2023-12-06 16:30:00,0.3534,0.3535,0.3515,0.3528,126982.0
2023-12-06 16:45:00,0.3529,0.3529,0.3488,0.3512,235027.0
2023-12-06 17:00:00,0.351,0.3526,0.3497,0.3504,253536.0
2023-12-06 17:15:00,0.35,0.3517,0.3498,0.3517,53459.0
2023-12-06 17:30:00,0.3516,0.3539,0.3511,0.3537,143104.0
2023-12-06 17:45:00,0.3536,0.3542,0.351,0.3526,282028.0
2023-12-06 18:00:00,0.3531,0.3554,0.3521,0.353,353844.0
2023-12-06 18:15:00,0.3528,0.3535,0.3513,0.352,244312.0
2023-12-06 18:30:00,0.3525,0.3526,0.3513,0.3516,31255.0
2023-12-06 18:45:00,0.3514,0.355,0.3513,0.3546,263984.0
2023-12-06 19:00:00,0.3546,0.3549,0.3531,0.3537,104080.0
2023-12-06 19:15:00,0.3537,0.3557,0.3537,0.3552,117259.0
2023-12-06 19:30:00,0.355,0.3559,0.3533,0.3557,185944.0
2023-12-06 19:45:00,0.3559,0.3567,0.3548,0.356,62814.0
2023-12-06 20:00:00,0.3562,0.358,0.3544,0.3545,166417.0
2023-12-06 20:15:00,0.3547,0.3547,0.3514,0.3524,434410.0
2023-12-06 20:30:00,0.3523,0.3533,0.3512,0.3513,106392.0
2023-12-06 20:45:00,0.3515,0.352,0.3488,0.349,325369.0
2023-12-06 21:00:00,0.3492,0.3513,0.3488,0.3502,181782.0
2023-12-06 21:15:00,0.3505,0.3505,0.3474,0.3483,246604.0
2023-12-06 21:30:00,0.3484,0.3486,0.344,0.3457,227410.0
2023-12-06 21:45:00,0.3459,0.3476,0.3452,0.3469,216365.0
2023-12-06 22:00:00,0.3467,0.3473,0.3459,0.3464,96100.0
2023-12-06 22:15:00,0.3465,0.347,0.346,0.3461,60472.0
2023-12-06 22:30:00,0.3461,0.3474,0.344,0.344,74128.0
2023-12-06 22:45:00,0.344,0.344,0.3401,0.3428,379956.0
2023-12-06 23:00:00,0.343,0.3435,0.3405,0.3419,94010.0
2023-12-06 23:15:00,0.342,0.3433,0.3408,0.3415,266772.0
2023-12-06 23:30:00,0.3414,0.3419,0.3393,0.3418,187463.0
2023-12-06 23:45:00,0.3417,0.343,0.3394,0.3409,152808.0
2023-12-07 00:00:00,0.341,0.3434,0.3402,0.3407,326889.0
2023-12-07 00:15:00,0.3406,0.344,0.3404,0.3437,113381.0
2023-12-07 00:30:00,0.3437,0.3467,0.3437,0.3465,100740.0
2023-12-07 00:45:00,0.3467,0.3469,0.3429,0.3429,266786.0
2023-12-07 01:00:00,0.3429,0.3436,0.3406,0.3417,121352.0
2023-12-07 01:15:00,0.3417,0.3429,0.3408,0.3409,95771.0
2023-12-07 01:30:00,0.3409,0.3414,0.3382,0.3387,211347.0
2023-12-07 01:45:00,0.3388,0.3405,0.338,0.3396,242018.0
2023-12-07 02:00:00,0.3396,0.3405,0.3382,0.3386,207800.0
2023-12-07 02:15:00,0.3385,0.3413,0.3385,0.3388,173164.0
2023-12-07 02:30:00,0.3391,0.3392,0.3381,0.3384,185244.0
2023-12-07 02:45:00,0.3384,0.3385,0.3355,0.3363,238296.0
2023-12-07 03:00:00,0.3365,0.3367,0.3349,0.3358,416235.0
2023-12-07 03:15:00,0.3358,0.3392,0.3358,0.3385,103070.0
2023-12-07 03:30:00,0.3384,0.339,0.3377,0.3388,154225.0
2023-12-07 03:45:00,0.3389,0.3394,0.3382,0.3387,101430.0
2023-12-07 04:00:00,0.3387,0.3413,0.3387,0.3409,183672.0
2023-12-07 04:15:00,0.3407,0.3426,0.3402,0.3417,256561.0
2023-12-07 04:30:00,0.342,0.346,0.342,0.3457,234198.0
2023-12-07 04:45:00,0.3457,0.3499,0.3445,0.3465,182702.0
2023-12-07 05:00:00,0.3472,0.3523,0.3472,0.3502,468040.0
2023-12-07 05:15:00,0.3503,0.3526,0.3492,0.3509,434917.0
2023-12-07 05:30:00,0.3507,0.3514,0.3485,0.3497,223939.0
2023-12-07 05:45:00,0.3497,0.3506,0.348,0.3485,183602.0
2023-12-07 06:00:00,0.3485,0.3493,0.3455,0.3459,195238.0
2023-12-07 06:15:00,0.3457,0.3473,0.3448,0.3463,336227.0
2023-12-07 06:30:00,0.3462,0.349,0.3459,0.3475,219548.0
2023-12-07 06:45:00,0.3472,0.3472,0.3446,0.3453,314708.0
2023-12-07 07:00:00,0.3454,0.3484,0.3454,0.3478,122030.0
2023-12-07 07:15:00,0.3479,0.3482,0.3459,0.3474,123437.0
2023-12-07 07:30:00,0.3476,0.3477,0.3439,0.3448,290671.0
2023-12-07 07:45:00,0.345,0.345,0.3426,0.3432,319519.0
2023-12-07 08:00:00,0.3432,0.3458,0.3412,0.3417,351027.0
2023-12-07 08:15:00,0.3415,0.3434,0.34,0.3404,361400.0
2023-12-07 08:30:00,0.3404,0.3421,0.3402,0.3413,228753.0
2023-12-07 08:45:00,0.3412,0.3417,0.3374,0.3378,427618.0
2023-12-07 09:00:00,0.338,0.341,0.337,0.338,432289.0
2023-12-07 09:15:00,0.3379,0.3384,0.3304,0.3323,1218312.0
2023-12-07 09:30:00,0.3328,0.3395,0.3325,0.3394,570976.0
2023-12-07 09:45:00,0.3392,0.3426,0.3382,0.3406,446927.0
2023-12-07 10:00:00,0.3405,0.344,0.3398,0.3426,420967.0
2023-12-07 10:15:00,0.3428,0.3463,0.3422,0.3457,399767.0
2023-12-07 10:30:00,0.3457,0.3508,0.3457,0.3483,608531.0
2023-12-07 10:45:00,0.3484,0.3505,0.3476,0.3496,662942.0
2023-12-07 11:00:00,0.3497,0.3579,0.3497,0.3548,1472212.0
2023-12-07 11:15:00,0.355,0.3562,0.3522,0.3544,455990.0
2023-12-07 11:30:00,0.3547,0.3555,0.3529,0.3543,293397.0
2023-12-07 11:45:00,0.3546,0.3581,0.3539,0.3573,525427.0
2023-12-07 12:00:00,0.3575,0.3586,0.3537,0.3582,587430.0
2023-12-07 12:15:00,0.3584,0.3584,0.3552,0.3552,530051.0
2023-12-07 12:30:00,0.3552,0.362,0.3552,0.3613,893881.0
2023-12-07 12:45:00,0.361,0.3653,0.3605,0.3609,708837.0
2023-12-07 13:00:00,0.3608,0.3625,0.3583,0.3586,387166.0
2023-12-07 13:15:00,0.3591,0.3605,0.3579,0.3599,148060.0
2023-12-07 13:30:00,0.3601,0.3601,0.3568,0.3575,223560.0
2023-12-07 13:45:00,0.3576,0.365,0.3563,0.3595,534586.0
2023-12-07 14:00:00,0.3594,0.3694,0.3566,0.3664,1125957.0
2023-12-07 14:15:00,0.3666,0.3681,0.3643,0.3644,399282.0
2023-12-07 14:30:00,0.3643,0.3705,0.3641,0.3672,648223.0
2023-12-07 14:45:00,0.3672,0.3722,0.3656,0.3706,559256.0
2023-12-07 15:00:00,0.3705,0.3732,0.3657,0.3661,724283.0
2023-12-07 15:15:00,0.366,0.37,0.3642,0.3686,789533.0
2023-12-07 15:30:00,0.3685,0.378,0.3683,0.3771,1592086.0
2023-12-07 15:45:00,0.377,0.3782,0.3705,0.3723,823135.0
2023-12-07 16:00:00,0.3723,0.3737,0.3681,0.3697,721165.0
2023-12-07 16:15:00,0.3698,0.3799,0.3682,0.3727,659748.0
2023-12-07 16:30:00,0.3727,0.377,0.3713,0.3716,507573.0
2023-12-07 16:45:00,0.3719,0.374,0.3708,0.3736,151909.0
2023-12-07 17:00:00,0.3737,0.3747,0.3702,0.3738,324573.0
2023-12-07 17:15:00,0.3739,0.3775,0.3724,0.3772,375712.0
2023-12-07 17:30:00,0.3772,0.38,0.3741,0.3777,607391.0
2023-12-07 17:45:00,0.3777,0.385,0.3755,0.3836,679922.0
2023-12-07 18:00:00,0.3835,0.386,0.3773,0.3784,553906.0
2023-12-07 18:15:00,0.3782,0.3796,0.3747,0.3757,366253.0
2023-12-07 18:30:00,0.3756,0.3756,0.3695,0.3712,1079843.0
2023-12-07 18:45:00,0.371,0.3727,0.3706,0.3718,161079.0
2023-12-07 19:00:00,0.3718,0.3737,0.3709,0.3712,203298.0
2023-12-07 19:15:00,0.3717,0.3725,0.367,0.3693,254048.0
2023-12-07 19:30:00,0.3694,0.3715,0.367,0.3689,325540.0
2023-12-07 19:45:00,0.3692,0.3739,0.3692,0.3733,510039.0
2023-12-07 20:00:00,0.3732,0.3741,0.3723,0.3731,124182.0
2023-12-07 20:15:00,0.3731,0.3736,0.371,0.3718,170182.0
2023-12-07 20:30:00,0.3714,0.3736,0.3704,0.3734,176837.0
2023-12-07 20:45:00,0.3732,0.3748,0.3706,0.3713,555273.0
2023-12-07 21:00:00,0.3716,0.3726,0.3702,0.3706,112950.0
2023-12-07 21:15:00,0.3707,0.3731,0.37,0.373,66658.0
2023-12-07 21:30:00,0.3729,0.374,0.3725,0.3731,64603.0
2023-12-07 21:45:00,0.3733,0.3736,0.3717,0.3725,78986.0
2023-12-07 22:00:00,0.3726,0.3731,0.3702,0.371,422507.0
2023-12-07 22:15:00,0.3713,0.3721,0.3701,0.3719,83875.0
2023-12-07 22:30:00,0.3719,0.3721,0.3671,0.3699,274874.0
2023-12-07 22:45:00,0.37,0.3706,0.367,0.3679,328805.0
2023-12-07 23:00:00,0.368,0.3702,0.3673,0.3682,89738.0
2023-12-07 23:15:00,0.3688,0.3688,0.3657,0.3671,205085.0
2023-12-07 23:30:00,0.3672,0.3681,0.366,0.3672,139239.0
2023-12-07 23:45:00,0.3671,0.3678,0.3645,0.3655,256585.0
2023-12-08 00:00:00,0.3654,0.3692,0.3653,0.3672,504395.0
2023-12-08 00:15:00,0.3671,0.3702,0.367,0.3701,181867.0
2023-12-08 00:30:00,0.3701,0.3703,0.3644,0.3652,221968.0
2023-12-08 00:45:00,0.3651,0.3668,0.3646,0.3651,340039.0
2023-12-08 01:00:00,0.3648,0.3648,0.3623,0.3631,202230.0
2023-12-08 01:15:00,0.3632,0.3657,0.3632,0.3654,185573.0
2023-12-08 01:30:00,0.3657,0.3679,0.3654,0.3679,100864.0
2023-12-08 01:45:00,0.3678,0.3724,0.3678,0.3707,329174.0
2023-12-08 02:00:00,0.3708,0.3717,0.3691,0.3694,389095.0
2023-12-08 02:15:00,0.3694,0.3698,0.3666,0.368,322424.0
2023-12-08 02:30:00,0.3682,0.369,0.3667,0.369,142917.0
2023-12-08 02:45:00,0.369,0.374,0.3681,0.3739,371923.0
2023-12-08 03:00:00,0.3738,0.3746,0.3687,0.3727,311242.0
2023-12-08 03:15:00,0.3726,0.3746,0.371,0.3723,350775.0
2023-12-08 03:30:00,0.3723,0.3745,0.371,0.3739,165610.0
2023-12-08 03:45:00,0.3737,0.3752,0.3729,0.3742,151138.0
2023-12-08 04:00:00,0.3741,0.3757,0.3718,0.3726,171729.0
2023-12-08 04:15:00,0.3726,0.3744,0.3717,0.3729,261290.0
2023-12-08 04:30:00,0.3724,0.3724,0.3694,0.3701,255594.0
2023-12-08 04:45:00,0.3702,0.3703,0.3676,0.3683,198716.0
2023-12-08 05:00:00,0.3682,0.3691,0.367,0.3671,104693.0
2023-12-08 05:15:00,0.3672,0.3675,0.3627,0.3653,305487.0
2023-12-08 05:30:00,0.3657,0.367,0.3654,0.3666,80421.0
2023-12-08 05:45:00,0.3668,0.3672,0.365,0.3661,139014.0
2023-12-08 06:00:00,0.3661,0.3683,0.3654,0.3683,193316.0
2023-12-08 06:15:00,0.3683,0.3694,0.3678,0.369,71458.0
2023-12-08 06:30:00,0.369,0.369,0.3641,0.3648,250167.0
2023-12-08 06:45:00,0.3648,0.3648,0.361,0.3623,459136.0
2023-12-08 07:00:00,0.3622,0.3659,0.3618,0.3647,127355.0
2023-12-08 07:15:00,0.3649,0.3649,0.3619,0.3625,296616.0
2023-12-08 07:30:00,0.3625,0.363,0.3604,0.362,338857.0
2023-12-08 07:45:00,0.3623,0.3639,0.3607,0.3609,124748.0
2023-12-08 08:00:00,0.361,0.3624,0.3597,0.3603,454573.0
2023-12-08 08:15:00,0.3603,0.3606,0.3591,0.3599,194391.0
2023-12-08 08:30:00,0.3599,0.3617,0.3592,0.3596,272747.0
2023-12-08 08:45:00,0.3593,0.3595,0.3561,0.3569,298843.0
2023-12-08 09:00:00,0.357,0.3594,0.3563,0.3576,310324.0
2023-12-08 09:15:00,0.3576,0.3585,0.3565,0.3565,200115.0
2023-12-08 09:30:00,0.3566,0.3591,0.356,0.3585,509497.0
2023-12-08 09:45:00,0.3585,0.3591,0.3547,0.355,276050.0
2023-12-08 10:00:00,0.355,0.3589,0.3546,0.3579,264528.0
2023-12-08 10:15:00,0.3579,0.3598,0.3579,0.3589,367442.0
2023-12-08 10:30:00,0.3588,0.3588,0.3555,0.3577,260900.0
2023-12-08 10:45:00,0.3576,0.3593,0.3575,0.3593,155922.0
2023-12-08 11:00:00,0.3593,0.3673,0.3588,0.3671,1097123.0
2023-12-08 11:15:00,0.3671,0.369,0.3663,0.369,208556.0
2023-12-08 11:30:00,0.369,0.3693,0.3664,0.3675,132997.0
2023-12-08 11:45:00,0.3675,0.3682,0.3656,0.3663,126307.0
2023-12-08 12:00:00,0.3667,0.3708,0.366,0.3675,345925.0
2023-12-08 12:15:00,0.3673,0.3682,0.3632,0.3657,479898.0
2023-12-08 12:30:00,0.3658,0.3662,0.3608,0.365,493570.0
2023-12-08 12:45:00,0.3652,0.3663,0.3643,0.3647,94343.0
2023-12-08 13:00:00,0.3647,0.3655,0.3613,0.3627,277682.0
2023-12-08 13:15:00,0.3625,0.3645,0.3578,0.3638,511612.0
2023-12-08 13:30:00,0.364,0.364,0.36,0.3613,212725.0
2023-12-08 13:45:00,0.3613,0.3625,0.3593,0.3596,180928.0
2023-12-08 14:00:00,0.3598,0.3627,0.3575,0.3589,329179.0
2023-12-08 14:15:00,0.359,0.3614,0.3588,0.3607,402309.0
2023-12-08 14:30:00,0.3605,0.362,0.3574,0.3609,439036.0
2023-12-08 14:45:00,0.3609,0.3629,0.3603,0.3625,125323.0
2023-12-08 15:00:00,0.3626,0.3663,0.3606,0.3651,773658.0
2023-12-08 15:15:00,0.3651,0.3656,0.3633,0.3633,171419.0
2023-12-08 15:30:00,0.3636,0.3642,0.3633,0.3641,47832.0
2023-12-08 15:45:00,0.364,0.3641,0.3617,0.3621,289266.0
2023-12-08 16:00:00,0.3622,0.3664,0.3622,0.3649,150972.0
2023-12-08 16:15:00,0.365,0.3698,0.364,0.3667,427577.0
2023-12-08 16:30:00,0.3664,0.3684,0.3664,0.3678,71426.0
2023-12-08 16:45:00,0.3678,0.3689,0.3665,0.3676,99819.0
2023-12-08 17:00:00,0.367,0.368,0.3626,0.3626,177170.0
2023-12-08 17:15:00,0.3627,0.3636,0.3595,0.3596,190268.0
2023-12-08 17:30:00,0.3594,0.3619,0.3588,0.3602,96362.0
2023-12-08 17:45:00,0.3603,0.3626,0.3603,0.3622,39740.0
2023-12-08 18:00:00,0.3622,0.3646,0.3612,0.364,105322.0
2023-12-08 18:15:00,0.3642,0.368,0.3642,0.3673,250846.0
2023-12-08 18:30:00,0.3673,0.3701,0.3666,0.3693,379932.0
2023-12-08 18:45:00,0.3692,0.3696,0.3664,0.3672,199177.0
2023-12-08 19:00:00,0.3672,0.3687,0.3664,0.3673,88581.0
2023-12-08 19:15:00,0.3671,0.3682,0.3661,0.3661,59764.0
2023-12-08 19:30:00,0.3663,0.3693,0.3661,0.368,48301.0
2023-12-08 19:45:00,0.368,0.3685,0.3635,0.3658,210027.0
2023-12-08 20:00:00,0.3658,0.3661,0.3642,0.3659,122227.0
2023-12-08 20:15:00,0.3659,0.366,0.3646,0.3649,74018.0
2023-12-08 20:30:00,0.3648,0.365,0.3634,0.3643,99546.0
2023-12-08 20:45:00,0.3642,0.3681,0.3636,0.3681,138941.0
2023-12-08 21:00:00,0.368,0.3681,0.3651,0.3651,167645.0
2023-12-08 21:15:00,0.3651,0.3666,0.3622,0.3664,309692.0
2023-12-08 21:30:00,0.3662,0.3676,0.3641,0.3652,212101.0
2023-12-08 21:45:00,0.365,0.3706,0.3643,0.3674,312444.0
2023-12-08 22:00:00,0.3676,0.3683,0.3649,0.3651,153680.0
2023-12-08 22:15:00,0.3651,0.3658,0.3644,0.3651,58159.0
2023-12-08 22:30:00,0.3651,0.3653,0.364,0.364,173682.0
2023-12-08 22:45:00,0.3641,0.3651,0.3641,0.3646,43848.0
2023-12-08 23:00:00,0.3645,0.3657,0.3641,0.3657,42540.0
2023-12-08 23:15:00,0.3656,0.3663,0.3651,0.3657,54569.0
2023-12-08 23:30:00,0.3659,0.3707,0.3657,0.3685,211716.0
2023-12-08 23:45:00,0.3681,0.3681,0.3671,0.3672,87417.0
2023-12-09 00:00:00,0.3676,0.3695,0.3665,0.3685,155190.0
2023-12-09 00:15:00,0.3685,0.3704,0.3682,0.3703,64033.0
2023-12-09 00:30:00,0.3703,0.3713,0.369,0.3707,287120.0
2023-12-09 00:45:00,0.3707,0.371,0.367,0.3682,462313.0
2023-12-09 01:00:00,0.3682,0.3687,0.36,0.3618,405763.0
2023-12-09 01:15:00,0.3617,0.3656,0.3617,0.3653,215937.0
2023-12-09 01:30:00,0.3651,0.3685,0.3644,0.3684,270151.0
2023-12-09 01:45:00,0.3684,0.3692,0.3674,0.3686,210805.0
2023-12-09 02:00:00,0.3686,0.3689,0.3655,0.3667,346011.0
2023-12-09 02:15:00,0.3667,0.3675,0.3656,0.3671,185952.0
2023-12-09 02:30:00,0.3669,0.3675,0.3653,0.3661,52124.0
2023-12-09 02:45:00,0.366,0.3675,0.3654,0.3661,39958.0
2023-12-09 03:00:00,0.3665,0.3693,0.3665,0.3693,66050.0
2023-12-09 03:15:00,0.3693,0.3694,0.3685,0.3685,99919.0
2023-12-09 03:30:00,0.3685,0.3686,0.3662,0.3663,201459.0
2023-12-09 03:45:00,0.3663,0.3676,0.3663,0.3673,56269.0
2023-12-09 04:00:00,0.3674,0.3696,0.3674,0.3676,104774.0
2023-12-09 04:15:00,0.3675,0.3683,0.3659,0.3665,160544.0
2023-12-09 04:30:00,0.3665,0.3672,0.3654,0.366,142925.0
2023-12-09 04:45:00,0.366,0.3679,0.3658,0.3668,234117.0
2023-12-09 05:00:00,0.3667,0.3669,0.3638,0.3644,150034.0
2023-12-09 05:15:00,0.3642,0.3652,0.3611,0.3624,549790.0
2023-12-09 05:30:00,0.3624,0.3627,0.3614,0.3621,84595.0
2023-12-09 05:45:00,0.3621,0.3624,0.3589,0.3613,626917.0
2023-12-09 06:00:00,0.3612,0.3617,0.3591,0.361,471840.0
2023-12-09 06:15:00,0.361,0.3616,0.359,0.3609,426812.0
2023-12-09 06:30:00,0.3607,0.3623,0.3592,0.3615,257704.0
2023-12-09 06:45:00,0.3615,0.3633,0.3612,0.3628,97914.0
2023-12-09 07:00:00,0.3629,0.3662,0.3614,0.3653,321163.0
2023-12-09 07:15:00,0.3653,0.3653,0.3604,0.3626,307413.0
2023-12-09 07:30:00,0.3626,0.3626,0.3595,0.3621,497176.0
2023-12-09 07:45:00,0.3619,0.3664,0.3619,0.3656,350279.0
2023-12-09 08:00:00,0.3656,0.3674,0.3639,0.3647,362212.0
2023-12-09 08:15:00,0.3646,0.3678,0.3644,0.3646,322478.0
2023-12-09 08:30:00,0.3646,0.3646,0.346,0.3523,1578575.0
2023-12-09 08:45:00,0.3527,0.3578,0.3482,0.3547,1109154.0
2023-12-09 09:00:00,0.3551,0.358,0.3548,0.3574,198498.0
2023-12-09 09:15:00,0.3569,0.3598,0.3565,0.359,203608.0
2023-12-09 09:30:00,0.3588,0.3594,0.3521,0.3529,252870.0
2023-12-09 09:45:00,0.3527,0.3544,0.3515,0.3521,310813.0
2023-12-09 10:00:00,0.3521,0.3552,0.3521,0.3549,154367.0
2023-12-09 10:15:00,0.3548,0.3548,0.3511,0.3521,121681.0
2023-12-09 10:30:00,0.3522,0.355,0.3516,0.3539,171954.0
2023-12-09 10:45:00,0.3541,0.3549,0.3532,0.3537,216342.0
2023-12-09 11:00:00,0.3541,0.3549,0.3531,0.3539,106293.0
2023-12-09 11:15:00,0.3539,0.354,0.3518,0.352,218131.0
2023-12-09 11:30:00,0.352,0.354,0.352,0.3529,261956.0
2023-12-09 11:45:00,0.3528,0.3544,0.3523,0.3542,64845.0
2023-12-09 12:00:00,0.354,0.3552,0.3527,0.3542,132710.0
2023-12-09 12:15:00,0.3545,0.3547,0.3497,0.3503,244522.0
2023-12-09 12:30:00,0.3504,0.3517,0.3498,0.3503,288699.0
2023-12-09 12:45:00,0.3504,0.3534,0.3502,0.3525,70762.0
2023-12-09 13:00:00,0.3526,0.3536,0.3517,0.3527,99313.0
2023-12-09 13:15:00,0.3528,0.3543,0.3525,0.3529,310209.0
2023-12-09 13:30:00,0.3529,0.3529,0.3468,0.3496,1066864.0
2023-12-09 13:45:00,0.3496,0.3515,0.3493,0.3512,211572.0
2023-12-09 14:00:00,0.3512,0.3526,0.3505,0.3522,346378.0
2023-12-09 14:15:00,0.352,0.3525,0.3501,0.3507,231997.0
2023-12-09 14:30:00,0.3507,0.3507,0.343,0.3464,565606.0
2023-12-09 14:45:00,0.3463,0.3488,0.344,0.3483,265122.0
2023-12-09 15:00:00,0.3485,0.35,0.3451,0.3453,402333.0
2023-12-09 15:15:00,0.3455,0.3477,0.3453,0.3459,176710.0
2023-12-09 15:30:00,0.3461,0.3498,0.3458,0.3498,144055.0
2023-12-09 15:45:00,0.3496,0.3513,0.3496,0.3505,169361.0
2023-12-09 16:00:00,0.3505,0.3512,0.3498,0.35,150613.0
2023-12-09 16:15:00,0.35,0.3501,0.3452,0.3463,206087.0
2023-12-09 16:30:00,0.3462,0.3481,0.345,0.3481,285815.0
2023-12-09 16:45:00,0.3479,0.35,0.3477,0.3488,219801.0
2023-12-09 17:00:00,0.3488,0.3505,0.3436,0.3446,639270.0
2023-12-09 17:15:00,0.3451,0.3468,0.3446,0.345,169840.0
2023-12-09 17:30:00,0.345,0.3474,0.3447,0.3464,130787.0
2023-12-09 17:45:00,0.3463,0.3467,0.3425,0.3431,401277.0
2023-12-09 18:00:00,0.3432,0.3462,0.3431,0.3447,203844.0
2023-12-09 18:15:00,0.3449,0.3463,0.3448,0.3462,42295.0
2023-12-09 18:30:00,0.3462,0.3477,0.3441,0.3477,238773.0
2023-12-09 18:45:00,0.3477,0.3485,0.3471,0.3473,224765.0
2023-12-09 19:00:00,0.3475,0.3494,0.3471,0.3487,201089.0
2023-12-09 19:15:00,0.3486,0.3488,0.3473,0.3484,169823.0
2023-12-09 19:30:00,0.3484,0.3489,0.3475,0.3478,110800.0
2023-12-09 19:45:00,0.3478,0.3481,0.3467,0.3476,76472.0
2023-12-09 20:00:00,0.3476,0.348,0.3452,0.3458,125692.0
2023-12-09 20:15:00,0.3456,0.3464,0.3445,0.3447,129902.0
2023-12-09 20:30:00,0.3448,0.3463,0.3436,0.3459,186462.0
2023-12-09 20:45:00,0.3457,0.3457,0.3445,0.345,73151.0
2023-12-09 21:00:00,0.3451,0.3457,0.3433,0.3438,129678.0
2023-12-09 21:15:00,0.3436,0.3452,0.3433,0.3448,113035.0
2023-12-09 21:30:00,0.3447,0.3481,0.3447,0.3481,89061.0
2023-12-09 21:45:00,0.348,0.3491,0.3479,0.3487,162698.0
2023-12-09 22:00:00,0.3487,0.3497,0.3473,0.3493,143161.0
2023-12-09 22:15:00,0.3495,0.35,0.3483,0.3489,93984.0
2023-12-09 22:30:00,0.3489,0.3489,0.3469,0.3469,63803.0
2023-12-09 22:45:00,0.347,0.3471,0.3443,0.3456,86170.0
2023-12-09 23:00:00,0.3453,0.3461,0.344,0.344,49744.0
2023-12-09 23:15:00,0.3441,0.3451,0.34,0.3406,290713.0
2023-12-09 23:30:00,0.3405,0.3415,0.3362,0.3389,782781.0
2023-12-09 23:45:00,0.3388,0.3403,0.3381,0.3397,254213.0
2023-12-10 00:00:00,0.3397,0.3429,0.3397,0.3421,170262.0
2023-12-10 00:15:00,0.342,0.3442,0.3418,0.3442,139162.0
2023-12-10 00:30:00,0.3442,0.3456,0.3439,0.3454,143737.0
2023-12-10 00:45:00,0.3454,0.3462,0.3448,0.3458,135758.0
2023-12-10 01:00:00,0.3458,0.3459,0.343,0.3442,143563.0
2023-12-10 01:15:00,0.3439,0.3461,0.3431,0.3454,207213.0
2023-12-10 01:30:00,0.3454,0.3459,0.3446,0.3451,31119.0
2023-12-10 01:45:00,0.3454,0.3455,0.3447,0.345,47161.0
2023-12-10 02:00:00,0.3453,0.3453,0.3445,0.3447,58526.0
2023-12-10 02:15:00,0.3444,0.3464,0.3433,0.3451,148541.0
2023-12-10 02:30:00,0.345,0.3489,0.345,0.3479,175796.0
2023-12-10 02:45:00,0.3478,0.3485,0.3458,0.3461,168688.0
2023-12-10 03:00:00,0.3464,0.3482,0.3425,0.3447,552489.0
2023-12-10 03:15:00,0.3446,0.3452,0.3438,0.3446,103627.0
2023-12-10 03:30:00,0.3448,0.3456,0.3442,0.3446,121438.0
2023-12-10 03:45:00,0.3446,0.3448,0.3436,0.3446,154475.0
2023-12-10 04:00:00,0.3445,0.3456,0.3434,0.3438,161392.0
2023-12-10 04:15:00,0.3437,0.3463,0.3434,0.3462,40356.0
2023-12-10 04:30:00,0.3462,0.3469,0.3454,0.3469,85469.0
2023-12-10 04:45:00,0.3468,0.3471,0.3452,0.3468,105147.0
2023-12-10 05:00:00,0.3462,0.3462,0.3436,0.3442,282300.0
2023-12-10 05:15:00,0.3442,0.3446,0.3435,0.3442,137526.0
2023-12-10 05:30:00,0.3442,0.345,0.3433,0.3433,89464.0
2023-12-10 05:45:00,0.3436,0.3448,0.3436,0.3447,57118.0
2023-12-10 06:00:00,0.3447,0.3447,0.3425,0.3425,183460.0
2023-12-10 06:15:00,0.3426,0.3426,0.341,0.3412,210585.0
2023-12-10 06:30:00,0.3412,0.3417,0.3404,0.3416,222118.0
2023-12-10 06:45:00,0.3417,0.3427,0.3398,0.3406,306172.0
2023-12-10 07:00:00,0.3405,0.3407,0.3394,0.3397,135298.0
2023-12-10 07:15:00,0.3396,0.3402,0.3355,0.3374,664625.0
2023-12-10 07:30:00,0.3374,0.3388,0.3361,0.3388,267254.0
2023-12-10 07:45:00,0.3389,0.3412,0.3386,0.3405,159448.0
2023-12-10 08:00:00,0.3407,0.3423,0.3393,0.3397,153090.0
2023-12-10 08:15:00,0.3396,0.3408,0.337,0.339,253150.0
2023-12-10 08:30:00,0.3389,0.3396,0.3369,0.3369,180032.0
2023-12-10 08:45:00,0.3372,0.3387,0.3369,0.3378,129302.0
2023-12-10 09:00:00,0.3383,0.3387,0.3372,0.3372,86038.0
2023-12-10 09:15:00,0.3374,0.3384,0.3351,0.3358,167198.0
2023-12-10 09:30:00,0.3358,0.3362,0.3331,0.3337,298720.0
2023-12-10 09:45:00,0.334,0.3353,0.3278,0.3305,522008.0
2023-12-10 10:00:00,0.3304,0.3351,0.33,0.3344,233727.0
2023-12-10 10:15:00,0.3344,0.3355,0.3336,0.3347,311553.0
2023-12-10 10:30:00,0.3345,0.3347,0.3332,0.3334,88177.0
2023-12-10 10:45:00,0.3335,0.335,0.3244,0.3336,1333730.0
2023-12-10 11:00:00,0.3337,0.335,0.3332,0.3347,192704.0
2023-12-10 11:15:00,0.334,0.3349,0.3335,0.3349,167005.0
2023-12-10 11:30:00,0.3344,0.3346,0.3334,0.3337,74781.0
2023-12-10 11:45:00,0.3334,0.3344,0.3328,0.334,106009.0
2023-12-10 12:00:00,0.3339,0.3371,0.3338,0.3366,121082.0
2023-12-10 12:15:00,0.3366,0.3377,0.3362,0.3368,258760.0
2023-12-10 12:30:00,0.3369,0.3375,0.3362,0.3375,166394.0
2023-12-10 12:45:00,0.3378,0.3389,0.3369,0.3387,85469.0
2023-12-10 13:00:00,0.3386,0.3388,0.3373,0.3378,102851.0
2023-12-10 13:15:00,0.3378,0.3379,0.3359,0.337,85152.0
2023-12-10 13:30:00,0.3372,0.3383,0.3359,0.3383,104032.0
2023-12-10 13:45:00,0.3383,0.34,0.3383,0.34,134965.0
2023-12-10 14:00:00,0.3397,0.3423,0.3396,0.3418,152680.0
2023-12-10 14:15:00,0.3418,0.3436,0.3405,0.3429,348483.0
2023-12-10 14:30:00,0.3428,0.3433,0.3414,0.3414,155265.0
2023-12-10 14:45:00,0.3414,0.3431,0.3414,0.3421,106876.0
2023-12-10 15:00:00,0.3418,0.3454,0.3414,0.3444,312860.0
2023-12-10 15:15:00,0.3445,0.3459,0.344,0.3457,96832.0
2023-12-10 15:30:00,0.3457,0.3462,0.3447,0.3451,60858.0
2023-12-10 15:45:00,0.3451,0.3455,0.3437,0.3438,59159.0
2023-12-10 16:00:00,0.3439,0.3446,0.3409,0.3414,196897.0
2023-12-10 16:15:00,0.3414,0.3417,0.34,0.3417,144824.0
2023-12-10 16:30:00,0.3416,0.3427,0.3406,0.341,31648.0
2023-12-10 16:45:00,0.341,0.3416,0.3396,0.3406,90363.0
2023-12-10 17:00:00,0.3408,0.341,0.3395,0.3402,93959.0
2023-12-10 17:15:00,0.3403,0.3409,0.339,0.339,111251.0
2023-12-10 17:30:00,0.3391,0.3403,0.3384,0.3392,26039.0
2023-12-10 17:45:00,0.3388,0.3403,0.3388,0.3398,83415.0
2023-12-10 18:00:00,0.34,0.3418,0.34,0.3416,70275.0
2023-12-10 18:15:00,0.3418,0.3432,0.3413,0.343,67166.0
2023-12-10 18:30:00,0.3428,0.3437,0.3424,0.3429,110203.0
2023-12-10 18:45:00,0.3431,0.3438,0.3417,0.3427,78636.0
2023-12-10 19:00:00,0.3429,0.3429,0.3416,0.3421,91091.0
2023-12-10 19:15:00,0.3424,0.3429,0.3421,0.3427,38093.0
2023-12-10 19:30:00,0.3425,0.3434,0.3422,0.343,34604.0
2023-12-10 19:45:00,0.3429,0.3444,0.3421,0.3444,78263.0
2023-12-10 20:00:00,0.3445,0.3448,0.3434,0.3438,45941.0
2023-12-10 20:15:00,0.3438,0.3453,0.3433,0.3452,34721.0
2023-12-10 20:30:00,0.345,0.3495,0.3447,0.349,236298.0
2023-12-10 20:45:00,0.349,0.3499,0.348,0.3493,248395.0
2023-12-10 21:00:00,0.3493,0.3493,0.3469,0.3475,83075.0
2023-12-10 21:15:00,0.3473,0.3473,0.345,0.3456,80021.0
2023-12-10 21:30:00,0.3454,0.3463,0.3443,0.346,174401.0
2023-12-10 21:45:00,0.3461,0.347,0.3454,0.3454,36402.0
2023-12-10 22:00:00,0.3453,0.3467,0.3448,0.3465,28087.0
2023-12-10 22:15:00,0.3465,0.348,0.346,0.348,98541.0
2023-12-10 22:30:00,0.3481,0.3482,0.3448,0.345,68420.0
2023-12-10 22:45:00,0.3452,0.3454,0.3426,0.3441,374152.0
2023-12-10 23:00:00,0.3443,0.3455,0.3434,0.3434,50015.0
2023-12-10 23:15:00,0.3433,0.3444,0.3412,0.3439,170358.0
2023-12-10 23:30:00,0.3438,0.3456,0.3438,0.3442,106183.0
2023-12-10 23:45:00,0.3443,0.3449,0.3432,0.3444,96930.0
2023-12-11 00:00:00,0.3448,0.3464,0.3434,0.3434,136108.0
2023-12-11 00:15:00,0.3434,0.3453,0.3429,0.3438,49877.0
2023-12-11 00:30:00,0.3441,0.3453,0.3425,0.3425,58981.0
2023-12-11 00:45:00,0.3426,0.3434,0.3402,0.3406,185231.0
2023-12-11 01:00:00,0.3408,0.3408,0.334,0.3378,358127.0
2023-12-11 01:15:00,0.3378,0.34,0.3371,0.3386,103157.0
2023-12-11 01:30:00,0.3389,0.3402,0.3373,0.3399,150587.0
2023-12-11 01:45:00,0.3399,0.3412,0.3395,0.3403,71735.0
2023-12-11 02:00:00,0.3401,0.3408,0.2781,0.3084,3462468.0
2023-12-11 02:15:00,0.3081,0.3192,0.3067,0.3126,2800139.0
2023-12-11 02:30:00,0.3124,0.3156,0.3034,0.3075,1357705.0
2023-12-11 02:45:00,0.3071,0.3129,0.3051,0.3126,728971.0
2023-12-11 03:00:00,0.3125,0.3175,0.3115,0.3175,492188.0
2023-12-11 03:15:00,0.3171,0.3186,0.3152,0.3184,538039.0
2023-12-11 03:30:00,0.3183,0.323,0.3168,0.3209,640902.0
2023-12-11 03:45:00,0.3209,0.3218,0.317,0.3184,471442.0
2023-12-11 04:00:00,0.3181,0.3216,0.3174,0.3206,314743.0
2023-12-11 04:15:00,0.3202,0.3217,0.3168,0.3184,251331.0
2023-12-11 04:30:00,0.3186,0.3187,0.3157,0.3157,295593.0
2023-12-11 04:45:00,0.3157,0.3179,0.315,0.3169,109118.0
2023-12-11 05:00:00,0.3167,0.321,0.3161,0.3208,159172.0
2023-12-11 05:15:00,0.3208,0.3225,0.3163,0.3175,181364.0
2023-12-11 05:30:00,0.3175,0.3188,0.3152,0.3154,206788.0
2023-12-11 05:45:00,0.3154,0.3196,0.3145,0.3193,340441.0
2023-12-11 06:00:00,0.3193,0.3196,0.3174,0.3178,100598.0
2023-12-11 06:15:00,0.3175,0.3186,0.3118,0.3137,441570.0
2023-12-11 06:30:00,0.3137,0.3144,0.3106,0.3133,359617.0
2023-12-11 06:45:00,0.3132,0.3156,0.311,0.3144,284550.0
2023-12-11 07:00:00,0.3141,0.319,0.314,0.3184,271893.0
2023-12-11 07:15:00,0.3185,0.319,0.3163,0.3168,243767.0
2023-12-11 07:30:00,0.3166,0.3175,0.3154,0.3155,163550.0
2023-12-11 07:45:00,0.3155,0.3185,0.3149,0.3149,191927.0
2023-12-11 08:00:00,0.3155,0.3171,0.3129,0.3151,249796.0
2023-12-11 08:15:00,0.3152,0.3158,0.3123,0.3139,216472.0
2023-12-11 08:30:00,0.314,0.3166,0.3138,0.3161,190507.0
2023-12-11 08:45:00,0.316,0.3183,0.316,0.3173,116782.0
2023-12-11 09:00:00,0.3175,0.3184,0.316,0.317,418926.0
2023-12-11 09:15:00,0.3173,0.3177,0.314,0.3153,1027764.0
2023-12-11 09:30:00,0.3153,0.3171,0.3142,0.3171,106461.0
2023-12-11 09:45:00,0.3172,0.3172,0.3156,0.3165,140752.0
2023-12-11 10:00:00,0.3164,0.3185,0.3159,0.317,175286.0
2023-12-11 10:15:00,0.317,0.3171,0.3151,0.3153,78897.0
2023-12-11 10:30:00,0.3152,0.3157,0.3144,0.3155,236603.0
2023-12-11 10:45:00,0.3153,0.3163,0.3148,0.3157,88662.0
2023-12-11 11:00:00,0.3157,0.3187,0.3152,0.3187,257278.0
2023-12-11 11:15:00,0.3188,0.3193,0.3163,0.3165,138862.0
2023-12-11 11:30:00,0.317,0.3182,0.3154,0.3177,303837.0
2023-12-11 11:45:00,0.318,0.3184,0.3171,0.3181,97145.0
2023-12-11 12:00:00,0.318,0.3204,0.3174,0.3202,201645.0
2023-12-11 12:15:00,0.3201,0.3215,0.3185,0.3189,228049.0
2023-12-11 12:30:00,0.3189,0.3206,0.3178,0.3182,245349.0
2023-12-11 12:45:00,0.318,0.32,0.3179,0.3199,187980.0
2023-12-11 13:00:00,0.3199,0.3206,0.3195,0.3203,84952.0
2023-12-11 13:15:00,0.3203,0.321,0.318,0.3181,258252.0
2023-12-11 13:30:00,0.3181,0.3193,0.3147,0.3151,247880.0
2023-12-11 13:45:00,0.3153,0.3178,0.3117,0.3161,414642.0
2023-12-11 14:00:00,0.3161,0.3218,0.3161,0.3185,489793.0
2023-12-11 14:15:00,0.3183,0.3204,0.3127,0.3151,989243.0
2023-12-11 14:30:00,0.3151,0.3168,0.3132,0.3144,296997.0
2023-12-11 14:45:00,0.3144,0.3175,0.3132,0.3139,274668.0
2023-12-11 15:00:00,0.3142,0.3181,0.3136,0.318,228694.0
2023-12-11 15:15:00,0.3175,0.3237,0.3159,0.3174,418086.0
2023-12-11 15:30:00,0.3168,0.3173,0.3145,0.3145,124953.0
2023-12-11 15:45:00,0.3146,0.3175,0.3128,0.3163,257591.0
2023-12-11 16:00:00,0.3162,0.3168,0.3124,0.3143,300062.0
2023-12-11 16:15:00,0.3145,0.3166,0.3116,0.316,227573.0
2023-12-11 16:30:00,0.3161,0.3177,0.3142,0.3168,48853.0
2023-12-11 16:45:00,0.3171,0.318,0.315,0.3174,78305.0
2023-12-11 17:00:00,0.3176,0.3176,0.3146,0.3152,72833.0
2023-12-11 17:15:00,0.3152,0.3154,0.3132,0.3139,149879.0
2023-12-11 17:30:00,0.3137,0.3137,0.3117,0.3129,135395.0
2023-12-11 17:45:00,0.3129,0.3138,0.3092,0.3103,473149.0
2023-12-11 18:00:00,0.3101,0.3105,0.3027,0.3041,2197725.0
2023-12-11 18:15:00,0.3042,0.3065,0.2969,0.2996,1136115.0
2023-12-11 18:30:00,0.2996,0.3038,0.2976,0.3019,332157.0
2023-12-11 18:45:00,0.3016,0.3058,0.3014,0.3058,135343.0
2023-12-11 19:00:00,0.3057,0.3076,0.3046,0.3056,138999.0
2023-12-11 19:15:00,0.3058,0.3059,0.3031,0.3036,127856.0
2023-12-11 19:30:00,0.3034,0.3048,0.3006,0.3033,286209.0
2023-12-11 19:45:00,0.3037,0.3065,0.3037,0.3063,79719.0
2023-12-11 20:00:00,0.3063,0.3075,0.3056,0.3068,248911.0
2023-12-11 20:15:00,0.3071,0.3085,0.3062,0.3081,90498.0
2023-12-11 20:30:00,0.3081,0.3086,0.3056,0.3071,44854.0
2023-12-11 20:45:00,0.3072,0.3082,0.3072,0.3081,45970.0
2023-12-11 21:00:00,0.3078,0.3103,0.3075,0.3096,93364.0
2023-12-11 21:15:00,0.3096,0.3114,0.3091,0.3102,84577.0
2023-12-11 21:30:00,0.3101,0.3116,0.3098,0.3115,71852.0
2023-12-11 21:45:00,0.3115,0.3116,0.3098,0.3112,138605.0
2023-12-11 22:00:00,0.3112,0.3116,0.3102,0.3104,67490.0
2023-12-11 22:15:00,0.3101,0.3117,0.3101,0.3109,29272.0
2023-12-11 22:30:00,0.3109,0.3115,0.3103,0.3106,36044.0
2023-12-11 22:45:00,0.3109,0.3118,0.3099,0.3102,184437.0
2023-12-11 23:00:00,0.3102,0.3102,0.3063,0.3095,414532.0
2023-12-11 23:15:00,0.3093,0.3109,0.3092,0.3099,139648.0
2023-12-11 23:30:00,0.31,0.3118,0.31,0.3111,79594.0
2023-12-11 23:45:00,0.3113,0.3113,0.3095,0.3101,35275.0
2023-12-12 00:00:00,0.3105,0.3118,0.3097,0.3097,94859.0
2023-12-12 00:15:00,0.3099,0.314,0.3098,0.313,157542.0
2023-12-12 00:30:00,0.3129,0.3131,0.3111,0.3118,137226.0
2023-12-12 00:45:00,0.3117,0.3131,0.3112,0.3123,143622.0
2023-12-12 01:00:00,0.3122,0.3142,0.3109,0.314,169641.0
2023-12-12 01:15:00,0.314,0.3188,0.3138,0.3157,522043.0
2023-12-12 01:30:00,0.3158,0.316,0.315,0.315,90926.0
2023-12-12 01:45:00,0.315,0.3158,0.3147,0.3152,55218.0
2023-12-12 02:00:00,0.3156,0.3166,0.3153,0.316,129553.0
2023-12-12 02:15:00,0.3163,0.3183,0.316,0.3179,154436.0
2023-12-12 02:30:00,0.3179,0.3188,0.316,0.3177,190707.0
2023-12-12 02:45:00,0.3177,0.3185,0.3171,0.3181,82848.0
2023-12-12 03:00:00,0.3181,0.3197,0.3175,0.3197,142973.0
2023-12-12 03:15:00,0.3196,0.3198,0.3177,0.3184,149756.0
2023-12-12 03:30:00,0.3182,0.3182,0.3156,0.3157,190617.0
2023-12-12 03:45:00,0.3158,0.316,0.3144,0.3156,93528.0
2023-12-12 04:00:00,0.3156,0.3166,0.315,0.3156,65976.0
2023-12-12 04:15:00,0.3156,0.316,0.3138,0.3146,145576.0
2023-12-12 04:30:00,0.3146,0.3146,0.3121,0.3121,206630.0
2023-12-12 04:45:00,0.3123,0.314,0.3111,0.3113,126246.0
2023-12-12 05:00:00,0.312,0.3137,0.3116,0.3136,87688.0
2023-12-12 05:15:00,0.3137,0.316,0.3137,0.3158,152163.0
2023-12-12 05:30:00,0.316,0.3161,0.3149,0.3155,198697.0
2023-12-12 05:45:00,0.3154,0.3162,0.3149,0.315,133625.0
2023-12-12 06:00:00,0.3152,0.3157,0.3119,0.3123,262137.0
2023-12-12 06:15:00,0.3124,0.3125,0.31,0.3104,258051.0
2023-12-12 06:30:00,0.3105,0.3134,0.3105,0.3124,92447.0
2023-12-12 06:45:00,0.3122,0.3135,0.31,0.3128,307695.0
2023-12-12 07:00:00,0.3132,0.3169,0.3132,0.3163,302920.0
2023-12-12 07:15:00,0.3163,0.3165,0.3146,0.3151,173854.0
2023-12-12 07:30:00,0.3154,0.3161,0.3135,0.3151,226434.0
2023-12-12 07:45:00,0.3152,0.3181,0.3152,0.3179,128803.0
2023-12-12 08:00:00,0.3177,0.318,0.3148,0.315,118139.0
2023-12-12 08:15:00,0.315,0.3157,0.3133,0.3139,199651.0
2023-12-12 08:30:00,0.3144,0.3148,0.313,0.3144,158813.0
2023-12-12 08:45:00,0.3144,0.3158,0.3141,0.3148,88111.0
2023-12-12 09:00:00,0.315,0.3151,0.3115,0.312,154734.0
2023-12-12 09:15:00,0.312,0.3133,0.3116,0.3129,92218.0
2023-12-12 09:30:00,0.3128,0.3129,0.311,0.3113,183503.0
2023-12-12 09:45:00,0.3117,0.3155,0.3113,0.3118,274025.0
2023-12-12 10:00:00,0.3117,0.3136,0.3117,0.3131,104064.0
2023-12-12 10:15:00,0.313,0.3132,0.312,0.3128,54182.0
2023-12-12 10:30:00,0.3128,0.3135,0.3117,0.312,329840.0
2023-12-12 10:45:00,0.3123,0.3127,0.3109,0.3113,132357.0
2023-12-12 11:00:00,0.3113,0.3113,0.3094,0.3103,248556.0
2023-12-12 11:15:00,0.3101,0.3109,0.3096,0.3098,73001.0
2023-12-12 11:30:00,0.3098,0.3099,0.3078,0.308,183362.0
2023-12-12 11:45:00,0.3081,0.3087,0.3061,0.3063,244898.0
2023-12-12 12:00:00,0.3063,0.3073,0.3038,0.3046,263810.0
2023-12-12 12:15:00,0.3046,0.3091,0.3046,0.3091,237440.0
2023-12-12 12:30:00,0.309,0.31,0.3078,0.3094,184980.0
2023-12-12 12:45:00,0.3095,0.3109,0.309,0.3097,133798.0
2023-12-12 13:00:00,0.3098,0.3121,0.309,0.3101,186527.0
2023-12-12 13:15:00,0.31,0.31,0.307,0.308,150597.0
2023-12-12 13:30:00,0.3079,0.3138,0.3079,0.313,297924.0
2023-12-12 13:45:00,0.3129,0.3153,0.3122,0.3141,363317.0
2023-12-12 14:00:00,0.3137,0.3138,0.3104,0.3104,75213.0
2023-12-12 14:15:00,0.3103,0.3124,0.3101,0.311,166826.0
2023-12-12 14:30:00,0.311,0.3121,0.3098,0.3102,141115.0
2023-12-12 14:45:00,0.3103,0.3109,0.3066,0.3092,249917.0
2023-12-12 15:00:00,0.3094,0.3099,0.307,0.3074,367904.0
2023-12-12 15:15:00,0.3073,0.3082,0.3016,0.3031,554132.0
2023-12-12 15:30:00,0.3023,0.3072,0.3023,0.3053,269347.0
2023-12-12 15:45:00,0.3055,0.3061,0.3034,0.3043,150671.0
2023-12-12 16:00:00,0.3047,0.3049,0.3021,0.3028,165174.0
2023-12-12 16:15:00,0.3028,0.3028,0.3004,0.3022,523120.0
2023-12-12 16:30:00,0.3022,0.3034,0.3006,0.3019,198526.0
2023-12-12 16:45:00,0.3025,0.305,0.3007,0.3027,391986.0
2023-12-12 17:00:00,0.3025,0.303,0.3002,0.3007,124070.0
2023-12-12 17:15:00,0.3009,0.3012,0.2975,0.2979,222200.0
2023-12-12 17:30:00,0.298,0.2995,0.2951,0.2977,234503.0
2023-12-12 17:45:00,0.2977,0.2988,0.2969,0.2975,159192.0
2023-12-12 18:00:00,0.2977,0.3038,0.297,0.3037,273901.0
2023-12-12 18:15:00,0.3037,0.3068,0.3037,0.3064,324959.0
2023-12-12 18:30:00,0.3062,0.307,0.3015,0.3063,617172.0
2023-12-12 18:45:00,0.3063,0.3069,0.3054,0.306,99687.0
2023-12-12 19:00:00,0.306,0.3068,0.3055,0.3058,64729.0
2023-12-12 19:15:00,0.3057,0.306,0.3017,0.302,299938.0
2023-12-12 19:30:00,0.3024,0.3051,0.3021,0.3051,103574.0
2023-12-12 19:45:00,0.3045,0.3051,0.3029,0.3047,175592.0
2023-12-12 20:00:00,0.3047,0.3059,0.3038,0.304,146550.0
2023-12-12 20:15:00,0.3041,0.3042,0.3006,0.3021,155461.0
2023-12-12 20:30:00,0.3019,0.3044,0.3011,0.302,219476.0
2023-12-12 20:45:00,0.3018,0.305,0.3018,0.304,81104.0
2023-12-12 21:00:00,0.3043,0.3056,0.3042,0.3051,47591.0
2023-12-12 21:15:00,0.3051,0.3059,0.3049,0.305,36968.0
2023-12-12 21:30:00,0.3047,0.3049,0.3031,0.3032,62761.0
2023-12-12 21:45:00,0.303,0.303,0.3,0.3002,125217.0
2023-12-12 22:00:00,0.3003,0.3029,0.2999,0.3029,37947.0
2023-12-12 22:15:00,0.3031,0.3034,0.3017,0.3025,54360.0
2023-12-12 22:30:00,0.3024,0.3041,0.3024,0.3026,40933.0
2023-12-12 22:45:00,0.3029,0.304,0.3019,0.3036,71465.0
2023-12-12 23:00:00,0.3034,0.3081,0.3034,0.3076,172405.0
2023-12-12 23:15:00,0.3076,0.311,0.3076,0.3102,419300.0
2023-12-12 23:30:00,0.3101,0.3117,0.3096,0.3114,161119.0
2023-12-12 23:45:00,0.3116,0.312,0.31,0.3115,105088.0
2023-12-13 00:00:00,0.3116,0.3121,0.3092,0.3113,111155.0
2023-12-13 00:15:00,0.3114,0.3125,0.3105,0.312,166446.0
2023-12-13 00:30:00,0.3118,0.3122,0.3104,0.3104,63093.0
2023-12-13 00:45:00,0.3102,0.3103,0.3079,0.3089,65335.0
2023-12-13 01:00:00,0.3091,0.3096,0.307,0.3071,53526.0
2023-12-13 01:15:00,0.307,0.3071,0.3014,0.3021,386002.0
2023-12-13 01:30:00,0.3023,0.3048,0.3022,0.3042,232538.0
2023-12-13 01:45:00,0.3041,0.3046,0.2994,0.2994,249839.0
2023-12-13 02:00:00,0.2997,0.3031,0.2986,0.3013,233442.0
2023-12-13 02:15:00,0.3012,0.3023,0.2943,0.2976,682214.0
2023-12-13 02:30:00,0.2976,0.2991,0.2963,0.2991,331661.0
2023-12-13 02:45:00,0.2991,0.3,0.2974,0.3,154102.0
2023-12-13 03:00:00,0.3,0.3015,0.2982,0.3,155856.0
2023-12-13 03:15:00,0.3001,0.3002,0.2967,0.298,105813.0
2023-12-13 03:30:00,0.2982,0.2991,0.2973,0.2982,58054.0
2023-12-13 03:45:00,0.2976,0.2978,0.2942,0.2947,175944.0
2023-12-13 04:00:00,0.2941,0.2955,0.2917,0.2917,337635.0
2023-12-13 04:15:00,0.2924,0.2942,0.2904,0.2942,249052.0
2023-12-13 04:30:00,0.2943,0.2958,0.2941,0.2955,57451.0
2023-12-13 04:45:00,0.2955,0.2969,0.2951,0.2966,117745.0
2023-12-13 05:00:00,0.2966,0.2968,0.2946,0.2947,23218.0
2023-12-13 05:15:00,0.2947,0.2963,0.2942,0.2955,15661.0
2023-12-13 05:30:00,0.2958,0.2958,0.2941,0.2952,70654.0
2023-12-13 05:45:00,0.295,0.2964,0.295,0.2956,101733.0
2023-12-13 06:00:00,0.2961,0.2974,0.2955,0.2969,48577.0
2023-12-13 06:15:00,0.297,0.2976,0.296,0.2962,54526.0
2023-12-13 06:30:00,0.2964,0.2964,0.293,0.2932,125613.0
2023-12-13 06:45:00,0.2932,0.2932,0.288,0.2894,491505.0
2023-12-13 07:00:00,0.2888,0.294,0.2871,0.2927,536709.0
2023-12-13 07:15:00,0.2928,0.2942,0.2915,0.2934,311968.0
2023-12-13 07:30:00,0.2937,0.2944,0.2926,0.2939,108843.0
2023-12-13 07:45:00,0.2939,0.2945,0.2931,0.2936,74826.0
2023-12-13 08:00:00,0.2937,0.2965,0.2936,0.2964,131880.0
2023-12-13 08:15:00,0.2964,0.2969,0.2959,0.2967,72321.0
2023-12-13 08:30:00,0.2964,0.2978,0.2964,0.297,120486.0
2023-12-13 08:45:00,0.2971,0.2981,0.2961,0.298,242688.0
2023-12-13 09:00:00,0.2977,0.2977,0.2964,0.2971,90795.0
2023-12-13 09:15:00,0.2968,0.297,0.2953,0.2965,108624.0
2023-12-13 09:30:00,0.2961,0.2961,0.2945,0.295,113333.0
2023-12-13 09:45:00,0.2951,0.2968,0.2947,0.2958,151938.0
2023-12-13 10:00:00,0.2958,0.296,0.2946,0.2948,70239.0
2023-12-13 10:15:00,0.2951,0.2951,0.292,0.2924,109015.0
2023-12-13 10:30:00,0.2921,0.2929,0.2917,0.2922,180527.0
2023-12-13 10:45:00,0.2922,0.2925,0.2917,0.2923,119010.0
2023-12-13 11:00:00,0.2924,0.2951,0.292,0.2938,269981.0
2023-12-13 11:15:00,0.2941,0.2953,0.2941,0.2947,115080.0
2023-12-13 11:30:00,0.295,0.295,0.2922,0.2925,120905.0
2023-12-13 11:45:00,0.2927,0.293,0.2915,0.2923,121501.0
2023-12-13 12:00:00,0.2921,0.2939,0.2918,0.2939,118113.0
2023-12-13 12:15:00,0.2937,0.2959,0.2937,0.2956,115845.0
2023-12-13 12:30:00,0.2958,0.2973,0.2956,0.2966,131666.0
2023-12-13 12:45:00,0.2964,0.2972,0.2953,0.2965,145932.0
2023-12-13 13:00:00,0.2965,0.2969,0.295,0.2967,103642.0
2023-12-13 13:15:00,0.2967,0.2992,0.2967,0.2983,176085.0
2023-12-13 13:30:00,0.2984,0.301,0.2982,0.2996,244091.0
2023-12-13 13:45:00,0.2999,0.3001,0.2979,0.2983,94932.0
2023-12-13 14:00:00,0.2984,0.2984,0.296,0.297,337206.0
2023-12-13 14:15:00,0.2969,0.2975,0.295,0.297,203220.0
2023-12-13 14:30:00,0.2972,0.3006,0.2964,0.2989,204715.0
2023-12-13 14:45:00,0.2987,0.2994,0.2977,0.2981,52848.0
2023-12-13 15:00:00,0.2982,0.3027,0.2982,0.3026,190709.0
2023-12-13 15:15:00,0.3025,0.3109,0.3023,0.3067,1765290.0
2023-12-13 15:30:00,0.3065,0.3114,0.3059,0.3092,756785.0
2023-12-13 15:45:00,0.3095,0.3119,0.3094,0.3101,686093.0
2023-12-13 16:00:00,0.3103,0.311,0.3086,0.3095,322476.0
2023-12-13 16:15:00,0.3097,0.3116,0.3081,0.3091,321526.0
2023-12-13 16:30:00,0.3091,0.3094,0.3042,0.3049,250267.0
2023-12-13 16:45:00,0.3049,0.3085,0.3047,0.3059,320361.0
2023-12-13 17:00:00,0.3056,0.3065,0.3034,0.3052,341307.0
2023-12-13 17:15:00,0.3048,0.3079,0.3041,0.3075,201970.0
2023-12-13 17:30:00,0.3074,0.3076,0.3059,0.3066,63452.0
2023-12-13 17:45:00,0.3066,0.308,0.306,0.3077,121738.0
2023-12-13 18:00:00,0.3079,0.3116,0.3078,0.3108,312839.0
2023-12-13 18:15:00,0.311,0.3128,0.3102,0.311,323341.0
2023-12-13 18:30:00,0.311,0.3154,0.311,0.3148,502124.0
2023-12-13 18:45:00,0.315,0.3171,0.3109,0.3122,812305.0
2023-12-13 19:00:00,0.3123,0.3153,0.3123,0.3144,302114.0
2023-12-13 19:15:00,0.3145,0.3147,0.312,0.3139,187734.0
2023-12-13 19:30:00,0.3139,0.3166,0.3119,0.315,217846.0
2023-12-13 19:45:00,0.3154,0.3177,0.3153,0.3166,95435.0
2023-12-13 20:00:00,0.3166,0.3173,0.3148,0.3151,105635.0
2023-12-13 20:15:00,0.3151,0.3166,0.3141,0.3164,512084.0
2023-12-13 20:30:00,0.316,0.3174,0.3152,0.3167,41397.0
2023-12-13 20:45:00,0.3167,0.3191,0.3143,0.3167,949803.0
2023-12-13 21:00:00,0.3165,0.3171,0.3142,0.3151,148655.0
2023-12-13 21:15:00,0.315,0.3166,0.3139,0.3166,153090.0
2023-12-13 21:30:00,0.317,0.3172,0.3145,0.3149,168018.0
2023-12-13 21:45:00,0.315,0.3196,0.3148,0.3162,453526.0
2023-12-13 22:00:00,0.317,0.3183,0.3163,0.3183,97825.0
2023-12-13 22:15:00,0.3183,0.3189,0.3174,0.3176,136424.0
2023-12-13 22:30:00,0.3175,0.3175,0.3151,0.3156,69232.0
2023-12-13 22:45:00,0.3157,0.3163,0.3151,0.3153,180380.0
2023-12-13 23:00:00,0.3155,0.3178,0.3155,0.3167,114213.0
2023-12-13 23:15:00,0.3169,0.3171,0.3152,0.3154,79772.0
2023-12-13 23:30:00,0.3155,0.3156,0.3135,0.3138,123004.0
2023-12-13 23:45:00,0.3139,0.3163,0.3136,0.3161,95359.0
2023-12-14 00:00:00,0.3162,0.3172,0.3147,0.316,70981.0
2023-12-14 00:15:00,0.3161,0.3161,0.3132,0.3141,133366.0
2023-12-14 00:30:00,0.3143,0.3156,0.3132,0.3134,204128.0
2023-12-14 00:45:00,0.3138,0.3158,0.3135,0.3158,98734.0
2023-12-14 01:00:00,0.3163,0.3177,0.3161,0.3177,106273.0
2023-12-14 01:15:00,0.3178,0.3179,0.3136,0.3143,138023.0
2023-12-14 01:30:00,0.3146,0.3147,0.3131,0.3138,185085.0
2023-12-14 01:45:00,0.3138,0.3145,0.3131,0.3143,75206.0
2023-12-14 02:00:00,0.3144,0.3152,0.3135,0.3145,110249.0
2023-12-14 02:15:00,0.3147,0.3174,0.3143,0.3159,372281.0
2023-12-14 02:30:00,0.3157,0.3163,0.3135,0.3145,123172.0
2023-12-14 02:45:00,0.3145,0.3154,0.3134,0.3144,53979.0
2023-12-14 03:00:00,0.3145,0.3155,0.314,0.3141,78154.0
2023-12-14 03:15:00,0.3143,0.3143,0.3111,0.3118,367995.0
2023-12-14 03:30:00,0.3118,0.3124,0.3105,0.3119,177370.0
2023-12-14 03:45:00,0.3121,0.3128,0.3116,0.3122,34388.0
2023-12-14 04:00:00,0.3121,0.3128,0.3109,0.3121,83451.0
2023-12-14 04:15:00,0.3124,0.3129,0.3119,0.3119,44868.0
2023-12-14 04:30:00,0.3119,0.3121,0.311,0.312,66483.0
2023-12-14 04:45:00,0.312,0.312,0.3098,0.3102,179756.0
2023-12-14 05:00:00,0.3102,0.3121,0.3082,0.3121,176142.0
2023-12-14 05:15:00,0.3121,0.3184,0.312,0.3176,523110.0
2023-12-14 05:30:00,0.3174,0.3183,0.3167,0.317,88549.0
2023-12-14 05:45:00,0.3169,0.3177,0.3165,0.3174,133146.0
2023-12-14 06:00:00,0.3174,0.3177,0.315,0.3169,234837.0
2023-12-14 06:15:00,0.3172,0.3193,0.3163,0.3181,156351.0
2023-12-14 06:30:00,0.3181,0.3182,0.3166,0.3169,124900.0
2023-12-14 06:45:00,0.3169,0.3169,0.3154,0.3159,260628.0
2023-12-14 07:00:00,0.3161,0.3166,0.314,0.3143,245459.0
2023-12-14 07:15:00,0.3143,0.3145,0.313,0.3143,141843.0
2023-12-14 07:30:00,0.3143,0.3151,0.3139,0.3144,122196.0
2023-12-14 07:45:00,0.3145,0.3159,0.3135,0.3157,121362.0
2023-12-14 08:00:00,0.3157,0.3163,0.3141,0.3161,115950.0
2023-12-14 08:15:00,0.3162,0.3168,0.316,0.3168,45365.0
2023-12-14 08:30:00,0.3168,0.3178,0.3159,0.3177,94104.0
2023-12-14 08:45:00,0.3175,0.3176,0.3138,0.3142,173215.0
2023-12-14 09:00:00,0.3141,0.3155,0.3134,0.314,132540.0
2023-12-14 09:15:00,0.3139,0.3146,0.313,0.3142,113104.0
2023-12-14 09:30:00,0.3141,0.3154,0.3131,0.3154,157048.0
2023-12-14 09:45:00,0.3155,0.3189,0.315,0.3179,302907.0
2023-12-14 10:00:00,0.3173,0.3178,0.3165,0.3167,130400.0
2023-12-14 10:15:00,0.3163,0.3209,0.3163,0.3206,346251.0
2023-12-14 10:30:00,0.3206,0.3216,0.3199,0.3199,472530.0
2023-12-14 10:45:00,0.3199,0.3216,0.3191,0.3203,196570.0
2023-12-14 11:00:00,0.3205,0.3207,0.3178,0.3203,157294.0
2023-12-14 11:15:00,0.3205,0.3211,0.3196,0.3199,207053.0
2023-12-14 11:30:00,0.3198,0.321,0.3196,0.3208,118489.0
2023-12-14 11:45:00,0.3205,0.324,0.3203,0.3236,139276.0
2023-12-14 12:00:00,0.3235,0.3237,0.3211,0.3213,163335.0
2023-12-14 12:15:00,0.3213,0.3222,0.3193,0.3199,346611.0
2023-12-14 12:30:00,0.32,0.3222,0.3199,0.3216,136203.0
2023-12-14 12:45:00,0.3213,0.3224,0.3193,0.3193,201765.0
2023-12-14 13:00:00,0.3194,0.3194,0.3143,0.3143,480847.0
2023-12-14 13:15:00,0.3144,0.3166,0.3065,0.3091,635411.0
2023-12-14 13:30:00,0.3099,0.313,0.298,0.313,1098016.0
2023-12-14 13:45:00,0.3132,0.3165,0.3116,0.316,255275.0
2023-12-14 14:00:00,0.3159,0.3159,0.3129,0.3134,351895.0
2023-12-14 14:15:00,0.3133,0.3181,0.3125,0.317,171251.0
2023-12-14 14:30:00,0.3172,0.3181,0.314,0.3142,107966.0
2023-12-14 14:45:00,0.3146,0.3155,0.3131,0.3143,66926.0
2023-12-14 15:00:00,0.314,0.3182,0.3134,0.317,227713.0
2023-12-14 15:15:00,0.3173,0.3177,0.3145,0.3154,131326.0
2023-12-14 15:30:00,0.3155,0.3177,0.3151,0.3166,142021.0
2023-12-14 15:45:00,0.3166,0.3176,0.3166,0.3174,198333.0
2023-12-14 16:00:00,0.3171,0.3197,0.3166,0.3185,233852.0
2023-12-14 16:15:00,0.3184,0.3214,0.3177,0.3187,316015.0
2023-12-14 16:30:00,0.3187,0.321,0.3179,0.3199,227041.0
2023-12-14 16:45:00,0.32,0.3207,0.3193,0.3201,96279.0
2023-12-14 17:00:00,0.32,0.3218,0.3177,0.3204,427060.0
2023-12-14 17:15:00,0.3208,0.324,0.3192,0.3239,336977.0
2023-12-14 17:30:00,0.3239,0.3299,0.3237,0.3282,1622631.0
2023-12-14 17:45:00,0.3282,0.3375,0.3281,0.3314,1693285.0
2023-12-14 18:00:00,0.3314,0.3314,0.326,0.3262,536818.0
2023-12-14 18:15:00,0.3263,0.3281,0.3258,0.326,251360.0
2023-12-14 18:30:00,0.3259,0.3283,0.3259,0.3282,123770.0
2023-12-14 18:45:00,0.328,0.328,0.3254,0.3258,122454.0
2023-12-14 19:00:00,0.3258,0.3259,0.3208,0.3225,607438.0
2023-12-14 19:15:00,0.3224,0.3255,0.3222,0.3253,152536.0
2023-12-14 19:30:00,0.3252,0.3266,0.3245,0.3262,145637.0
2023-12-14 19:45:00,0.3266,0.3275,0.3259,0.326,93797.0
2023-12-14 20:00:00,0.3259,0.3275,0.3259,0.3269,112324.0
2023-12-14 20:15:00,0.3269,0.3273,0.3254,0.3272,107948.0
2023-12-14 20:30:00,0.3269,0.3278,0.3266,0.3276,57616.0
2023-12-14 20:45:00,0.3278,0.3291,0.3269,0.3289,90136.0
2023-12-14 21:00:00,0.329,0.33,0.3282,0.3294,196786.0
2023-12-14 21:15:00,0.3296,0.3329,0.3296,0.3326,378389.0
2023-12-14 21:30:00,0.3326,0.3332,0.3312,0.3321,231285.0
2023-12-14 21:45:00,0.3328,0.3335,0.3297,0.3311,148797.0
2023-12-14 22:00:00,0.331,0.3341,0.3301,0.3329,383814.0
2023-12-14 22:15:00,0.3329,0.3331,0.3305,0.331,99373.0
2023-12-14 22:30:00,0.331,0.3331,0.3307,0.3321,289060.0
2023-12-14 22:45:00,0.3321,0.3342,0.332,0.3335,175950.0
2023-12-14 23:00:00,0.3337,0.3347,0.3329,0.3347,190281.0
2023-12-14 23:15:00,0.3349,0.338,0.3344,0.3375,315010.0
2023-12-14 23:30:00,0.3376,0.338,0.3364,0.3364,170465.0
2023-12-14 23:45:00,0.3366,0.3403,0.3363,0.3376,1065148.0
2023-12-15 00:00:00,0.3376,0.3403,0.3363,0.3395,560217.0
2023-12-15 00:15:00,0.3395,0.3412,0.3378,0.3379,514455.0
2023-12-15 00:30:00,0.3381,0.3383,0.334,0.3362,390685.0
2023-12-15 00:45:00,0.3364,0.337,0.333,0.3333,293366.0
2023-12-15 01:00:00,0.3337,0.335,0.3331,0.334,113099.0
2023-12-15 01:15:00,0.334,0.3354,0.3338,0.3348,130190.0
2023-12-15 01:30:00,0.3347,0.3371,0.3343,0.3368,212972.0
2023-12-15 01:45:00,0.337,0.3386,0.3367,0.3381,203336.0
2023-12-15 02:00:00,0.3378,0.3384,0.3341,0.3351,187751.0
2023-12-15 02:15:00,0.3352,0.3361,0.335,0.3352,148448.0
2023-12-15 02:30:00,0.3352,0.336,0.3343,0.3348,115210.0
2023-12-15 02:45:00,0.335,0.3358,0.3341,0.3341,79805.0
2023-12-15 03:00:00,0.3345,0.3353,0.334,0.3342,65699.0
2023-12-15 03:15:00,0.3342,0.3361,0.3331,0.3359,261537.0
2023-12-15 03:30:00,0.3359,0.3362,0.3344,0.3361,93515.0
2023-12-15 03:45:00,0.3362,0.3431,0.3362,0.342,761395.0
2023-12-15 04:00:00,0.3421,0.3454,0.339,0.3406,929666.0
2023-12-15 04:15:00,0.3404,0.3474,0.339,0.3444,864449.0
2023-12-15 04:30:00,0.3442,0.3457,0.3401,0.3402,591639.0
2023-12-15 04:45:00,0.3404,0.3406,0.3386,0.3387,217734.0
2023-12-15 05:00:00,0.3387,0.3423,0.3379,0.341,274122.0
2023-12-15 05:15:00,0.3412,0.3421,0.3401,0.3403,224639.0
2023-12-15 05:30:00,0.3403,0.3403,0.3335,0.3376,932779.0
2023-12-15 05:45:00,0.3376,0.3393,0.3348,0.3363,338860.0
2023-12-15 06:00:00,0.3362,0.3388,0.335,0.3384,246633.0
2023-12-15 06:15:00,0.338,0.3384,0.336,0.338,524478.0
2023-12-15 06:30:00,0.3379,0.3386,0.3335,0.334,253678.0
2023-12-15 06:45:00,0.3339,0.3339,0.3303,0.3319,550498.0
2023-12-15 07:00:00,0.3321,0.3362,0.3302,0.3352,397764.0
2023-12-15 07:15:00,0.3352,0.3357,0.3331,0.3336,203334.0
2023-12-15 07:30:00,0.3335,0.3338,0.332,0.3323,223257.0
2023-12-15 07:45:00,0.3323,0.3325,0.3305,0.3313,135299.0
2023-12-15 08:00:00,0.3314,0.3319,0.3299,0.3309,339222.0
2023-12-15 08:15:00,0.331,0.3336,0.3302,0.3321,257181.0
2023-12-15 08:30:00,0.332,0.3328,0.3313,0.3317,152501.0
2023-12-15 08:45:00,0.3318,0.334,0.3318,0.3337,95989.0
2023-12-15 09:00:00,0.3339,0.3359,0.3332,0.3356,232699.0
2023-12-15 09:15:00,0.3355,0.336,0.334,0.3346,381513.0
2023-12-15 09:30:00,0.3346,0.335,0.3333,0.3342,114209.0
2023-12-15 09:45:00,0.3342,0.3345,0.3324,0.3329,94963.0
2023-12-15 10:00:00,0.3326,0.333,0.3313,0.332,144874.0
2023-12-15 10:15:00,0.332,0.3351,0.332,0.3343,312081.0
2023-12-15 10:30:00,0.3344,0.3354,0.3321,0.3331,196307.0
2023-12-15 10:45:00,0.3332,0.3333,0.3316,0.3316,148148.0
2023-12-15 11:00:00,0.3316,0.3328,0.3307,0.3319,125130.0
2023-12-15 11:15:00,0.3319,0.3324,0.3289,0.3296,285487.0
2023-12-15 11:30:00,0.3296,0.3303,0.329,0.3293,156615.0
2023-12-15 11:45:00,0.329,0.3294,0.3263,0.3266,613034.0
2023-12-15 12:00:00,0.3266,0.3283,0.3252,0.3255,176591.0
2023-12-15 12:15:00,0.3253,0.3255,0.3223,0.3249,456136.0
2023-12-15 12:30:00,0.3248,0.3254,0.3223,0.323,392018.0
2023-12-15 12:45:00,0.3231,0.3234,0.3216,0.3218,298110.0
2023-12-15 13:00:00,0.3217,0.3239,0.3199,0.3235,476357.0
2023-12-15 13:15:00,0.3233,0.3249,0.3227,0.3227,158922.0
2023-12-15 13:30:00,0.323,0.3239,0.3204,0.321,186806.0
2023-12-15 13:45:00,0.3212,0.3225,0.3205,0.3215,147495.0
2023-12-15 14:00:00,0.3212,0.3257,0.3208,0.3244,392481.0
2023-12-15 14:15:00,0.3243,0.3244,0.3214,0.322,198706.0
2023-12-15 14:30:00,0.3222,0.3231,0.3189,0.3218,282989.0
2023-12-15 14:45:00,0.322,0.3225,0.3208,0.3224,319985.0
2023-12-15 15:00:00,0.3223,0.3244,0.322,0.3225,190387.0
2023-12-15 15:15:00,0.3225,0.3233,0.3202,0.3207,279445.0
2023-12-15 15:30:00,0.3205,0.3216,0.3201,0.3208,339798.0
2023-12-15 15:45:00,0.3208,0.3222,0.3206,0.3222,111374.0
2023-12-15 16:00:00,0.3221,0.3234,0.322,0.322,156436.0
2023-12-15 16:15:00,0.3224,0.3243,0.3207,0.3228,211857.0
2023-12-15 16:30:00,0.3228,0.3236,0.3205,0.3206,677453.0
2023-12-15 16:45:00,0.3207,0.3214,0.3203,0.3204,302888.0
2023-12-15 17:00:00,0.3204,0.3228,0.3204,0.3227,103395.0
2023-12-15 17:15:00,0.3227,0.3227,0.3217,0.3219,63205.0
2023-12-15 17:30:00,0.322,0.3221,0.3206,0.3206,110284.0
2023-12-15 17:45:00,0.3207,0.3211,0.3202,0.3203,77781.0
2023-12-15 18:00:00,0.3203,0.3226,0.3203,0.3215,212337.0
2023-12-15 18:15:00,0.3214,0.3229,0.3214,0.3226,103984.0
2023-12-15 18:30:00,0.3224,0.3231,0.3224,0.3231,54971.0
2023-12-15 18:45:00,0.3229,0.3237,0.3217,0.322,211138.0
2023-12-15 19:00:00,0.322,0.3223,0.3216,0.3218,69829.0
2023-12-15 19:15:00,0.3221,0.3228,0.3216,0.3222,28968.0
2023-12-15 19:30:00,0.3224,0.3242,0.3224,0.3231,179494.0
2023-12-15 19:45:00,0.3233,0.3233,0.3212,0.3216,45060.0
2023-12-15 20:00:00,0.3217,0.3225,0.3207,0.3221,104568.0
2023-12-15 20:15:00,0.3222,0.3235,0.3222,0.3233,41547.0
2023-12-15 20:30:00,0.3233,0.3233,0.3196,0.3213,592135.0
2023-12-15 20:45:00,0.3213,0.3221,0.3207,0.3211,49607.0
2023-12-15 21:00:00,0.3213,0.3214,0.32,0.3201,61379.0
2023-12-15 21:15:00,0.3202,0.3205,0.319,0.3191,91868.0
2023-12-15 21:30:00,0.3191,0.3194,0.3177,0.3185,144478.0
2023-12-15 21:45:00,0.3183,0.3184,0.3161,0.3169,158191.0
2023-12-15 22:00:00,0.3169,0.318,0.316,0.3163,228534.0
2023-12-15 22:15:00,0.3163,0.317,0.313,0.3132,326366.0
2023-12-15 22:30:00,0.313,0.3153,0.313,0.3134,333132.0
2023-12-15 22:45:00,0.3134,0.3149,0.313,0.313,396678.0
2023-12-15 23:00:00,0.3131,0.3141,0.313,0.3139,131794.0
2023-12-15 23:15:00,0.3139,0.314,0.3068,0.3087,1522636.0
2023-12-15 23:30:00,0.3088,0.3095,0.3069,0.3079,310696.0
2023-12-15 23:45:00,0.308,0.3089,0.3068,0.3074,267238.0
2023-12-16 00:00:00,0.3075,0.3119,0.3075,0.3118,292844.0
2023-12-16 00:15:00,0.3117,0.3124,0.3076,0.3077,332544.0
2023-12-16 00:30:00,0.3079,0.3085,0.3035,0.3073,454817.0
2023-12-16 00:45:00,0.3071,0.3097,0.3067,0.309,131969.0
2023-12-16 01:00:00,0.309,0.3117,0.309,0.3113,186526.0
2023-12-16 01:15:00,0.3117,0.3133,0.3115,0.3131,161752.0
2023-12-16 01:30:00,0.3131,0.3132,0.3121,0.3128,43247.0
2023-12-16 01:45:00,0.3128,0.3129,0.3115,0.3115,102130.0
2023-12-16 02:00:00,0.3117,0.3137,0.3114,0.3137,127717.0
2023-12-16 02:15:00,0.3134,0.3138,0.313,0.3136,49621.0
2023-12-16 02:30:00,0.3136,0.3146,0.3128,0.3131,246234.0
2023-12-16 02:45:00,0.3131,0.3141,0.3126,0.3141,77444.0
2023-12-16 03:00:00,0.314,0.3142,0.3132,0.314,50227.0
2023-12-16 03:15:00,0.3139,0.3149,0.3137,0.3149,79725.0
2023-12-16 03:30:00,0.3149,0.3151,0.3132,0.3135,22765.0
2023-12-16 03:45:00,0.3137,0.3148,0.3137,0.3138,51024.0
2023-12-16 04:00:00,0.3138,0.3143,0.3133,0.3139,136098.0
2023-12-16 04:15:00,0.3138,0.315,0.3138,0.315,76881.0
2023-12-16 04:30:00,0.3148,0.3149,0.3136,0.3142,70176.0
2023-12-16 04:45:00,0.3141,0.3152,0.3139,0.3146,141575.0
2023-12-16 05:00:00,0.3147,0.3151,0.3141,0.3141,54122.0
2023-12-16 05:15:00,0.3144,0.3154,0.3142,0.3152,67481.0
2023-12-16 05:30:00,0.3153,0.3163,0.3122,0.3145,365583.0
2023-12-16 05:45:00,0.3146,0.3164,0.3146,0.3154,117512.0
2023-12-16 06:00:00,0.3153,0.3163,0.315,0.3155,164342.0
2023-12-16 06:15:00,0.3155,0.318,0.3138,0.3179,327394.0
2023-12-16 06:30:00,0.3179,0.3206,0.3175,0.3199,316123.0
2023-12-16 06:45:00,0.3199,0.3239,0.3197,0.3227,1559734.0
2023-12-16 07:00:00,0.3227,0.3255,0.3221,0.3223,814232.0
2023-12-16 07:15:00,0.3223,0.3223,0.3196,0.3205,309424.0
2023-12-16 07:30:00,0.3207,0.321,0.3198,0.3205,151140.0
2023-12-16 07:45:00,0.3206,0.3234,0.3204,0.3222,124476.0
2023-12-16 08:00:00,0.3222,0.3236,0.3212,0.3236,242305.0
2023-12-16 08:15:00,0.3234,0.325,0.3234,0.3244,154712.0
2023-12-16 08:30:00,0.3244,0.3265,0.324,0.3264,330935.0
2023-12-16 08:45:00,0.3264,0.3267,0.3253,0.3258,115430.0
2023-12-16 09:00:00,0.3255,0.3268,0.3253,0.3265,124030.0
2023-12-16 09:15:00,0.3265,0.3266,0.3251,0.3263,102874.0
2023-12-16 09:30:00,0.3263,0.3269,0.3253,0.3261,69274.0
2023-12-16 09:45:00,0.3263,0.3275,0.3259,0.3268,220953.0
2023-12-16 10:00:00,0.327,0.3289,0.3268,0.328,245104.0
2023-12-16 10:15:00,0.3283,0.3338,0.3279,0.3301,473299.0
2023-12-16 10:30:00,0.3301,0.3317,0.33,0.3314,267497.0
2023-12-16 10:45:00,0.3314,0.3316,0.3301,0.3312,112467.0
2023-12-16 11:00:00,0.3312,0.3315,0.3296,0.3298,134421.0
2023-12-16 11:15:00,0.3298,0.3303,0.3288,0.329,116666.0
2023-12-16 11:30:00,0.329,0.3299,0.3283,0.3291,170892.0
2023-12-16 11:45:00,0.3291,0.3297,0.3257,0.3296,325524.0
2023-12-16 12:00:00,0.3296,0.3302,0.329,0.329,131741.0
2023-12-16 12:15:00,0.3293,0.3304,0.3292,0.33,74942.0
2023-12-16 12:30:00,0.3302,0.3309,0.3302,0.3305,98884.0
2023-12-16 12:45:00,0.3306,0.3316,0.3301,0.3314,137406.0
2023-12-16 13:00:00,0.3315,0.3328,0.3302,0.3314,272645.0
2023-12-16 13:15:00,0.3314,0.3316,0.3285,0.329,281489.0
2023-12-16 13:30:00,0.329,0.3301,0.3279,0.3295,210465.0
2023-12-16 13:45:00,0.3292,0.3301,0.3284,0.3287,188173.0
2023-12-16 14:00:00,0.329,0.3296,0.3282,0.3287,100855.0
2023-12-16 14:15:00,0.3288,0.329,0.3282,0.3286,87904.0
2023-12-16 14:30:00,0.3286,0.3304,0.3283,0.3303,164962.0
2023-12-16 14:45:00,0.3301,0.3312,0.3285,0.3293,252812.0
2023-12-16 15:00:00,0.3293,0.3295,0.3271,0.3278,208649.0
2023-12-16 15:15:00,0.3276,0.3283,0.3267,0.327,167380.0
2023-12-16 15:30:00,0.3276,0.3294,0.3273,0.3292,185973.0
2023-12-16 15:45:00,0.3292,0.3302,0.3288,0.3298,95645.0
2023-12-16 16:00:00,0.33,0.3301,0.3289,0.3296,102946.0
2023-12-16 16:15:00,0.3297,0.3297,0.3286,0.329,55199.0
2023-12-16 16:30:00,0.3291,0.3312,0.3287,0.3305,156301.0
2023-12-16 16:45:00,0.3305,0.3307,0.3291,0.3298,130882.0
2023-12-16 17:00:00,0.3298,0.3314,0.3267,0.3314,350271.0
2023-12-16 17:15:00,0.3313,0.3475,0.3305,0.346,3093568.0
2023-12-16 17:30:00,0.346,0.3551,0.3385,0.3505,6967301.0
2023-12-16 17:45:00,0.3506,0.355,0.3487,0.3505,2421873.0
2023-12-16 18:00:00,0.3505,0.3555,0.3461,0.3486,2694997.0
2023-12-16 18:15:00,0.3485,0.3678,0.3479,0.3598,4709223.0
2023-12-16 18:30:00,0.3599,0.3698,0.3591,0.3638,3539527.0
2023-12-16 18:45:00,0.3638,0.38,0.3632,0.3688,3715800.0
2023-12-16 19:00:00,0.3687,0.375,0.3633,0.364,1998992.0
2023-12-16 19:15:00,0.364,0.3656,0.3553,0.3583,1857869.0
2023-12-16 19:30:00,0.3583,0.3586,0.352,0.357,1405581.0
2023-12-16 19:45:00,0.357,0.3623,0.3548,0.3594,953858.0
2023-12-16 20:00:00,0.3594,0.3597,0.3525,0.353,924781.0
2023-12-16 20:15:00,0.3531,0.3574,0.3518,0.3559,922333.0
2023-12-16 20:30:00,0.3557,0.3652,0.3535,0.3613,1169452.0
2023-12-16 20:45:00,0.3612,0.3644,0.3596,0.3618,657846.0
2023-12-16 21:00:00,0.3618,0.3657,0.3599,0.3614,560582.0
2023-12-16 21:15:00,0.3613,0.3726,0.3613,0.3722,1576339.0
2023-12-16 21:30:00,0.3719,0.3745,0.3631,0.3651,1704012.0
2023-12-16 21:45:00,0.3653,0.3716,0.3647,0.3661,929067.0
2023-12-16 22:00:00,0.3663,0.367,0.3595,0.3622,1100351.0
2023-12-16 22:15:00,0.3622,0.3631,0.3572,0.3612,680362.0
2023-12-16 22:30:00,0.3613,0.3619,0.3577,0.3598,355360.0
2023-12-16 22:45:00,0.3599,0.364,0.3574,0.3628,369862.0
2023-12-16 23:00:00,0.3627,0.3639,0.3601,0.3609,299399.0
2023-12-16 23:15:00,0.3608,0.3692,0.3608,0.3651,650674.0
2023-12-16 23:30:00,0.3652,0.3693,0.3634,0.3652,585747.0
2023-12-16 23:45:00,0.3652,0.3655,0.3619,0.3631,356264.0
2023-12-17 00:00:00,0.3632,0.3636,0.3566,0.3574,492100.0
2023-12-17 00:15:00,0.3573,0.3606,0.3562,0.3604,240278.0
2023-12-17 00:30:00,0.3603,0.3626,0.3579,0.3622,197395.0
2023-12-17 00:45:00,0.3621,0.3679,0.3617,0.3653,549936.0
2023-12-17 01:00:00,0.3653,0.3693,0.3629,0.366,636048.0
2023-12-17 01:15:00,0.366,0.3754,0.366,0.3724,1373333.0
2023-12-17 01:30:00,0.372,0.3786,0.3637,0.3667,2440130.0
2023-12-17 01:45:00,0.3667,0.3752,0.3662,0.3715,820761.0
2023-12-17 02:00:00,0.3717,0.3737,0.3685,0.3711,400086.0
2023-12-17 02:15:00,0.3711,0.3717,0.3672,0.3681,420884.0
2023-12-17 02:30:00,0.3682,0.3721,0.3668,0.372,368498.0
2023-12-17 02:45:00,0.372,0.3779,0.3676,0.3684,1064063.0
2023-12-17 03:00:00,0.3684,0.3799,0.3684,0.3757,1332743.0
2023-12-17 03:15:00,0.3756,0.3836,0.3747,0.3797,2103927.0
2023-12-17 03:30:00,0.3798,0.3859,0.3762,0.3767,1687380.0
2023-12-17 03:45:00,0.3768,0.3768,0.3704,0.3715,958800.0
2023-12-17 04:00:00,0.3714,0.3738,0.3639,0.3672,974555.0
2023-12-17 04:15:00,0.3671,0.3708,0.3647,0.3663,1103275.0
2023-12-17 04:30:00,0.3664,0.3736,0.3655,0.3724,628329.0
2023-12-17 04:45:00,0.3722,0.3782,0.3721,0.3766,896070.0
2023-12-17 05:00:00,0.3765,0.3878,0.3761,0.3794,1744154.0
2023-12-17 05:15:00,0.3798,0.3928,0.378,0.3915,3991312.0
2023-12-17 05:30:00,0.3913,0.394,0.3757,0.379,2762473.0
2023-12-17 05:45:00,0.3792,0.3819,0.371,0.375,1455898.0
2023-12-17 06:00:00,0.375,0.3756,0.3661,0.3664,1619585.0
2023-12-17 06:15:00,0.3667,0.3716,0.3654,0.3687,1227174.0
2023-12-17 06:30:00,0.3689,0.3717,0.3608,0.3612,1222186.0
2023-12-17 06:45:00,0.3611,0.3671,0.3577,0.3666,788314.0
2023-12-17 07:00:00,0.3664,0.3688,0.3654,0.3682,439052.0
2023-12-17 07:15:00,0.3682,0.3744,0.366,0.3736,828529.0
2023-12-17 07:30:00,0.3735,0.3749,0.3681,0.371,701042.0
2023-12-17 07:45:00,0.3714,0.3731,0.3664,0.3679,736732.0
2023-12-17 08:00:00,0.3679,0.3763,0.3674,0.375,1009704.0
2023-12-17 08:15:00,0.3752,0.3834,0.3752,0.3813,1446996.0
2023-12-17 08:30:00,0.3813,0.3819,0.3764,0.3797,660415.0
2023-12-17 08:45:00,0.3793,0.3825,0.375,0.3811,938034.0
2023-12-17 09:00:00,0.3811,0.3845,0.3763,0.3811,1459904.0
2023-12-17 09:15:00,0.3812,0.3846,0.3794,0.3831,782996.0
2023-12-17 09:30:00,0.3831,0.411,0.3829,0.4082,8635354.0
2023-12-17 09:45:00,0.4082,0.4234,0.4074,0.4205,8660518.0
2023-12-17 10:00:00,0.4205,0.435,0.4196,0.4246,6499227.0
2023-12-17 10:15:00,0.4248,0.4358,0.4136,0.4344,6891942.0
2023-12-17 10:30:00,0.4346,0.435,0.4131,0.4174,3436998.0
2023-12-17 10:45:00,0.4173,0.4221,0.4095,0.4127,3157925.0
2023-12-17 11:00:00,0.4126,0.4242,0.4072,0.4129,3059226.0
2023-12-17 11:15:00,0.4128,0.4237,0.4128,0.4199,1564934.0
2023-12-17 11:30:00,0.4199,0.4264,0.4159,0.4175,1716651.0
2023-12-17 11:45:00,0.4171,0.4275,0.4097,0.4141,2564665.0
2023-12-17 12:00:00,0.4143,0.432,0.412,0.4269,3247751.0
2023-12-17 12:15:00,0.427,0.4272,0.411,0.4141,2025475.0
2023-12-17 12:30:00,0.414,0.4226,0.4026,0.4051,2474791.0
2023-12-17 12:45:00,0.4052,0.4114,0.401,0.4083,1151898.0
2023-12-17 13:00:00,0.4084,0.4089,0.3931,0.3965,2722548.0
2023-12-17 13:15:00,0.3964,0.3981,0.3905,0.3934,958706.0
2023-12-17 13:30:00,0.3934,0.3967,0.387,0.3916,1438595.0
2023-12-17 13:45:00,0.3915,0.3987,0.3913,0.3982,841186.0
2023-12-17 14:00:00,0.3984,0.3988,0.3951,0.3975,673778.0
2023-12-17 14:15:00,0.3975,0.41,0.3975,0.4038,1677197.0
2023-12-17 14:30:00,0.404,0.4044,0.3956,0.4005,1020918.0
2023-12-17 14:45:00,0.4006,0.4059,0.3951,0.3954,1060886.0
2023-12-17 15:00:00,0.3955,0.402,0.3929,0.4019,652108.0
2023-12-17 15:15:00,0.4015,0.4059,0.397,0.4004,1232585.0
2023-12-17 15:30:00,0.4005,0.4017,0.3968,0.4015,534020.0
2023-12-17 15:45:00,0.4012,0.4025,0.3967,0.3992,752431.0
2023-12-17 16:00:00,0.3993,0.3994,0.3916,0.3922,822246.0
2023-12-17 16:15:00,0.3923,0.393,0.3802,0.3869,2500947.0
2023-12-17 16:30:00,0.387,0.3935,0.3855,0.3921,1036198.0
2023-12-17 16:45:00,0.3922,0.3929,0.3867,0.3888,1037729.0
2023-12-17 17:00:00,0.3887,0.3933,0.3831,0.3868,1307698.0
2023-12-17 17:15:00,0.3866,0.3961,0.3863,0.3949,1177119.0
2023-12-17 17:30:00,0.3948,0.3981,0.3937,0.3947,913092.0
2023-12-17 17:45:00,0.3946,0.398,0.3878,0.3898,1184570.0
2023-12-17 18:00:00,0.3902,0.3902,0.3852,0.3853,510457.0
2023-12-17 18:15:00,0.3853,0.391,0.3834,0.3899,511235.0
2023-12-17 18:30:00,0.3896,0.3937,0.3895,0.3922,385752.0
2023-12-17 18:45:00,0.3922,0.3976,0.3919,0.3976,468598.0
2023-12-17 19:00:00,0.3976,0.3986,0.3917,0.3943,787904.0
2023-12-17 19:15:00,0.3942,0.3963,0.392,0.3963,503695.0
2023-12-17 19:30:00,0.3963,0.3971,0.3928,0.3933,562036.0
2023-12-17 19:45:00,0.3933,0.3949,0.3914,0.3916,169345.0
2023-12-17 20:00:00,0.3916,0.3923,0.3893,0.3905,396271.0
2023-12-17 20:15:00,0.3905,0.3907,0.3861,0.3877,599177.0
2023-12-17 20:30:00,0.3877,0.391,0.3871,0.3889,265597.0
2023-12-17 20:45:00,0.389,0.3932,0.3866,0.3874,583375.0
2023-12-17 21:00:00,0.3876,0.3933,0.3851,0.389,834367.0
2023-12-17 21:15:00,0.389,0.3919,0.3874,0.3886,295781.0
2023-12-17 21:30:00,0.3886,0.3895,0.3855,0.3882,368178.0
2023-12-17 21:45:00,0.3882,0.3899,0.386,0.3887,241504.0
2023-12-17 22:00:00,0.3888,0.3907,0.3865,0.3892,343660.0
2023-12-17 22:15:00,0.3888,0.3888,0.3852,0.3855,255126.0
2023-12-17 22:30:00,0.3856,0.3856,0.3813,0.382,433481.0
2023-12-17 22:45:00,0.3819,0.3873,0.3804,0.3836,238733.0
2023-12-17 23:00:00,0.3836,0.3838,0.3807,0.381,131994.0
2023-12-17 23:15:00,0.3809,0.3814,0.3711,0.3783,1182547.0
2023-12-17 23:30:00,0.3783,0.3797,0.3724,0.3791,640605.0
2023-12-17 23:45:00,0.3789,0.3808,0.378,0.38,203896.0
2023-12-18 00:00:00,0.3799,0.381,0.3744,0.381,511005.0
2023-12-18 00:15:00,0.3807,0.3817,0.3776,0.3817,405114.0
2023-12-18 00:30:00,0.3818,0.3848,0.381,0.3846,343123.0
2023-12-18 00:45:00,0.3844,0.3844,0.3796,0.3812,338709.0
2023-12-18 01:00:00,0.3812,0.3866,0.3804,0.3844,448559.0
2023-12-18 01:15:00,0.384,0.3841,0.3796,0.3801,124288.0
2023-12-18 01:30:00,0.3802,0.3803,0.3722,0.3753,1073520.0
2023-12-18 01:45:00,0.3754,0.3766,0.3699,0.3701,543380.0
2023-12-18 02:00:00,0.3704,0.3746,0.3683,0.3729,665261.0
2023-12-18 02:15:00,0.3729,0.3729,0.3654,0.3687,927967.0
2023-12-18 02:30:00,0.3691,0.3698,0.3633,0.3649,1120273.0
2023-12-18 02:45:00,0.365,0.3664,0.36,0.362,883504.0
2023-12-18 03:00:00,0.3619,0.3692,0.3614,0.3683,1040741.0
2023-12-18 03:15:00,0.3682,0.3717,0.3674,0.3702,375756.0
2023-12-18 03:30:00,0.3702,0.373,0.3698,0.3729,247849.0
2023-12-18 03:45:00,0.3725,0.3731,0.3713,0.3723,233258.0
2023-12-18 04:00:00,0.3725,0.374,0.3699,0.3704,371474.0
2023-12-18 04:15:00,0.3703,0.3707,0.3677,0.3687,335520.0
2023-12-18 04:30:00,0.3687,0.3701,0.3663,0.3673,506911.0
2023-12-18 04:45:00,0.3671,0.3679,0.3647,0.3673,320333.0
2023-12-18 05:00:00,0.3673,0.3682,0.365,0.3662,435277.0
2023-12-18 05:15:00,0.3661,0.3679,0.365,0.3675,182909.0
2023-12-18 05:30:00,0.3675,0.3678,0.3632,0.3644,554585.0
2023-12-18 05:45:00,0.3643,0.3653,0.3586,0.3614,1684917.0
2023-12-18 06:00:00,0.3612,0.363,0.3576,0.3599,995190.0
2023-12-18 06:15:00,0.3599,0.3638,0.3588,0.3633,520096.0
2023-12-18 06:30:00,0.3629,0.3632,0.3595,0.3601,273260.0
2023-12-18 06:45:00,0.36,0.3631,0.3592,0.3615,645296.0
2023-12-18 07:00:00,0.3615,0.3619,0.3597,0.3615,256179.0
2023-12-18 07:15:00,0.3613,0.3615,0.358,0.3585,320539.0
2023-12-18 07:30:00,0.3585,0.3608,0.3493,0.3522,2039885.0
2023-12-18 07:45:00,0.3522,0.3533,0.3428,0.3456,3788154.0
2023-12-18 08:00:00,0.3455,0.3484,0.3421,0.3426,934397.0
2023-12-18 08:15:00,0.3427,0.3464,0.3422,0.3439,986432.0
2023-12-18 08:30:00,0.3439,0.3463,0.3419,0.3458,1171456.0
2023-12-18 08:45:00,0.3458,0.3459,0.3408,0.3416,531375.0
2023-12-18 09:00:00,0.3417,0.3425,0.3378,0.338,617714.0
2023-12-18 09:15:00,0.338,0.3384,0.33,0.3333,1893130.0
2023-12-18 09:30:00,0.3335,0.338,0.3335,0.3372,1205337.0
2023-12-18 09:45:00,0.3372,0.3415,0.3355,0.3404,615746.0
2023-12-18 10:00:00,0.3402,0.3413,0.335,0.3374,695394.0
2023-12-18 10:15:00,0.3376,0.3396,0.3339,0.3346,557252.0
2023-12-18 10:30:00,0.3349,0.3364,0.3282,0.3344,1568695.0
2023-12-18 10:45:00,0.3347,0.3393,0.3336,0.3384,547012.0
2023-12-18 11:00:00,0.3387,0.3412,0.3375,0.3404,429332.0
2023-12-18 11:15:00,0.3403,0.3429,0.3398,0.3417,880830.0
2023-12-18 11:30:00,0.3416,0.3417,0.337,0.337,281431.0
2023-12-18 11:45:00,0.3373,0.3407,0.3373,0.3406,360236.0
2023-12-18 12:00:00,0.3407,0.3408,0.3374,0.3396,625860.0
2023-12-18 12:15:00,0.3396,0.3413,0.3383,0.3413,251187.0
2023-12-18 12:30:00,0.3413,0.3422,0.3406,0.3419,442898.0
2023-12-18 12:45:00,0.3418,0.3418,0.3366,0.3385,492496.0
2023-12-18 13:00:00,0.3385,0.3422,0.3377,0.3415,333947.0
2023-12-18 13:15:00,0.3415,0.3453,0.341,0.3452,478362.0
2023-12-18 13:30:00,0.3452,0.3477,0.3439,0.3476,889913.0
2023-12-18 13:45:00,0.3477,0.3491,0.3464,0.3479,561742.0
2023-12-18 14:00:00,0.3478,0.348,0.3452,0.3455,179540.0
2023-12-18 14:15:00,0.3455,0.3491,0.3448,0.3491,286337.0
2023-12-18 14:30:00,0.349,0.3552,0.3487,0.3521,950779.0
2023-12-18 14:45:00,0.3522,0.3526,0.3495,0.3502,410895.0
2023-12-18 15:00:00,0.3501,0.3518,0.3482,0.3495,532635.0
2023-12-18 15:15:00,0.3495,0.3498,0.3455,0.3466,259977.0
2023-12-18 15:30:00,0.347,0.3486,0.3463,0.3481,161614.0
2023-12-18 15:45:00,0.348,0.3485,0.3448,0.3452,141879.0
2023-12-18 16:00:00,0.3453,0.347,0.3435,0.3442,292809.0
2023-12-18 16:15:00,0.3441,0.3483,0.3439,0.3467,166955.0
2023-12-18 16:30:00,0.3467,0.3476,0.3449,0.3449,175041.0
2023-12-18 16:45:00,0.3451,0.3461,0.3408,0.3435,659066.0
2023-12-18 17:00:00,0.3437,0.3445,0.3428,0.3436,166520.0
2023-12-18 17:15:00,0.3438,0.3447,0.343,0.3438,117841.0
2023-12-18 17:30:00,0.344,0.3454,0.3418,0.3433,350517.0
2023-12-18 17:45:00,0.3433,0.3441,0.3404,0.3407,397143.0
2023-12-18 18:00:00,0.3407,0.3422,0.3402,0.3406,135435.0
2023-12-18 18:15:00,0.3405,0.3416,0.3401,0.3406,106554.0
2023-12-18 18:30:00,0.3408,0.3429,0.3407,0.3425,138861.0
2023-12-18 18:45:00,0.3423,0.3445,0.3409,0.3441,228432.0
2023-12-18 19:00:00,0.344,0.3457,0.3438,0.3448,250484.0
2023-12-18 19:15:00,0.3449,0.3451,0.3428,0.3437,164154.0
2023-12-18 19:30:00,0.3436,0.3437,0.3423,0.3423,110901.0
2023-12-18 19:45:00,0.3424,0.3426,0.3402,0.342,108338.0
2023-12-18 20:00:00,0.342,0.3428,0.3392,0.3396,132025.0
2023-12-18 20:15:00,0.3397,0.3397,0.338,0.3388,253370.0
2023-12-18 20:30:00,0.3387,0.3434,0.3387,0.3433,180475.0
2023-12-18 20:45:00,0.3433,0.345,0.3425,0.3436,211050.0
2023-12-18 21:00:00,0.344,0.3477,0.3435,0.3474,268752.0
2023-12-18 21:15:00,0.3476,0.3494,0.3455,0.3484,526501.0
2023-12-18 21:30:00,0.3484,0.3502,0.347,0.3475,306863.0
2023-12-18 21:45:00,0.3475,0.3486,0.3465,0.3469,177084.0
2023-12-18 22:00:00,0.347,0.3473,0.3445,0.3463,329443.0
2023-12-18 22:15:00,0.3463,0.3467,0.3448,0.3448,188167.0
2023-12-18 22:30:00,0.345,0.3459,0.344,0.3448,228131.0
2023-12-18 22:45:00,0.3448,0.3468,0.3448,0.3462,126238.0
2023-12-18 23:00:00,0.3464,0.3505,0.3462,0.3497,184862.0
2023-12-18 23:15:00,0.3497,0.3509,0.3483,0.3487,252612.0
2023-12-18 23:30:00,0.3488,0.3511,0.3479,0.3506,280076.0
2023-12-18 23:45:00,0.3508,0.3531,0.3508,0.3525,593562.0
2023-12-19 00:00:00,0.3526,0.3534,0.3493,0.3503,692089.0
2023-12-19 00:15:00,0.3504,0.3535,0.3491,0.3494,401827.0
2023-12-19 00:30:00,0.3493,0.3531,0.3475,0.3531,493903.0
2023-12-19 00:45:00,0.3531,0.3537,0.3512,0.3515,126998.0
2023-12-19 01:00:00,0.3519,0.3521,0.3486,0.3509,332569.0
2023-12-19 01:15:00,0.3506,0.354,0.3498,0.3538,122556.0
2023-12-19 01:30:00,0.3538,0.3618,0.3536,0.3587,692832.0
2023-12-19 01:45:00,0.3582,0.3629,0.3581,0.3619,823352.0
2023-12-19 02:00:00,0.3619,0.3628,0.3568,0.3576,827702.0
2023-12-19 02:15:00,0.3575,0.3643,0.3558,0.3626,749132.0
2023-12-19 02:30:00,0.3627,0.369,0.362,0.3668,1024800.0
2023-12-19 02:45:00,0.3668,0.3684,0.3647,0.3652,449596.0
2023-12-19 03:00:00,0.3653,0.3659,0.3624,0.3636,403285.0
2023-12-19 03:15:00,0.364,0.3688,0.3616,0.3622,843598.0
2023-12-19 03:30:00,0.3623,0.3661,0.3621,0.366,331311.0
2023-12-19 03:45:00,0.366,0.3721,0.3644,0.3711,958742.0
2023-12-19 04:00:00,0.3712,0.3716,0.3673,0.3713,702179.0
2023-12-19 04:15:00,0.3714,0.3722,0.3677,0.3691,438879.0
2023-12-19 04:30:00,0.3692,0.37,0.3645,0.3681,771839.0
2023-12-19 04:45:00,0.3684,0.3697,0.3652,0.3669,208433.0
2023-12-19 05:00:00,0.367,0.3704,0.3662,0.3676,508042.0
2023-12-19 05:15:00,0.3677,0.3731,0.3677,0.3727,340518.0
2023-12-19 05:30:00,0.3727,0.3745,0.3714,0.3715,422943.0
2023-12-19 05:45:00,0.3715,0.3754,0.3698,0.3731,454579.0
2023-12-19 06:00:00,0.3731,0.3746,0.3678,0.368,425915.0
2023-12-19 06:15:00,0.3679,0.3703,0.3675,0.3688,410565.0
2023-12-19 06:30:00,0.369,0.3743,0.3683,0.3741,654682.0
2023-12-19 06:45:00,0.3741,0.3753,0.3696,0.3697,338231.0
2023-12-19 07:00:00,0.3697,0.3712,0.3679,0.3711,253001.0
2023-12-19 07:15:00,0.3709,0.3761,0.3695,0.3735,452837.0
2023-12-19 07:30:00,0.3737,0.3827,0.3733,0.3823,2087335.0
2023-12-19 07:45:00,0.3823,0.3915,0.3811,0.3861,1895576.0
2023-12-19 08:00:00,0.3862,0.3864,0.38,0.3824,1597923.0
2023-12-19 08:15:00,0.3822,0.3841,0.3803,0.3813,579907.0
2023-12-19 08:30:00,0.3814,0.3818,0.3774,0.379,735979.0
2023-12-19 08:45:00,0.3788,0.3788,0.3721,0.3758,681618.0
2023-12-19 09:00:00,0.3763,0.3827,0.374,0.382,851189.0
2023-12-19 09:15:00,0.3821,0.3846,0.3802,0.3845,575360.0
2023-12-19 09:30:00,0.3845,0.4056,0.3829,0.3953,4158047.0
2023-12-19 09:45:00,0.3953,0.4099,0.3911,0.4082,3858771.0
2023-12-19 10:00:00,0.4082,0.41,0.4028,0.409,1563873.0
2023-12-19 10:15:00,0.409,0.4227,0.4012,0.4115,3908164.0
2023-12-19 10:30:00,0.4115,0.4117,0.4006,0.4026,1618951.0
2023-12-19 10:45:00,0.4024,0.4024,0.3963,0.401,1104815.0
2023-12-19 11:00:00,0.4005,0.415,0.3966,0.4145,1679002.0
2023-12-19 11:15:00,0.4144,0.4265,0.414,0.4157,3712826.0
2023-12-19 11:30:00,0.4158,0.4278,0.41,0.4178,1970046.0
2023-12-19 11:45:00,0.4181,0.4182,0.4112,0.4122,747460.0
2023-12-19 12:00:00,0.4119,0.4249,0.4076,0.4225,1504400.0
2023-12-19 12:15:00,0.4225,0.4227,0.413,0.4185,1231257.0
2023-12-19 12:30:00,0.4184,0.4194,0.4103,0.4124,1242542.0
2023-12-19 12:45:00,0.4124,0.4144,0.4022,0.4028,1969456.0
2023-12-19 13:00:00,0.4029,0.413,0.4029,0.4074,1244247.0
2023-12-19 13:15:00,0.4076,0.4212,0.4076,0.4191,1474048.0
2023-12-19 13:30:00,0.4189,0.42,0.4146,0.4187,705486.0
2023-12-19 13:45:00,0.4186,0.4219,0.4143,0.4163,921798.0
2023-12-19 14:00:00,0.4165,0.4188,0.4064,0.4125,1355422.0
2023-12-19 14:15:00,0.4119,0.4165,0.4104,0.4153,1077856.0
2023-12-19 14:30:00,0.4153,0.4193,0.4138,0.4182,538457.0
2023-12-19 14:45:00,0.4183,0.4194,0.4084,0.4122,1010754.0
2023-12-19 15:00:00,0.4122,0.4253,0.4099,0.4202,1375475.0
2023-12-19 15:15:00,0.42,0.4265,0.4148,0.4223,1969896.0
2023-12-19 15:30:00,0.4226,0.4232,0.4151,0.4213,899661.0
2023-12-19 15:45:00,0.4212,0.4235,0.4149,0.417,769920.0
2023-12-19 16:00:00,0.4165,0.424,0.4152,0.4234,757067.0
2023-12-19 16:15:00,0.4235,0.429,0.4046,0.4054,3219543.0
2023-12-19 16:30:00,0.4053,0.4145,0.405,0.4126,1054079.0
2023-12-19 16:45:00,0.4126,0.4145,0.4073,0.4078,806078.0
2023-12-19 17:00:00,0.4078,0.4106,0.4041,0.4061,1163633.0
2023-12-19 17:15:00,0.406,0.4061,0.3982,0.4042,1602790.0
2023-12-19 17:30:00,0.4044,0.4068,0.4,0.4046,1074972.0
2023-12-19 17:45:00,0.4044,0.4074,0.4012,0.4019,348227.0
2023-12-19 18:00:00,0.4019,0.4043,0.399,0.4012,400796.0
2023-12-19 18:15:00,0.4011,0.4075,0.4005,0.402,583755.0
2023-12-19 18:30:00,0.402,0.4064,0.4014,0.4053,278696.0
2023-12-19 18:45:00,0.4052,0.411,0.4051,0.4095,362588.0
2023-12-19 19:00:00,0.4094,0.4105,0.4048,0.4062,368249.0
2023-12-19 19:15:00,0.4061,0.4085,0.402,0.4042,682161.0
2023-12-19 19:30:00,0.4039,0.4041,0.3923,0.3948,2776601.0
2023-12-19 19:45:00,0.3945,0.4006,0.3938,0.4001,217793.0
2023-12-19 20:00:00,0.4002,0.4029,0.3995,0.4012,318698.0
2023-12-19 20:15:00,0.4015,0.4028,0.3997,0.4011,176772.0
2023-12-19 20:30:00,0.4008,0.4008,0.3967,0.3983,527650.0
2023-12-19 20:45:00,0.398,0.3982,0.3931,0.396,420008.0
2023-12-19 21:00:00,0.3957,0.3977,0.3933,0.3974,266344.0
2023-12-19 21:15:00,0.3968,0.4021,0.3968,0.4005,280918.0
2023-12-19 21:30:00,0.4005,0.4005,0.3947,0.3971,258257.0
2023-12-19 21:45:00,0.3972,0.3986,0.3951,0.3967,92072.0
2023-12-19 22:00:00,0.3967,0.3967,0.392,0.3924,301010.0
2023-12-19 22:15:00,0.3927,0.3927,0.3868,0.3882,421503.0
2023-12-19 22:30:00,0.3883,0.3897,0.3836,0.3858,490158.0
2023-12-19 22:45:00,0.3857,0.386,0.3811,0.3845,516584.0
2023-12-19 23:00:00,0.3842,0.3871,0.3831,0.3833,623058.0
2023-12-19 23:15:00,0.3828,0.3833,0.3766,0.3777,844099.0
2023-12-19 23:30:00,0.3776,0.3831,0.3754,0.3802,475625.0
2023-12-19 23:45:00,0.3803,0.3824,0.38,0.381,144482.0
2023-12-20 00:00:00,0.3811,0.3867,0.3802,0.3867,487040.0
2023-12-20 00:15:00,0.3866,0.3887,0.383,0.3861,570803.0
2023-12-20 00:30:00,0.3861,0.3927,0.3861,0.3918,619586.0
2023-12-20 00:45:00,0.392,0.3999,0.3918,0.3958,831374.0
2023-12-20 01:00:00,0.3958,0.4,0.395,0.3969,404062.0
2023-12-20 01:15:00,0.3969,0.4004,0.3943,0.3943,521529.0
2023-12-20 01:30:00,0.3942,0.3958,0.3904,0.3928,329438.0
2023-12-20 01:45:00,0.3921,0.3921,0.3853,0.3877,613043.0
2023-12-20 02:00:00,0.3878,0.3903,0.3849,0.3874,434228.0
2023-12-20 02:15:00,0.3876,0.3915,0.3857,0.3912,451698.0
2023-12-20 02:30:00,0.3913,0.3962,0.3913,0.3927,367175.0
2023-12-20 02:45:00,0.3928,0.3956,0.3908,0.3928,360202.0
2023-12-20 03:00:00,0.3928,0.3933,0.3904,0.3921,155987.0
2023-12-20 03:15:00,0.392,0.392,0.3876,0.3888,223882.0
2023-12-20 03:30:00,0.3893,0.3901,0.3881,0.3887,212446.0
2023-12-20 03:45:00,0.3889,0.39,0.3878,0.3897,100433.0
2023-12-20 04:00:00,0.3899,0.3924,0.3848,0.3894,416041.0
2023-12-20 04:15:00,0.3898,0.3962,0.3894,0.3953,254896.0
2023-12-20 04:30:00,0.3953,0.4002,0.3947,0.3983,304280.0
2023-12-20 04:45:00,0.3984,0.404,0.3981,0.4025,578694.0
2023-12-20 05:00:00,0.4028,0.4032,0.396,0.3964,360217.0
2023-12-20 05:15:00,0.3964,0.3991,0.3954,0.3956,233102.0
2023-12-20 05:30:00,0.3956,0.3965,0.3943,0.3956,177661.0
2023-12-20 05:45:00,0.3957,0.3971,0.394,0.3944,134993.0
2023-12-20 06:00:00,0.3946,0.3947,0.39,0.3927,320005.0
2023-12-20 06:15:00,0.3925,0.3986,0.3922,0.3974,264952.0
2023-12-20 06:30:00,0.3975,0.399,0.3955,0.3959,219984.0
2023-12-20 06:45:00,0.3955,0.3979,0.393,0.3977,338392.0
2023-12-20 07:00:00,0.3977,0.408,0.3976,0.4059,1281230.0
2023-12-20 07:15:00,0.4058,0.4084,0.4,0.4019,1072534.0
2023-12-20 07:30:00,0.4019,0.4026,0.3979,0.399,530318.0
2023-12-20 07:45:00,0.3992,0.4021,0.3942,0.402,780325.0
2023-12-20 08:00:00,0.4022,0.4033,0.3974,0.3982,415801.0
2023-12-20 08:15:00,0.3981,0.4038,0.3969,0.4033,519800.0
2023-12-20 08:30:00,0.4033,0.4074,0.4023,0.4067,547378.0
2023-12-20 08:45:00,0.4066,0.411,0.4047,0.4091,733469.0
2023-12-20 09:00:00,0.4093,0.4153,0.4039,0.4063,1517820.0
2023-12-20 09:15:00,0.4061,0.41,0.4049,0.4097,471062.0
2023-12-20 09:30:00,0.4098,0.4123,0.4077,0.408,574348.0
2023-12-20 09:45:00,0.4081,0.4089,0.4027,0.4065,766830.0
2023-12-20 10:00:00,0.4068,0.4077,0.4017,0.4025,730173.0
2023-12-20 10:15:00,0.4027,0.4029,0.3946,0.3971,1037670.0
2023-12-20 10:30:00,0.3971,0.3996,0.3926,0.3934,822422.0
2023-12-20 10:45:00,0.3934,0.3964,0.3904,0.3924,663985.0
2023-12-20 11:00:00,0.3924,0.3944,0.3898,0.3937,323210.0
2023-12-20 11:15:00,0.394,0.3968,0.3927,0.3948,417569.0
2023-12-20 11:30:00,0.3947,0.3955,0.392,0.3944,609338.0
2023-12-20 11:45:00,0.3943,0.3982,0.3942,0.3977,218252.0
2023-12-20 12:00:00,0.3977,0.4008,0.3925,0.3935,697272.0
2023-12-20 12:15:00,0.3935,0.3981,0.3931,0.3979,285624.0
2023-12-20 12:30:00,0.398,0.4021,0.3965,0.4021,372467.0
2023-12-20 12:45:00,0.402,0.41,0.4011,0.409,1053809.0
2023-12-20 13:00:00,0.4087,0.4112,0.4053,0.4061,756076.0
2023-12-20 13:15:00,0.4062,0.4151,0.406,0.4114,719167.0
2023-12-20 13:30:00,0.4114,0.4164,0.4104,0.4163,573326.0
2023-12-20 13:45:00,0.4162,0.4187,0.4078,0.4105,1419800.0
2023-12-20 14:00:00,0.4103,0.4125,0.4052,0.4062,935516.0
2023-12-20 14:15:00,0.4063,0.4156,0.4063,0.4103,970551.0
2023-12-20 14:30:00,0.4105,0.413,0.406,0.4066,616573.0
2023-12-20 14:45:00,0.4068,0.4073,0.4024,0.4032,550198.0
2023-12-20 15:00:00,0.403,0.4125,0.4013,0.4121,875410.0
2023-12-20 15:15:00,0.4123,0.4209,0.4117,0.4171,1331271.0
2023-12-20 15:30:00,0.4172,0.4214,0.415,0.4173,666084.0
2023-12-20 15:45:00,0.4174,0.4186,0.4128,0.4163,591083.0
2023-12-20 16:00:00,0.4162,0.4162,0.4077,0.4098,508463.0
2023-12-20 16:15:00,0.4095,0.4111,0.4053,0.4094,532920.0
2023-12-20 16:30:00,0.4095,0.4147,0.4084,0.4146,226677.0
2023-12-20 16:45:00,0.4146,0.4202,0.4123,0.4149,644399.0
2023-12-20 17:00:00,0.4151,0.4242,0.4151,0.4218,1045008.0
2023-12-20 17:15:00,0.4219,0.4253,0.42,0.422,758044.0
2023-12-20 17:30:00,0.422,0.4244,0.4196,0.4208,412058.0
2023-12-20 17:45:00,0.4209,0.4224,0.417,0.4221,701034.0
2023-12-20 18:00:00,0.4221,0.4248,0.4221,0.4245,315215.0
2023-12-20 18:15:00,0.4245,0.4252,0.4211,0.4225,312671.0
2023-12-20 18:30:00,0.4228,0.4253,0.4216,0.4248,358769.0
2023-12-20 18:45:00,0.4247,0.429,0.4232,0.4285,565517.0
2023-12-20 19:00:00,0.4285,0.432,0.4273,0.4311,920011.0
2023-12-20 19:15:00,0.4309,0.4467,0.4286,0.4454,1894018.0
2023-12-20 19:30:00,0.4454,0.4454,0.429,0.4317,1555914.0
2023-12-20 19:45:00,0.4315,0.4349,0.4255,0.4266,785014.0
2023-12-20 20:00:00,0.4268,0.4282,0.4118,0.4225,1414079.0
2023-12-20 20:15:00,0.4224,0.4244,0.419,0.421,475615.0
2023-12-20 20:30:00,0.4212,0.4252,0.4154,0.4206,668653.0
2023-12-20 20:45:00,0.4206,0.4213,0.4105,0.414,631083.0
2023-12-20 21:00:00,0.4141,0.4204,0.4141,0.4188,292157.0
2023-12-20 21:15:00,0.4185,0.4209,0.4165,0.4177,393437.0
2023-12-20 21:30:00,0.4172,0.4172,0.411,0.4124,347237.0
2023-12-20 21:45:00,0.4125,0.4137,0.4031,0.409,1347240.0
2023-12-20 22:00:00,0.409,0.4108,0.4064,0.4094,613898.0
2023-12-20 22:15:00,0.4093,0.411,0.4081,0.4094,288532.0
2023-12-20 22:30:00,0.4095,0.416,0.4095,0.4146,194756.0
2023-12-20 22:45:00,0.4146,0.4175,0.413,0.4131,314093.0
2023-12-20 23:00:00,0.4134,0.4139,0.4082,0.4087,247886.0
2023-12-20 23:15:00,0.4089,0.4111,0.4051,0.4097,188124.0
2023-12-20 23:30:00,0.4098,0.4118,0.409,0.4094,138341.0
2023-12-20 23:45:00,0.4094,0.4118,0.4064,0.4102,216048.0
2023-12-21 00:00:00,0.4102,0.4108,0.4033,0.4067,569325.0
2023-12-21 00:15:00,0.4067,0.4097,0.4054,0.4084,210567.0
2023-12-21 00:30:00,0.4083,0.415,0.4074,0.4107,756037.0
2023-12-21 00:45:00,0.4107,0.4108,0.4052,0.4061,186157.0
2023-12-21 01:00:00,0.4059,0.4068,0.3991,0.4016,1318930.0
2023-12-21 01:15:00,0.4019,0.4034,0.3994,0.4011,425544.0
2023-12-21 01:30:00,0.4013,0.4031,0.3938,0.3993,763670.0
2023-12-21 01:45:00,0.3996,0.4034,0.3991,0.3996,242431.0
2023-12-21 02:00:00,0.3997,0.4003,0.3932,0.3985,647069.0
2023-12-21 02:15:00,0.3984,0.4009,0.3968,0.3977,274337.0
2023-12-21 02:30:00,0.3976,0.401,0.3968,0.3976,145178.0
2023-12-21 02:45:00,0.3979,0.3988,0.3958,0.3967,116253.0
2023-12-21 03:00:00,0.3963,0.3972,0.3953,0.396,131783.0
2023-12-21 03:15:00,0.3961,0.4018,0.3957,0.4001,415289.0
2023-12-21 03:30:00,0.4,0.4008,0.3984,0.3993,165933.0
2023-12-21 03:45:00,0.3992,0.4018,0.3985,0.4011,223923.0
2023-12-21 04:00:00,0.4009,0.4019,0.3964,0.3978,296423.0
2023-12-21 04:15:00,0.398,0.3982,0.3953,0.3967,152782.0
2023-12-21 04:30:00,0.3966,0.3987,0.3957,0.3976,157005.0
2023-12-21 04:45:00,0.3977,0.3983,0.3947,0.3962,375971.0
2023-12-21 05:00:00,0.396,0.3984,0.3945,0.3969,265912.0
2023-12-21 05:15:00,0.3968,0.3997,0.3966,0.3991,156240.0
2023-12-21 05:30:00,0.399,0.4011,0.3967,0.3971,559361.0
2023-12-21 05:45:00,0.3971,0.3971,0.392,0.3926,413297.0
2023-12-21 06:00:00,0.3927,0.3935,0.3905,0.3922,326287.0
2023-12-21 06:15:00,0.3923,0.3958,0.3916,0.3942,282767.0
2023-12-21 06:30:00,0.3943,0.3961,0.3926,0.3929,285780.0
2023-12-21 06:45:00,0.3929,0.3936,0.3893,0.3935,524034.0
2023-12-21 07:00:00,0.3936,0.3938,0.3882,0.3906,426139.0
2023-12-21 07:15:00,0.3906,0.3923,0.389,0.3917,236442.0
2023-12-21 07:30:00,0.3913,0.3935,0.3904,0.393,237879.0
2023-12-21 07:45:00,0.3931,0.3974,0.393,0.3969,278845.0
2023-12-21 08:00:00,0.3968,0.3977,0.3927,0.3939,254147.0
2023-12-21 08:15:00,0.394,0.4022,0.3939,0.4002,633237.0
2023-12-21 08:30:00,0.4002,0.4028,0.3987,0.4026,460418.0
2023-12-21 08:45:00,0.4026,0.4026,0.397,0.397,471423.0
2023-12-21 09:00:00,0.3972,0.3981,0.394,0.3975,603559.0
2023-12-21 09:15:00,0.3974,0.3974,0.3849,0.388,1456697.0
2023-12-21 09:30:00,0.3881,0.3918,0.3874,0.3912,342046.0
2023-12-21 09:45:00,0.3911,0.3913,0.3882,0.3913,557032.0
2023-12-21 10:00:00,0.3913,0.3948,0.3894,0.3904,395410.0
2023-12-21 10:15:00,0.3905,0.3937,0.3873,0.3923,481909.0
2023-12-21 10:30:00,0.3923,0.3936,0.391,0.3928,193443.0
2023-12-21 10:45:00,0.3929,0.3938,0.3911,0.3932,258673.0
2023-12-21 11:00:00,0.3932,0.3938,0.3904,0.3931,409581.0
2023-12-21 11:15:00,0.393,0.4038,0.3927,0.3938,1169567.0
2023-12-21 11:30:00,0.3936,0.3968,0.3916,0.3952,497866.0
2023-12-21 11:45:00,0.3954,0.397,0.3939,0.3964,243968.0
2023-12-21 12:00:00,0.3964,0.3972,0.3925,0.3936,653680.0
2023-12-21 12:15:00,0.3938,0.3939,0.3872,0.392,995295.0
2023-12-21 12:30:00,0.3921,0.3966,0.3916,0.395,284474.0
2023-12-21 12:45:00,0.395,0.3952,0.3905,0.3913,150536.0
2023-12-21 13:00:00,0.3914,0.3915,0.3887,0.3899,414654.0
2023-12-21 13:15:00,0.3899,0.3916,0.3881,0.3915,316516.0
2023-12-21 13:30:00,0.3913,0.394,0.3908,0.3926,456185.0
2023-12-21 13:45:00,0.3925,0.3935,0.392,0.3922,219999.0
2023-12-21 14:00:00,0.3924,0.3924,0.3825,0.3838,615742.0
2023-12-21 14:15:00,0.3838,0.386,0.3801,0.3801,1325801.0
2023-12-21 14:30:00,0.3804,0.3829,0.3766,0.3779,895934.0
2023-12-21 14:45:00,0.3779,0.3809,0.3777,0.3781,258097.0
2023-12-21 15:00:00,0.3781,0.3817,0.376,0.3815,542785.0
2023-12-21 15:15:00,0.3815,0.3817,0.3787,0.3814,388614.0
2023-12-21 15:30:00,0.3817,0.3824,0.3769,0.3795,325263.0
2023-12-21 15:45:00,0.3795,0.3812,0.3791,0.3802,281579.0
2023-12-21 16:00:00,0.3801,0.3825,0.3796,0.3807,290392.0
2023-12-21 16:15:00,0.3806,0.3815,0.3771,0.3775,259060.0
2023-12-21 16:30:00,0.3776,0.379,0.3721,0.3732,549811.0
2023-12-21 16:45:00,0.3733,0.38,0.3722,0.3799,415797.0
2023-12-21 17:00:00,0.3799,0.3803,0.3757,0.3764,349297.0
2023-12-21 17:15:00,0.3767,0.3809,0.376,0.3806,205975.0
2023-12-21 17:30:00,0.3804,0.3848,0.3804,0.3834,456693.0
2023-12-21 17:45:00,0.3835,0.3844,0.3822,0.3828,132389.0
2023-12-21 18:00:00,0.3829,0.3861,0.3828,0.3831,172851.0
2023-12-21 18:15:00,0.3831,0.3843,0.3827,0.3832,144846.0
2023-12-21 18:30:00,0.3832,0.3846,0.3803,0.3813,508480.0
2023-12-21 18:45:00,0.3814,0.3825,0.3756,0.378,771177.0
2023-12-21 19:00:00,0.378,0.3831,0.3774,0.3804,287603.0
2023-12-21 19:15:00,0.3804,0.3811,0.3784,0.3798,263079.0
2023-12-21 19:30:00,0.3798,0.3822,0.379,0.3797,385452.0
2023-12-21 19:45:00,0.3797,0.385,0.3785,0.384,378813.0
2023-12-21 20:00:00,0.384,0.3859,0.3819,0.3835,571228.0
2023-12-21 20:15:00,0.3835,0.3838,0.3798,0.3834,465308.0
2023-12-21 20:30:00,0.3832,0.3846,0.3819,0.383,397511.0
2023-12-21 20:45:00,0.3832,0.385,0.3819,0.3831,468326.0
2023-12-21 21:00:00,0.3832,0.3837,0.3821,0.3829,180816.0
2023-12-21 21:15:00,0.3827,0.3851,0.3817,0.3839,297518.0
2023-12-21 21:30:00,0.384,0.3887,0.3829,0.3873,570291.0
2023-12-21 21:45:00,0.3872,0.3886,0.3861,0.3869,236694.0
2023-12-21 22:00:00,0.3868,0.3871,0.384,0.3867,137917.0
2023-12-21 22:15:00,0.3867,0.3872,0.3853,0.3856,141118.0
2023-12-21 22:30:00,0.3855,0.3866,0.3837,0.3851,257243.0
2023-12-21 22:45:00,0.3852,0.3877,0.3852,0.386,115630.0
2023-12-21 23:00:00,0.3862,0.387,0.382,0.3852,430794.0
2023-12-21 23:15:00,0.3851,0.3853,0.3823,0.3834,155195.0
2023-12-21 23:30:00,0.3835,0.385,0.3821,0.3849,195086.0
2023-12-21 23:45:00,0.3848,0.3854,0.3833,0.3849,149348.0
2023-12-22 00:00:00,0.3848,0.3877,0.3833,0.385,342471.0
2023-12-22 00:15:00,0.3852,0.3901,0.3831,0.3896,145869.0
2023-12-22 00:30:00,0.3895,0.3944,0.389,0.3925,644428.0
2023-12-22 00:45:00,0.3924,0.3932,0.3867,0.3905,586527.0
2023-12-22 01:00:00,0.3905,0.3944,0.3901,0.3933,250742.0
2023-12-22 01:15:00,0.3934,0.3946,0.3897,0.3929,289736.0
2023-12-22 01:30:00,0.3929,0.4015,0.3925,0.4007,512529.0
2023-12-22 01:45:00,0.4005,0.4026,0.3965,0.3994,501743.0
2023-12-22 02:00:00,0.3993,0.4006,0.3946,0.4002,296855.0
2023-12-22 02:15:00,0.4006,0.4021,0.3973,0.3988,593635.0
2023-12-22 02:30:00,0.3986,0.4061,0.3981,0.4021,638639.0
2023-12-22 02:45:00,0.4019,0.4048,0.3983,0.4005,412387.0
2023-12-22 03:00:00,0.4006,0.4015,0.3968,0.3971,416160.0
2023-12-22 03:15:00,0.3971,0.4006,0.3961,0.3976,222992.0
2023-12-22 03:30:00,0.3978,0.3978,0.3949,0.396,225288.0
2023-12-22 03:45:00,0.3964,0.4041,0.3964,0.4036,250638.0
2023-12-22 04:00:00,0.4039,0.4041,0.3983,0.3987,203613.0
2023-12-22 04:15:00,0.3991,0.3998,0.3961,0.3974,274577.0
2023-12-22 04:30:00,0.3976,0.401,0.3964,0.3997,155387.0
2023-12-22 04:45:00,0.3998,0.4065,0.3998,0.4059,270107.0
2023-12-22 05:00:00,0.4059,0.407,0.4025,0.4053,330213.0
2023-12-22 05:15:00,0.4048,0.4051,0.401,0.4016,145162.0
2023-12-22 05:30:00,0.4015,0.4015,0.3987,0.4004,184337.0
2023-12-22 05:45:00,0.4005,0.4024,0.3988,0.4024,238830.0
2023-12-22 06:00:00,0.4022,0.4024,0.398,0.3984,135372.0
2023-12-22 06:15:00,0.3991,0.4069,0.3985,0.4062,262873.0
2023-12-22 06:30:00,0.4063,0.4092,0.4045,0.4067,642056.0
2023-12-22 06:45:00,0.4067,0.41,0.3986,0.4017,527864.0
2023-12-22 07:00:00,0.4012,0.405,0.3965,0.4015,506989.0
2023-12-22 07:15:00,0.4016,0.4019,0.3945,0.3975,516435.0
2023-12-22 07:30:00,0.3973,0.3986,0.3914,0.3934,981585.0
2023-12-22 07:45:00,0.3934,0.3952,0.3911,0.3933,687415.0
2023-12-22 08:00:00,0.3931,0.3986,0.3925,0.396,550836.0
2023-12-22 08:15:00,0.3958,0.3973,0.3905,0.3919,445372.0
2023-12-22 08:30:00,0.3919,0.3942,0.3877,0.3882,476822.0
2023-12-22 08:45:00,0.3883,0.3925,0.3883,0.3918,404949.0
2023-12-22 09:00:00,0.3917,0.3922,0.3888,0.389,349946.0
2023-12-22 09:15:00,0.3891,0.3897,0.3826,0.3879,792906.0
2023-12-22 09:30:00,0.3879,0.3977,0.3876,0.3973,634441.0
2023-12-22 09:45:00,0.3972,0.398,0.3942,0.3948,427623.0
2023-12-22 10:00:00,0.3946,0.3971,0.3903,0.3905,399227.0
2023-12-22 10:15:00,0.3908,0.3909,0.3862,0.3892,551781.0
2023-12-22 10:30:00,0.389,0.3918,0.3843,0.3885,678556.0
2023-12-22 10:45:00,0.3885,0.39,0.3867,0.3872,233824.0
2023-12-22 11:00:00,0.3873,0.389,0.3845,0.3876,421845.0
2023-12-22 11:15:00,0.3876,0.3881,0.3859,0.3876,192656.0
2023-12-22 11:30:00,0.3877,0.388,0.3862,0.3878,187606.0
2023-12-22 11:45:00,0.3879,0.3888,0.3835,0.3866,648127.0
2023-12-22 12:00:00,0.3868,0.388,0.3801,0.3808,430542.0
2023-12-22 12:15:00,0.381,0.3817,0.3775,0.3781,589661.0
2023-12-22 12:30:00,0.378,0.3808,0.3778,0.3796,575592.0
2023-12-22 12:45:00,0.3798,0.38,0.3749,0.3757,478187.0
2023-12-22 13:00:00,0.3756,0.3774,0.3748,0.3756,332708.0
2023-12-22 13:15:00,0.3759,0.378,0.3751,0.3763,242010.0
2023-12-22 13:30:00,0.3762,0.3779,0.3731,0.377,823944.0
2023-12-22 13:45:00,0.3768,0.3797,0.3766,0.3773,506890.0
2023-12-22 14:00:00,0.3773,0.3794,0.3731,0.374,294428.0
2023-12-22 14:15:00,0.374,0.3749,0.366,0.3679,614801.0
2023-12-22 14:30:00,0.3681,0.371,0.3676,0.369,427680.0
2023-12-22 14:45:00,0.369,0.3724,0.3688,0.3724,243783.0
2023-12-22 15:00:00,0.3724,0.3732,0.3705,0.372,196533.0
2023-12-22 15:15:00,0.3723,0.3724,0.3692,0.3705,212098.0
2023-12-22 15:30:00,0.3706,0.3749,0.3706,0.3744,284941.0
2023-12-22 15:45:00,0.3744,0.3772,0.3733,0.374,276498.0
2023-12-22 16:00:00,0.374,0.3795,0.3737,0.3787,396293.0
2023-12-22 16:15:00,0.3787,0.3809,0.378,0.3803,342831.0
2023-12-22 16:30:00,0.3798,0.3798,0.3753,0.3759,427336.0
2023-12-22 16:45:00,0.3759,0.3759,0.3715,0.375,285728.0
2023-12-22 17:00:00,0.3752,0.3785,0.3745,0.3757,142096.0
2023-12-22 17:15:00,0.3757,0.3758,0.3734,0.3734,165520.0
2023-12-22 17:30:00,0.3734,0.3743,0.3722,0.3741,394612.0
2023-12-22 17:45:00,0.3743,0.3764,0.3735,0.3738,383534.0
2023-12-22 18:00:00,0.374,0.3768,0.3733,0.3758,118060.0
2023-12-22 18:15:00,0.3759,0.3768,0.375,0.3768,89720.0
2023-12-22 18:30:00,0.377,0.3771,0.374,0.3748,194731.0
2023-12-22 18:45:00,0.3748,0.3751,0.3736,0.375,95545.0
2023-12-22 19:00:00,0.3749,0.3752,0.3721,0.3731,290649.0
2023-12-22 19:15:00,0.3731,0.3736,0.371,0.3715,129828.0
2023-12-22 19:30:00,0.3719,0.3723,0.371,0.3713,39799.0
2023-12-22 19:45:00,0.3712,0.3722,0.3704,0.3722,45862.0
2023-12-22 20:00:00,0.372,0.3746,0.372,0.3742,56878.0
2023-12-22 20:15:00,0.3739,0.3759,0.3729,0.3735,370264.0
2023-12-22 20:30:00,0.3735,0.3741,0.3714,0.3722,303019.0
2023-12-22 20:45:00,0.3722,0.3742,0.3699,0.3736,409977.0
2023-12-22 21:00:00,0.3736,0.3759,0.3732,0.3754,180286.0
2023-12-22 21:15:00,0.3755,0.3761,0.3748,0.3751,93404.0
2023-12-22 21:30:00,0.3749,0.3772,0.3741,0.3772,181296.0
2023-12-22 21:45:00,0.377,0.3774,0.3755,0.376,85438.0
2023-12-22 22:00:00,0.3761,0.3761,0.3734,0.3737,128579.0
2023-12-22 22:15:00,0.3738,0.3745,0.3729,0.3732,121644.0
2023-12-22 22:30:00,0.3731,0.3758,0.3729,0.3757,110707.0
2023-12-22 22:45:00,0.3758,0.3761,0.374,0.3753,81149.0
2023-12-22 23:00:00,0.3753,0.377,0.3741,0.3767,101868.0
2023-12-22 23:15:00,0.3768,0.3782,0.376,0.3779,153698.0
2023-12-22 23:30:00,0.3779,0.3799,0.3776,0.3787,217825.0
2023-12-22 23:45:00,0.3788,0.3797,0.3775,0.3787,191552.0
2023-12-23 00:00:00,0.3787,0.3829,0.3754,0.3805,550971.0
2023-12-23 00:15:00,0.3805,0.3805,0.3758,0.3774,278757.0
2023-12-23 00:30:00,0.3774,0.3788,0.3744,0.3785,153177.0
2023-12-23 00:45:00,0.3786,0.3801,0.3758,0.376,175216.0
2023-12-23 01:00:00,0.3761,0.3787,0.3742,0.3744,238094.0
2023-12-23 01:15:00,0.3744,0.3744,0.371,0.3714,207274.0
2023-12-23 01:30:00,0.3715,0.3773,0.3715,0.3763,76099.0
2023-12-23 01:45:00,0.3767,0.3785,0.3713,0.3717,160706.0
2023-12-23 02:00:00,0.3717,0.3784,0.371,0.3767,158614.0
2023-12-23 02:15:00,0.3767,0.3802,0.3762,0.3776,195664.0
2023-12-23 02:30:00,0.3777,0.3792,0.3762,0.3783,131166.0
2023-12-23 02:45:00,0.3781,0.3786,0.3751,0.3759,111099.0
2023-12-23 03:00:00,0.3761,0.3785,0.3751,0.3769,133005.0
2023-12-23 03:15:00,0.3766,0.3789,0.3759,0.3787,69012.0
2023-12-23 03:30:00,0.3785,0.3795,0.3738,0.3748,108375.0
2023-12-23 03:45:00,0.375,0.3757,0.3711,0.3729,142260.0
2023-12-23 04:00:00,0.3726,0.3737,0.37,0.3719,385251.0
2023-12-23 04:15:00,0.3716,0.3773,0.3706,0.3771,142941.0
2023-12-23 04:30:00,0.3771,0.378,0.3741,0.3748,107826.0
2023-12-23 04:45:00,0.3753,0.3804,0.3752,0.38,183771.0
2023-12-23 05:00:00,0.3799,0.3804,0.3772,0.3797,95635.0
2023-12-23 05:15:00,0.3797,0.3801,0.375,0.3767,172958.0
2023-12-23 05:30:00,0.3765,0.3771,0.3763,0.3767,47349.0
2023-12-23 05:45:00,0.3766,0.3774,0.3762,0.3769,60071.0
2023-12-23 06:00:00,0.3769,0.3769,0.3758,0.3763,125581.0
2023-12-23 06:15:00,0.3764,0.3813,0.3759,0.3794,329960.0
2023-12-23 06:30:00,0.3793,0.3796,0.3764,0.377,115891.0
2023-12-23 06:45:00,0.3768,0.3775,0.3758,0.3767,140341.0
2023-12-23 07:00:00,0.3767,0.3776,0.3761,0.3766,70824.0
2023-12-23 07:15:00,0.3767,0.3771,0.3759,0.3765,40619.0
2023-12-23 07:30:00,0.3765,0.3782,0.376,0.3781,168969.0
2023-12-23 07:45:00,0.3779,0.3809,0.377,0.3779,178655.0
2023-12-23 08:00:00,0.3779,0.3794,0.3759,0.3774,122173.0
2023-12-23 08:15:00,0.3774,0.3775,0.376,0.3762,155481.0
2023-12-23 08:30:00,0.3763,0.3765,0.375,0.3755,96771.0
2023-12-23 08:45:00,0.3755,0.3774,0.3747,0.3774,153798.0
2023-12-23 09:00:00,0.3772,0.3774,0.375,0.3768,100388.0
2023-12-23 09:15:00,0.3767,0.3774,0.376,0.377,71723.0
2023-12-23 09:30:00,0.377,0.3789,0.3753,0.3789,253790.0
2023-12-23 09:45:00,0.379,0.3791,0.3766,0.3785,139799.0
2023-12-23 10:00:00,0.3783,0.3789,0.3761,0.3769,152653.0
2023-12-23 10:15:00,0.377,0.3785,0.3764,0.378,147842.0
2023-12-23 10:30:00,0.3779,0.3785,0.3766,0.3775,128810.0
2023-12-23 10:45:00,0.3773,0.3791,0.3766,0.3782,112424.0
2023-12-23 11:00:00,0.3782,0.3806,0.3773,0.3773,295312.0
2023-12-23 11:15:00,0.3774,0.3785,0.3767,0.3769,137531.0
2023-12-23 11:30:00,0.3768,0.3783,0.3754,0.3768,135913.0
2023-12-23 11:45:00,0.3768,0.3785,0.3762,0.3767,104613.0
2023-12-23 12:00:00,0.3768,0.3776,0.3753,0.377,159631.0
2023-12-23 12:15:00,0.377,0.3788,0.377,0.3777,130026.0
2023-12-23 12:30:00,0.3777,0.3787,0.3757,0.3758,106899.0
2023-12-23 12:45:00,0.3758,0.3776,0.3758,0.3774,86552.0
2023-12-23 13:00:00,0.3773,0.3784,0.3767,0.377,172148.0
2023-12-23 13:15:00,0.3769,0.3777,0.3763,0.3774,67281.0
2023-12-23 13:30:00,0.3774,0.3774,0.3729,0.3732,343492.0
2023-12-23 13:45:00,0.3733,0.3756,0.3729,0.3754,124008.0
2023-12-23 14:00:00,0.3753,0.3754,0.374,0.3748,79873.0
2023-12-23 14:15:00,0.3749,0.3753,0.374,0.3742,62390.0
2023-12-23 14:30:00,0.3742,0.3769,0.3739,0.3763,101874.0
2023-12-23 14:45:00,0.3765,0.3799,0.3758,0.3796,231571.0
2023-12-23 15:00:00,0.3796,0.385,0.3786,0.3828,800700.0
2023-12-23 15:15:00,0.3831,0.3855,0.3807,0.3822,577241.0
2023-12-23 15:30:00,0.3823,0.3854,0.3823,0.3852,324186.0
2023-12-23 15:45:00,0.3852,0.3859,0.3831,0.3847,320117.0
2023-12-23 16:00:00,0.3848,0.3856,0.3813,0.3826,220679.0
2023-12-23 16:15:00,0.3826,0.3883,0.3826,0.3873,336558.0
2023-12-23 16:30:00,0.3873,0.3909,0.3865,0.3881,322876.0
2023-12-23 16:45:00,0.3879,0.3879,0.3847,0.3853,245747.0
2023-12-23 17:00:00,0.3855,0.389,0.3855,0.3879,251881.0
2023-12-23 17:15:00,0.3881,0.3881,0.3842,0.3843,164860.0
2023-12-23 17:30:00,0.3844,0.3876,0.3841,0.3866,157545.0
2023-12-23 17:45:00,0.3865,0.3889,0.3855,0.3877,256485.0
2023-12-23 18:00:00,0.3878,0.3878,0.3831,0.3856,183774.0
2023-12-23 18:15:00,0.3859,0.3872,0.384,0.3859,116915.0
2023-12-23 18:30:00,0.386,0.3892,0.386,0.3891,104409.0
2023-12-23 18:45:00,0.3891,0.3924,0.3887,0.3906,313730.0
2023-12-23 19:00:00,0.3908,0.3935,0.3853,0.3864,603413.0
2023-12-23 19:15:00,0.3864,0.3881,0.3851,0.3861,221427.0
2023-12-23 19:30:00,0.3862,0.3879,0.3856,0.3874,135227.0
2023-12-23 19:45:00,0.3873,0.3874,0.3851,0.3856,374619.0
2023-12-23 20:00:00,0.3855,0.3874,0.3852,0.3866,197291.0
2023-12-23 20:15:00,0.3865,0.3866,0.3847,0.385,106307.0
2023-12-23 20:30:00,0.3852,0.3853,0.3823,0.3832,204515.0
2023-12-23 20:45:00,0.3831,0.3836,0.3817,0.3829,206300.0
2023-12-23 21:00:00,0.3829,0.3829,0.3801,0.3811,312685.0
2023-12-23 21:15:00,0.3811,0.3844,0.381,0.3823,220845.0
2023-12-23 21:30:00,0.3824,0.3835,0.3815,0.3827,119607.0
2023-12-23 21:45:00,0.3827,0.3836,0.3814,0.3822,87167.0
2023-12-23 22:00:00,0.3822,0.3828,0.3815,0.3825,126724.0
2023-12-23 22:15:00,0.3826,0.3859,0.3825,0.3844,148365.0
2023-12-23 22:30:00,0.3845,0.3872,0.3836,0.3869,252161.0
2023-12-23 22:45:00,0.3871,0.3882,0.3862,0.3866,87553.0
2023-12-23 23:00:00,0.3867,0.387,0.3853,0.3856,102903.0
2023-12-23 23:15:00,0.3856,0.3859,0.3835,0.3851,105447.0
2023-12-23 23:30:00,0.3851,0.388,0.3848,0.387,146390.0
2023-12-23 23:45:00,0.3868,0.3874,0.3857,0.386,85431.0
2023-12-24 00:00:00,0.3862,0.3872,0.383,0.384,198908.0
2023-12-24 00:15:00,0.384,0.3842,0.3818,0.3825,201918.0
2023-12-24 00:30:00,0.3824,0.3832,0.3781,0.3796,275173.0
2023-12-24 00:45:00,0.3795,0.382,0.3795,0.3819,91740.0
2023-12-24 01:00:00,0.3815,0.3829,0.3801,0.3826,231018.0
2023-12-24 01:15:00,0.3828,0.3859,0.3823,0.3851,125457.0
2023-12-24 01:30:00,0.3853,0.3857,0.3802,0.3812,194827.0
2023-12-24 01:45:00,0.3809,0.3815,0.38,0.381,66041.0
2023-12-24 02:00:00,0.381,0.3824,0.3806,0.3821,35060.0
2023-12-24 02:15:00,0.3822,0.3831,0.3806,0.3828,240708.0
2023-12-24 02:30:00,0.3829,0.383,0.3791,0.3819,235384.0
2023-12-24 02:45:00,0.3821,0.3825,0.3812,0.3824,156724.0
2023-12-24 03:00:00,0.3824,0.3832,0.3806,0.3806,82623.0
2023-12-24 03:15:00,0.3804,0.3805,0.3779,0.3802,287033.0
2023-12-24 03:30:00,0.3802,0.3805,0.3793,0.3798,100707.0
2023-12-24 03:45:00,0.3799,0.3825,0.3789,0.382,119654.0
2023-12-24 04:00:00,0.3823,0.3829,0.3815,0.382,89350.0
2023-12-24 04:15:00,0.3821,0.3867,0.3821,0.3853,260040.0
2023-12-24 04:30:00,0.3853,0.3861,0.3807,0.3809,96995.0
2023-12-24 04:45:00,0.3809,0.3824,0.3798,0.382,347127.0
2023-12-24 05:00:00,0.3821,0.383,0.3799,0.3801,290897.0
2023-12-24 05:15:00,0.3804,0.3826,0.3801,0.382,118095.0
2023-12-24 05:30:00,0.3821,0.3823,0.3707,0.3746,665868.0
2023-12-24 05:45:00,0.3747,0.3762,0.3738,0.375,249093.0
2023-12-24 06:00:00,0.3746,0.3774,0.3711,0.3737,235210.0
2023-12-24 06:15:00,0.3735,0.3761,0.373,0.3751,158516.0
2023-12-24 06:30:00,0.3751,0.3762,0.3731,0.3749,179382.0
2023-12-24 06:45:00,0.3745,0.3749,0.3727,0.3738,164611.0
2023-12-24 07:00:00,0.3738,0.3747,0.3721,0.3743,278366.0
2023-12-24 07:15:00,0.3742,0.3799,0.3734,0.3796,352650.0
2023-12-24 07:30:00,0.3797,0.3799,0.3751,0.376,200240.0
2023-12-24 07:45:00,0.3758,0.3787,0.3756,0.3779,197197.0
2023-12-24 08:00:00,0.378,0.3781,0.3746,0.3754,251089.0
2023-12-24 08:15:00,0.3752,0.3757,0.3734,0.3754,197612.0
2023-12-24 08:30:00,0.3749,0.3764,0.3743,0.3762,149827.0
2023-12-24 08:45:00,0.3765,0.379,0.3765,0.379,123476.0
2023-12-24 09:00:00,0.379,0.3791,0.3752,0.3763,167069.0
2023-12-24 09:15:00,0.3761,0.3761,0.374,0.3748,147456.0
2023-12-24 09:30:00,0.3748,0.3763,0.3741,0.3762,127295.0
2023-12-24 09:45:00,0.3763,0.3784,0.3759,0.3774,216019.0
2023-12-24 10:00:00,0.3774,0.3799,0.3772,0.3778,436370.0
2023-12-24 10:15:00,0.3775,0.3785,0.3733,0.3739,312452.0
2023-12-24 10:30:00,0.374,0.374,0.37,0.3715,576856.0
2023-12-24 10:45:00,0.3714,0.3753,0.3713,0.3751,277802.0
2023-12-24 11:00:00,0.3752,0.376,0.373,0.3735,304319.0
2023-12-24 11:15:00,0.3735,0.3763,0.3728,0.3761,150527.0
2023-12-24 11:30:00,0.3762,0.3792,0.375,0.3792,201463.0
2023-12-24 11:45:00,0.3791,0.3831,0.3778,0.3785,477296.0
2023-12-24 12:00:00,0.3783,0.3792,0.3771,0.3774,122357.0
2023-12-24 12:15:00,0.3776,0.3783,0.3756,0.3767,241188.0
2023-12-24 12:30:00,0.3767,0.3788,0.3755,0.3784,109214.0
2023-12-24 12:45:00,0.3785,0.3793,0.3771,0.3791,133376.0
2023-12-24 13:00:00,0.3793,0.3801,0.3773,0.3796,173060.0
2023-12-24 13:15:00,0.3795,0.3849,0.3795,0.3843,485370.0
2023-12-24 13:30:00,0.3844,0.3849,0.382,0.3836,361001.0
2023-12-24 13:45:00,0.3835,0.384,0.3812,0.3815,257786.0
2023-12-24 14:00:00,0.3814,0.3867,0.3813,0.3864,321361.0
2023-12-24 14:15:00,0.3864,0.3892,0.3857,0.3864,522858.0
2023-12-24 14:30:00,0.3863,0.3863,0.3835,0.3843,258929.0
2023-12-24 14:45:00,0.3843,0.3843,0.3798,0.3817,382741.0
2023-12-24 15:00:00,0.3816,0.3823,0.3795,0.3812,551562.0
2023-12-24 15:15:00,0.3815,0.383,0.38,0.3806,159821.0
2023-12-24 15:30:00,0.3808,0.3817,0.3792,0.3816,150674.0
2023-12-24 15:45:00,0.3816,0.3816,0.3796,0.3797,185084.0
2023-12-24 16:00:00,0.3802,0.3817,0.38,0.3812,128001.0
2023-12-24 16:15:00,0.3809,0.383,0.379,0.3822,258674.0
2023-12-24 16:30:00,0.3823,0.3826,0.3808,0.3824,147808.0
2023-12-24 16:45:00,0.3826,0.3835,0.3823,0.3829,122677.0
2023-12-24 17:00:00,0.3831,0.3863,0.3819,0.3851,269778.0
2023-12-24 17:15:00,0.3851,0.3854,0.3814,0.3832,115886.0
2023-12-24 17:30:00,0.3831,0.3835,0.3794,0.3805,186979.0
2023-12-24 17:45:00,0.3805,0.3817,0.3801,0.3811,76467.0
2023-12-24 18:00:00,0.3812,0.3821,0.3803,0.3812,186828.0
2023-12-24 18:15:00,0.3811,0.3833,0.3804,0.3821,158906.0
2023-12-24 18:30:00,0.3821,0.3822,0.3783,0.3794,287920.0
2023-12-24 18:45:00,0.379,0.3806,0.3784,0.3802,109776.0
2023-12-24 19:00:00,0.3803,0.3803,0.3787,0.3797,79632.0
2023-12-24 19:15:00,0.3796,0.3803,0.3784,0.3786,72170.0
2023-12-24 19:30:00,0.3787,0.3789,0.3756,0.3759,330602.0
2023-12-24 19:45:00,0.3759,0.3774,0.3748,0.377,159659.0
2023-12-24 20:00:00,0.3769,0.3778,0.3761,0.3762,81701.0
2023-12-24 20:15:00,0.3762,0.3763,0.3735,0.3748,132952.0
2023-12-24 20:30:00,0.3749,0.3751,0.3702,0.3705,343556.0
2023-12-24 20:45:00,0.3707,0.3715,0.3687,0.3706,352843.0
2023-12-24 21:00:00,0.3706,0.3722,0.3686,0.372,343285.0
2023-12-24 21:15:00,0.372,0.3723,0.3706,0.3708,118964.0
2023-12-24 21:30:00,0.3708,0.3717,0.3671,0.3688,182976.0
2023-12-24 21:45:00,0.3687,0.3696,0.3644,0.3665,322601.0
2023-12-24 22:00:00,0.3667,0.3677,0.3615,0.3618,273857.0
2023-12-24 22:15:00,0.3618,0.3628,0.3527,0.3624,1544694.0
2023-12-24 22:30:00,0.3624,0.3639,0.3578,0.3604,489871.0
2023-12-24 22:45:00,0.3604,0.3634,0.3572,0.3627,344353.0
2023-12-24 23:00:00,0.362,0.3655,0.36,0.3654,187116.0
2023-12-24 23:15:00,0.3651,0.3658,0.3638,0.3652,135593.0
2023-12-24 23:30:00,0.3652,0.3663,0.3632,0.3659,164305.0
2023-12-24 23:45:00,0.3658,0.3665,0.3632,0.3638,145998.0
2023-12-25 00:00:00,0.3638,0.3681,0.3638,0.3679,142320.0
2023-12-25 00:15:00,0.368,0.368,0.3613,0.364,300566.0
2023-12-25 00:30:00,0.3641,0.365,0.3613,0.3616,250249.0
2023-12-25 00:45:00,0.3619,0.366,0.3618,0.366,190348.0
2023-12-25 01:00:00,0.3657,0.3704,0.3657,0.3697,218052.0
2023-12-25 01:15:00,0.37,0.3712,0.3689,0.369,102979.0
2023-12-25 01:30:00,0.3691,0.3707,0.368,0.3702,163162.0
2023-12-25 01:45:00,0.3703,0.3707,0.3684,0.3702,96740.0
2023-12-25 02:00:00,0.3701,0.3728,0.3699,0.3723,127799.0
2023-12-25 02:15:00,0.3723,0.3723,0.3678,0.3682,116122.0
2023-12-25 02:30:00,0.3682,0.3684,0.364,0.3662,310585.0
2023-12-25 02:45:00,0.3665,0.3697,0.3663,0.3691,109504.0
2023-12-25 03:00:00,0.3691,0.3691,0.3672,0.3685,91327.0
2023-12-25 03:15:00,0.3687,0.3702,0.3687,0.3696,92145.0
2023-12-25 03:30:00,0.3696,0.3698,0.368,0.369,80426.0
2023-12-25 03:45:00,0.3692,0.3699,0.3682,0.3692,103347.0
2023-12-25 04:00:00,0.3694,0.3708,0.369,0.3706,233223.0
2023-12-25 04:15:00,0.3706,0.3741,0.3702,0.373,198674.0
2023-12-25 04:30:00,0.3738,0.3742,0.3711,0.3725,173917.0
2023-12-25 04:45:00,0.3724,0.3727,0.3708,0.3715,69787.0
2023-12-25 05:00:00,0.3717,0.3747,0.3711,0.3743,155458.0
2023-12-25 05:15:00,0.3744,0.3758,0.3736,0.3747,180893.0
2023-12-25 05:30:00,0.3748,0.3761,0.3743,0.3752,111389.0
2023-12-25 05:45:00,0.3753,0.376,0.374,0.3746,220219.0
2023-12-25 06:00:00,0.3746,0.3765,0.3734,0.3758,162421.0
2023-12-25 06:15:00,0.3759,0.3765,0.3751,0.3759,160907.0
2023-12-25 06:30:00,0.3757,0.3759,0.3739,0.3741,154968.0
2023-12-25 06:45:00,0.3743,0.3752,0.374,0.3748,154551.0
2023-12-25 07:00:00,0.3746,0.3746,0.3722,0.3727,189069.0
2023-12-25 07:15:00,0.3727,0.3736,0.3714,0.3725,172417.0
2023-12-25 07:30:00,0.3724,0.3744,0.3719,0.3735,108937.0
2023-12-25 07:45:00,0.3736,0.374,0.3717,0.3724,159025.0
2023-12-25 08:00:00,0.3726,0.3757,0.3719,0.3751,165093.0
2023-12-25 08:15:00,0.3749,0.3763,0.3742,0.3749,252269.0
2023-12-25 08:30:00,0.3749,0.3758,0.373,0.3737,437938.0
2023-12-25 08:45:00,0.3737,0.3737,0.3687,0.3692,428721.0
2023-12-25 09:00:00,0.3692,0.3741,0.3685,0.3736,287948.0
2023-12-25 09:15:00,0.3736,0.3773,0.3733,0.3772,351458.0
2023-12-25 09:30:00,0.3772,0.3783,0.3721,0.3728,251976.0
2023-12-25 09:45:00,0.3727,0.3774,0.3706,0.3746,336249.0
2023-12-25 10:00:00,0.3746,0.3761,0.3732,0.3741,131527.0
2023-12-25 10:15:00,0.374,0.375,0.372,0.375,168961.0
2023-12-25 10:30:00,0.375,0.3788,0.3748,0.3782,194312.0
2023-12-25 10:45:00,0.3786,0.3791,0.3753,0.3777,263709.0
2023-12-25 11:00:00,0.3777,0.3777,0.3742,0.3748,192262.0
2023-12-25 11:15:00,0.3747,0.3781,0.3743,0.3774,174083.0
2023-12-25 11:30:00,0.3775,0.378,0.3765,0.3769,150216.0
2023-12-25 11:45:00,0.3769,0.3808,0.3765,0.3798,378369.0
2023-12-25 12:00:00,0.3798,0.3798,0.3766,0.3781,190446.0
2023-12-25 12:15:00,0.378,0.378,0.3749,0.3752,212915.0
2023-12-25 12:30:00,0.3752,0.3811,0.3752,0.3808,299444.0
2023-12-25 12:45:00,0.3807,0.3846,0.3802,0.3841,438909.0
2023-12-25 13:00:00,0.384,0.3846,0.3773,0.3803,614957.0
2023-12-25 13:15:00,0.3803,0.3817,0.3783,0.3787,407012.0
2023-12-25 13:30:00,0.3786,0.3799,0.3754,0.3787,357571.0
2023-12-25 13:45:00,0.3787,0.38,0.3782,0.3785,287975.0
2023-12-25 14:00:00,0.3785,0.3823,0.378,0.3801,309845.0
2023-12-25 14:15:00,0.3802,0.3802,0.3779,0.3793,188756.0
2023-12-25 14:30:00,0.3794,0.3819,0.3794,0.3816,169454.0
2023-12-25 14:45:00,0.3816,0.3834,0.3806,0.3824,812978.0
2023-12-25 15:00:00,0.3826,0.3863,0.3819,0.3822,620355.0
2023-12-25 15:15:00,0.3823,0.3835,0.3809,0.3822,264759.0
2023-12-25 15:30:00,0.3821,0.3824,0.3807,0.3812,158478.0
2023-12-25 15:45:00,0.3814,0.3816,0.3803,0.3808,207676.0
2023-12-25 16:00:00,0.3808,0.3809,0.3778,0.3794,259364.0
2023-12-25 16:15:00,0.3795,0.3803,0.3783,0.3797,230959.0
2023-12-25 16:30:00,0.3796,0.3805,0.3746,0.3763,452065.0
2023-12-25 16:45:00,0.3763,0.378,0.3747,0.3778,208383.0
2023-12-25 17:00:00,0.3779,0.3798,0.3771,0.3796,78334.0
2023-12-25 17:15:00,0.3795,0.3807,0.3785,0.3803,77609.0
2023-12-25 17:30:00,0.3803,0.3823,0.3801,0.3813,181581.0
2023-12-25 17:45:00,0.3813,0.3831,0.3794,0.3815,199845.0
2023-12-25 18:00:00,0.3817,0.3831,0.3801,0.3815,533907.0
2023-12-25 18:15:00,0.3814,0.3815,0.3792,0.3801,147322.0
2023-12-25 18:30:00,0.3802,0.3803,0.3791,0.3794,85242.0
2023-12-25 18:45:00,0.3795,0.3799,0.3774,0.3782,85263.0
2023-12-25 19:00:00,0.3785,0.3797,0.3774,0.3794,83184.0
2023-12-25 19:15:00,0.3795,0.3796,0.377,0.3788,121686.0
2023-12-25 19:30:00,0.3789,0.3789,0.3773,0.3777,82912.0
2023-12-25 19:45:00,0.3777,0.3781,0.3763,0.3775,168536.0
2023-12-25 20:00:00,0.3775,0.3778,0.3732,0.3744,413483.0
2023-12-25 20:15:00,0.3744,0.3773,0.374,0.3765,100162.0
2023-12-25 20:30:00,0.3766,0.3783,0.3735,0.3746,304856.0
2023-12-25 20:45:00,0.3746,0.3777,0.3739,0.3775,127844.0
2023-12-25 21:00:00,0.3774,0.3775,0.3743,0.3763,89849.0
2023-12-25 21:15:00,0.376,0.3773,0.3758,0.3763,38212.0
2023-12-25 21:30:00,0.3761,0.3778,0.3755,0.3778,57859.0
2023-12-25 21:45:00,0.3775,0.379,0.3773,0.3789,57290.0
2023-12-25 22:00:00,0.3788,0.3802,0.3777,0.3799,102324.0
2023-12-25 22:15:00,0.38,0.3811,0.3797,0.3811,35857.0
2023-12-25 22:30:00,0.3812,0.3814,0.3807,0.3807,33577.0
2023-12-25 22:45:00,0.3806,0.3817,0.3795,0.3811,151903.0
2023-12-25 23:00:00,0.3813,0.3814,0.3794,0.3796,85621.0
2023-12-25 23:15:00,0.3795,0.3806,0.3783,0.3805,153829.0
2023-12-25 23:30:00,0.3806,0.3839,0.3806,0.3826,247664.0
2023-12-25 23:45:00,0.3827,0.3829,0.38,0.38,132794.0
2023-12-26 00:00:00,0.3804,0.3815,0.3793,0.3797,95675.0
2023-12-26 00:15:00,0.3798,0.3821,0.3798,0.3817,67417.0
2023-12-26 00:30:00,0.3819,0.3845,0.3815,0.3843,197480.0
2023-12-26 00:45:00,0.3843,0.3856,0.3814,0.3821,316394.0
2023-12-26 01:00:00,0.382,0.384,0.3801,0.382,146839.0
2023-12-26 01:15:00,0.3819,0.3882,0.3813,0.3869,366139.0
2023-12-26 01:30:00,0.3872,0.3872,0.3805,0.3828,269361.0
2023-12-26 01:45:00,0.3827,0.3849,0.3814,0.3832,137766.0
2023-12-26 02:00:00,0.3836,0.3877,0.3829,0.3864,230137.0
2023-12-26 02:15:00,0.3865,0.3886,0.386,0.3874,186211.0
2023-12-26 02:30:00,0.3881,0.395,0.387,0.3945,605383.0
2023-12-26 02:45:00,0.3945,0.3956,0.3904,0.3915,321353.0
2023-12-26 03:00:00,0.3916,0.3948,0.3906,0.3947,238925.0
2023-12-26 03:15:00,0.3947,0.395,0.3912,0.3919,201633.0
2023-12-26 03:30:00,0.3918,0.3919,0.3876,0.3888,275593.0
2023-12-26 03:45:00,0.3886,0.3904,0.3876,0.3887,135653.0
2023-12-26 04:00:00,0.3891,0.3892,0.3872,0.3874,129863.0
2023-12-26 04:15:00,0.3872,0.3897,0.3865,0.3881,177325.0
2023-12-26 04:30:00,0.388,0.388,0.3865,0.3875,89251.0
2023-12-26 04:45:00,0.388,0.388,0.3867,0.3876,62518.0
2023-12-26 05:00:00,0.3875,0.3879,0.3818,0.3822,516005.0
2023-12-26 05:15:00,0.3823,0.3828,0.3755,0.3774,708980.0
2023-12-26 05:30:00,0.3777,0.3784,0.3674,0.3715,1115536.0
2023-12-26 05:45:00,0.3712,0.3766,0.3687,0.3732,650179.0
2023-12-26 06:00:00,0.373,0.376,0.3687,0.3739,621576.0
2023-12-26 06:15:00,0.3741,0.3795,0.3739,0.3776,1994628.0
2023-12-26 06:30:00,0.3776,0.3824,0.3768,0.3805,678802.0
2023-12-26 06:45:00,0.3804,0.3815,0.3785,0.3811,450010.0
2023-12-26 07:00:00,0.3809,0.3873,0.3784,0.3868,782956.0
2023-12-26 07:15:00,0.3869,0.3914,0.3865,0.3908,627690.0
2023-12-26 07:30:00,0.3907,0.3974,0.3905,0.3937,1171703.0
2023-12-26 07:45:00,0.3937,0.3954,0.3898,0.3942,411331.0
2023-12-26 08:00:00,0.3943,0.3982,0.3874,0.3895,558803.0
2023-12-26 08:15:00,0.3898,0.3946,0.3877,0.3925,389355.0
2023-12-26 08:30:00,0.3926,0.3974,0.3898,0.3971,554990.0
2023-12-26 08:45:00,0.397,0.3986,0.3881,0.3885,1419199.0
2023-12-26 09:00:00,0.3885,0.3909,0.3857,0.3861,900827.0
2023-12-26 09:15:00,0.3862,0.3891,0.3833,0.3861,626670.0
2023-12-26 09:30:00,0.386,0.3908,0.3807,0.3905,916656.0
2023-12-26 09:45:00,0.3902,0.3959,0.3865,0.395,1026831.0
2023-12-26 10:00:00,0.3945,0.3989,0.3921,0.3944,1020226.0
2023-12-26 10:15:00,0.3949,0.406,0.3914,0.4058,1313968.0
2023-12-26 10:30:00,0.406,0.4108,0.399,0.4064,2430864.0
2023-12-26 10:45:00,0.4064,0.4085,0.404,0.4052,1178287.0
2023-12-26 11:00:00,0.4051,0.4068,0.399,0.3997,825691.0
2023-12-26 11:15:00,0.3995,0.4087,0.3991,0.4073,1130252.0
2023-12-26 11:30:00,0.4071,0.4098,0.4019,0.4096,902083.0
2023-12-26 11:45:00,0.4097,0.4099,0.4064,0.4069,1005412.0
2023-12-26 12:00:00,0.4067,0.4085,0.4033,0.4039,584588.0
2023-12-26 12:15:00,0.4038,0.4106,0.4037,0.4086,566775.0
2023-12-26 12:30:00,0.4087,0.4105,0.4061,0.4083,422488.0
2023-12-26 12:45:00,0.4082,0.4113,0.4051,0.4054,549954.0
2023-12-26 13:00:00,0.4054,0.4172,0.4051,0.4133,1300705.0
2023-12-26 13:15:00,0.4137,0.4169,0.4069,0.4083,1326145.0
2023-12-26 13:30:00,0.4082,0.4179,0.4068,0.4144,800011.0
2023-12-26 13:45:00,0.4144,0.416,0.4094,0.4143,1002637.0
2023-12-26 14:00:00,0.4144,0.415,0.4078,0.4109,519994.0
2023-12-26 14:15:00,0.411,0.4232,0.41,0.4178,1010069.0
2023-12-26 14:30:00,0.4177,0.419,0.4118,0.4138,556886.0
2023-12-26 14:45:00,0.4138,0.4162,0.4097,0.4105,564895.0
2023-12-26 15:00:00,0.4105,0.4108,0.403,0.405,1141003.0
2023-12-26 15:15:00,0.4047,0.4114,0.4017,0.4114,769908.0
2023-12-26 15:30:00,0.4115,0.4141,0.408,0.4083,355891.0
2023-12-26 15:45:00,0.4084,0.4097,0.4027,0.4045,639079.0
2023-12-26 16:00:00,0.4049,0.4096,0.4048,0.4072,365322.0
2023-12-26 16:15:00,0.408,0.4127,0.4045,0.4089,461465.0
2023-12-26 16:30:00,0.4094,0.4133,0.4094,0.4099,508329.0
2023-12-26 16:45:00,0.4099,0.4109,0.4066,0.4066,349475.0
2023-12-26 17:00:00,0.4066,0.4103,0.4059,0.4085,297973.0
2023-12-26 17:15:00,0.4084,0.41,0.4,0.4068,793143.0
2023-12-26 17:30:00,0.4068,0.4072,0.3646,0.3909,2330883.0
2023-12-26 17:45:00,0.3909,0.3994,0.3892,0.3973,918115.0
2023-12-26 18:00:00,0.3977,0.4035,0.3965,0.4002,720838.0
2023-12-26 18:15:00,0.4003,0.4015,0.3955,0.3961,482991.0
2023-12-26 18:30:00,0.3961,0.4018,0.3953,0.4013,319553.0
2023-12-26 18:45:00,0.4017,0.4063,0.4008,0.4027,369852.0
2023-12-26 19:00:00,0.4028,0.4067,0.4009,0.4047,896098.0
2023-12-26 19:15:00,0.4047,0.4139,0.4046,0.4111,405022.0
2023-12-26 19:30:00,0.4113,0.4134,0.4073,0.4083,208532.0
2023-12-26 19:45:00,0.4082,0.415,0.4075,0.4127,546646.0
2023-12-26 20:00:00,0.4121,0.4226,0.4118,0.4188,868884.0
2023-12-26 20:15:00,0.419,0.4211,0.4168,0.4186,552273.0
2023-12-26 20:30:00,0.4189,0.4209,0.4118,0.4128,354359.0
2023-12-26 20:45:00,0.4128,0.4161,0.4116,0.4155,307727.0
2023-12-26 21:00:00,0.4154,0.4155,0.4111,0.4128,234451.0
2023-12-26 21:15:00,0.4131,0.4177,0.4125,0.4155,325805.0
2023-12-26 21:30:00,0.4154,0.4169,0.4115,0.4165,264891.0
2023-12-26 21:45:00,0.4165,0.4183,0.4145,0.4177,89109.0
2023-12-26 22:00:00,0.4177,0.4245,0.4171,0.4244,666454.0
2023-12-26 22:15:00,0.4245,0.4323,0.4241,0.4293,1125359.0
2023-12-26 22:30:00,0.429,0.4291,0.4225,0.4225,456233.0
2023-12-26 22:45:00,0.4228,0.4334,0.4222,0.4295,600593.0
2023-12-26 23:00:00,0.4295,0.4333,0.4267,0.4295,418361.0
2023-12-26 23:15:00,0.4295,0.4349,0.4267,0.429,645725.0
2023-12-26 23:30:00,0.4289,0.4355,0.4284,0.4289,513255.0
2023-12-26 23:45:00,0.429,0.4346,0.4282,0.4302,380489.0
2023-12-27 00:00:00,0.4303,0.4324,0.4239,0.4257,464525.0
2023-12-27 00:15:00,0.4256,0.4306,0.4252,0.4262,367543.0
2023-12-27 00:30:00,0.4259,0.427,0.4235,0.4247,200536.0
2023-12-27 00:45:00,0.4245,0.4264,0.4223,0.4223,179870.0
2023-12-27 01:00:00,0.4225,0.4271,0.4223,0.4246,214243.0
2023-12-27 01:15:00,0.4241,0.425,0.4178,0.4193,290854.0
2023-12-27 01:30:00,0.4194,0.4218,0.4189,0.4209,297137.0
2023-12-27 01:45:00,0.4211,0.4233,0.4187,0.4188,245804.0
2023-12-27 02:00:00,0.4188,0.419,0.4101,0.4116,893709.0
2023-12-27 02:15:00,0.4111,0.4136,0.407,0.4079,597337.0
2023-12-27 02:30:00,0.4075,0.41,0.4024,0.4045,486490.0
2023-12-27 02:45:00,0.4047,0.4077,0.4023,0.4045,437679.0
2023-12-27 03:00:00,0.4044,0.415,0.4041,0.4147,507386.0
2023-12-27 03:15:00,0.4144,0.415,0.4059,0.4076,266374.0
2023-12-27 03:30:00,0.4079,0.4102,0.4047,0.4086,247200.0
2023-12-27 03:45:00,0.4087,0.409,0.405,0.4068,226254.0
2023-12-27 04:00:00,0.4067,0.415,0.4067,0.4148,413236.0
2023-12-27 04:15:00,0.4149,0.4166,0.412,0.4139,367757.0
2023-12-27 04:30:00,0.4138,0.4147,0.4116,0.4143,151140.0
2023-12-27 04:45:00,0.4143,0.4151,0.4098,0.4099,211790.0
2023-12-27 05:00:00,0.4104,0.4173,0.4065,0.4159,309065.0
2023-12-27 05:15:00,0.4162,0.4229,0.4137,0.4214,754109.0
2023-12-27 05:30:00,0.4211,0.4231,0.4143,0.4144,365237.0
2023-12-27 05:45:00,0.4147,0.4148,0.4102,0.412,548324.0
2023-12-27 06:00:00,0.4118,0.4165,0.4088,0.4088,538507.0
2023-12-27 06:15:00,0.4089,0.4108,0.4072,0.4098,285795.0
2023-12-27 06:30:00,0.4098,0.416,0.4093,0.4142,180691.0
2023-12-27 06:45:00,0.4139,0.4143,0.4075,0.408,187252.0
2023-12-27 07:00:00,0.408,0.4082,0.4047,0.4055,229387.0
2023-12-27 07:15:00,0.405,0.4052,0.3994,0.4031,1174041.0
2023-12-27 07:30:00,0.4032,0.4076,0.4018,0.4045,1475364.0
2023-12-27 07:45:00,0.4046,0.4055,0.4,0.4011,346296.0
2023-12-27 08:00:00,0.4009,0.4055,0.398,0.4054,334769.0
2023-12-27 08:15:00,0.4053,0.4084,0.404,0.4081,420799.0
2023-12-27 08:30:00,0.4081,0.4149,0.4081,0.4141,541044.0
2023-12-27 08:45:00,0.4142,0.4148,0.411,0.4121,221843.0
2023-12-27 09:00:00,0.4123,0.4127,0.4102,0.412,189853.0
2023-12-27 09:15:00,0.4113,0.4148,0.4108,0.4148,169302.0
2023-12-27 09:30:00,0.4149,0.4155,0.4129,0.4134,291410.0
2023-12-27 09:45:00,0.413,0.4131,0.4092,0.4098,261581.0
2023-12-27 10:00:00,0.4097,0.4112,0.4074,0.408,284429.0
2023-12-27 10:15:00,0.4081,0.4114,0.4056,0.4114,422310.0
2023-12-27 10:30:00,0.4113,0.4124,0.4088,0.4092,321204.0
2023-12-27 10:45:00,0.4091,0.4105,0.4077,0.41,264119.0
2023-12-27 11:00:00,0.4099,0.4164,0.4099,0.4157,372187.0
2023-12-27 11:15:00,0.4159,0.4161,0.4103,0.4113,303264.0
2023-12-27 11:30:00,0.4114,0.4116,0.4087,0.4095,151315.0
2023-12-27 11:45:00,0.4096,0.4099,0.406,0.4075,205585.0
2023-12-27 12:00:00,0.4075,0.4089,0.405,0.4059,244741.0
2023-12-27 12:15:00,0.4058,0.4069,0.4006,0.4061,869954.0
2023-12-27 12:30:00,0.4062,0.4087,0.4049,0.4051,424486.0
2023-12-27 12:45:00,0.405,0.4079,0.4049,0.4071,119833.0
2023-12-27 13:00:00,0.407,0.4084,0.404,0.4069,186683.0
2023-12-27 13:15:00,0.4073,0.4073,0.404,0.406,321677.0
2023-12-27 13:30:00,0.4059,0.4066,0.401,0.4038,569739.0
2023-12-27 13:45:00,0.4039,0.4044,0.4019,0.4023,232111.0
2023-12-27 14:00:00,0.4022,0.4054,0.4001,0.4046,281991.0
2023-12-27 14:15:00,0.4051,0.4072,0.4014,0.4025,259210.0
2023-12-27 14:30:00,0.4027,0.4084,0.4027,0.408,392668.0
2023-12-27 14:45:00,0.4085,0.413,0.4079,0.4096,512042.0
2023-12-27 15:00:00,0.4093,0.4114,0.4047,0.4061,311917.0
2023-12-27 15:15:00,0.4069,0.4124,0.4056,0.4099,460568.0
2023-12-27 15:30:00,0.4099,0.4132,0.409,0.4123,283589.0
2023-12-27 15:45:00,0.4126,0.4139,0.41,0.4108,292584.0
2023-12-27 16:00:00,0.411,0.4116,0.4075,0.4084,272268.0
2023-12-27 16:15:00,0.4087,0.4196,0.4084,0.4121,878995.0
2023-12-27 16:30:00,0.4122,0.4142,0.4111,0.4117,165837.0
2023-12-27 16:45:00,0.4117,0.4126,0.408,0.4085,235311.0
2023-12-27 17:00:00,0.4085,0.409,0.4055,0.4067,173621.0
2023-12-27 17:15:00,0.4066,0.407,0.4042,0.4062,170472.0
2023-12-27 17:30:00,0.4056,0.41,0.4053,0.4095,99997.0
2023-12-27 17:45:00,0.4098,0.4117,0.4091,0.4114,97098.0
2023-12-27 18:00:00,0.4117,0.4129,0.4093,0.4094,113216.0
2023-12-27 18:15:00,0.4096,0.4116,0.409,0.4098,120822.0
2023-12-27 18:30:00,0.4098,0.4107,0.4087,0.4087,148749.0
2023-12-27 18:45:00,0.4087,0.4104,0.4081,0.4098,139164.0
2023-12-27 19:00:00,0.4098,0.4104,0.4081,0.4084,93094.0
2023-12-27 19:15:00,0.4085,0.4121,0.4084,0.4116,95373.0
2023-12-27 19:30:00,0.4115,0.4124,0.4085,0.4089,138854.0
2023-12-27 19:45:00,0.409,0.4098,0.408,0.4095,56683.0
2023-12-27 20:00:00,0.4099,0.4115,0.4085,0.4108,71309.0
2023-12-27 20:15:00,0.4106,0.4109,0.4091,0.4102,48208.0
2023-12-27 20:30:00,0.4102,0.4125,0.4097,0.4119,139259.0
2023-12-27 20:45:00,0.412,0.4129,0.4093,0.4113,76150.0
2023-12-27 21:00:00,0.4111,0.4118,0.409,0.4099,287531.0
2023-12-27 21:15:00,0.4098,0.4109,0.4078,0.4089,135341.0
2023-12-27 21:30:00,0.4089,0.4093,0.4056,0.4069,268772.0
2023-12-27 21:45:00,0.4068,0.4071,0.4053,0.4066,78000.0
2023-12-27 22:00:00,0.4066,0.4075,0.4055,0.4075,67715.0
2023-12-27 22:15:00,0.4074,0.4077,0.4043,0.4046,107235.0
2023-12-27 22:30:00,0.4051,0.407,0.4028,0.4028,110200.0
2023-12-27 22:45:00,0.4027,0.4043,0.401,0.4021,218826.0
2023-12-27 23:00:00,0.4023,0.4043,0.4018,0.4042,228479.0
2023-12-27 23:15:00,0.404,0.406,0.4039,0.4047,42502.0
2023-12-27 23:30:00,0.4046,0.4054,0.4041,0.4053,42617.0
2023-12-27 23:45:00,0.4052,0.4062,0.4038,0.406,40467.0
2023-12-28 00:00:00,0.406,0.4074,0.4046,0.407,82763.0
2023-12-28 00:15:00,0.4072,0.4081,0.4065,0.407,108774.0
2023-12-28 00:30:00,0.407,0.413,0.4055,0.4121,394060.0
2023-12-28 00:45:00,0.4124,0.4135,0.41,0.411,441161.0
2023-12-28 01:00:00,0.411,0.4115,0.4086,0.4109,189250.0
2023-12-28 01:15:00,0.4109,0.4113,0.4047,0.4053,155088.0
2023-12-28 01:30:00,0.4053,0.4074,0.4045,0.407,92713.0
2023-12-28 01:45:00,0.407,0.4092,0.4057,0.4092,215794.0
2023-12-28 02:00:00,0.4091,0.41,0.4041,0.4062,139736.0
2023-12-28 02:15:00,0.4062,0.4084,0.4046,0.4047,156716.0
2023-12-28 02:30:00,0.4053,0.4058,0.4029,0.404,77772.0
2023-12-28 02:45:00,0.404,0.4058,0.4038,0.4048,61264.0
2023-12-28 03:00:00,0.4057,0.4064,0.4025,0.4025,157765.0
2023-12-28 03:15:00,0.4029,0.406,0.4027,0.4043,80528.0
2023-12-28 03:30:00,0.4043,0.4048,0.4025,0.4032,74705.0
2023-12-28 03:45:00,0.4032,0.4041,0.4023,0.4038,47854.0
2023-12-28 04:00:00,0.4037,0.4062,0.4033,0.406,81021.0
2023-12-28 04:15:00,0.4063,0.4097,0.4036,0.4071,474404.0
2023-12-28 04:30:00,0.4072,0.4072,0.4046,0.4046,135326.0
2023-12-28 04:45:00,0.4046,0.4053,0.401,0.4013,218454.0
2023-12-28 05:00:00,0.4013,0.402,0.3961,0.3975,496955.0
2023-12-28 05:15:00,0.3975,0.3985,0.3938,0.3941,491892.0
2023-12-28 05:30:00,0.3941,0.3974,0.3938,0.3955,193959.0
2023-12-28 05:45:00,0.3954,0.398,0.3946,0.3961,296933.0
2023-12-28 06:00:00,0.3963,0.3966,0.3949,0.3964,96884.0
2023-12-28 06:15:00,0.396,0.3965,0.3934,0.3935,217442.0
2023-12-28 06:30:00,0.3936,0.3957,0.3928,0.3937,165230.0
2023-12-28 06:45:00,0.3937,0.3951,0.3901,0.3924,530082.0
2023-12-28 07:00:00,0.3924,0.3946,0.392,0.3923,159570.0
2023-12-28 07:15:00,0.3927,0.3947,0.3901,0.3933,260730.0
2023-12-28 07:30:00,0.3933,0.3938,0.3907,0.3932,185081.0
2023-12-28 07:45:00,0.3933,0.3952,0.3923,0.3951,69519.0
2023-12-28 08:00:00,0.3951,0.3952,0.393,0.3945,84480.0
2023-12-28 08:15:00,0.3945,0.3973,0.3944,0.396,155909.0
2023-12-28 08:30:00,0.3957,0.3959,0.3948,0.3957,142948.0
2023-12-28 08:45:00,0.3958,0.3964,0.3905,0.3916,335219.0
2023-12-28 09:00:00,0.3914,0.3922,0.39,0.3904,233801.0
2023-12-28 09:15:00,0.3905,0.3926,0.39,0.3914,211423.0
2023-12-28 09:30:00,0.3916,0.3935,0.3909,0.3927,190362.0
2023-12-28 09:45:00,0.3925,0.3931,0.39,0.3907,238106.0
2023-12-28 10:00:00,0.3907,0.3912,0.3874,0.3912,444502.0
2023-12-28 10:15:00,0.3913,0.3937,0.3912,0.3937,98202.0
2023-12-28 10:30:00,0.3938,0.3969,0.393,0.3962,187795.0
2023-12-28 10:45:00,0.3961,0.3979,0.3958,0.3963,103560.0
2023-12-28 11:00:00,0.3965,0.398,0.3963,0.3967,150688.0
2023-12-28 11:15:00,0.3965,0.3991,0.3958,0.3988,159324.0
2023-12-28 11:30:00,0.399,0.4019,0.3974,0.4017,339749.0
2023-12-28 11:45:00,0.4017,0.4069,0.4002,0.4051,446751.0
2023-12-28 12:00:00,0.4047,0.4081,0.4044,0.407,449538.0
2023-12-28 12:15:00,0.407,0.407,0.4012,0.4026,227157.0
2023-12-28 12:30:00,0.4024,0.4086,0.4004,0.404,716286.0
2023-12-28 12:45:00,0.4039,0.4064,0.3951,0.3965,637683.0
2023-12-28 13:00:00,0.3963,0.4018,0.3928,0.3974,799455.0
2023-12-28 13:15:00,0.3972,0.4002,0.3972,0.3996,143109.0
2023-12-28 13:30:00,0.3994,0.4003,0.3933,0.396,300887.0
2023-12-28 13:45:00,0.396,0.3967,0.3945,0.3955,119266.0
2023-12-28 14:00:00,0.3956,0.396,0.3867,0.39,619247.0
2023-12-28 14:15:00,0.39,0.3919,0.3843,0.3918,1143338.0
2023-12-28 14:30:00,0.3921,0.3928,0.3829,0.3837,523202.0
2023-12-28 14:45:00,0.3837,0.3882,0.3826,0.3878,559343.0
2023-12-28 15:00:00,0.3877,0.3899,0.387,0.3886,172702.0
2023-12-28 15:15:00,0.3886,0.3889,0.3831,0.3838,312783.0
2023-12-28 15:30:00,0.384,0.3871,0.3839,0.3855,195855.0
2023-12-28 15:45:00,0.3856,0.3863,0.384,0.3853,195226.0
2023-12-28 16:00:00,0.3849,0.3887,0.3829,0.3886,130584.0
2023-12-28 16:15:00,0.3881,0.3882,0.3835,0.3844,73887.0
2023-12-28 16:30:00,0.3843,0.3892,0.3843,0.3887,193207.0
2023-12-28 16:45:00,0.3887,0.3911,0.3869,0.388,160751.0
2023-12-28 17:00:00,0.3882,0.3914,0.3881,0.3908,109048.0
2023-12-28 17:15:00,0.3908,0.393,0.3905,0.3907,102879.0
2023-12-28 17:30:00,0.3912,0.3924,0.3905,0.3911,86679.0
2023-12-28 17:45:00,0.3911,0.3911,0.3889,0.3899,95927.0
2023-12-28 18:00:00,0.3898,0.3913,0.3889,0.3895,86547.0
2023-12-28 18:15:00,0.3897,0.3907,0.3872,0.3905,98803.0
2023-12-28 18:30:00,0.3905,0.3921,0.3891,0.3902,78843.0
2023-12-28 18:45:00,0.3902,0.3908,0.389,0.389,162847.0
2023-12-28 19:00:00,0.3895,0.3914,0.3894,0.391,202562.0
2023-12-28 19:15:00,0.3909,0.3924,0.3907,0.3923,140944.0
2023-12-28 19:30:00,0.3921,0.3933,0.3917,0.3931,76371.0
2023-12-28 19:45:00,0.3929,0.3944,0.3925,0.3937,116503.0
2023-12-28 20:00:00,0.3935,0.3935,0.3895,0.3896,98767.0
2023-12-28 20:15:00,0.3899,0.3906,0.3875,0.3876,87009.0
2023-12-28 20:30:00,0.3876,0.3908,0.3858,0.3905,195103.0
2023-12-28 20:45:00,0.3904,0.3907,0.3886,0.3897,67451.0
2023-12-28 21:00:00,0.3897,0.3924,0.3887,0.3916,71665.0
2023-12-28 21:15:00,0.3911,0.3936,0.3911,0.3925,68799.0
2023-12-28 21:30:00,0.3923,0.3929,0.3889,0.3889,82704.0
2023-12-28 21:45:00,0.3893,0.3897,0.3867,0.3887,244388.0
2023-12-28 22:00:00,0.3888,0.3911,0.3877,0.3909,50082.0
2023-12-28 22:15:00,0.3908,0.3915,0.3894,0.3907,42831.0
2023-12-28 22:30:00,0.3906,0.3917,0.3904,0.3904,39824.0
2023-12-28 22:45:00,0.3908,0.3933,0.3908,0.393,87796.0
2023-12-28 23:00:00,0.393,0.393,0.3899,0.3904,57481.0
2023-12-28 23:15:00,0.3907,0.393,0.3901,0.3924,64611.0
2023-12-28 23:30:00,0.3924,0.3939,0.3913,0.3938,43068.0
2023-12-28 23:45:00,0.394,0.3943,0.391,0.3914,57302.0
2023-12-29 00:00:00,0.3912,0.3918,0.3895,0.3909,45306.0
2023-12-29 00:15:00,0.3909,0.3921,0.3866,0.3874,145305.0
2023-12-29 00:30:00,0.3875,0.3876,0.3834,0.3857,348943.0
2023-12-29 00:45:00,0.3857,0.3864,0.3773,0.3795,504630.0
2023-12-29 01:00:00,0.3796,0.3831,0.3765,0.3814,397448.0
2023-12-29 01:15:00,0.3814,0.3829,0.3751,0.378,355897.0
2023-12-29 01:30:00,0.3781,0.3788,0.373,0.3759,405270.0
2023-12-29 01:45:00,0.3759,0.3794,0.373,0.379,237568.0
2023-12-29 02:00:00,0.3791,0.3801,0.3774,0.3791,142520.0
2023-12-29 02:15:00,0.3792,0.3816,0.3792,0.3815,54729.0
2023-12-29 02:30:00,0.3815,0.3852,0.3815,0.3839,275956.0
2023-12-29 02:45:00,0.3841,0.3874,0.3838,0.3869,139640.0
2023-12-29 03:00:00,0.3871,0.3905,0.386,0.3898,312438.0
2023-12-29 03:15:00,0.39,0.391,0.3873,0.3905,161581.0
2023-12-29 03:30:00,0.391,0.3937,0.3907,0.3924,195717.0
2023-12-29 03:45:00,0.3926,0.3937,0.3913,0.3931,119675.0
2023-12-29 04:00:00,0.3931,0.3968,0.393,0.3955,278800.0
2023-12-29 04:15:00,0.396,0.4001,0.3955,0.3976,582279.0
2023-12-29 04:30:00,0.3978,0.4017,0.3973,0.4014,173724.0
2023-12-29 04:45:00,0.4017,0.4049,0.4017,0.4041,163045.0
2023-12-29 05:00:00,0.4047,0.4048,0.3987,0.3991,204036.0
2023-12-29 05:15:00,0.3992,0.401,0.396,0.3969,244455.0
2023-12-29 05:30:00,0.3969,0.3978,0.3946,0.3961,317516.0
2023-12-29 05:45:00,0.396,0.401,0.3953,0.4006,204198.0
2023-12-29 06:00:00,0.4006,0.4035,0.4,0.4001,235845.0
2023-12-29 06:15:00,0.4,0.4001,0.398,0.4001,103852.0
2023-12-29 06:30:00,0.4,0.4,0.3959,0.3959,259659.0
2023-12-29 06:45:00,0.3958,0.3966,0.3943,0.3951,183970.0
2023-12-29 07:00:00,0.395,0.3982,0.3926,0.3926,350197.0
2023-12-29 07:15:00,0.3925,0.3933,0.3912,0.3928,153954.0
2023-12-29 07:30:00,0.3927,0.3932,0.3845,0.3905,383426.0
2023-12-29 07:45:00,0.3906,0.3925,0.3905,0.3923,173849.0
2023-12-29 08:00:00,0.3923,0.3951,0.3906,0.394,150981.0
2023-12-29 08:15:00,0.3942,0.3951,0.3922,0.3922,67008.0
2023-12-29 08:30:00,0.3925,0.3937,0.3914,0.3914,85879.0
2023-12-29 08:45:00,0.3917,0.3948,0.3913,0.3938,120823.0
2023-12-29 09:00:00,0.394,0.3947,0.3919,0.3938,149046.0
2023-12-29 09:15:00,0.3937,0.3963,0.3931,0.3955,205184.0
2023-12-29 09:30:00,0.3955,0.3969,0.3948,0.3969,175831.0
2023-12-29 09:45:00,0.3969,0.3991,0.3959,0.3988,234139.0
2023-12-29 10:00:00,0.3987,0.402,0.396,0.3962,379150.0
2023-12-29 10:15:00,0.396,0.3966,0.3948,0.3956,228421.0
2023-12-29 10:30:00,0.3956,0.3982,0.3956,0.3967,164785.0
2023-12-29 10:45:00,0.3967,0.3968,0.3929,0.393,160843.0
2023-12-29 11:00:00,0.3933,0.3963,0.393,0.3959,75051.0
2023-12-29 11:15:00,0.3961,0.3973,0.3959,0.3973,72342.0
2023-12-29 11:30:00,0.3974,0.3997,0.3973,0.3988,61567.0
2023-12-29 11:45:00,0.3988,0.3988,0.3963,0.3968,66162.0
2023-12-29 12:00:00,0.3968,0.3992,0.3963,0.3969,214137.0
2023-12-29 12:15:00,0.3968,0.3968,0.3945,0.395,92786.0
2023-12-29 12:30:00,0.3952,0.398,0.3952,0.3973,105239.0
2023-12-29 12:45:00,0.3971,0.3991,0.3963,0.3984,108049.0
2023-12-29 13:00:00,0.3985,0.403,0.3985,0.3989,299843.0
2023-12-29 13:15:00,0.3989,0.3999,0.397,0.3978,98120.0
2023-12-29 13:30:00,0.3978,0.4024,0.3956,0.4023,235601.0
2023-12-29 13:45:00,0.4024,0.4034,0.4016,0.4028,244245.0
2023-12-29 14:00:00,0.4031,0.4038,0.4004,0.4013,162604.0
2023-12-29 14:15:00,0.4011,0.4037,0.4006,0.4023,212989.0
2023-12-29 14:30:00,0.4025,0.406,0.4004,0.404,281702.0
2023-12-29 14:45:00,0.404,0.4077,0.4015,0.4075,183353.0
2023-12-29 15:00:00,0.4074,0.4087,0.4044,0.4049,344402.0
2023-12-29 15:15:00,0.4046,0.4046,0.4008,0.4026,248451.0
2023-12-29 15:30:00,0.4023,0.4038,0.3974,0.3983,329974.0
2023-12-29 15:45:00,0.3982,0.3982,0.3903,0.3958,411621.0
2023-12-29 16:00:00,0.3954,0.3987,0.393,0.3947,229577.0
2023-12-29 16:15:00,0.3951,0.3969,0.3902,0.3949,507339.0
2023-12-29 16:30:00,0.3948,0.397,0.3912,0.3918,115351.0
2023-12-29 16:45:00,0.3915,0.392,0.3862,0.3868,402416.0
2023-12-29 17:00:00,0.3868,0.3899,0.3831,0.3861,767539.0
2023-12-29 17:15:00,0.386,0.3904,0.3847,0.3887,362461.0
2023-12-29 17:30:00,0.3885,0.3903,0.386,0.3861,377475.0
2023-12-29 17:45:00,0.3863,0.3906,0.3856,0.3905,92606.0
2023-12-29 18:00:00,0.3904,0.3921,0.3895,0.3919,117812.0
2023-12-29 18:15:00,0.3913,0.3934,0.3905,0.3906,110949.0
2023-12-29 18:30:00,0.3908,0.3921,0.3893,0.3903,56600.0
2023-12-29 18:45:00,0.3901,0.3903,0.3888,0.39,83756.0
2023-12-29 19:00:00,0.39,0.3906,0.3884,0.3895,29197.0
2023-12-29 19:15:00,0.3894,0.392,0.389,0.3918,58251.0
2023-12-29 19:30:00,0.3917,0.395,0.3915,0.395,105451.0
2023-12-29 19:45:00,0.3946,0.3953,0.393,0.393,77905.0
2023-12-29 20:00:00,0.3928,0.3928,0.3906,0.3908,74163.0
2023-12-29 20:15:00,0.3906,0.3906,0.3887,0.3888,78947.0
2023-12-29 20:30:00,0.3886,0.3898,0.3875,0.3879,40862.0
2023-12-29 20:45:00,0.3879,0.3901,0.3879,0.3898,44454.0
2023-12-29 21:00:00,0.3896,0.3946,0.3894,0.3942,115490.0
2023-12-29 21:15:00,0.3938,0.3947,0.3905,0.3908,110067.0
2023-12-29 21:30:00,0.3905,0.3911,0.3883,0.3889,68798.0
2023-12-29 21:45:00,0.3888,0.3895,0.3856,0.3869,167001.0
2023-12-29 22:00:00,0.3864,0.387,0.3832,0.3838,145972.0
2023-12-29 22:15:00,0.3837,0.3854,0.3789,0.3848,548653.0
2023-12-29 22:30:00,0.385,0.3895,0.384,0.3887,137881.0
2023-12-29 22:45:00,0.3887,0.3892,0.3866,0.3875,132710.0
2023-12-29 23:00:00,0.3875,0.3886,0.3861,0.387,74153.0
2023-12-29 23:15:00,0.3868,0.3885,0.3862,0.3877,53778.0
2023-12-29 23:30:00,0.3879,0.3901,0.3878,0.3898,38308.0
2023-12-29 23:45:00,0.3899,0.3912,0.3888,0.3907,62745.0
2023-12-30 00:00:00,0.3907,0.392,0.3896,0.392,119065.0
2023-12-30 00:15:00,0.392,0.3968,0.392,0.3966,197393.0
2023-12-30 00:30:00,0.3965,0.3979,0.3944,0.3959,140531.0
2023-12-30 00:45:00,0.3959,0.3973,0.3952,0.3962,175947.0
2023-12-30 01:00:00,0.3961,0.3969,0.3955,0.396,117846.0
2023-12-30 01:15:00,0.396,0.3987,0.3958,0.3985,144268.0
2023-12-30 01:30:00,0.3986,0.4008,0.3986,0.4007,145796.0
2023-12-30 01:45:00,0.4008,0.4068,0.3997,0.402,497013.0
2023-12-30 02:00:00,0.4022,0.4056,0.4005,0.4011,223869.0
2023-12-30 02:15:00,0.4013,0.4022,0.3976,0.3981,124030.0
2023-12-30 02:30:00,0.398,0.4,0.3958,0.3969,170526.0
2023-12-30 02:45:00,0.3969,0.3985,0.3942,0.3962,201750.0
2023-12-30 03:00:00,0.3963,0.404,0.3962,0.4038,176910.0
2023-12-30 03:15:00,0.4037,0.4037,0.398,0.3982,181927.0
2023-12-30 03:30:00,0.3986,0.4011,0.3967,0.3967,142402.0
2023-12-30 03:45:00,0.3966,0.3983,0.395,0.3966,146744.0
2023-12-30 04:00:00,0.3968,0.4003,0.3954,0.399,243474.0
2023-12-30 04:15:00,0.3989,0.4008,0.3987,0.4008,80367.0
2023-12-30 04:30:00,0.4009,0.4025,0.4003,0.4014,163336.0
2023-12-30 04:45:00,0.4014,0.4014,0.399,0.3997,64161.0
2023-12-30 05:00:00,0.3995,0.4029,0.3993,0.4027,148976.0
2023-12-30 05:15:00,0.4027,0.4047,0.4023,0.4043,75627.0
2023-12-30 05:30:00,0.4044,0.405,0.4029,0.4049,85246.0
2023-12-30 05:45:00,0.4048,0.405,0.4035,0.404,40919.0
2023-12-30 06:00:00,0.4041,0.4044,0.4015,0.4021,81385.0
2023-12-30 06:15:00,0.402,0.402,0.3982,0.3997,152661.0
2023-12-30 06:30:00,0.3997,0.4011,0.3996,0.3998,94846.0
2023-12-30 06:45:00,0.3999,0.4001,0.3979,0.3989,56397.0
2023-12-30 07:00:00,0.399,0.4003,0.398,0.3991,54478.0
2023-12-30 07:15:00,0.399,0.399,0.3951,0.3956,109568.0
2023-12-30 07:30:00,0.3956,0.3962,0.3942,0.3962,111521.0
2023-12-30 07:45:00,0.3961,0.3962,0.3934,0.3943,105331.0
2023-12-30 08:00:00,0.3943,0.3944,0.3908,0.3912,249938.0
2023-12-30 08:15:00,0.3912,0.3912,0.3867,0.387,283283.0
2023-12-30 08:30:00,0.3869,0.3887,0.3862,0.3865,219283.0
2023-12-30 08:45:00,0.3867,0.3873,0.3798,0.3826,756104.0
2023-12-30 09:00:00,0.3828,0.3866,0.3805,0.3818,432069.0
2023-12-30 09:15:00,0.382,0.3855,0.3814,0.3828,201242.0
2023-12-30 09:30:00,0.3825,0.3833,0.378,0.3782,358969.0
2023-12-30 09:45:00,0.3783,0.3842,0.3783,0.3829,316520.0
2023-12-30 10:00:00,0.3831,0.3859,0.3821,0.385,207235.0
2023-12-30 10:15:00,0.3851,0.3851,0.3831,0.3835,95282.0
2023-12-30 10:30:00,0.3837,0.3842,0.3804,0.3806,113867.0
2023-12-30 10:45:00,0.3806,0.381,0.3789,0.3805,255956.0
2023-12-30 11:00:00,0.3804,0.3835,0.3803,0.3823,138637.0
2023-12-30 11:15:00,0.3822,0.3822,0.3781,0.3791,229222.0
2023-12-30 11:30:00,0.3792,0.3802,0.3782,0.3784,97658.0
2023-12-30 11:45:00,0.3786,0.3805,0.3786,0.3797,79355.0
2023-12-30 12:00:00,0.3799,0.383,0.3792,0.3821,119254.0
2023-12-30 12:15:00,0.3821,0.3835,0.381,0.3828,61145.0
2023-12-30 12:30:00,0.3829,0.384,0.3796,0.38,125555.0
2023-12-30 12:45:00,0.38,0.3811,0.3797,0.3805,77786.0
2023-12-30 13:00:00,0.3807,0.3817,0.3802,0.3802,75817.0
2023-12-30 13:15:00,0.3803,0.3803,0.3782,0.3791,132677.0
2023-12-30 13:30:00,0.3794,0.3821,0.3783,0.3813,161071.0
2023-12-30 13:45:00,0.3814,0.3816,0.3796,0.3803,69503.0
2023-12-30 14:00:00,0.3807,0.3834,0.3799,0.3828,164806.0
2023-12-30 14:15:00,0.3827,0.383,0.3812,0.3821,96108.0
2023-12-30 14:30:00,0.3822,0.3825,0.3817,0.3822,58014.0
2023-12-30 14:45:00,0.3822,0.3854,0.3809,0.3852,281814.0
2023-12-30 15:00:00,0.3853,0.388,0.3843,0.3868,216982.0
2023-12-30 15:15:00,0.3867,0.3867,0.3839,0.384,366646.0
2023-12-30 15:30:00,0.384,0.3842,0.3821,0.3832,240863.0
2023-12-30 15:45:00,0.3837,0.3866,0.383,0.3862,120235.0
2023-12-30 16:00:00,0.3863,0.3917,0.386,0.3915,348467.0
2023-12-30 16:15:00,0.3912,0.403,0.391,0.3986,1447032.0
2023-12-30 16:30:00,0.3986,0.4006,0.3906,0.3913,664908.0
2023-12-30 16:45:00,0.3914,0.3997,0.3914,0.3948,511290.0
2023-12-30 17:00:00,0.3947,0.3975,0.3942,0.3955,174831.0
2023-12-30 17:15:00,0.3954,0.3996,0.3943,0.3995,167954.0
2023-12-30 17:30:00,0.3997,0.4023,0.3985,0.4007,235818.0
2023-12-30 17:45:00,0.4005,0.4007,0.3968,0.3974,190029.0
2023-12-30 18:00:00,0.3973,0.4002,0.3973,0.3996,160874.0
2023-12-30 18:15:00,0.3995,0.404,0.399,0.4013,222233.0
2023-12-30 18:30:00,0.4013,0.4036,0.3989,0.3989,244081.0
2023-12-30 18:45:00,0.3989,0.4004,0.398,0.4001,82434.0
2023-12-30 19:00:00,0.4001,0.4001,0.3973,0.3992,129985.0
2023-12-30 19:15:00,0.399,0.405,0.3985,0.4044,687918.0
2023-12-30 19:30:00,0.4044,0.41,0.4044,0.4058,585652.0
2023-12-30 19:45:00,0.4058,0.4076,0.4006,0.4014,322282.0
2023-12-30 20:00:00,0.4012,0.4028,0.3996,0.4021,192834.0
2023-12-30 20:15:00,0.4022,0.4026,0.4,0.4025,140916.0
2023-12-30 20:30:00,0.4024,0.4025,0.3989,0.3997,140024.0
2023-12-30 20:45:00,0.3997,0.4014,0.3992,0.4004,210055.0
2023-12-30 21:00:00,0.4003,0.4011,0.3973,0.4003,158499.0
2023-12-30 21:15:00,0.4002,0.4007,0.3976,0.3993,71072.0
2023-12-30 21:30:00,0.3994,0.4,0.3975,0.3975,25167.0
2023-12-30 21:45:00,0.3974,0.3992,0.397,0.3991,66375.0
2023-12-30 22:00:00,0.3992,0.3993,0.3967,0.3971,42380.0
2023-12-30 22:15:00,0.3971,0.3974,0.3954,0.3961,162366.0
2023-12-30 22:30:00,0.396,0.3962,0.394,0.3941,65586.0
2023-12-30 22:45:00,0.3941,0.3944,0.3923,0.3935,103689.0
2023-12-30 23:00:00,0.3935,0.396,0.3934,0.3942,64858.0
2023-12-30 23:15:00,0.3942,0.3946,0.3932,0.3933,49316.0
2023-12-30 23:30:00,0.3932,0.3946,0.3918,0.3922,144396.0
2023-12-30 23:45:00,0.3923,0.3931,0.3913,0.3916,127693.0
2023-12-31 00:00:00,0.3917,0.3918,0.389,0.3897,175889.0
2023-12-31 00:15:00,0.3897,0.3912,0.3881,0.3884,112203.0
2023-12-31 00:30:00,0.3884,0.3927,0.3877,0.3922,327425.0
2023-12-31 00:45:00,0.3923,0.3938,0.391,0.391,253915.0
2023-12-31 01:00:00,0.391,0.3921,0.3874,0.3891,306959.0
2023-12-31 01:15:00,0.3889,0.3894,0.386,0.3869,163252.0
2023-12-31 01:30:00,0.3871,0.388,0.386,0.3861,97395.0
2023-12-31 01:45:00,0.3861,0.3874,0.3847,0.3852,107212.0
2023-12-31 02:00:00,0.3853,0.3866,0.3841,0.3866,114892.0
2023-12-31 02:15:00,0.3865,0.3868,0.3851,0.3855,103059.0
2023-12-31 02:30:00,0.3856,0.3856,0.3828,0.3829,127866.0
2023-12-31 02:45:00,0.3831,0.3836,0.3809,0.3836,242550.0
2023-12-31 03:00:00,0.3834,0.3844,0.3827,0.3827,96931.0
2023-12-31 03:15:00,0.3827,0.3838,0.3821,0.3824,104342.0
2023-12-31 03:30:00,0.3827,0.3841,0.3816,0.384,148386.0
2023-12-31 03:45:00,0.3847,0.3856,0.384,0.3853,78356.0
2023-12-31 04:00:00,0.3852,0.3866,0.3833,0.3866,123672.0
2023-12-31 04:15:00,0.3864,0.3869,0.3855,0.3864,97712.0
2023-12-31 04:30:00,0.3864,0.3864,0.3838,0.3849,56896.0
2023-12-31 04:45:00,0.3846,0.3849,0.3836,0.3844,44707.0
2023-12-31 05:00:00,0.3847,0.3849,0.3827,0.3843,199365.0
2023-12-31 05:15:00,0.3843,0.3848,0.3835,0.384,53428.0
2023-12-31 05:30:00,0.3838,0.3849,0.3838,0.3845,50608.0
2023-12-31 05:45:00,0.3844,0.3853,0.3835,0.3835,81379.0
2023-12-31 06:00:00,0.3835,0.3856,0.3831,0.3853,145933.0
2023-12-31 06:15:00,0.3853,0.3877,0.3853,0.3876,65344.0
2023-12-31 06:30:00,0.3876,0.3885,0.3869,0.3885,239079.0
2023-12-31 06:45:00,0.3886,0.3891,0.3866,0.3866,94213.0
2023-12-31 07:00:00,0.3868,0.3869,0.3855,0.3867,140200.0
2023-12-31 07:15:00,0.3866,0.3885,0.3862,0.3883,81659.0
2023-12-31 07:30:00,0.3883,0.3933,0.3883,0.3929,522329.0
2023-12-31 07:45:00,0.3932,0.3948,0.3912,0.3948,216071.0
2023-12-31 08:00:00,0.3948,0.4013,0.3946,0.4002,574130.0
2023-12-31 08:15:00,0.4004,0.4061,0.3993,0.3997,785459.0
2023-12-31 08:30:00,0.3997,0.4019,0.3951,0.396,302573.0
2023-12-31 08:45:00,0.3961,0.3967,0.3934,0.3953,191858.0
2023-12-31 09:00:00,0.3953,0.3954,0.3935,0.3947,83777.0
2023-12-31 09:15:00,0.3943,0.3979,0.3938,0.3969,123050.0
2023-12-31 09:30:00,0.3969,0.397,0.3951,0.3963,86862.0
2023-12-31 09:45:00,0.3964,0.3973,0.3952,0.3969,87819.0
2023-12-31 10:00:00,0.3968,0.397,0.3945,0.3962,133129.0
2023-12-31 10:15:00,0.3963,0.3967,0.3944,0.3947,76788.0
2023-12-31 10:30:00,0.3946,0.3953,0.3927,0.3953,133357.0
2023-12-31 10:45:00,0.3953,0.3967,0.395,0.3954,136132.0
2023-12-31 11:00:00,0.3955,0.3956,0.392,0.3933,170169.0
2023-12-31 11:15:00,0.3931,0.3932,0.3913,0.3915,85050.0
2023-12-31 11:30:00,0.3914,0.3929,0.3914,0.3924,49400.0
2023-12-31 11:45:00,0.3925,0.3927,0.392,0.392,51130.0
2023-12-31 12:00:00,0.3922,0.3925,0.3908,0.3916,124792.0
2023-12-31 12:15:00,0.3916,0.3934,0.3914,0.3923,77259.0
2023-12-31 12:30:00,0.3925,0.3931,0.3913,0.3917,113388.0
2023-12-31 12:45:00,0.3916,0.3917,0.3865,0.388,413543.0
2023-12-31 13:00:00,0.3882,0.3903,0.3871,0.3892,168263.0
2023-12-31 13:15:00,0.3893,0.3903,0.3881,0.3894,57738.0
2023-12-31 13:30:00,0.3895,0.3901,0.3882,0.3888,72487.0
2023-12-31 13:45:00,0.3886,0.3901,0.3886,0.3897,132190.0
2023-12-31 14:00:00,0.3898,0.3899,0.3875,0.3877,111604.0
2023-12-31 14:15:00,0.3877,0.3891,0.387,0.3891,69693.0
2023-12-31 14:30:00,0.3891,0.3916,0.3884,0.3915,176383.0
2023-12-31 14:45:00,0.3916,0.3917,0.3893,0.3894,65090.0
2023-12-31 15:00:00,0.3895,0.392,0.3894,0.392,77992.0
2023-12-31 15:15:00,0.392,0.3929,0.3905,0.3905,123746.0
2023-12-31 15:30:00,0.3905,0.3928,0.3894,0.3917,158645.0
2023-12-31 15:45:00,0.3917,0.3926,0.3909,0.3921,102712.0
2023-12-31 16:00:00,0.3922,0.3927,0.3898,0.392,58473.0
2023-12-31 16:15:00,0.392,0.3943,0.392,0.393,116536.0
2023-12-31 16:30:00,0.3932,0.4,0.3923,0.399,420280.0
2023-12-31 16:45:00,0.3994,0.3995,0.392,0.3957,411848.0
2023-12-31 17:00:00,0.3957,0.3992,0.3953,0.3981,122097.0
2023-12-31 17:15:00,0.3982,0.3982,0.3962,0.3962,84569.0
2023-12-31 17:30:00,0.3963,0.3963,0.3936,0.3941,181829.0
2023-12-31 17:45:00,0.3944,0.3952,0.3935,0.394,94634.0
2023-12-31 18:00:00,0.394,0.3942,0.393,0.3934,94770.0
2023-12-31 18:15:00,0.3936,0.3969,0.3931,0.3969,129578.0
2023-12-31 18:30:00,0.3967,0.3979,0.3956,0.3967,72595.0
2023-12-31 18:45:00,0.3968,0.3972,0.3952,0.3966,108421.0
2023-12-31 19:00:00,0.3967,0.3992,0.3964,0.3977,111902.0
2023-12-31 19:15:00,0.3977,0.4009,0.3977,0.3989,109265.0
2023-12-31 19:30:00,0.3989,0.3989,0.3965,0.3988,19867.0
2023-12-31 19:45:00,0.3989,0.3991,0.3968,0.3976,78117.0
2023-12-31 20:00:00,0.3975,0.3981,0.3943,0.3951,92391.0
2023-12-31 20:15:00,0.3952,0.4039,0.3952,0.4005,325796.0
2023-12-31 20:30:00,0.4007,0.4018,0.3975,0.3987,204702.0
2023-12-31 20:45:00,0.3987,0.3994,0.3956,0.3967,89709.0
2023-12-31 21:00:00,0.397,0.3998,0.3969,0.3997,41402.0
2023-12-31 21:15:00,0.3997,0.4035,0.3995,0.4022,203589.0
2023-12-31 21:30:00,0.4021,0.4021,0.3998,0.4016,116297.0
2023-12-31 21:45:00,0.4017,0.4019,0.3954,0.3982,317011.0
2023-12-31 22:00:00,0.3981,0.3987,0.3961,0.3965,140357.0
2023-12-31 22:15:00,0.3965,0.3972,0.3941,0.3949,138207.0
2023-12-31 22:30:00,0.3946,0.3952,0.3908,0.3909,233586.0
2023-12-31 22:45:00,0.3909,0.3909,0.3801,0.387,522054.0
2023-12-31 23:00:00,0.3866,0.3897,0.386,0.3867,154566.0
2023-12-31 23:15:00,0.3867,0.3871,0.3832,0.385,171781.0
2023-12-31 23:30:00,0.3851,0.3872,0.3849,0.3866,104193.0
2023-12-31 23:45:00,0.3868,0.3888,0.3866,0.3876,115370.0
2024-01-01 00:00:00,0.3875,0.3895,0.387,0.389,208339.0
2024-01-01 00:15:00,0.3892,0.3892,0.3817,0.3827,292334.0
2024-01-01 00:30:00,0.3828,0.3835,0.3805,0.3825,258925.0
2024-01-01 00:45:00,0.3825,0.3847,0.3817,0.3842,147768.0
2024-01-01 01:00:00,0.384,0.3861,0.3835,0.3853,55044.0
2024-01-01 01:15:00,0.3854,0.3871,0.3854,0.3865,55670.0
2024-01-01 01:30:00,0.3868,0.3892,0.3861,0.3867,194536.0
2024-01-01 01:45:00,0.3867,0.3872,0.3858,0.3858,131205.0
2024-01-01 02:00:00,0.3857,0.3858,0.3829,0.3847,208150.0
2024-01-01 02:15:00,0.3847,0.3869,0.3836,0.3858,89820.0
2024-01-01 02:30:00,0.3857,0.386,0.3821,0.3826,201362.0
2024-01-01 02:45:00,0.3825,0.3829,0.378,0.3798,465178.0
2024-01-01 03:00:00,0.3797,0.3803,0.3766,0.3773,202321.0
2024-01-01 03:15:00,0.3772,0.378,0.3756,0.3758,259431.0
2024-01-01 03:30:00,0.376,0.3781,0.3747,0.3754,174536.0
2024-01-01 03:45:00,0.3754,0.3767,0.3745,0.3751,198869.0
2024-01-01 04:00:00,0.3751,0.377,0.373,0.374,204703.0
2024-01-01 04:15:00,0.3739,0.3745,0.37,0.3732,315084.0
2024-01-01 04:30:00,0.3731,0.3741,0.3716,0.3724,291751.0
2024-01-01 04:45:00,0.3725,0.3734,0.3717,0.3733,523056.0
2024-01-01 05:00:00,0.3733,0.3764,0.373,0.3763,258467.0
2024-01-01 05:15:00,0.3761,0.3764,0.3729,0.3734,160387.0
2024-01-01 05:30:00,0.3733,0.3741,0.372,0.3731,222393.0
2024-01-01 05:45:00,0.3731,0.3732,0.3708,0.3716,96929.0
2024-01-01 06:00:00,0.3717,0.3744,0.3715,0.374,85202.0
2024-01-01 06:15:00,0.374,0.375,0.3737,0.3747,67410.0
2024-01-01 06:30:00,0.3747,0.375,0.374,0.3744,66937.0
2024-01-01 06:45:00,0.3745,0.375,0.3734,0.3734,63602.0
2024-01-01 07:00:00,0.3735,0.3751,0.3731,0.3731,92531.0
2024-01-01 07:15:00,0.373,0.3735,0.3722,0.3735,143630.0
2024-01-01 07:30:00,0.3736,0.3751,0.3733,0.3735,43959.0
2024-01-01 07:45:00,0.3735,0.3746,0.3734,0.3745,35691.0
2024-01-01 08:00:00,0.3746,0.3752,0.3737,0.374,69576.0
2024-01-01 08:15:00,0.3741,0.3748,0.3737,0.3739,83309.0
2024-01-01 08:30:00,0.3739,0.3742,0.3725,0.3732,101559.0
2024-01-01 08:45:00,0.3732,0.3744,0.3725,0.3741,88198.0
2024-01-01 09:00:00,0.3741,0.3747,0.3733,0.3738,102605.0
2024-01-01 09:15:00,0.374,0.3753,0.3739,0.3743,146249.0
2024-01-01 09:30:00,0.3744,0.3762,0.374,0.3757,117720.0
2024-01-01 09:45:00,0.3758,0.3778,0.3754,0.3778,132423.0
2024-01-01 10:00:00,0.3775,0.3812,0.3775,0.3804,251172.0
2024-01-01 10:15:00,0.3806,0.3827,0.38,0.381,231058.0
2024-01-01 10:30:00,0.3811,0.3821,0.38,0.382,89725.0
2024-01-01 10:45:00,0.3822,0.3843,0.3812,0.3835,364763.0
2024-01-01 11:00:00,0.3832,0.3846,0.3832,0.3844,137487.0
2024-01-01 11:15:00,0.3842,0.3847,0.3811,0.3812,165492.0
2024-01-01 11:30:00,0.3812,0.3814,0.3798,0.38,197218.0
2024-01-01 11:45:00,0.3803,0.3811,0.379,0.3811,133895.0
2024-01-01 12:00:00,0.3813,0.3818,0.3797,0.3802,225005.0
2024-01-01 12:15:00,0.38,0.3814,0.379,0.3807,320914.0
2024-01-01 12:30:00,0.3808,0.3834,0.3803,0.383,98904.0
2024-01-01 12:45:00,0.3832,0.3856,0.3819,0.3838,205057.0
2024-01-01 13:00:00,0.384,0.3846,0.3826,0.3844,48243.0
2024-01-01 13:15:00,0.3844,0.3883,0.3844,0.3877,168360.0
2024-01-01 13:30:00,0.3877,0.3898,0.3869,0.3896,229771.0
2024-01-01 13:45:00,0.3898,0.3944,0.3896,0.3928,499357.0
2024-01-01 14:00:00,0.3929,0.3939,0.3902,0.3916,272440.0
2024-01-01 14:15:00,0.3916,0.3923,0.3891,0.3918,240743.0
2024-01-01 14:30:00,0.3919,0.3936,0.3904,0.3907,117106.0
2024-01-01 14:45:00,0.3908,0.3958,0.3907,0.3948,255746.0
2024-01-01 15:00:00,0.3947,0.3982,0.3924,0.3955,332121.0
2024-01-01 15:15:00,0.3955,0.3964,0.3926,0.395,406125.0
2024-01-01 15:30:00,0.3953,0.3962,0.3928,0.394,160236.0
2024-01-01 15:45:00,0.3941,0.4001,0.394,0.3993,334871.0
2024-01-01 16:00:00,0.3993,0.4019,0.3993,0.401,250177.0
2024-01-01 16:15:00,0.4011,0.402,0.3975,0.3994,140525.0
2024-01-01 16:30:00,0.3994,0.4001,0.3988,0.3996,50550.0
2024-01-01 16:45:00,0.3997,0.3997,0.3974,0.3974,124492.0
2024-01-01 17:00:00,0.3976,0.4009,0.3967,0.3999,167804.0
2024-01-01 17:15:00,0.3999,0.4017,0.3997,0.4015,162778.0
2024-01-01 17:30:00,0.4016,0.4016,0.3987,0.4004,72036.0
2024-01-01 17:45:00,0.4004,0.4033,0.4004,0.4026,168935.0
2024-01-01 18:00:00,0.4026,0.4059,0.4,0.4051,435809.0
2024-01-01 18:15:00,0.405,0.4089,0.4047,0.408,263541.0
2024-01-01 18:30:00,0.4081,0.4137,0.4072,0.4133,410735.0
2024-01-01 18:45:00,0.4133,0.415,0.4109,0.412,341359.0
2024-01-01 19:00:00,0.4123,0.4123,0.4082,0.4095,200905.0
2024-01-01 19:15:00,0.4091,0.4096,0.407,0.4086,169528.0
2024-01-01 19:30:00,0.4087,0.4087,0.4066,0.4073,148046.0
2024-01-01 19:45:00,0.4074,0.4084,0.4055,0.4069,161914.0
2024-01-01 20:00:00,0.4069,0.4074,0.4054,0.4064,134612.0
2024-01-01 20:15:00,0.4062,0.409,0.404,0.4058,167243.0
2024-01-01 20:30:00,0.4061,0.4081,0.4048,0.4079,101821.0
2024-01-01 20:45:00,0.408,0.4113,0.407,0.4113,270575.0
2024-01-01 21:00:00,0.4113,0.4146,0.4093,0.4101,301063.0
2024-01-01 21:15:00,0.4101,0.4114,0.4087,0.4103,141274.0
2024-01-01 21:30:00,0.4101,0.4115,0.4088,0.4102,133871.0
2024-01-01 21:45:00,0.4103,0.4119,0.4097,0.4111,99713.0
2024-01-01 22:00:00,0.4111,0.4127,0.4109,0.4121,158632.0
2024-01-01 22:15:00,0.412,0.4134,0.4087,0.4131,236668.0
2024-01-01 22:30:00,0.4133,0.4146,0.4105,0.4112,191831.0
2024-01-01 22:45:00,0.4111,0.4112,0.4093,0.4102,86915.0
2024-01-01 23:00:00,0.4102,0.411,0.4085,0.4086,149101.0
2024-01-01 23:15:00,0.4086,0.4089,0.4075,0.4086,87718.0
2024-01-01 23:30:00,0.4084,0.4127,0.4075,0.4125,163752.0
2024-01-01 23:45:00,0.4125,0.4127,0.4087,0.4089,54865.0
2024-01-02 00:00:00,0.4093,0.4093,0.4069,0.4073,172113.0
2024-01-02 00:15:00,0.4074,0.4134,0.4063,0.4117,185663.0
2024-01-02 00:30:00,0.4117,0.4133,0.4099,0.4132,125870.0
2024-01-02 00:45:00,0.4133,0.4133,0.4093,0.41,89594.0
2024-01-02 01:00:00,0.41,0.4114,0.4075,0.4077,208087.0
2024-01-02 01:15:00,0.4077,0.4108,0.4048,0.4102,283669.0
2024-01-02 01:30:00,0.4104,0.412,0.4095,0.4115,147057.0
2024-01-02 01:45:00,0.4115,0.4169,0.41,0.4124,336299.0
2024-01-02 02:00:00,0.4124,0.4136,0.4102,0.4107,174542.0
2024-01-02 02:15:00,0.4105,0.4133,0.4103,0.4132,106043.0
2024-01-02 02:30:00,0.4131,0.4133,0.4112,0.4121,126256.0
2024-01-02 02:45:00,0.4121,0.4121,0.41,0.4111,151885.0
2024-01-02 03:00:00,0.4111,0.4114,0.4068,0.4083,175861.0
2024-01-02 03:15:00,0.4082,0.4097,0.4081,0.4093,109720.0
2024-01-02 03:30:00,0.4093,0.4097,0.4068,0.4073,113301.0
2024-01-02 03:45:00,0.4072,0.4131,0.4067,0.4112,260114.0
2024-01-02 04:00:00,0.4111,0.415,0.4106,0.413,170342.0
2024-01-02 04:15:00,0.4129,0.4169,0.4117,0.4154,272149.0
2024-01-02 04:30:00,0.4156,0.4164,0.414,0.4145,104483.0
2024-01-02 04:45:00,0.4145,0.4194,0.4143,0.4179,243697.0
2024-01-02 05:00:00,0.4178,0.4182,0.4152,0.4172,177272.0
2024-01-02 05:15:00,0.4176,0.4188,0.4157,0.4182,236766.0
2024-01-02 05:30:00,0.4181,0.4226,0.4175,0.4212,575974.0
2024-01-02 05:45:00,0.4211,0.4226,0.4176,0.4191,193107.0
2024-01-02 06:00:00,0.4192,0.4223,0.4187,0.4223,218381.0
2024-01-02 06:15:00,0.4223,0.4267,0.4218,0.4242,384806.0
2024-01-02 06:30:00,0.4241,0.4286,0.4211,0.4283,516458.0
2024-01-02 06:45:00,0.4281,0.4281,0.4207,0.4214,276128.0
2024-01-02 07:00:00,0.4215,0.4259,0.4212,0.4246,269325.0
2024-01-02 07:15:00,0.4246,0.4258,0.423,0.4252,147409.0
2024-01-02 07:30:00,0.4252,0.4316,0.4252,0.431,398320.0
2024-01-02 07:45:00,0.4309,0.4349,0.428,0.4346,648768.0
2024-01-02 08:00:00,0.4345,0.4358,0.426,0.4298,967645.0
2024-01-02 08:15:00,0.4295,0.4332,0.4274,0.4329,431887.0
2024-01-02 08:30:00,0.4329,0.443,0.4328,0.4429,1357416.0
2024-01-02 08:45:00,0.4429,0.445,0.4363,0.4381,1156084.0
2024-01-02 09:00:00,0.438,0.438,0.4311,0.4362,636642.0
2024-01-02 09:15:00,0.4362,0.4489,0.435,0.4459,1618698.0
2024-01-02 09:30:00,0.4459,0.4512,0.4413,0.4511,1640827.0
2024-01-02 09:45:00,0.4511,0.4535,0.4459,0.4479,1239463.0
2024-01-02 10:00:00,0.448,0.4512,0.4354,0.4411,936186.0
2024-01-02 10:15:00,0.4413,0.442,0.4368,0.4401,679131.0
2024-01-02 10:30:00,0.44,0.4401,0.4336,0.435,751714.0
2024-01-02 10:45:00,0.435,0.435,0.425,0.4307,1557200.0
2024-01-02 11:00:00,0.4307,0.435,0.4301,0.4333,585892.0
2024-01-02 11:15:00,0.4333,0.4334,0.4265,0.4284,574600.0
2024-01-02 11:30:00,0.4282,0.4283,0.4218,0.424,807606.0
2024-01-02 11:45:00,0.424,0.4286,0.4237,0.4264,626716.0
2024-01-02 12:00:00,0.4264,0.4329,0.4243,0.4308,401308.0
2024-01-02 12:15:00,0.4308,0.4367,0.4252,0.431,483640.0
2024-01-02 12:30:00,0.4309,0.4324,0.4291,0.4322,195712.0
2024-01-02 12:45:00,0.4316,0.4338,0.4254,0.4264,493309.0
2024-01-02 13:00:00,0.4265,0.4359,0.4257,0.4337,682469.0
2024-01-02 13:15:00,0.4337,0.4424,0.4334,0.4383,513636.0
2024-01-02 13:30:00,0.4381,0.45,0.4371,0.4463,906663.0
2024-01-02 13:45:00,0.4463,0.4488,0.4401,0.4446,572930.0
2024-01-02 14:00:00,0.4445,0.4469,0.4389,0.4402,459765.0
2024-01-02 14:15:00,0.4403,0.4411,0.4392,0.4406,295106.0
2024-01-02 14:30:00,0.4405,0.451,0.4324,0.4422,940686.0
2024-01-02 14:45:00,0.4423,0.4432,0.4343,0.4392,1112194.0
2024-01-02 15:00:00,0.439,0.4466,0.4365,0.4442,835597.0
2024-01-02 15:15:00,0.4443,0.4743,0.4396,0.4589,6542467.0
2024-01-02 15:30:00,0.4588,0.4721,0.4514,0.4717,2604688.0
2024-01-02 15:45:00,0.4717,0.4726,0.4586,0.4599,1446529.0
2024-01-02 16:00:00,0.4596,0.4671,0.45,0.4531,1227654.0
2024-01-02 16:15:00,0.4529,0.4628,0.4464,0.4623,1227512.0
2024-01-02 16:30:00,0.4622,0.4781,0.461,0.465,2043300.0
2024-01-02 16:45:00,0.4649,0.4755,0.463,0.464,1734982.0
2024-01-02 17:00:00,0.464,0.4735,0.4625,0.4669,1457777.0
2024-01-02 17:15:00,0.4668,0.4734,0.4625,0.4663,1158416.0
2024-01-02 17:30:00,0.4665,0.4665,0.4522,0.4551,896065.0
2024-01-02 17:45:00,0.455,0.4705,0.4549,0.469,791319.0
2024-01-02 18:00:00,0.4689,0.473,0.465,0.4711,964945.0
2024-01-02 18:15:00,0.471,0.4834,0.4698,0.4776,2022852.0
2024-01-02 18:30:00,0.4779,0.4834,0.4714,0.4733,1338224.0
2024-01-02 18:45:00,0.4733,0.487,0.4715,0.4823,1366627.0
2024-01-02 19:00:00,0.4824,0.4865,0.4796,0.4843,1134556.0
2024-01-02 19:15:00,0.4844,0.4886,0.4752,0.4803,1364843.0
2024-01-02 19:30:00,0.48,0.4808,0.4735,0.4755,601953.0
2024-01-02 19:45:00,0.4756,0.48,0.473,0.4734,751274.0
2024-01-02 20:00:00,0.4736,0.4861,0.4736,0.4841,710508.0
2024-01-02 20:15:00,0.4841,0.4879,0.48,0.4846,485423.0
2024-01-02 20:30:00,0.4846,0.4888,0.4806,0.4873,1098956.0
2024-01-02 20:45:00,0.4872,0.494,0.4774,0.4785,1536411.0
2024-01-02 21:00:00,0.4786,0.4994,0.4767,0.4901,2148848.0
2024-01-02 21:15:00,0.4899,0.494,0.485,0.4865,877561.0
2024-01-02 21:30:00,0.486,0.4939,0.4849,0.4911,675730.0
2024-01-02 21:45:00,0.4911,0.4984,0.4896,0.492,756061.0
2024-01-02 22:00:00,0.4919,0.4993,0.4919,0.4958,1027461.0
2024-01-02 22:15:00,0.4957,0.504,0.4933,0.4975,1576251.0
2024-01-02 22:30:00,0.4974,0.4981,0.4862,0.4894,880925.0
2024-01-02 22:45:00,0.4895,0.5028,0.4874,0.5016,669945.0
2024-01-02 23:00:00,0.5019,0.5058,0.4945,0.5041,1080847.0
2024-01-02 23:15:00,0.5041,0.5041,0.4979,0.5025,793829.0
2024-01-02 23:30:00,0.5026,0.5026,0.4945,0.4986,801919.0
2024-01-02 23:45:00,0.4986,0.5042,0.4918,0.5005,816646.0
2024-01-03 00:00:00,0.5006,0.504,0.4829,0.4944,2097507.0
2024-01-03 00:15:00,0.4943,0.4982,0.4825,0.4844,1109462.0
2024-01-03 00:30:00,0.4843,0.4919,0.4838,0.4905,471797.0
2024-01-03 00:45:00,0.4906,0.5049,0.4906,0.5028,939161.0
2024-01-03 01:00:00,0.5027,0.5032,0.4952,0.4981,590608.0
2024-01-03 01:15:00,0.4981,0.5014,0.4841,0.4853,1070429.0
2024-01-03 01:30:00,0.4853,0.491,0.478,0.4902,1002555.0
2024-01-03 01:45:00,0.4903,0.4926,0.4825,0.4878,569968.0
2024-01-03 02:00:00,0.4882,0.4969,0.4881,0.4951,435226.0
2024-01-03 02:15:00,0.495,0.5029,0.495,0.5001,1002896.0
2024-01-03 02:30:00,0.5003,0.509,0.495,0.4961,1908527.0
2024-01-03 02:45:00,0.4962,0.4969,0.485,0.4854,813365.0
2024-01-03 03:00:00,0.4857,0.4935,0.4842,0.491,738756.0
2024-01-03 03:15:00,0.4911,0.4914,0.4844,0.4879,434253.0
2024-01-03 03:30:00,0.4878,0.488,0.4807,0.4818,458043.0
2024-01-03 03:45:00,0.4815,0.4819,0.467,0.4678,1353042.0
2024-01-03 04:00:00,0.4676,0.4794,0.4671,0.4777,941377.0
2024-01-03 04:15:00,0.4779,0.4844,0.4757,0.4774,634112.0
2024-01-03 04:30:00,0.4771,0.4783,0.468,0.4733,755097.0
2024-01-03 04:45:00,0.4732,0.4748,0.4609,0.4686,1955242.0
2024-01-03 05:00:00,0.4687,0.4797,0.4678,0.4797,851791.0
2024-01-03 05:15:00,0.4791,0.4792,0.4736,0.4772,359827.0
2024-01-03 05:30:00,0.4773,0.4848,0.4757,0.4816,757874.0
2024-01-03 05:45:00,0.4816,0.4828,0.4769,0.4801,558415.0
2024-01-03 06:00:00,0.4801,0.4932,0.4801,0.4896,1072287.0
2024-01-03 06:15:00,0.4896,0.4985,0.4882,0.4962,799645.0
2024-01-03 06:30:00,0.4963,0.5244,0.4952,0.5229,4961318.0
2024-01-03 06:45:00,0.5227,0.5263,0.51,0.521,2312840.0
2024-01-03 07:00:00,0.5209,0.5211,0.5055,0.5093,1690354.0
2024-01-03 07:15:00,0.5092,0.548,0.5088,0.5443,4178478.0
2024-01-03 07:30:00,0.5442,0.55,0.5265,0.5309,4405262.0
2024-01-03 07:45:00,0.531,0.5364,0.5136,0.5207,3133751.0
2024-01-03 08:00:00,0.5208,0.5276,0.5141,0.5179,1637272.0
2024-01-03 08:15:00,0.5179,0.5211,0.5061,0.5117,1984571.0
2024-01-03 08:30:00,0.5117,0.5149,0.5097,0.5108,965327.0
2024-01-03 08:45:00,0.5107,0.5108,0.4901,0.4957,2553411.0
2024-01-03 09:00:00,0.4961,0.5075,0.496,0.5043,1091198.0
2024-01-03 09:15:00,0.5043,0.5196,0.4999,0.5191,1949714.0
2024-01-03 09:30:00,0.519,0.5217,0.5075,0.5137,1423422.0
2024-01-03 09:45:00,0.5135,0.5163,0.5021,0.5087,1061675.0
2024-01-03 10:00:00,0.5088,0.5132,0.5021,0.5059,1084594.0
2024-01-03 10:15:00,0.5059,0.5066,0.4968,0.4993,1046654.0
2024-01-03 10:30:00,0.4994,0.5009,0.48,0.4913,1822388.0
2024-01-03 10:45:00,0.4914,0.5057,0.4906,0.5044,1350967.0
2024-01-03 11:00:00,0.5047,0.5063,0.494,0.4957,1285785.0
2024-01-03 11:15:00,0.4957,0.5086,0.4926,0.5072,1613899.0
2024-01-03 11:30:00,0.5071,0.5075,0.494,0.4983,1146628.0
2024-01-03 11:45:00,0.4984,0.5014,0.48,0.4933,1635274.0
2024-01-03 12:00:00,0.4928,0.5152,0.3631,0.424,7879132.0
2024-01-03 12:15:00,0.4206,0.4502,0.4196,0.4408,3745635.0
2024-01-03 12:30:00,0.4409,0.494,0.4298,0.491,3716881.0
2024-01-03 12:45:00,0.4902,0.52,0.4742,0.4819,4335411.0
2024-01-03 13:00:00,0.4822,0.4844,0.4699,0.4813,2166585.0
2024-01-03 13:15:00,0.4816,0.4845,0.4691,0.4779,1428195.0
2024-01-03 13:30:00,0.4778,0.4881,0.4744,0.4756,1435614.0
2024-01-03 13:45:00,0.4756,0.478,0.4597,0.4689,1964892.0
2024-01-03 14:00:00,0.4687,0.4693,0.4585,0.4627,1281244.0
2024-01-03 14:15:00,0.4625,0.467,0.4428,0.4528,2216683.0
2024-01-03 14:30:00,0.4533,0.4615,0.4498,0.4558,1230379.0
2024-01-03 14:45:00,0.4565,0.4567,0.445,0.449,967446.0
2024-01-03 15:00:00,0.4482,0.4586,0.4421,0.4427,1809971.0
2024-01-03 15:15:00,0.4427,0.444,0.4281,0.4398,1900335.0
2024-01-03 15:30:00,0.4398,0.444,0.434,0.4391,1262763.0
2024-01-03 15:45:00,0.4391,0.4501,0.4335,0.4495,908236.0
2024-01-03 16:00:00,0.4498,0.4548,0.4417,0.4446,1243649.0
2024-01-03 16:15:00,0.4443,0.4481,0.4368,0.4469,693048.0
2024-01-03 16:30:00,0.4469,0.4515,0.4403,0.4414,924452.0
2024-01-03 16:45:00,0.4409,0.4529,0.4374,0.4508,584670.0
2024-01-03 17:00:00,0.4508,0.4615,0.4497,0.4576,1497016.0
2024-01-03 17:15:00,0.458,0.4685,0.4533,0.4643,972415.0
2024-01-03 17:30:00,0.4642,0.4737,0.4618,0.4723,941056.0
2024-01-03 17:45:00,0.4724,0.4773,0.4638,0.4697,1398391.0
2024-01-03 18:00:00,0.4692,0.4868,0.4671,0.4856,1355366.0
2024-01-03 18:15:00,0.4856,0.5077,0.4841,0.5018,2033557.0
2024-01-03 18:30:00,0.5017,0.5108,0.4872,0.5055,1962804.0
2024-01-03 18:45:00,0.5055,0.5098,0.4822,0.4919,1516564.0
2024-01-03 19:00:00,0.492,0.4982,0.4801,0.4816,758607.0
2024-01-03 19:15:00,0.4811,0.4909,0.4793,0.4909,628558.0
2024-01-03 19:30:00,0.4909,0.5093,0.489,0.5036,1242991.0
2024-01-03 19:45:00,0.5032,0.5058,0.4921,0.4925,851421.0
2024-01-03 20:00:00,0.493,0.5035,0.4872,0.5027,1394425.0
2024-01-03 20:15:00,0.5027,0.5195,0.502,0.5179,1036665.0
2024-01-03 20:30:00,0.5177,0.544,0.5166,0.5386,2312577.0
2024-01-03 20:45:00,0.5389,0.5427,0.52,0.522,1563070.0
2024-01-03 21:00:00,0.5217,0.5226,0.5039,0.5061,717049.0
2024-01-03 21:15:00,0.506,0.5144,0.5059,0.5068,352925.0
2024-01-03 21:30:00,0.5068,0.5074,0.5,0.5029,1796096.0
2024-01-03 21:45:00,0.5029,0.5171,0.5024,0.514,378864.0
2024-01-03 22:00:00,0.5135,0.5181,0.5066,0.507,533372.0
2024-01-03 22:15:00,0.5071,0.508,0.5,0.5003,621902.0
2024-01-03 22:30:00,0.5007,0.5048,0.4956,0.4988,848575.0
2024-01-03 22:45:00,0.4988,0.5046,0.4973,0.504,143440.0
2024-01-03 23:00:00,0.5041,0.5049,0.4933,0.5015,261905.0
2024-01-03 23:15:00,0.5012,0.5023,0.493,0.4956,460605.0
2024-01-03 23:30:00,0.4959,0.52,0.4903,0.5044,827971.0
2024-01-03 23:45:00,0.5048,0.5059,0.4917,0.4942,339495.0
2024-01-04 00:00:00,0.4941,0.5013,0.4872,0.5009,854534.0
2024-01-04 00:15:00,0.5011,0.5062,0.4924,0.4945,447236.0
2024-01-04 00:30:00,0.4945,0.4946,0.4851,0.4878,637328.0
2024-01-04 00:45:00,0.4878,0.4936,0.4852,0.4855,341044.0
2024-01-04 01:00:00,0.4854,0.4926,0.4816,0.4878,479645.0
2024-01-04 01:15:00,0.4877,0.4884,0.4744,0.4754,785594.0
2024-01-04 01:30:00,0.4752,0.4782,0.474,0.4757,444189.0
2024-01-04 01:45:00,0.4759,0.4777,0.4706,0.4764,693993.0
2024-01-04 02:00:00,0.4761,0.4945,0.476,0.493,656525.0
2024-01-04 02:15:00,0.4934,0.4971,0.4917,0.4933,477902.0
2024-01-04 02:30:00,0.4933,0.4997,0.4918,0.4991,201178.0
2024-01-04 02:45:00,0.4992,0.5046,0.4962,0.4978,686453.0
2024-01-04 03:00:00,0.4979,0.509,0.4925,0.5088,770014.0
2024-01-04 03:15:00,0.5087,0.5125,0.4984,0.4984,484940.0
2024-01-04 03:30:00,0.4983,0.4998,0.4958,0.4976,196739.0
2024-01-04 03:45:00,0.4976,0.4985,0.4952,0.498,193890.0
2024-01-04 04:00:00,0.4981,0.5093,0.4956,0.5086,353281.0
2024-01-04 04:15:00,0.5086,0.5299,0.5081,0.5279,1315454.0
2024-01-04 04:30:00,0.5278,0.5293,0.5181,0.5194,787979.0
2024-01-04 04:45:00,0.5192,0.5197,0.5104,0.5113,296905.0
2024-01-04 05:00:00,0.5113,0.5212,0.5064,0.5193,576245.0
2024-01-04 05:15:00,0.5195,0.5204,0.5064,0.5064,377246.0
2024-01-04 05:30:00,0.5068,0.5182,0.5038,0.5155,497047.0
2024-01-04 05:45:00,0.5158,0.5163,0.5074,0.5083,367533.0
2024-01-04 06:00:00,0.5084,0.5209,0.507,0.5132,577961.0
2024-01-04 06:15:00,0.5131,0.5148,0.5076,0.5094,246726.0
2024-01-04 06:30:00,0.5095,0.5121,0.5048,0.5065,377987.0
2024-01-04 06:45:00,0.5063,0.5082,0.5015,0.5031,512421.0
2024-01-04 07:00:00,0.503,0.5199,0.5029,0.517,524359.0
2024-01-04 07:15:00,0.5169,0.52,0.5051,0.512,921072.0
2024-01-04 07:30:00,0.5124,0.5166,0.5016,0.5034,614071.0
2024-01-04 07:45:00,0.5034,0.5039,0.4983,0.5023,487012.0
2024-01-04 08:00:00,0.5022,0.509,0.4982,0.5008,395168.0
2024-01-04 08:15:00,0.5009,0.5019,0.4952,0.4967,532206.0
2024-01-04 08:30:00,0.497,0.498,0.4925,0.4943,829128.0
2024-01-04 08:45:00,0.4941,0.511,0.494,0.5089,630897.0
2024-01-04 09:00:00,0.5089,0.52,0.5022,0.5144,984948.0
2024-01-04 09:15:00,0.5144,0.529,0.511,0.5242,1672231.0
2024-01-04 09:30:00,0.5243,0.5299,0.5195,0.5208,823256.0
2024-01-04 09:45:00,0.5209,0.5309,0.5161,0.5184,912506.0
2024-01-04 10:00:00,0.5183,0.5187,0.5055,0.5068,678169.0
2024-01-04 10:15:00,0.5071,0.5124,0.5017,0.5047,987728.0
2024-01-04 10:30:00,0.5046,0.515,0.501,0.51,523619.0
2024-01-04 10:45:00,0.5101,0.5108,0.5001,0.5011,763164.0
2024-01-04 11:00:00,0.5011,0.5034,0.498,0.5022,445474.0
2024-01-04 11:15:00,0.5022,0.5282,0.5022,0.5242,2542399.0
2024-01-04 11:30:00,0.524,0.539,0.5218,0.5375,1171933.0
2024-01-04 11:45:00,0.5376,0.5386,0.5233,0.5282,1188311.0
2024-01-04 12:00:00,0.5278,0.5292,0.5113,0.5209,1219220.0
2024-01-04 12:15:00,0.5211,0.546,0.5196,0.5451,1269561.0
2024-01-04 12:30:00,0.5453,0.5575,0.5373,0.542,2153759.0
2024-01-04 12:45:00,0.542,0.5516,0.5414,0.5455,749483.0
2024-01-04 13:00:00,0.5453,0.5631,0.54,0.5537,2327135.0
2024-01-04 13:15:00,0.5536,0.5607,0.5441,0.5469,1064188.0
2024-01-04 13:30:00,0.547,0.5524,0.5381,0.5415,678118.0
2024-01-04 13:45:00,0.5417,0.5509,0.5365,0.5446,687820.0
2024-01-04 14:00:00,0.544,0.5524,0.54,0.5446,977752.0
2024-01-04 14:15:00,0.5446,0.5456,0.5305,0.5344,755457.0
2024-01-04 14:30:00,0.5343,0.548,0.5282,0.5476,1027995.0
2024-01-04 14:45:00,0.5479,0.5497,0.5361,0.5407,851795.0
2024-01-04 15:00:00,0.5409,0.5556,0.5408,0.5519,1307354.0
2024-01-04 15:15:00,0.5517,0.5693,0.5494,0.5648,2102241.0
2024-01-04 15:30:00,0.5645,0.5688,0.5542,0.5564,934340.0
2024-01-04 15:45:00,0.5565,0.5575,0.5415,0.5462,814074.0
2024-01-04 16:00:00,0.5462,0.5523,0.5406,0.5467,526815.0
2024-01-04 16:15:00,0.5469,0.547,0.5369,0.5388,493031.0
2024-01-04 16:30:00,0.5385,0.5449,0.538,0.5413,378723.0
2024-01-04 16:45:00,0.5406,0.5417,0.535,0.5363,337004.0
2024-01-04 17:00:00,0.5364,0.5478,0.5357,0.5472,493357.0
2024-01-04 17:15:00,0.5472,0.5486,0.539,0.5419,650619.0
2024-01-04 17:30:00,0.5425,0.549,0.5404,0.5422,364438.0
2024-01-04 17:45:00,0.5425,0.5472,0.5388,0.5408,294998.0
2024-01-04 18:00:00,0.5408,0.5438,0.5391,0.54,160478.0
2024-01-04 18:15:00,0.54,0.5455,0.539,0.5394,198976.0
2024-01-04 18:30:00,0.5395,0.5497,0.5393,0.5492,223438.0
2024-01-04 18:45:00,0.5494,0.5497,0.5451,0.5464,193345.0
2024-01-04 19:00:00,0.5466,0.5495,0.5437,0.5453,183452.0
2024-01-04 19:15:00,0.5453,0.5544,0.5424,0.5532,324585.0
2024-01-04 19:30:00,0.5533,0.557,0.5458,0.5493,530638.0
2024-01-04 19:45:00,0.549,0.5536,0.5456,0.5496,512329.0
2024-01-04 20:00:00,0.5498,0.5545,0.548,0.5508,210021.0
2024-01-04 20:15:00,0.5506,0.5651,0.5496,0.5588,519437.0
2024-01-04 20:30:00,0.5587,0.5644,0.5473,0.5531,1429676.0
2024-01-04 20:45:00,0.5526,0.557,0.5451,0.5469,320858.0
2024-01-04 21:00:00,0.5471,0.5502,0.545,0.5502,218216.0
2024-01-04 21:15:00,0.5501,0.5574,0.5488,0.5532,190123.0
2024-01-04 21:30:00,0.5535,0.5546,0.5386,0.5402,473361.0
2024-01-04 21:45:00,0.5399,0.5432,0.5381,0.5394,219947.0
2024-01-04 22:00:00,0.5397,0.5401,0.53,0.5388,422838.0
2024-01-04 22:15:00,0.5383,0.5404,0.5274,0.5308,306608.0
2024-01-04 22:30:00,0.531,0.5314,0.5225,0.5258,466012.0
2024-01-04 22:45:00,0.5256,0.5283,0.5243,0.5279,135107.0
2024-01-04 23:00:00,0.5281,0.5283,0.5201,0.5262,232768.0
2024-01-04 23:15:00,0.5263,0.5346,0.5258,0.5306,326150.0
2024-01-04 23:30:00,0.5306,0.5316,0.5251,0.527,95961.0
2024-01-04 23:45:00,0.5266,0.5291,0.526,0.5275,108706.0
2024-01-05 00:00:00,0.5268,0.5308,0.5264,0.5278,325946.0
2024-01-05 00:15:00,0.5278,0.5346,0.527,0.5322,276233.0
2024-01-05 00:30:00,0.5321,0.5328,0.5271,0.531,287450.0
2024-01-05 00:45:00,0.5305,0.5355,0.5297,0.5329,275952.0
2024-01-05 01:00:00,0.5329,0.5348,0.5274,0.5278,234301.0
2024-01-05 01:15:00,0.5277,0.5277,0.517,0.5244,730140.0
2024-01-05 01:30:00,0.5242,0.5293,0.5236,0.5255,187823.0
2024-01-05 01:45:00,0.5255,0.5301,0.5,0.5233,1343978.0
2024-01-05 02:00:00,0.5233,0.533,0.523,0.5328,423768.0
2024-01-05 02:15:00,0.5326,0.5407,0.5317,0.5332,698707.0
2024-01-05 02:30:00,0.5332,0.547,0.5322,0.5468,339048.0
2024-01-05 02:45:00,0.5468,0.5479,0.54,0.5448,372194.0
2024-01-05 03:00:00,0.5447,0.5559,0.541,0.5502,719717.0
2024-01-05 03:15:00,0.5508,0.555,0.5409,0.5415,339512.0
2024-01-05 03:30:00,0.5414,0.5435,0.535,0.5376,609125.0
2024-01-05 03:45:00,0.5374,0.5392,0.5219,0.5285,931550.0
2024-01-05 04:00:00,0.529,0.5314,0.5259,0.5312,317059.0
2024-01-05 04:15:00,0.5314,0.5384,0.5239,0.5377,379021.0
2024-01-05 04:30:00,0.5381,0.5449,0.5349,0.5421,772270.0
2024-01-05 04:45:00,0.5417,0.5448,0.5396,0.5406,230911.0
2024-01-05 05:00:00,0.5404,0.5404,0.532,0.5324,206821.0
2024-01-05 05:15:00,0.5325,0.5353,0.5273,0.5288,446639.0
2024-01-05 05:30:00,0.5287,0.5287,0.5242,0.525,304402.0
2024-01-05 05:45:00,0.525,0.5264,0.519,0.5197,279400.0
2024-01-05 06:00:00,0.5193,0.5318,0.5193,0.5297,254082.0
2024-01-05 06:15:00,0.5298,0.531,0.5206,0.5209,177532.0
2024-01-05 06:30:00,0.521,0.5211,0.5164,0.5168,783914.0
2024-01-05 06:45:00,0.5169,0.5199,0.5156,0.5175,302263.0
2024-01-05 07:00:00,0.5177,0.52,0.5122,0.5168,409077.0
2024-01-05 07:15:00,0.5169,0.5235,0.5127,0.5217,271512.0
2024-01-05 07:30:00,0.5217,0.5234,0.5185,0.5188,400699.0
2024-01-05 07:45:00,0.5189,0.5204,0.5145,0.5166,285178.0
2024-01-05 08:00:00,0.5167,0.5251,0.5165,0.5241,351219.0
2024-01-05 08:15:00,0.524,0.5299,0.5228,0.5291,313092.0
2024-01-05 08:30:00,0.5294,0.5323,0.5263,0.5296,367340.0
2024-01-05 08:45:00,0.5295,0.5383,0.5287,0.537,424772.0
2024-01-05 09:00:00,0.537,0.5458,0.5342,0.5455,516084.0
2024-01-05 09:15:00,0.5457,0.5481,0.538,0.5426,725642.0
2024-01-05 09:30:00,0.5427,0.5549,0.5419,0.5491,844460.0
2024-01-05 09:45:00,0.5491,0.559,0.5444,0.5575,810621.0
2024-01-05 10:00:00,0.5578,0.5586,0.5476,0.5503,572566.0
2024-01-05 10:15:00,0.5502,0.578,0.55,0.5639,2032429.0
2024-01-05 10:30:00,0.564,0.579,0.5574,0.569,1281448.0
2024-01-05 10:45:00,0.5692,0.572,0.553,0.5619,1153785.0
2024-01-05 11:00:00,0.5619,0.568,0.5473,0.548,950176.0
2024-01-05 11:15:00,0.5482,0.5567,0.5482,0.5507,508739.0
2024-01-05 11:30:00,0.551,0.5515,0.5405,0.5465,564599.0
2024-01-05 11:45:00,0.5465,0.5479,0.5362,0.5384,455169.0
2024-01-05 12:00:00,0.5385,0.5394,0.5262,0.5354,578475.0
2024-01-05 12:15:00,0.5354,0.5491,0.5354,0.5478,624434.0
2024-01-05 12:30:00,0.5482,0.5492,0.5408,0.5433,258311.0
2024-01-05 12:45:00,0.5435,0.5446,0.5374,0.5379,295119.0
2024-01-05 13:00:00,0.5387,0.5435,0.5332,0.5396,339438.0
2024-01-05 13:15:00,0.5399,0.5515,0.5397,0.541,448449.0
2024-01-05 13:30:00,0.5407,0.5452,0.5364,0.5434,428439.0
2024-01-05 13:45:00,0.5435,0.5455,0.5335,0.5364,352321.0
2024-01-05 14:00:00,0.5361,0.5441,0.5291,0.5309,476859.0
2024-01-05 14:15:00,0.5311,0.5333,0.5237,0.5259,728082.0
2024-01-05 14:30:00,0.5259,0.532,0.5201,0.5311,684203.0
2024-01-05 14:45:00,0.5311,0.5359,0.5218,0.5246,369888.0
2024-01-05 15:00:00,0.5248,0.5325,0.5242,0.5296,284205.0
2024-01-05 15:15:00,0.5299,0.5315,0.52,0.5255,404591.0
2024-01-05 15:30:00,0.5258,0.5265,0.515,0.516,604196.0
2024-01-05 15:45:00,0.5158,0.5178,0.5092,0.5158,765301.0
2024-01-05 16:00:00,0.5157,0.5208,0.5105,0.5135,639030.0
2024-01-05 16:15:00,0.5134,0.5168,0.51,0.51,614185.0
2024-01-05 16:30:00,0.5105,0.5155,0.5091,0.5093,273691.0
2024-01-05 16:45:00,0.5095,0.5115,0.5,0.5012,718134.0
2024-01-05 17:00:00,0.5011,0.5049,0.4905,0.502,1081110.0
2024-01-05 17:15:00,0.5025,0.513,0.5023,0.5073,652540.0
2024-01-05 17:30:00,0.5071,0.5102,0.5007,0.5086,318799.0
2024-01-05 17:45:00,0.5087,0.5109,0.5042,0.5106,243080.0
2024-01-05 18:00:00,0.5105,0.5162,0.5079,0.5157,295686.0
2024-01-05 18:15:00,0.5158,0.5207,0.5131,0.515,518639.0
2024-01-05 18:30:00,0.5146,0.5258,0.5131,0.5252,337100.0
2024-01-05 18:45:00,0.5251,0.5305,0.5247,0.5261,329105.0
2024-01-05 19:00:00,0.5261,0.5304,0.5216,0.5242,247256.0
2024-01-05 19:15:00,0.5243,0.5274,0.5229,0.5249,176486.0
2024-01-05 19:30:00,0.525,0.525,0.5171,0.518,158056.0
2024-01-05 19:45:00,0.518,0.5199,0.5153,0.5183,168530.0
2024-01-05 20:00:00,0.5183,0.5198,0.5127,0.515,136022.0
2024-01-05 20:15:00,0.5149,0.515,0.5103,0.511,146731.0
2024-01-05 20:30:00,0.5109,0.5113,0.5089,0.5095,150649.0
2024-01-05 20:45:00,0.5095,0.5145,0.5068,0.5092,415181.0
2024-01-05 21:00:00,0.5092,0.5094,0.4989,0.5022,389567.0
2024-01-05 21:15:00,0.5022,0.5093,0.4993,0.5027,330834.0
2024-01-05 21:30:00,0.503,0.5051,0.4968,0.4973,423782.0
2024-01-05 21:45:00,0.4975,0.5019,0.4965,0.4974,164665.0
2024-01-05 22:00:00,0.4975,0.4977,0.4911,0.4929,270729.0
2024-01-05 22:15:00,0.4929,0.4933,0.4766,0.4831,824700.0
2024-01-05 22:30:00,0.483,0.493,0.483,0.4914,258195.0
2024-01-05 22:45:00,0.4914,0.4963,0.4892,0.4963,122252.0
2024-01-05 23:00:00,0.496,0.5011,0.4954,0.5005,127371.0
2024-01-05 23:15:00,0.5006,0.5006,0.4926,0.4934,373492.0
2024-01-05 23:30:00,0.4933,0.495,0.4888,0.49,297405.0
2024-01-05 23:45:00,0.4897,0.4921,0.4861,0.4911,227186.0
2024-01-06 00:00:00,0.4909,0.4922,0.4847,0.4862,562457.0
2024-01-06 00:15:00,0.4863,0.4887,0.4814,0.4822,263468.0
2024-01-06 00:30:00,0.4825,0.4849,0.4783,0.479,309530.0
2024-01-06 00:45:00,0.4791,0.483,0.4773,0.4809,287638.0
2024-01-06 01:00:00,0.481,0.4811,0.4741,0.478,337624.0
2024-01-06 01:15:00,0.4779,0.4812,0.4721,0.4746,711886.0
2024-01-06 01:30:00,0.4746,0.4805,0.4738,0.4795,319028.0
2024-01-06 01:45:00,0.4798,0.4835,0.4759,0.4812,256416.0
2024-01-06 02:00:00,0.4813,0.4862,0.4779,0.4835,333820.0
2024-01-06 02:15:00,0.4833,0.4844,0.4781,0.4838,228331.0
2024-01-06 02:30:00,0.4835,0.4876,0.4817,0.4849,174681.0
2024-01-06 02:45:00,0.485,0.4864,0.4808,0.4822,237746.0
2024-01-06 03:00:00,0.4824,0.4824,0.4776,0.4776,184253.0
2024-01-06 03:15:00,0.478,0.4826,0.4776,0.4817,117020.0
2024-01-06 03:30:00,0.4813,0.4813,0.4756,0.4759,216578.0
2024-01-06 03:45:00,0.4758,0.4764,0.4718,0.4747,157296.0
2024-01-06 04:00:00,0.4747,0.4765,0.4714,0.4719,184159.0
2024-01-06 04:15:00,0.4718,0.4718,0.468,0.4689,513751.0
2024-01-06 04:30:00,0.469,0.471,0.4633,0.4663,477633.0
2024-01-06 04:45:00,0.4662,0.4667,0.4568,0.4582,631700.0
2024-01-06 05:00:00,0.4581,0.46,0.455,0.4553,478862.0
2024-01-06 05:15:00,0.4553,0.456,0.4486,0.4511,1187060.0
2024-01-06 05:30:00,0.4515,0.4573,0.4492,0.4569,450342.0
2024-01-06 05:45:00,0.4567,0.4619,0.4541,0.4565,589243.0
2024-01-06 06:00:00,0.4565,0.4582,0.4502,0.4565,401219.0
2024-01-06 06:15:00,0.4565,0.4579,0.4494,0.4515,258363.0
2024-01-06 06:30:00,0.4516,0.4572,0.4494,0.4514,593814.0
2024-01-06 06:45:00,0.4515,0.4541,0.4409,0.4488,997160.0
2024-01-06 07:00:00,0.4481,0.4522,0.4461,0.4466,519106.0
2024-01-06 07:15:00,0.4468,0.4576,0.4435,0.4574,416008.0
2024-01-06 07:30:00,0.4574,0.4591,0.4549,0.4588,199742.0
2024-01-06 07:45:00,0.4588,0.4588,0.4544,0.4567,150568.0
2024-01-06 08:00:00,0.4568,0.457,0.4491,0.4508,175115.0
2024-01-06 08:15:00,0.4508,0.4542,0.4503,0.4534,218102.0
2024-01-06 08:30:00,0.4535,0.4537,0.4495,0.4504,226897.0
2024-01-06 08:45:00,0.4505,0.4559,0.4503,0.4558,170312.0
2024-01-06 09:00:00,0.4558,0.4564,0.4511,0.4517,307395.0
2024-01-06 09:15:00,0.4516,0.4599,0.45,0.4542,730467.0
2024-01-06 09:30:00,0.4542,0.4581,0.4519,0.4581,578735.0
2024-01-06 09:45:00,0.4581,0.466,0.4561,0.4562,855481.0
2024-01-06 10:00:00,0.4564,0.4605,0.4553,0.4596,569580.0
2024-01-06 10:15:00,0.4598,0.4687,0.4595,0.4664,724064.0
2024-01-06 10:30:00,0.4662,0.4711,0.464,0.4691,408865.0
2024-01-06 10:45:00,0.4692,0.4758,0.4662,0.4753,603282.0
2024-01-06 11:00:00,0.4753,0.4795,0.4693,0.479,1250779.0
2024-01-06 11:15:00,0.4791,0.4811,0.4757,0.4765,604229.0
2024-01-06 11:30:00,0.4767,0.48,0.4709,0.4745,453512.0
2024-01-06 11:45:00,0.4745,0.4804,0.4745,0.4799,342554.0
2024-01-06 12:00:00,0.4801,0.4915,0.4762,0.488,685965.0
2024-01-06 12:15:00,0.4881,0.5123,0.4872,0.5072,1577148.0
2024-01-06 12:30:00,0.5072,0.5141,0.4971,0.4984,1480284.0
2024-01-06 12:45:00,0.4982,0.4982,0.4865,0.491,1021102.0
2024-01-06 13:00:00,0.491,0.4999,0.487,0.4949,790116.0
2024-01-06 13:15:00,0.4949,0.4966,0.483,0.4847,612210.0
2024-01-06 13:30:00,0.4847,0.487,0.478,0.4834,675046.0
2024-01-06 13:45:00,0.483,0.4983,0.4823,0.4975,1003886.0
2024-01-06 14:00:00,0.4976,0.5092,0.4976,0.5013,640469.0
2024-01-06 14:15:00,0.5013,0.5026,0.4929,0.498,521445.0
2024-01-06 14:30:00,0.498,0.5004,0.4853,0.4877,618684.0
2024-01-06 14:45:00,0.4875,0.4904,0.4837,0.4856,282324.0
2024-01-06 15:00:00,0.486,0.4867,0.4817,0.4828,341923.0
2024-01-06 15:15:00,0.4829,0.4832,0.4776,0.48,402566.0
2024-01-06 15:30:00,0.4799,0.4799,0.4753,0.4763,322883.0
2024-01-06 15:45:00,0.4764,0.4776,0.473,0.4739,398585.0
2024-01-06 16:00:00,0.4739,0.4747,0.4686,0.47,450263.0
2024-01-06 16:15:00,0.47,0.4709,0.4645,0.466,393000.0
2024-01-06 16:30:00,0.4659,0.4742,0.4635,0.4705,400292.0
2024-01-06 16:45:00,0.4705,0.4717,0.4664,0.4667,230637.0
2024-01-06 17:00:00,0.4668,0.4668,0.4619,0.4642,386271.0
2024-01-06 17:15:00,0.4642,0.4654,0.4612,0.4648,245986.0
2024-01-06 17:30:00,0.4648,0.4727,0.4642,0.4695,230512.0
2024-01-06 17:45:00,0.4691,0.4753,0.4675,0.4703,450479.0
2024-01-06 18:00:00,0.4703,0.476,0.4683,0.4692,414394.0
2024-01-06 18:15:00,0.4693,0.4708,0.4665,0.4685,187593.0
2024-01-06 18:30:00,0.4685,0.4695,0.4642,0.4656,155772.0
2024-01-06 18:45:00,0.4657,0.4674,0.4608,0.4612,207769.0
2024-01-06 19:00:00,0.4612,0.4652,0.4602,0.4646,143966.0
2024-01-06 19:15:00,0.465,0.4654,0.4615,0.4631,167439.0
2024-01-06 19:30:00,0.4631,0.4649,0.4604,0.4628,168053.0
2024-01-06 19:45:00,0.4628,0.4651,0.4618,0.4636,67474.0
2024-01-06 20:00:00,0.4637,0.4667,0.4614,0.4641,155183.0
2024-01-06 20:15:00,0.464,0.469,0.4617,0.468,205597.0
2024-01-06 20:30:00,0.468,0.4722,0.4662,0.4706,166663.0
2024-01-06 20:45:00,0.4706,0.4728,0.4672,0.4693,189476.0
2024-01-06 21:00:00,0.4693,0.4693,0.4623,0.4643,168678.0
2024-01-06 21:15:00,0.4643,0.4666,0.4623,0.4631,80538.0
2024-01-06 21:30:00,0.4631,0.4659,0.4609,0.4621,101970.0
2024-01-06 21:45:00,0.4621,0.4647,0.4615,0.4638,59671.0
2024-01-06 22:00:00,0.464,0.464,0.4588,0.4601,216160.0
2024-01-06 22:15:00,0.4602,0.4635,0.4568,0.4585,186436.0
2024-01-06 22:30:00,0.4584,0.4586,0.452,0.4556,419036.0
2024-01-06 22:45:00,0.4555,0.4577,0.4526,0.4572,162851.0
2024-01-06 23:00:00,0.4573,0.4607,0.4523,0.4538,190318.0
2024-01-06 23:15:00,0.4536,0.4568,0.4522,0.4562,140827.0
2024-01-06 23:30:00,0.4559,0.4572,0.4543,0.4552,38011.0
2024-01-06 23:45:00,0.4552,0.4574,0.4544,0.4563,71028.0
2024-01-07 00:00:00,0.4564,0.4579,0.4526,0.4537,364859.0
2024-01-07 00:15:00,0.4537,0.4594,0.4537,0.4567,355449.0
2024-01-07 00:30:00,0.4567,0.4668,0.4562,0.4651,414197.0
2024-01-07 00:45:00,0.465,0.466,0.4618,0.464,295683.0
2024-01-07 01:00:00,0.4641,0.466,0.4613,0.4641,196613.0
2024-01-07 01:15:00,0.4643,0.4674,0.4627,0.4644,241751.0
2024-01-07 01:30:00,0.4643,0.4656,0.4617,0.4643,120050.0
2024-01-07 01:45:00,0.4642,0.466,0.4616,0.4618,130768.0
2024-01-07 02:00:00,0.462,0.4695,0.4618,0.4674,223078.0
2024-01-07 02:15:00,0.4673,0.4689,0.4651,0.4658,79343.0
2024-01-07 02:30:00,0.4658,0.4667,0.462,0.4653,118148.0
2024-01-07 02:45:00,0.4652,0.468,0.4612,0.4638,161751.0
2024-01-07 03:00:00,0.4643,0.4657,0.4607,0.4639,147422.0
2024-01-07 03:15:00,0.4639,0.4647,0.46,0.4605,144574.0
2024-01-07 03:30:00,0.4605,0.462,0.4571,0.4608,212939.0
2024-01-07 03:45:00,0.4609,0.4659,0.4604,0.4642,73489.0
2024-01-07 04:00:00,0.4643,0.4683,0.464,0.4644,131867.0
2024-01-07 04:15:00,0.4642,0.4644,0.46,0.4632,101979.0
2024-01-07 04:30:00,0.4632,0.4659,0.4624,0.4636,132132.0
2024-01-07 04:45:00,0.4638,0.4646,0.46,0.4604,105950.0
2024-01-07 05:00:00,0.4604,0.4633,0.4581,0.4582,159204.0
2024-01-07 05:15:00,0.4583,0.4614,0.458,0.4587,195363.0
2024-01-07 05:30:00,0.4587,0.4613,0.457,0.4609,121022.0
2024-01-07 05:45:00,0.4609,0.4656,0.4606,0.4615,149337.0
2024-01-07 06:00:00,0.4616,0.4627,0.457,0.4624,307816.0
2024-01-07 06:15:00,0.4624,0.4627,0.4569,0.4583,292256.0
2024-01-07 06:30:00,0.4588,0.4588,0.4546,0.4559,349618.0
2024-01-07 06:45:00,0.456,0.4575,0.4552,0.457,168322.0
2024-01-07 07:00:00,0.4571,0.458,0.4533,0.4553,663228.0
2024-01-07 07:15:00,0.4553,0.4569,0.4538,0.4558,290608.0
2024-01-07 07:30:00,0.4558,0.4684,0.4555,0.4658,598780.0
2024-01-07 07:45:00,0.4658,0.469,0.4641,0.4647,320418.0
2024-01-07 08:00:00,0.4648,0.4679,0.4614,0.465,420401.0
2024-01-07 08:15:00,0.465,0.4677,0.4611,0.4662,249529.0
2024-01-07 08:30:00,0.4662,0.4677,0.4564,0.4587,455574.0
2024-01-07 08:45:00,0.4586,0.4587,0.4523,0.4535,300652.0
2024-01-07 09:00:00,0.4536,0.457,0.45,0.4505,502064.0
2024-01-07 09:15:00,0.4506,0.4545,0.4468,0.4519,388443.0
2024-01-07 09:30:00,0.4521,0.4524,0.4456,0.4476,448689.0
2024-01-07 09:45:00,0.4476,0.4492,0.438,0.4431,618136.0
2024-01-07 10:00:00,0.443,0.4463,0.4424,0.4448,387242.0
2024-01-07 10:15:00,0.4449,0.4478,0.4442,0.446,207920.0
2024-01-07 10:30:00,0.4458,0.4471,0.4433,0.4455,255622.0
2024-01-07 10:45:00,0.4457,0.4485,0.4451,0.4478,87374.0
2024-01-07 11:00:00,0.4479,0.4522,0.4477,0.451,248685.0
2024-01-07 11:15:00,0.4514,0.4596,0.4508,0.4564,592080.0
2024-01-07 11:30:00,0.4568,0.4583,0.4522,0.4524,242885.0
2024-01-07 11:45:00,0.4524,0.4561,0.4509,0.4549,314283.0
2024-01-07 12:00:00,0.4548,0.4605,0.4538,0.458,127458.0
2024-01-07 12:15:00,0.4579,0.4613,0.4566,0.4612,232498.0
2024-01-07 12:30:00,0.4612,0.4656,0.4547,0.4558,332432.0
2024-01-07 12:45:00,0.4558,0.4581,0.4537,0.4547,143039.0
2024-01-07 13:00:00,0.4547,0.4617,0.4547,0.4601,319163.0
2024-01-07 13:15:00,0.4603,0.4662,0.4602,0.4637,297591.0
2024-01-07 13:30:00,0.4645,0.4696,0.462,0.4643,376270.0
2024-01-07 13:45:00,0.4648,0.468,0.4633,0.4661,310303.0
2024-01-07 14:00:00,0.4667,0.4735,0.4653,0.4673,635147.0
2024-01-07 14:15:00,0.4671,0.4678,0.4598,0.4628,312422.0
2024-01-07 14:30:00,0.4628,0.469,0.4599,0.4687,304462.0
2024-01-07 14:45:00,0.4687,0.4705,0.464,0.465,158944.0
2024-01-07 15:00:00,0.4651,0.468,0.4638,0.4653,168295.0
2024-01-07 15:15:00,0.4654,0.4679,0.4623,0.4625,169381.0
2024-01-07 15:30:00,0.4626,0.4696,0.4626,0.4642,260060.0
2024-01-07 15:45:00,0.4644,0.4654,0.4584,0.4638,195600.0
2024-01-07 16:00:00,0.464,0.4648,0.458,0.458,172202.0
2024-01-07 16:15:00,0.4583,0.4598,0.4524,0.4543,359578.0
2024-01-07 16:30:00,0.4543,0.4569,0.4522,0.4546,189741.0
2024-01-07 16:45:00,0.4546,0.4549,0.4472,0.4497,371609.0
2024-01-07 17:00:00,0.4498,0.455,0.4479,0.455,162483.0
2024-01-07 17:15:00,0.4548,0.4551,0.4504,0.4508,177406.0
2024-01-07 17:30:00,0.4509,0.451,0.4483,0.4497,145131.0
2024-01-07 17:45:00,0.4495,0.4498,0.4467,0.4472,255692.0
2024-01-07 18:00:00,0.4472,0.4549,0.4472,0.4541,131864.0
2024-01-07 18:15:00,0.4541,0.4574,0.4534,0.4547,78895.0
2024-01-07 18:30:00,0.4548,0.4577,0.4539,0.454,100217.0
2024-01-07 18:45:00,0.4539,0.4566,0.4538,0.4549,71210.0
2024-01-07 19:00:00,0.4547,0.4588,0.4541,0.4555,99559.0
2024-01-07 19:15:00,0.4556,0.4588,0.454,0.4577,124349.0
2024-01-07 19:30:00,0.4577,0.4611,0.4558,0.4601,99854.0
2024-01-07 19:45:00,0.4607,0.4616,0.4568,0.4568,142721.0
2024-01-07 20:00:00,0.4574,0.4596,0.4552,0.4586,102540.0
2024-01-07 20:15:00,0.4585,0.4605,0.4541,0.456,142823.0
2024-01-07 20:30:00,0.4557,0.4563,0.454,0.4551,58260.0
2024-01-07 20:45:00,0.4551,0.4561,0.4528,0.4528,69776.0
2024-01-07 21:00:00,0.453,0.4547,0.4525,0.4531,74177.0
2024-01-07 21:15:00,0.453,0.453,0.4501,0.4502,70579.0
2024-01-07 21:30:00,0.4503,0.4506,0.4467,0.448,304610.0
2024-01-07 21:45:00,0.448,0.4486,0.4467,0.4474,62515.0
2024-01-07 22:00:00,0.4474,0.4475,0.4411,0.4427,181870.0
2024-01-07 22:15:00,0.4427,0.4438,0.434,0.4376,557052.0
2024-01-07 22:30:00,0.4376,0.4395,0.4311,0.4389,462997.0
2024-01-07 22:45:00,0.439,0.4395,0.432,0.4342,297949.0
2024-01-07 23:00:00,0.4344,0.4415,0.4344,0.4379,120468.0
2024-01-07 23:15:00,0.4379,0.4385,0.4281,0.4296,259220.0
2024-01-07 23:30:00,0.4292,0.4333,0.4287,0.4317,194405.0
2024-01-07 23:45:00,0.4315,0.4356,0.4308,0.4349,216645.0
2024-01-08 00:00:00,0.4348,0.4375,0.4289,0.4289,186820.0
2024-01-08 00:15:00,0.4288,0.4332,0.4249,0.432,435899.0
2024-01-08 00:30:00,0.4322,0.4349,0.427,0.4332,199656.0
2024-01-08 00:45:00,0.433,0.4331,0.4166,0.4187,858957.0
2024-01-08 01:00:00,0.4185,0.4281,0.4132,0.4272,761489.0
2024-01-08 01:15:00,0.4271,0.4275,0.4182,0.4247,476552.0
2024-01-08 01:30:00,0.4247,0.4269,0.4177,0.4181,574058.0
2024-01-08 01:45:00,0.418,0.4234,0.4175,0.4224,235936.0
2024-01-08 02:00:00,0.4223,0.4262,0.4189,0.4191,391331.0
2024-01-08 02:15:00,0.4192,0.423,0.414,0.4179,408709.0
2024-01-08 02:30:00,0.418,0.4189,0.4101,0.416,690263.0
2024-01-08 02:45:00,0.4158,0.4161,0.395,0.4034,1735160.0
2024-01-08 03:00:00,0.4034,0.4067,0.401,0.4032,884455.0
2024-01-08 03:15:00,0.4031,0.4031,0.3868,0.3921,1346740.0
2024-01-08 03:30:00,0.3926,0.3981,0.3881,0.3974,1133312.0
2024-01-08 03:45:00,0.3974,0.4008,0.3965,0.3996,448689.0
2024-01-08 04:00:00,0.3996,0.4046,0.3968,0.4042,286735.0
2024-01-08 04:15:00,0.4044,0.4074,0.4027,0.4066,399946.0
2024-01-08 04:30:00,0.4067,0.412,0.4066,0.4111,178309.0
2024-01-08 04:45:00,0.411,0.4124,0.4095,0.4114,157973.0
2024-01-08 05:00:00,0.4113,0.4129,0.4089,0.4096,421457.0
2024-01-08 05:15:00,0.4097,0.4118,0.4069,0.4071,374450.0
2024-01-08 05:30:00,0.407,0.4122,0.407,0.4115,140843.0
2024-01-08 05:45:00,0.4114,0.4149,0.4112,0.4127,178767.0
2024-01-08 06:00:00,0.4126,0.4133,0.4101,0.4117,98520.0
2024-01-08 06:15:00,0.4117,0.4176,0.4113,0.4159,415497.0
2024-01-08 06:30:00,0.4159,0.4175,0.4121,0.4141,398679.0
2024-01-08 06:45:00,0.4142,0.4142,0.4076,0.4092,230410.0
2024-01-08 07:00:00,0.4092,0.412,0.4082,0.412,193408.0
2024-01-08 07:15:00,0.4119,0.4154,0.409,0.4094,271672.0
2024-01-08 07:30:00,0.4093,0.4095,0.405,0.4066,194583.0
2024-01-08 07:45:00,0.4064,0.411,0.4054,0.4108,307378.0
2024-01-08 08:00:00,0.4106,0.4133,0.4076,0.4129,258896.0
2024-01-08 08:15:00,0.4131,0.4183,0.4127,0.4165,219055.0
2024-01-08 08:30:00,0.4165,0.4187,0.4101,0.4101,400771.0
2024-01-08 08:45:00,0.4101,0.4111,0.4082,0.4093,158465.0
2024-01-08 09:00:00,0.4095,0.4119,0.4088,0.4102,151373.0
2024-01-08 09:15:00,0.4103,0.4113,0.4082,0.4101,185603.0
2024-01-08 09:30:00,0.4099,0.41,0.406,0.4077,151519.0
2024-01-08 09:45:00,0.4077,0.4078,0.3998,0.4031,669218.0
2024-01-08 10:00:00,0.4029,0.4042,0.4,0.4039,282667.0
2024-01-08 10:15:00,0.4039,0.4099,0.4033,0.409,115062.0
2024-01-08 10:30:00,0.409,0.4093,0.4056,0.4066,325598.0
2024-01-08 10:45:00,0.4066,0.4085,0.405,0.4078,168388.0
2024-01-08 11:00:00,0.4077,0.4101,0.4068,0.4101,148845.0
2024-01-08 11:15:00,0.4097,0.4101,0.406,0.4086,195463.0
2024-01-08 11:30:00,0.4087,0.4099,0.4039,0.4042,283345.0
2024-01-08 11:45:00,0.4042,0.4121,0.4039,0.4109,471451.0
2024-01-08 12:00:00,0.4108,0.4232,0.4106,0.4217,843304.0
2024-01-08 12:15:00,0.4218,0.4238,0.4132,0.4141,780211.0
2024-01-08 12:30:00,0.4142,0.4181,0.4129,0.4129,318572.0
2024-01-08 12:45:00,0.4136,0.4162,0.412,0.4157,383366.0
2024-01-08 13:00:00,0.4156,0.417,0.4103,0.4134,323902.0
2024-01-08 13:15:00,0.4133,0.4172,0.4129,0.4164,235165.0
2024-01-08 13:30:00,0.4165,0.417,0.4114,0.4132,317239.0
2024-01-08 13:45:00,0.4131,0.414,0.408,0.4098,570362.0
2024-01-08 14:00:00,0.4099,0.412,0.408,0.4115,394585.0
2024-01-08 14:15:00,0.4117,0.4164,0.411,0.4148,359269.0
2024-01-08 14:30:00,0.4146,0.4194,0.4146,0.4171,517790.0
2024-01-08 14:45:00,0.4172,0.4192,0.4133,0.4142,379640.0
2024-01-08 15:00:00,0.414,0.4147,0.4103,0.4139,210493.0
2024-01-08 15:15:00,0.414,0.4153,0.4118,0.4135,132779.0
2024-01-08 15:30:00,0.4133,0.4173,0.4128,0.4139,281423.0
2024-01-08 15:45:00,0.4139,0.4164,0.4117,0.4123,820739.0
2024-01-08 16:00:00,0.4125,0.4145,0.4082,0.409,629905.0
2024-01-08 16:15:00,0.409,0.4108,0.4071,0.4105,234941.0
2024-01-08 16:30:00,0.4104,0.411,0.4049,0.4063,346594.0
2024-01-08 16:45:00,0.4063,0.4073,0.4046,0.4059,290062.0
2024-01-08 17:00:00,0.4059,0.4075,0.4035,0.4066,325978.0
2024-01-08 17:15:00,0.4064,0.4075,0.4036,0.4069,193409.0
2024-01-08 17:30:00,0.407,0.4105,0.405,0.4105,151527.0
2024-01-08 17:45:00,0.4105,0.4172,0.4104,0.4159,400987.0
2024-01-08 18:00:00,0.4159,0.4206,0.4155,0.4188,418202.0
2024-01-08 18:15:00,0.4188,0.4265,0.418,0.4257,519620.0
2024-01-08 18:30:00,0.4259,0.4363,0.4244,0.429,1164430.0
2024-01-08 18:45:00,0.4288,0.4325,0.4265,0.4274,466593.0
2024-01-08 19:00:00,0.4278,0.4324,0.4221,0.4302,445353.0
2024-01-08 19:15:00,0.4302,0.4354,0.4272,0.435,360804.0
2024-01-08 19:30:00,0.435,0.44,0.4325,0.433,468497.0
2024-01-08 19:45:00,0.4331,0.4361,0.4312,0.433,223019.0
2024-01-08 20:00:00,0.4329,0.4343,0.4305,0.4321,273664.0
2024-01-08 20:15:00,0.4322,0.4387,0.4318,0.4366,370154.0
2024-01-08 20:30:00,0.4366,0.4398,0.4296,0.4317,316726.0
2024-01-08 20:45:00,0.4318,0.4342,0.4291,0.4311,202442.0
2024-01-08 21:00:00,0.4311,0.4361,0.4306,0.4321,183349.0
2024-01-08 21:15:00,0.4322,0.4336,0.4304,0.4309,210669.0
2024-01-08 21:30:00,0.4308,0.435,0.4303,0.4331,80922.0
2024-01-08 21:45:00,0.4331,0.4331,0.4293,0.4297,86456.0
2024-01-08 22:00:00,0.4297,0.4325,0.4281,0.4315,152115.0
2024-01-08 22:15:00,0.4316,0.4374,0.4316,0.4359,226155.0
2024-01-08 22:30:00,0.4358,0.436,0.4322,0.4332,57712.0
2024-01-08 22:45:00,0.4332,0.4355,0.4327,0.4354,33067.0
2024-01-08 23:00:00,0.4353,0.4353,0.4325,0.4337,100369.0
2024-01-08 23:15:00,0.4336,0.4346,0.4317,0.4319,78212.0
2024-01-08 23:30:00,0.4319,0.4352,0.4313,0.4349,100029.0
2024-01-08 23:45:00,0.4348,0.437,0.4333,0.4359,51708.0
2024-01-09 00:00:00,0.4359,0.4397,0.4334,0.4384,283356.0
2024-01-09 00:15:00,0.4387,0.4391,0.4297,0.4313,255217.0
2024-01-09 00:30:00,0.4314,0.4336,0.424,0.4298,505594.0
2024-01-09 00:45:00,0.4298,0.4358,0.4296,0.432,233355.0
2024-01-09 01:00:00,0.4318,0.4333,0.43,0.4328,189754.0
2024-01-09 01:15:00,0.4331,0.4347,0.43,0.4308,198005.0
2024-01-09 01:30:00,0.4308,0.4323,0.426,0.426,512897.0
2024-01-09 01:45:00,0.4259,0.4383,0.4245,0.4366,515730.0
2024-01-09 02:00:00,0.4366,0.4407,0.4324,0.4392,452956.0
2024-01-09 02:15:00,0.4391,0.4478,0.4371,0.4441,757684.0
2024-01-09 02:30:00,0.4442,0.4442,0.437,0.4374,182128.0
2024-01-09 02:45:00,0.4376,0.4392,0.4327,0.4332,306841.0
2024-01-09 03:00:00,0.4332,0.4335,0.4276,0.4286,279373.0
2024-01-09 03:15:00,0.4285,0.4324,0.4284,0.4319,114583.0
2024-01-09 03:30:00,0.4323,0.434,0.4299,0.4334,222451.0
2024-01-09 03:45:00,0.4332,0.4378,0.4332,0.4368,326548.0
2024-01-09 04:00:00,0.4366,0.4399,0.4332,0.4368,326836.0
2024-01-09 04:15:00,0.4367,0.4401,0.4339,0.4394,380371.0
2024-01-09 04:30:00,0.4397,0.444,0.4378,0.444,254577.0
2024-01-09 04:45:00,0.4439,0.4511,0.4439,0.4511,449477.0
2024-01-09 05:00:00,0.4511,0.4517,0.4415,0.4431,689702.0
2024-01-09 05:15:00,0.443,0.443,0.4345,0.4358,342886.0
2024-01-09 05:30:00,0.4358,0.4405,0.4314,0.4326,374231.0
2024-01-09 05:45:00,0.4326,0.4379,0.4317,0.4352,132533.0
2024-01-09 06:00:00,0.4353,0.436,0.431,0.4339,251630.0
2024-01-09 06:15:00,0.4339,0.4339,0.4309,0.4323,159094.0
2024-01-09 06:30:00,0.4323,0.4329,0.4282,0.4292,230098.0
2024-01-09 06:45:00,0.4292,0.4309,0.4279,0.4295,215363.0
2024-01-09 07:00:00,0.4295,0.4329,0.4281,0.4311,219620.0
2024-01-09 07:15:00,0.4314,0.4348,0.4301,0.4343,324838.0
2024-01-09 07:30:00,0.4345,0.4352,0.4293,0.4298,142976.0
2024-01-09 07:45:00,0.4299,0.4325,0.4295,0.431,90046.0
2024-01-09 08:00:00,0.4314,0.4323,0.4272,0.429,188826.0
2024-01-09 08:15:00,0.4291,0.4378,0.429,0.437,282836.0
2024-01-09 08:30:00,0.4369,0.4394,0.4264,0.4275,441272.0
2024-01-09 08:45:00,0.4276,0.4286,0.4186,0.4215,549099.0
2024-01-09 09:00:00,0.4214,0.4252,0.4211,0.4212,255069.0
2024-01-09 09:15:00,0.421,0.4243,0.4189,0.4226,375894.0
2024-01-09 09:30:00,0.4226,0.424,0.42,0.4217,145129.0
2024-01-09 09:45:00,0.4214,0.4214,0.4167,0.4182,437389.0
2024-01-09 10:00:00,0.4181,0.423,0.4165,0.4208,173788.0
2024-01-09 10:15:00,0.421,0.422,0.4198,0.4202,100683.0
2024-01-09 10:30:00,0.4203,0.4232,0.4193,0.4231,108222.0
2024-01-09 10:45:00,0.4229,0.4238,0.4184,0.4204,212030.0
2024-01-09 11:00:00,0.4204,0.4241,0.4199,0.422,96908.0
2024-01-09 11:15:00,0.4221,0.4254,0.4221,0.4234,139933.0
2024-01-09 11:30:00,0.4232,0.4256,0.4196,0.4206,201782.0
2024-01-09 11:45:00,0.4206,0.4232,0.4187,0.422,137234.0
2024-01-09 12:00:00,0.422,0.4235,0.4208,0.4211,103116.0
2024-01-09 12:15:00,0.4211,0.4211,0.4155,0.4166,335604.0
2024-01-09 12:30:00,0.4166,0.4198,0.4143,0.4143,457363.0
2024-01-09 12:45:00,0.4143,0.4186,0.3985,0.4068,852235.0
2024-01-09 13:00:00,0.4067,0.4124,0.4057,0.4109,521315.0
2024-01-09 13:15:00,0.4109,0.4151,0.4086,0.4126,323956.0
2024-01-09 13:30:00,0.4124,0.4153,0.411,0.4113,161256.0
2024-01-09 13:45:00,0.4113,0.4171,0.4113,0.4161,206321.0
2024-01-09 14:00:00,0.4159,0.4168,0.4134,0.4136,129810.0
2024-01-09 14:15:00,0.4136,0.4141,0.4114,0.412,174013.0
2024-01-09 14:30:00,0.4121,0.4127,0.4067,0.4079,441164.0
2024-01-09 14:45:00,0.408,0.4109,0.4054,0.4074,371316.0
2024-01-09 15:00:00,0.4072,0.4098,0.4036,0.4071,348892.0
2024-01-09 15:15:00,0.4069,0.4107,0.4066,0.4071,202833.0
2024-01-09 15:30:00,0.4071,0.41,0.4042,0.4094,194918.0
2024-01-09 15:45:00,0.4095,0.4098,0.4062,0.407,126422.0
2024-01-09 16:00:00,0.407,0.4099,0.4068,0.4087,235641.0
2024-01-09 16:15:00,0.4088,0.41,0.4005,0.4014,579998.0
2024-01-09 16:30:00,0.4015,0.4051,0.3974,0.4051,440374.0
2024-01-09 16:45:00,0.405,0.4055,0.4021,0.4039,282034.0
2024-01-09 17:00:00,0.4039,0.4044,0.3995,0.402,206139.0
2024-01-09 17:15:00,0.402,0.4041,0.4005,0.4032,159838.0
2024-01-09 17:30:00,0.4032,0.4038,0.397,0.3974,361667.0
2024-01-09 17:45:00,0.3974,0.4012,0.3969,0.3973,361357.0
2024-01-09 18:00:00,0.3974,0.4018,0.3963,0.4011,263812.0
2024-01-09 18:15:00,0.4014,0.4039,0.4007,0.4034,243339.0
2024-01-09 18:30:00,0.4034,0.409,0.4021,0.4079,314137.0
2024-01-09 18:45:00,0.4083,0.4128,0.4073,0.4108,271324.0
2024-01-09 19:00:00,0.4111,0.4115,0.4044,0.4057,177087.0
2024-01-09 19:15:00,0.4056,0.4064,0.4008,0.4019,94112.0
2024-01-09 19:30:00,0.4019,0.4044,0.3967,0.3982,153924.0
2024-01-09 19:45:00,0.3981,0.4051,0.396,0.404,195944.0
2024-01-09 20:00:00,0.4042,0.4058,0.3989,0.3999,179303.0
2024-01-09 20:15:00,0.3994,0.4,0.3942,0.397,276045.0
2024-01-09 20:30:00,0.3971,0.3985,0.3948,0.3966,217437.0
2024-01-09 20:45:00,0.3965,0.3972,0.3895,0.3929,557129.0
2024-01-09 21:00:00,0.3929,0.4103,0.3915,0.4096,436806.0
2024-01-09 21:15:00,0.4097,0.4111,0.3958,0.4002,884981.0
2024-01-09 21:30:00,0.4002,0.4098,0.3943,0.4075,503482.0
2024-01-09 21:45:00,0.4077,0.4137,0.3976,0.4003,699669.0
2024-01-09 22:00:00,0.4007,0.4113,0.3993,0.41,342757.0
2024-01-09 22:15:00,0.4101,0.4198,0.4101,0.4175,435016.0
2024-01-09 22:30:00,0.4173,0.4174,0.4099,0.4101,196878.0
2024-01-09 22:45:00,0.4102,0.412,0.4052,0.412,104101.0
2024-01-09 23:00:00,0.4119,0.4134,0.4074,0.4078,148982.0
2024-01-09 23:15:00,0.4077,0.4117,0.406,0.4111,53635.0
2024-01-09 23:30:00,0.4113,0.4113,0.4079,0.4085,44699.0
2024-01-09 23:45:00,0.4086,0.414,0.4084,0.4133,67558.0
2024-01-10 00:00:00,0.4133,0.4169,0.4089,0.4166,237639.0
2024-01-10 00:15:00,0.4167,0.4204,0.4146,0.4199,267841.0
2024-01-10 00:30:00,0.4199,0.4218,0.4171,0.4186,210150.0
2024-01-10 00:45:00,0.4186,0.4212,0.4161,0.4175,106282.0
2024-01-10 01:00:00,0.4177,0.4189,0.4112,0.4141,334334.0
2024-01-10 01:15:00,0.414,0.4147,0.4113,0.4141,179505.0
2024-01-10 01:30:00,0.4141,0.4149,0.4124,0.4131,96193.0
2024-01-10 01:45:00,0.413,0.4151,0.412,0.4151,82502.0
2024-01-10 02:00:00,0.415,0.4167,0.412,0.4162,93251.0
2024-01-10 02:15:00,0.4161,0.4174,0.4138,0.4157,297234.0
2024-01-10 02:30:00,0.4158,0.4163,0.4111,0.4111,111926.0
2024-01-10 02:45:00,0.4112,0.4119,0.4091,0.4095,76607.0
2024-01-10 03:00:00,0.4098,0.4135,0.4093,0.4126,99900.0
2024-01-10 03:15:00,0.4128,0.4143,0.412,0.4136,64179.0
2024-01-10 03:30:00,0.4139,0.4174,0.4135,0.4173,61183.0
2024-01-10 03:45:00,0.4173,0.4174,0.4142,0.4167,57102.0
2024-01-10 04:00:00,0.4168,0.4176,0.415,0.4172,71940.0
2024-01-10 04:15:00,0.4171,0.418,0.4162,0.4174,35615.0
2024-01-10 04:30:00,0.4174,0.4184,0.4149,0.4162,101170.0
2024-01-10 04:45:00,0.4162,0.4225,0.4157,0.4194,485604.0
2024-01-10 05:00:00,0.4195,0.4248,0.4194,0.4218,185798.0
2024-01-10 05:15:00,0.4218,0.4228,0.4179,0.4181,81868.0
2024-01-10 05:30:00,0.4179,0.4182,0.4133,0.4146,81398.0
2024-01-10 05:45:00,0.4148,0.4209,0.4142,0.4204,346610.0
2024-01-10 06:00:00,0.4204,0.4204,0.4158,0.4171,88513.0
2024-01-10 06:15:00,0.4172,0.4178,0.4161,0.4163,37554.0
2024-01-10 06:30:00,0.4163,0.4177,0.4138,0.4175,105260.0
2024-01-10 06:45:00,0.4175,0.4177,0.4144,0.4149,51052.0
2024-01-10 07:00:00,0.4149,0.4165,0.4118,0.4118,146725.0
2024-01-10 07:15:00,0.4119,0.4123,0.4076,0.4084,205321.0
2024-01-10 07:30:00,0.4086,0.4096,0.406,0.4076,184189.0
2024-01-10 07:45:00,0.4073,0.4115,0.407,0.4105,67890.0
2024-01-10 08:00:00,0.4104,0.4132,0.4102,0.4118,108813.0
2024-01-10 08:15:00,0.4117,0.4117,0.405,0.406,180216.0
2024-01-10 08:30:00,0.406,0.4083,0.4047,0.4048,152540.0
2024-01-10 08:45:00,0.4048,0.4091,0.4034,0.4087,146553.0
2024-01-10 09:00:00,0.4086,0.411,0.4067,0.4072,111934.0
2024-01-10 09:15:00,0.4073,0.4166,0.4042,0.4166,515389.0
2024-01-10 09:30:00,0.4167,0.4198,0.4144,0.4181,767040.0
2024-01-10 09:45:00,0.4182,0.4242,0.4174,0.4234,471959.0
2024-01-10 10:00:00,0.4239,0.4263,0.4213,0.4261,214327.0
2024-01-10 10:15:00,0.4259,0.4261,0.4201,0.4251,272407.0
2024-01-10 10:30:00,0.4252,0.4269,0.4207,0.4217,283244.0
2024-01-10 10:45:00,0.4214,0.4303,0.4212,0.426,740302.0
2024-01-10 11:00:00,0.4259,0.4322,0.4256,0.4317,328301.0
2024-01-10 11:15:00,0.4314,0.4328,0.4251,0.4272,262349.0
2024-01-10 11:30:00,0.4273,0.4288,0.423,0.4264,126387.0
2024-01-10 11:45:00,0.4264,0.4298,0.4237,0.4278,292567.0
2024-01-10 12:00:00,0.4278,0.4339,0.4229,0.4306,606468.0
2024-01-10 12:15:00,0.4308,0.4323,0.4153,0.419,553744.0
2024-01-10 12:30:00,0.4196,0.4225,0.4168,0.4168,297828.0
2024-01-10 12:45:00,0.4168,0.4178,0.406,0.412,705847.0
2024-01-10 13:00:00,0.412,0.4237,0.4087,0.4187,456033.0
2024-01-10 13:15:00,0.4186,0.4211,0.413,0.4196,334685.0
2024-01-10 13:30:00,0.4196,0.4196,0.4122,0.4133,180006.0
2024-01-10 13:45:00,0.4133,0.4185,0.4113,0.4177,264155.0
2024-01-10 14:00:00,0.4178,0.4209,0.4095,0.4133,261414.0
2024-01-10 14:15:00,0.4133,0.4152,0.4099,0.4141,255674.0
2024-01-10 14:30:00,0.4141,0.4152,0.4081,0.4085,198843.0
2024-01-10 14:45:00,0.4084,0.41,0.4041,0.4051,332126.0
2024-01-10 15:00:00,0.4048,0.4211,0.4028,0.4211,664165.0
2024-01-10 15:15:00,0.4212,0.4222,0.4144,0.4153,358305.0
2024-01-10 15:30:00,0.4149,0.4186,0.4125,0.4129,209642.0
2024-01-10 15:45:00,0.4129,0.4185,0.4116,0.4184,208368.0
2024-01-10 16:00:00,0.4184,0.424,0.4163,0.4203,454885.0
2024-01-10 16:15:00,0.4202,0.421,0.415,0.4171,194553.0
2024-01-10 16:30:00,0.4171,0.4176,0.4121,0.4131,306249.0
2024-01-10 16:45:00,0.4131,0.4191,0.4118,0.4139,371955.0
2024-01-10 17:00:00,0.4142,0.4168,0.4128,0.415,94179.0
2024-01-10 17:15:00,0.4152,0.4168,0.415,0.4154,91158.0
2024-01-10 17:30:00,0.4158,0.4259,0.4145,0.4247,133687.0
2024-01-10 17:45:00,0.4245,0.4259,0.4192,0.4245,255183.0
2024-01-10 18:00:00,0.4249,0.4306,0.4241,0.4272,371191.0
2024-01-10 18:15:00,0.4272,0.4294,0.4218,0.4277,129796.0
2024-01-10 18:30:00,0.4277,0.4308,0.4253,0.4263,181574.0
2024-01-10 18:45:00,0.4262,0.4308,0.4258,0.4303,93066.0
2024-01-10 19:00:00,0.4302,0.4396,0.4302,0.4364,705653.0
2024-01-10 19:15:00,0.4375,0.4425,0.4366,0.4377,483670.0
2024-01-10 19:30:00,0.4379,0.4393,0.4317,0.4384,236540.0
2024-01-10 19:45:00,0.4385,0.4444,0.4366,0.4421,284798.0
2024-01-10 20:00:00,0.442,0.4459,0.427,0.433,543068.0
2024-01-10 20:15:00,0.4333,0.4365,0.4283,0.4305,204697.0
2024-01-10 20:30:00,0.4305,0.4352,0.426,0.4309,384529.0
2024-01-10 20:45:00,0.4305,0.46,0.4289,0.4507,936707.0
2024-01-10 21:00:00,0.4503,0.466,0.4455,0.465,1001124.0
2024-01-10 21:15:00,0.465,0.4748,0.454,0.4707,1051761.0
2024-01-10 21:30:00,0.4704,0.48,0.466,0.4701,1324679.0
2024-01-10 21:45:00,0.4704,0.4861,0.4701,0.4824,706786.0
2024-01-10 22:00:00,0.4826,0.4834,0.4712,0.4741,786093.0
2024-01-10 22:15:00,0.4734,0.4853,0.4722,0.4814,504845.0
2024-01-10 22:30:00,0.4816,0.4887,0.4775,0.4781,570503.0
2024-01-10 22:45:00,0.4781,0.4929,0.4779,0.4902,487696.0
2024-01-10 23:00:00,0.4903,0.4999,0.4872,0.4991,514022.0
2024-01-10 23:15:00,0.4991,0.4992,0.4871,0.4882,417059.0
2024-01-10 23:30:00,0.4881,0.4894,0.48,0.4821,562021.0
2024-01-10 23:45:00,0.4824,0.4845,0.4781,0.4825,263092.0
2024-01-11 00:00:00,0.4828,0.486,0.4732,0.4777,632929.0
2024-01-11 00:15:00,0.4778,0.4786,0.4713,0.4738,258814.0
2024-01-11 00:30:00,0.4736,0.4832,0.4734,0.4817,195922.0
2024-01-11 00:45:00,0.4817,0.4886,0.4795,0.4876,378017.0
2024-01-11 01:00:00,0.4878,0.4922,0.4806,0.4845,386824.0
2024-01-11 01:15:00,0.4848,0.4946,0.4821,0.4886,493751.0
2024-01-11 01:30:00,0.4887,0.4887,0.4814,0.4844,229673.0
2024-01-11 01:45:00,0.4842,0.4872,0.4807,0.4811,172033.0
2024-01-11 02:00:00,0.4812,0.4887,0.4808,0.4851,181109.0
2024-01-11 02:15:00,0.4851,0.4865,0.4822,0.4861,73770.0
2024-01-11 02:30:00,0.4862,0.4889,0.4836,0.4886,149410.0
2024-01-11 02:45:00,0.4883,0.4896,0.4821,0.4846,143371.0
2024-01-11 03:00:00,0.4848,0.4874,0.4806,0.4808,335392.0
2024-01-11 03:15:00,0.4809,0.4828,0.4783,0.4808,117357.0
2024-01-11 03:30:00,0.481,0.4899,0.481,0.4878,221810.0
2024-01-11 03:45:00,0.4877,0.491,0.4865,0.4896,128153.0
2024-01-11 04:00:00,0.4897,0.4943,0.4882,0.491,246357.0
2024-01-11 04:15:00,0.4914,0.4946,0.489,0.4926,269009.0
2024-01-11 04:30:00,0.4926,0.4927,0.4886,0.4891,259298.0
2024-01-11 04:45:00,0.4892,0.494,0.4868,0.4929,164670.0
2024-01-11 05:00:00,0.4932,0.4936,0.4846,0.4909,172432.0
2024-01-11 05:15:00,0.4912,0.494,0.4871,0.4892,348998.0
2024-01-11 05:30:00,0.4894,0.4906,0.4808,0.4862,242867.0
2024-01-11 05:45:00,0.4858,0.4927,0.4847,0.4921,178073.0
2024-01-11 06:00:00,0.4921,0.494,0.4812,0.4844,405968.0
2024-01-11 06:15:00,0.4841,0.4894,0.4837,0.4875,260190.0
2024-01-11 06:30:00,0.4876,0.4925,0.483,0.4916,300922.0
2024-01-11 06:45:00,0.4912,0.5108,0.4907,0.4996,1874374.0
2024-01-11 07:00:00,0.4995,0.5045,0.4973,0.4984,995608.0
2024-01-11 07:15:00,0.4987,0.4987,0.484,0.4879,1137813.0
2024-01-11 07:30:00,0.4874,0.493,0.4845,0.4904,371917.0
2024-01-11 07:45:00,0.4905,0.4978,0.4896,0.4949,361398.0
2024-01-11 08:00:00,0.4946,0.4967,0.4858,0.4885,254761.0
2024-01-11 08:15:00,0.4889,0.4998,0.488,0.4986,281277.0
2024-01-11 08:30:00,0.4989,0.5057,0.4947,0.5008,764293.0
2024-01-11 08:45:00,0.5009,0.5104,0.5009,0.5087,495607.0
2024-01-11 09:00:00,0.5087,0.5149,0.5071,0.5115,570988.0
2024-01-11 09:15:00,0.5115,0.5198,0.5085,0.5124,1064650.0
2024-01-11 09:30:00,0.5123,0.5148,0.5065,0.5087,554480.0
2024-01-11 09:45:00,0.5091,0.5091,0.4983,0.4993,403062.0
2024-01-11 10:00:00,0.4994,0.5032,0.499,0.5025,174971.0
2024-01-11 10:15:00,0.5025,0.5074,0.4983,0.5062,383124.0
2024-01-11 10:30:00,0.5061,0.5064,0.4993,0.504,298525.0
2024-01-11 10:45:00,0.504,0.5092,0.5035,0.506,133975.0
2024-01-11 11:00:00,0.5059,0.5059,0.5,0.5019,277567.0
2024-01-11 11:15:00,0.5019,0.5019,0.4975,0.5002,216402.0
2024-01-11 11:30:00,0.5006,0.5008,0.4932,0.4955,456801.0
2024-01-11 11:45:00,0.4953,0.4998,0.4953,0.4974,346409.0
2024-01-11 12:00:00,0.4977,0.5052,0.4961,0.4971,387351.0
2024-01-11 12:15:00,0.4973,0.4993,0.4945,0.4956,205351.0
2024-01-11 12:30:00,0.496,0.4991,0.4921,0.4942,370836.0
2024-01-11 12:45:00,0.4946,0.4981,0.4924,0.4981,568206.0
2024-01-11 13:00:00,0.4981,0.5118,0.4977,0.5025,683245.0
2024-01-11 13:15:00,0.5028,0.5039,0.4981,0.5008,233652.0
2024-01-11 13:30:00,0.5008,0.5018,0.4895,0.4968,571050.0
2024-01-11 13:45:00,0.4967,0.4992,0.4906,0.4924,226739.0
2024-01-11 14:00:00,0.4924,0.4997,0.4903,0.4994,301716.0
2024-01-11 14:15:00,0.4994,0.5001,0.4882,0.4903,427766.0
2024-01-11 14:30:00,0.4904,0.4985,0.4852,0.4969,617622.0
2024-01-11 14:45:00,0.4967,0.501,0.4903,0.4947,660366.0
2024-01-11 15:00:00,0.4948,0.4965,0.4895,0.4918,502459.0
2024-01-11 15:15:00,0.4925,0.4932,0.4866,0.4888,350525.0
2024-01-11 15:30:00,0.4887,0.4895,0.477,0.4811,583161.0
2024-01-11 15:45:00,0.4811,0.482,0.4727,0.4818,648623.0
2024-01-11 16:00:00,0.4818,0.4854,0.4735,0.474,528588.0
2024-01-11 16:15:00,0.4736,0.4799,0.4618,0.4758,531939.0
2024-01-11 16:30:00,0.4757,0.481,0.4696,0.4791,579393.0
2024-01-11 16:45:00,0.4795,0.482,0.4768,0.4781,112146.0
2024-01-11 17:00:00,0.478,0.4872,0.4778,0.4865,161306.0
2024-01-11 17:15:00,0.4868,0.4875,0.4767,0.4789,161811.0
2024-01-11 17:30:00,0.4791,0.4854,0.4784,0.484,170158.0
2024-01-11 17:45:00,0.4839,0.4895,0.4839,0.4891,225848.0
2024-01-11 18:00:00,0.4893,0.4916,0.4848,0.4894,194793.0
2024-01-11 18:15:00,0.489,0.4948,0.4882,0.4912,513603.0
2024-01-11 18:30:00,0.491,0.4965,0.4895,0.4957,282706.0
2024-01-11 18:45:00,0.4958,0.4968,0.4904,0.4914,117541.0
2024-01-11 19:00:00,0.4913,0.4947,0.491,0.4914,122623.0
2024-01-11 19:15:00,0.4916,0.4935,0.49,0.4932,118175.0
2024-01-11 19:30:00,0.4933,0.4945,0.4889,0.4926,144299.0
2024-01-11 19:45:00,0.4923,0.4965,0.4916,0.4949,137320.0
2024-01-11 20:00:00,0.495,0.5052,0.4949,0.5024,501935.0
2024-01-11 20:15:00,0.5024,0.5048,0.4987,0.4993,299322.0
2024-01-11 20:30:00,0.4999,0.502,0.4952,0.4973,124197.0
2024-01-11 20:45:00,0.4966,0.4978,0.4914,0.4947,161426.0
2024-01-11 21:00:00,0.4953,0.4989,0.4913,0.496,120121.0
2024-01-11 21:15:00,0.496,0.5026,0.4949,0.5016,174369.0
2024-01-11 21:30:00,0.5013,0.5031,0.4988,0.501,122257.0
2024-01-11 21:45:00,0.501,0.5029,0.4961,0.4977,115362.0
2024-01-11 22:00:00,0.4974,0.5042,0.4959,0.5018,118679.0
2024-01-11 22:15:00,0.5021,0.5029,0.4981,0.4984,89058.0
2024-01-11 22:30:00,0.4984,0.4999,0.495,0.4961,91181.0
2024-01-11 22:45:00,0.4962,0.5027,0.4956,0.5019,87983.0
2024-01-11 23:00:00,0.5018,0.5021,0.4979,0.4991,76273.0
2024-01-11 23:15:00,0.4989,0.5009,0.4963,0.5009,112334.0
2024-01-11 23:30:00,0.501,0.5027,0.5003,0.5013,62188.0
2024-01-11 23:45:00,0.5014,0.5027,0.4977,0.4988,82482.0
2024-01-12 00:00:00,0.499,0.5006,0.4942,0.4957,178331.0
2024-01-12 00:15:00,0.496,0.4963,0.4909,0.4945,246437.0
2024-01-12 00:30:00,0.4944,0.5025,0.4942,0.4991,125918.0
2024-01-12 00:45:00,0.4987,0.5002,0.4956,0.4962,95844.0
2024-01-12 01:00:00,0.496,0.4964,0.4897,0.4905,155840.0
2024-01-12 01:15:00,0.4906,0.4919,0.485,0.4867,228137.0
2024-01-12 01:30:00,0.4869,0.4949,0.4853,0.4941,87924.0
2024-01-12 01:45:00,0.4942,0.4951,0.4923,0.4929,105105.0
2024-01-12 02:00:00,0.493,0.4962,0.4925,0.4946,87311.0
2024-01-12 02:15:00,0.4946,0.4951,0.4931,0.4933,47551.0
2024-01-12 02:30:00,0.4941,0.4954,0.4924,0.4952,32464.0
2024-01-12 02:45:00,0.4951,0.4986,0.4946,0.4974,116869.0
2024-01-12 03:00:00,0.4976,0.4977,0.4933,0.4946,51664.0
2024-01-12 03:15:00,0.4945,0.4945,0.4874,0.4897,133985.0
2024-01-12 03:30:00,0.4894,0.4904,0.4869,0.4875,68707.0
2024-01-12 03:45:00,0.4874,0.4903,0.4854,0.4854,102225.0
2024-01-12 04:00:00,0.4852,0.4898,0.4846,0.4888,98873.0
2024-01-12 04:15:00,0.4884,0.4956,0.4875,0.4952,217846.0
2024-01-12 04:30:00,0.4949,0.5015,0.4949,0.4974,387808.0
2024-01-12 04:45:00,0.4969,0.4969,0.4912,0.4925,142852.0
2024-01-12 05:00:00,0.4928,0.4944,0.4898,0.4913,137078.0
2024-01-12 05:15:00,0.491,0.495,0.4906,0.4929,115365.0
2024-01-12 05:30:00,0.4932,0.503,0.4932,0.5023,161821.0
2024-01-12 05:45:00,0.5022,0.505,0.4991,0.5019,361147.0
2024-01-12 06:00:00,0.5018,0.5038,0.5009,0.5013,135703.0
2024-01-12 06:15:00,0.5014,0.5031,0.4993,0.5,165452.0
2024-01-12 06:30:00,0.5005,0.5006,0.4957,0.4969,129907.0
2024-01-12 06:45:00,0.4969,0.4975,0.4921,0.4929,166738.0
2024-01-12 07:00:00,0.4928,0.4937,0.4862,0.4868,220990.0
2024-01-12 07:15:00,0.4867,0.494,0.486,0.4881,675970.0
2024-01-12 07:30:00,0.4881,0.4908,0.484,0.487,669742.0
2024-01-12 07:45:00,0.4871,0.5,0.486,0.499,666264.0
2024-01-12 08:00:00,0.4993,0.5013,0.4888,0.4896,534303.0
2024-01-12 08:15:00,0.4895,0.493,0.486,0.487,232752.0
2024-01-12 08:30:00,0.4869,0.4889,0.4836,0.4851,198389.0
2024-01-12 08:45:00,0.4848,0.4891,0.4847,0.4879,195590.0
2024-01-12 09:00:00,0.4883,0.4897,0.4867,0.4875,81461.0
2024-01-12 09:15:00,0.4874,0.4932,0.4854,0.4892,175214.0
2024-01-12 09:30:00,0.4892,0.4964,0.4887,0.4953,151368.0
2024-01-12 09:45:00,0.4952,0.5006,0.4948,0.4986,289304.0
2024-01-12 10:00:00,0.4987,0.5029,0.4955,0.4995,461851.0
2024-01-12 10:15:00,0.4992,0.503,0.4991,0.5026,212410.0
2024-01-12 10:30:00,0.5025,0.52,0.5025,0.5141,1167878.0
2024-01-12 10:45:00,0.5142,0.5157,0.5093,0.5143,652447.0
2024-01-12 11:00:00,0.5141,0.5191,0.5129,0.518,471112.0
2024-01-12 11:15:00,0.5182,0.5289,0.5112,0.5237,713289.0
2024-01-12 11:30:00,0.5241,0.5316,0.5204,0.5217,828892.0
2024-01-12 11:45:00,0.5216,0.5242,0.5126,0.5159,945296.0
2024-01-12 12:00:00,0.5157,0.5227,0.5149,0.5194,481700.0
2024-01-12 12:15:00,0.5194,0.5269,0.5186,0.525,350029.0
2024-01-12 12:30:00,0.5249,0.5291,0.5179,0.5202,569818.0
2024-01-12 12:45:00,0.5202,0.5377,0.5173,0.5355,1086626.0
2024-01-12 13:00:00,0.5351,0.539,0.5305,0.5374,689535.0
2024-01-12 13:15:00,0.537,0.5387,0.5274,0.528,465871.0
2024-01-12 13:30:00,0.528,0.5329,0.5277,0.53,360373.0
2024-01-12 13:45:00,0.53,0.5313,0.5234,0.5237,377596.0
2024-01-12 14:00:00,0.5237,0.525,0.5151,0.5167,460290.0
2024-01-12 14:15:00,0.5166,0.5213,0.5153,0.5196,324756.0
2024-01-12 14:30:00,0.5197,0.5197,0.5052,0.506,727797.0
2024-01-12 14:45:00,0.506,0.5104,0.5025,0.5082,785465.0
2024-01-12 15:00:00,0.5083,0.5091,0.5001,0.502,458444.0
2024-01-12 15:15:00,0.5018,0.5027,0.4861,0.4997,997327.0
2024-01-12 15:30:00,0.4997,0.5038,0.4925,0.4944,870049.0
2024-01-12 15:45:00,0.4944,0.5004,0.4928,0.4978,353315.0
2024-01-12 16:00:00,0.4978,0.5044,0.4955,0.4998,603254.0
2024-01-12 16:15:00,0.5001,0.5108,0.498,0.5066,589492.0
2024-01-12 16:30:00,0.5064,0.5097,0.5007,0.5089,802553.0
2024-01-12 16:45:00,0.5088,0.5115,0.4915,0.5026,807798.0
2024-01-12 17:00:00,0.5025,0.5087,0.4965,0.5009,603433.0
2024-01-12 17:15:00,0.501,0.5021,0.48,0.4973,1319700.0
2024-01-12 17:30:00,0.4973,0.5098,0.4972,0.4995,811847.0
2024-01-12 17:45:00,0.4996,0.5041,0.4941,0.504,320081.0
2024-01-12 18:00:00,0.504,0.5098,0.5038,0.5054,303738.0
2024-01-12 18:15:00,0.5049,0.506,0.5004,0.502,195186.0
2024-01-12 18:30:00,0.5018,0.5033,0.496,0.4969,383381.0
2024-01-12 18:45:00,0.4974,0.5022,0.496,0.5009,144302.0
2024-01-12 19:00:00,0.5011,0.5025,0.4951,0.4961,174811.0
2024-01-12 19:15:00,0.4959,0.5058,0.4939,0.5048,258388.0
2024-01-12 19:30:00,0.5049,0.5057,0.4974,0.4986,140991.0
2024-01-12 19:45:00,0.4985,0.501,0.4963,0.4983,124766.0
2024-01-12 20:00:00,0.4979,0.5009,0.4961,0.498,191145.0
2024-01-12 20:15:00,0.498,0.505,0.497,0.5043,118405.0
2024-01-12 20:30:00,0.5044,0.5046,0.4981,0.5002,196505.0
2024-01-12 20:45:00,0.5002,0.5033,0.4986,0.4997,315703.0
2024-01-12 21:00:00,0.4999,0.5017,0.49,0.4931,320620.0
2024-01-12 21:15:00,0.4928,0.4935,0.4877,0.492,149842.0
2024-01-12 21:30:00,0.4922,0.4941,0.4763,0.4774,555177.0
2024-01-12 21:45:00,0.4778,0.4865,0.4778,0.4865,181689.0
2024-01-12 22:00:00,0.4865,0.4874,0.475,0.4849,679735.0
2024-01-12 22:15:00,0.4851,0.4859,0.46,0.4699,1029335.0
2024-01-12 22:30:00,0.4695,0.4775,0.4674,0.4705,341291.0
2024-01-12 22:45:00,0.471,0.4805,0.4703,0.4789,356135.0
2024-01-12 23:00:00,0.4789,0.4931,0.4786,0.4927,374981.0
2024-01-12 23:15:00,0.4926,0.4946,0.487,0.4915,283805.0
2024-01-12 23:30:00,0.4915,0.4954,0.4909,0.4924,132921.0
2024-01-12 23:45:00,0.4925,0.4936,0.4908,0.4915,54820.0
2024-01-13 00:00:00,0.4917,0.4976,0.4897,0.4918,213832.0
2024-01-13 00:15:00,0.4915,0.4915,0.4822,0.4826,203160.0
2024-01-13 00:30:00,0.4828,0.4854,0.4809,0.4836,173981.0
2024-01-13 00:45:00,0.4837,0.4837,0.4778,0.4787,155072.0
2024-01-13 01:00:00,0.4788,0.4803,0.467,0.4708,453063.0
2024-01-13 01:15:00,0.4713,0.4748,0.4692,0.4746,180119.0
2024-01-13 01:30:00,0.4748,0.4775,0.4728,0.4767,138224.0
2024-01-13 01:45:00,0.4762,0.4834,0.4759,0.4828,137944.0
2024-01-13 02:00:00,0.4827,0.4882,0.4772,0.4872,433586.0
2024-01-13 02:15:00,0.4872,0.4899,0.4802,0.4807,332467.0
2024-01-13 02:30:00,0.4806,0.4812,0.4761,0.4777,141230.0
2024-01-13 02:45:00,0.4783,0.479,0.4752,0.4763,81086.0
2024-01-13 03:00:00,0.4761,0.4768,0.4721,0.4732,168319.0
2024-01-13 03:15:00,0.473,0.4746,0.4719,0.4741,174589.0
2024-01-13 03:30:00,0.4741,0.4826,0.4739,0.4826,250595.0
2024-01-13 03:45:00,0.4827,0.4856,0.4814,0.4824,136494.0
2024-01-13 04:00:00,0.4824,0.4828,0.4793,0.4821,84164.0
2024-01-13 04:15:00,0.4819,0.4831,0.4804,0.4809,92819.0
2024-01-13 04:30:00,0.4809,0.483,0.4795,0.4823,73213.0
2024-01-13 04:45:00,0.4824,0.4854,0.4821,0.4854,55543.0
2024-01-13 05:00:00,0.4853,0.4912,0.4839,0.4907,153673.0
2024-01-13 05:15:00,0.4904,0.4983,0.49,0.4974,324406.0
2024-01-13 05:30:00,0.4972,0.503,0.4971,0.502,422059.0
2024-01-13 05:45:00,0.5018,0.5045,0.5011,0.5044,240732.0
2024-01-13 06:00:00,0.5043,0.51,0.5016,0.5023,421606.0
2024-01-13 06:15:00,0.502,0.5026,0.4977,0.4986,255980.0
2024-01-13 06:30:00,0.4984,0.4985,0.4925,0.493,236985.0
2024-01-13 06:45:00,0.493,0.498,0.4921,0.4942,203600.0
2024-01-13 07:00:00,0.4945,0.4945,0.4886,0.4886,180757.0
2024-01-13 07:15:00,0.4889,0.4896,0.487,0.488,264681.0
2024-01-13 07:30:00,0.4879,0.4881,0.4804,0.4808,507688.0
2024-01-13 07:45:00,0.4809,0.4895,0.4798,0.4895,370656.0
2024-01-13 08:00:00,0.4889,0.492,0.4865,0.4865,297887.0
2024-01-13 08:15:00,0.4865,0.4875,0.483,0.4847,147263.0
2024-01-13 08:30:00,0.4846,0.4846,0.4816,0.4823,204980.0
2024-01-13 08:45:00,0.4822,0.4846,0.4817,0.4834,133239.0
2024-01-13 09:00:00,0.4831,0.4893,0.4809,0.4816,341894.0
2024-01-13 09:15:00,0.4811,0.482,0.479,0.4818,129677.0
2024-01-13 09:30:00,0.4819,0.4829,0.4781,0.4794,132648.0
2024-01-13 09:45:00,0.479,0.4794,0.4753,0.4781,251416.0
2024-01-13 10:00:00,0.478,0.4817,0.4765,0.4781,170178.0
2024-01-13 10:15:00,0.4782,0.4805,0.4773,0.4792,104099.0
2024-01-13 10:30:00,0.4799,0.4805,0.4761,0.4771,114041.0
2024-01-13 10:45:00,0.477,0.4778,0.4753,0.4755,170699.0
2024-01-13 11:00:00,0.4755,0.4761,0.4727,0.4745,281475.0
2024-01-13 11:15:00,0.4745,0.4784,0.4739,0.477,103175.0
2024-01-13 11:30:00,0.4773,0.4777,0.4723,0.4742,124821.0
2024-01-13 11:45:00,0.4739,0.4756,0.4723,0.4752,57629.0
2024-01-13 12:00:00,0.4752,0.4755,0.4704,0.4707,184922.0
2024-01-13 12:15:00,0.471,0.4725,0.4701,0.4723,138305.0
2024-01-13 12:30:00,0.4723,0.4724,0.4705,0.4712,161841.0
2024-01-13 12:45:00,0.4712,0.4715,0.4691,0.4694,230396.0
2024-01-13 13:00:00,0.4694,0.4715,0.468,0.4702,387553.0
2024-01-13 13:15:00,0.4702,0.4805,0.47,0.4805,500906.0
2024-01-13 13:30:00,0.4804,0.4826,0.4749,0.4752,352238.0
2024-01-13 13:45:00,0.4754,0.476,0.47,0.4718,288559.0
2024-01-13 14:00:00,0.4715,0.4749,0.47,0.4704,137651.0
2024-01-13 14:15:00,0.4705,0.4733,0.4693,0.4697,217189.0
2024-01-13 14:30:00,0.4697,0.474,0.4689,0.4705,143149.0
2024-01-13 14:45:00,0.4705,0.4728,0.4684,0.4693,150693.0
2024-01-13 15:00:00,0.4699,0.4728,0.4684,0.4704,173052.0
2024-01-13 15:15:00,0.4708,0.4758,0.47,0.4746,244690.0
2024-01-13 15:30:00,0.4746,0.4801,0.4746,0.476,222484.0
2024-01-13 15:45:00,0.4761,0.4779,0.4734,0.476,166726.0
2024-01-13 16:00:00,0.4761,0.4763,0.4696,0.472,203729.0
2024-01-13 16:15:00,0.4722,0.4752,0.4686,0.4743,146408.0
2024-01-13 16:30:00,0.4745,0.4759,0.4705,0.4705,343249.0
2024-01-13 16:45:00,0.4704,0.472,0.4686,0.4702,215934.0
2024-01-13 17:00:00,0.4704,0.474,0.4675,0.4737,117553.0
2024-01-13 17:15:00,0.4737,0.4749,0.4699,0.471,118674.0
2024-01-13 17:30:00,0.4709,0.4737,0.47,0.4706,148727.0
2024-01-13 17:45:00,0.4705,0.4727,0.47,0.471,108542.0
2024-01-13 18:00:00,0.4713,0.4715,0.4658,0.4683,223165.0
2024-01-13 18:15:00,0.4683,0.472,0.4668,0.4718,166735.0
2024-01-13 18:30:00,0.4717,0.4725,0.47,0.4716,78221.0
2024-01-13 18:45:00,0.4716,0.4742,0.4706,0.4742,123228.0
2024-01-13 19:00:00,0.4739,0.4766,0.4721,0.4734,123619.0
2024-01-13 19:15:00,0.4735,0.4755,0.4719,0.475,177982.0
2024-01-13 19:30:00,0.475,0.4806,0.475,0.4801,230261.0
2024-01-13 19:45:00,0.4804,0.4837,0.4796,0.4801,300534.0
2024-01-13 20:00:00,0.4803,0.4812,0.4779,0.4802,138595.0
2024-01-13 20:15:00,0.4802,0.4803,0.4745,0.4758,129141.0
2024-01-13 20:30:00,0.4757,0.4781,0.4756,0.477,85427.0
2024-01-13 20:45:00,0.4772,0.4781,0.4741,0.4748,79939.0
2024-01-13 21:00:00,0.4746,0.4782,0.4732,0.4781,117419.0
2024-01-13 21:15:00,0.4781,0.4784,0.4733,0.4741,71679.0
2024-01-13 21:30:00,0.4744,0.4753,0.472,0.4728,83575.0
2024-01-13 21:45:00,0.4732,0.4748,0.4721,0.4739,73384.0
2024-01-13 22:00:00,0.4739,0.4748,0.4721,0.4726,91887.0
2024-01-13 22:15:00,0.4724,0.475,0.4721,0.4728,41681.0
2024-01-13 22:30:00,0.4725,0.4749,0.4717,0.4732,139817.0
2024-01-13 22:45:00,0.4733,0.4776,0.4733,0.4776,150090.0
2024-01-13 23:00:00,0.4769,0.4769,0.4746,0.4748,62442.0
2024-01-13 23:15:00,0.4751,0.4751,0.4712,0.4713,101831.0
2024-01-13 23:30:00,0.4714,0.4721,0.4691,0.4699,131721.0
2024-01-13 23:45:00,0.47,0.472,0.4693,0.472,32376.0
2024-01-14 00:00:00,0.4716,0.474,0.4705,0.4705,156661.0
2024-01-14 00:15:00,0.4706,0.4718,0.4652,0.4668,137991.0
2024-01-14 00:30:00,0.4666,0.4711,0.4653,0.4685,177175.0
2024-01-14 00:45:00,0.4685,0.4691,0.4633,0.4658,180574.0
2024-01-14 01:00:00,0.4658,0.4697,0.465,0.4689,201081.0
2024-01-14 01:15:00,0.4688,0.4716,0.466,0.4708,93207.0
2024-01-14 01:30:00,0.4707,0.4715,0.4692,0.47,52373.0
2024-01-14 01:45:00,0.47,0.4714,0.4678,0.4706,68574.0
2024-01-14 02:00:00,0.4705,0.4711,0.4667,0.4671,87592.0
2024-01-14 02:15:00,0.4669,0.4679,0.4657,0.4671,47468.0
2024-01-14 02:30:00,0.4672,0.4735,0.4672,0.4735,66727.0
2024-01-14 02:45:00,0.4735,0.4735,0.4711,0.4718,101892.0
2024-01-14 03:00:00,0.4718,0.4747,0.4705,0.4737,90200.0
2024-01-14 03:15:00,0.4736,0.4805,0.4724,0.4785,381903.0
2024-01-14 03:30:00,0.4786,0.483,0.4776,0.4814,255287.0
2024-01-14 03:45:00,0.4818,0.4844,0.477,0.4789,243212.0
2024-01-14 04:00:00,0.4786,0.482,0.4781,0.4783,141627.0
2024-01-14 04:15:00,0.4784,0.4784,0.4722,0.4736,124489.0
2024-01-14 04:30:00,0.4735,0.4743,0.4701,0.4704,107064.0
2024-01-14 04:45:00,0.4706,0.4722,0.4652,0.4667,270580.0
2024-01-14 05:00:00,0.4667,0.4717,0.4658,0.4686,117346.0
2024-01-14 05:15:00,0.4686,0.4701,0.4671,0.4701,59022.0
2024-01-14 05:30:00,0.4702,0.4707,0.4686,0.469,70808.0
2024-01-14 05:45:00,0.4691,0.4712,0.4691,0.4698,213519.0
2024-01-14 06:00:00,0.4701,0.4728,0.4698,0.4726,59738.0
2024-01-14 06:15:00,0.4726,0.473,0.471,0.4721,71664.0
2024-01-14 06:30:00,0.4722,0.4727,0.4688,0.4699,109417.0
2024-01-14 06:45:00,0.47,0.4715,0.4693,0.4709,99566.0
2024-01-14 07:00:00,0.4711,0.4742,0.4694,0.4735,114722.0
2024-01-14 07:15:00,0.4732,0.4732,0.4694,0.4716,89207.0
2024-01-14 07:30:00,0.4719,0.4775,0.4706,0.4751,279595.0
2024-01-14 07:45:00,0.4748,0.4748,0.4722,0.4731,70762.0
2024-01-14 08:00:00,0.4729,0.4729,0.4683,0.4705,149664.0
2024-01-14 08:15:00,0.4706,0.4722,0.4688,0.4711,71028.0
2024-01-14 08:30:00,0.4712,0.4747,0.4706,0.4743,174553.0
2024-01-14 08:45:00,0.4743,0.4744,0.4724,0.4731,100165.0
2024-01-14 09:00:00,0.4731,0.48,0.471,0.4771,544508.0
2024-01-14 09:15:00,0.4773,0.4853,0.4761,0.4835,471620.0
2024-01-14 09:30:00,0.4832,0.4923,0.4809,0.4888,761897.0
2024-01-14 09:45:00,0.489,0.4911,0.48,0.483,818906.0
2024-01-14 10:00:00,0.4834,0.4865,0.4819,0.4819,288628.0
2024-01-14 10:15:00,0.482,0.4829,0.4801,0.4821,137760.0
2024-01-14 10:30:00,0.4822,0.4827,0.48,0.4809,81737.0
2024-01-14 10:45:00,0.481,0.4812,0.4729,0.4738,299208.0
2024-01-14 11:00:00,0.4736,0.4753,0.4714,0.4727,194798.0
2024-01-14 11:15:00,0.4727,0.475,0.472,0.4742,99125.0
2024-01-14 11:30:00,0.4745,0.4745,0.4715,0.4719,150546.0
2024-01-14 11:45:00,0.472,0.473,0.4704,0.4717,93264.0
2024-01-14 12:00:00,0.472,0.4742,0.4709,0.4742,121698.0
2024-01-14 12:15:00,0.4742,0.4757,0.4718,0.4725,63375.0
2024-01-14 12:30:00,0.4724,0.4799,0.472,0.4787,267681.0
2024-01-14 12:45:00,0.4787,0.481,0.4735,0.4742,258590.0
2024-01-14 13:00:00,0.4745,0.475,0.4709,0.4713,211344.0
2024-01-14 13:15:00,0.4711,0.4717,0.4687,0.4692,349699.0
2024-01-14 13:30:00,0.4694,0.4727,0.4687,0.4694,151710.0
2024-01-14 13:45:00,0.4696,0.4724,0.4692,0.4702,150334.0
2024-01-14 14:00:00,0.4701,0.4753,0.47,0.4739,179560.0
2024-01-14 14:15:00,0.4738,0.4745,0.4705,0.4716,108814.0
2024-01-14 14:30:00,0.472,0.4769,0.4699,0.4757,157218.0
2024-01-14 14:45:00,0.4757,0.4757,0.4709,0.4709,93417.0
2024-01-14 15:00:00,0.4712,0.4733,0.4682,0.4684,143654.0
2024-01-14 15:15:00,0.4683,0.4712,0.4674,0.4706,173814.0
2024-01-14 15:30:00,0.4705,0.4713,0.4681,0.47,238072.0
2024-01-14 15:45:00,0.47,0.4728,0.4689,0.469,105098.0
2024-01-14 16:00:00,0.469,0.4711,0.4679,0.4685,258231.0
2024-01-14 16:15:00,0.4685,0.4705,0.4669,0.4673,131840.0
2024-01-14 16:30:00,0.4672,0.4674,0.458,0.464,460573.0
2024-01-14 16:45:00,0.4642,0.4718,0.4631,0.4695,546867.0
2024-01-14 17:00:00,0.4697,0.474,0.4685,0.4704,200950.0
2024-01-14 17:15:00,0.4704,0.4763,0.4703,0.4744,523891.0
2024-01-14 17:30:00,0.4743,0.4787,0.4743,0.4762,204863.0
2024-01-14 17:45:00,0.476,0.4773,0.4743,0.477,86528.0
2024-01-14 18:00:00,0.4771,0.4808,0.4763,0.4772,167900.0
2024-01-14 18:15:00,0.4773,0.4773,0.4711,0.4728,163904.0
2024-01-14 18:30:00,0.4726,0.475,0.47,0.4705,142309.0
2024-01-14 18:45:00,0.4706,0.4723,0.4697,0.4717,124985.0
2024-01-14 19:00:00,0.4716,0.4724,0.4675,0.4681,187275.0
2024-01-14 19:15:00,0.4683,0.4712,0.4661,0.4682,187775.0
2024-01-14 19:30:00,0.4683,0.4692,0.4631,0.4649,287528.0
2024-01-14 19:45:00,0.4652,0.4687,0.4623,0.4633,248744.0
2024-01-14 20:00:00,0.4636,0.4665,0.456,0.4663,295472.0
2024-01-14 20:15:00,0.4664,0.4676,0.4643,0.4655,103747.0
2024-01-14 20:30:00,0.4651,0.4674,0.4635,0.4666,62185.0
2024-01-14 20:45:00,0.4667,0.4688,0.4628,0.4633,88707.0
2024-01-14 21:00:00,0.4635,0.4644,0.4622,0.4633,92312.0
2024-01-14 21:15:00,0.463,0.4634,0.4591,0.4596,129897.0
2024-01-14 21:30:00,0.4593,0.4618,0.4571,0.461,139209.0
2024-01-14 21:45:00,0.461,0.4677,0.4605,0.4677,190068.0
2024-01-14 22:00:00,0.4678,0.4695,0.4672,0.468,68977.0
2024-01-14 22:15:00,0.4678,0.468,0.4618,0.4618,110714.0
2024-01-14 22:30:00,0.4618,0.4622,0.4579,0.4602,181393.0
2024-01-14 22:45:00,0.4601,0.4608,0.4571,0.4573,84886.0
2024-01-14 23:00:00,0.4573,0.4588,0.4527,0.4539,176068.0
2024-01-14 23:15:00,0.4538,0.4561,0.45,0.4531,314293.0
2024-01-14 23:30:00,0.453,0.4567,0.4485,0.4519,175948.0
2024-01-14 23:45:00,0.452,0.4541,0.4483,0.4502,152012.0
2024-01-15 00:00:00,0.45,0.4554,0.4495,0.4543,190747.0
2024-01-15 00:15:00,0.4542,0.4568,0.4531,0.4567,73702.0
2024-01-15 00:30:00,0.4569,0.4614,0.4555,0.4611,100269.0
2024-01-15 00:45:00,0.4611,0.4612,0.4568,0.4581,59333.0
2024-01-15 01:00:00,0.4583,0.4609,0.457,0.459,137635.0
2024-01-15 01:15:00,0.4584,0.4634,0.4577,0.4621,138608.0
2024-01-15 01:30:00,0.462,0.4639,0.4608,0.4631,106912.0
2024-01-15 01:45:00,0.4631,0.4636,0.4614,0.4627,50243.0
2024-01-15 02:00:00,0.4625,0.4651,0.4606,0.4646,85517.0
2024-01-15 02:15:00,0.4645,0.4646,0.4603,0.4616,204477.0
2024-01-15 02:30:00,0.4615,0.4631,0.4609,0.4626,73251.0
2024-01-15 02:45:00,0.4628,0.4644,0.4589,0.4624,209143.0
2024-01-15 03:00:00,0.4624,0.4636,0.4606,0.4613,84489.0
2024-01-15 03:15:00,0.4612,0.4638,0.4602,0.4635,48025.0
2024-01-15 03:30:00,0.4638,0.464,0.4616,0.4617,123821.0
2024-01-15 03:45:00,0.4618,0.465,0.4618,0.4639,197604.0
2024-01-15 04:00:00,0.4637,0.4658,0.4633,0.4648,60085.0
2024-01-15 04:15:00,0.4644,0.4651,0.463,0.4637,48387.0
2024-01-15 04:30:00,0.4637,0.4654,0.4633,0.464,25728.0
2024-01-15 04:45:00,0.4638,0.4667,0.4401,0.4656,603016.0
2024-01-15 05:00:00,0.4656,0.4798,0.4656,0.4746,567320.0
2024-01-15 05:15:00,0.4746,0.487,0.4746,0.4758,680270.0
2024-01-15 05:30:00,0.4759,0.4812,0.4728,0.473,290891.0
2024-01-15 05:45:00,0.4732,0.4752,0.4712,0.474,202644.0
2024-01-15 06:00:00,0.474,0.4742,0.4707,0.4737,114130.0
2024-01-15 06:15:00,0.4736,0.4774,0.4722,0.4737,140051.0
2024-01-15 06:30:00,0.4736,0.475,0.4691,0.4703,199507.0
2024-01-15 06:45:00,0.4701,0.471,0.4662,0.4704,224157.0
2024-01-15 07:00:00,0.4702,0.4714,0.4673,0.4696,270171.0
2024-01-15 07:15:00,0.4691,0.4694,0.4662,0.4671,125487.0
2024-01-15 07:30:00,0.4672,0.4683,0.465,0.4676,175756.0
2024-01-15 07:45:00,0.4676,0.4676,0.4651,0.4652,275908.0
2024-01-15 08:00:00,0.4652,0.4698,0.4638,0.467,278068.0
2024-01-15 08:15:00,0.4667,0.4693,0.4653,0.4673,71290.0
2024-01-15 08:30:00,0.4675,0.4713,0.467,0.4703,85716.0
2024-01-15 08:45:00,0.4705,0.4728,0.4687,0.4719,121029.0
2024-01-15 09:00:00,0.472,0.472,0.4668,0.4696,84628.0
2024-01-15 09:15:00,0.4693,0.4703,0.4679,0.4692,91601.0
2024-01-15 09:30:00,0.4693,0.4782,0.4687,0.4773,232014.0
2024-01-15 09:45:00,0.4771,0.4856,0.4768,0.4826,478742.0
2024-01-15 10:00:00,0.4824,0.4854,0.4801,0.4846,244548.0
2024-01-15 10:15:00,0.4846,0.4886,0.4829,0.4867,623815.0
2024-01-15 10:30:00,0.4865,0.492,0.4835,0.4852,1653907.0
2024-01-15 10:45:00,0.485,0.4852,0.4807,0.4819,320434.0
2024-01-15 11:00:00,0.4818,0.4918,0.4793,0.4915,503809.0
2024-01-15 11:15:00,0.4916,0.4918,0.4838,0.4883,335288.0
2024-01-15 11:30:00,0.4882,0.4937,0.4876,0.4931,506824.0
2024-01-15 11:45:00,0.4934,0.4952,0.4896,0.4912,284463.0
2024-01-15 12:00:00,0.4913,0.4998,0.4881,0.498,479284.0
2024-01-15 12:15:00,0.498,0.5005,0.4892,0.49,630991.0
2024-01-15 12:30:00,0.49,0.4916,0.4828,0.4838,342367.0
2024-01-15 12:45:00,0.4838,0.4885,0.4813,0.4838,304645.0
2024-01-15 13:00:00,0.4841,0.4893,0.4832,0.4847,216822.0
2024-01-15 13:15:00,0.4847,0.491,0.4839,0.4899,151635.0
2024-01-15 13:30:00,0.4897,0.4903,0.4848,0.4848,141486.0
2024-01-15 13:45:00,0.4849,0.4873,0.4807,0.4807,249607.0
2024-01-15 14:00:00,0.4806,0.4822,0.4778,0.4802,328486.0
2024-01-15 14:15:00,0.48,0.4815,0.4777,0.4801,156243.0
2024-01-15 14:30:00,0.4802,0.4815,0.4739,0.4769,482167.0
2024-01-15 14:45:00,0.477,0.4801,0.4741,0.4743,348774.0
2024-01-15 15:00:00,0.474,0.4763,0.4737,0.4752,158008.0
2024-01-15 15:15:00,0.4751,0.4766,0.473,0.4735,120048.0
2024-01-15 15:30:00,0.4735,0.4762,0.4721,0.4737,168010.0
2024-01-15 15:45:00,0.4738,0.474,0.4704,0.4704,190471.0
2024-01-15 16:00:00,0.4707,0.475,0.4698,0.4744,262532.0
2024-01-15 16:15:00,0.4741,0.4793,0.4741,0.4778,194546.0
2024-01-15 16:30:00,0.4777,0.4822,0.4754,0.4814,191512.0
2024-01-15 16:45:00,0.4813,0.4844,0.4799,0.4811,242818.0
2024-01-15 17:00:00,0.481,0.4828,0.4761,0.4821,180490.0
2024-01-15 17:15:00,0.4818,0.4875,0.4811,0.4874,361900.0
2024-01-15 17:30:00,0.4866,0.4892,0.4858,0.4872,239562.0
2024-01-15 17:45:00,0.4872,0.49,0.4861,0.4889,105550.0
2024-01-15 18:00:00,0.4891,0.4963,0.4885,0.4947,410038.0
2024-01-15 18:15:00,0.4945,0.5037,0.4945,0.5007,581408.0
2024-01-15 18:30:00,0.5008,0.5055,0.5005,0.5039,568531.0
2024-01-15 18:45:00,0.5039,0.51,0.4946,0.495,623227.0
2024-01-15 19:00:00,0.4952,0.5045,0.494,0.5017,552258.0
2024-01-15 19:15:00,0.5016,0.5044,0.4984,0.5003,380307.0
2024-01-15 19:30:00,0.5001,0.5038,0.4989,0.5,299046.0
2024-01-15 19:45:00,0.5001,0.51,0.5001,0.5039,293056.0
2024-01-15 20:00:00,0.5039,0.5106,0.5018,0.5106,481855.0
2024-01-15 20:15:00,0.5106,0.515,0.5091,0.5095,568584.0
2024-01-15 20:30:00,0.5094,0.5113,0.501,0.5023,562208.0
2024-01-15 20:45:00,0.5022,0.503,0.4987,0.5016,308725.0
2024-01-15 21:00:00,0.5016,0.5047,0.4995,0.5014,307591.0
2024-01-15 21:15:00,0.5013,0.5039,0.5002,0.5017,285138.0
2024-01-15 21:30:00,0.5019,0.5075,0.4999,0.5057,243876.0
2024-01-15 21:45:00,0.5055,0.5058,0.4999,0.5016,201904.0
2024-01-15 22:00:00,0.5016,0.5061,0.5001,0.5002,195894.0
2024-01-15 22:15:00,0.5001,0.5042,0.4959,0.5042,280024.0
2024-01-15 22:30:00,0.5044,0.5081,0.503,0.5075,144788.0
2024-01-15 22:45:00,0.5075,0.509,0.5046,0.5067,322480.0
2024-01-15 23:00:00,0.5064,0.5098,0.5044,0.5075,119946.0
2024-01-15 23:15:00,0.5073,0.5086,0.5023,0.5039,234909.0
2024-01-15 23:30:00,0.5042,0.505,0.5014,0.5016,89578.0
2024-01-15 23:45:00,0.5017,0.5051,0.4993,0.5037,299340.0
2024-01-16 00:00:00,0.5035,0.51,0.5017,0.5093,300712.0
2024-01-16 00:15:00,0.5091,0.5152,0.505,0.5142,576794.0
2024-01-16 00:30:00,0.5143,0.5192,0.5099,0.5168,636504.0
2024-01-16 00:45:00,0.5168,0.5196,0.5129,0.5163,500392.0
2024-01-16 01:00:00,0.5161,0.526,0.5142,0.5209,703188.0
2024-01-16 01:15:00,0.5209,0.5209,0.5086,0.5109,513997.0
2024-01-16 01:30:00,0.5114,0.5116,0.5029,0.5046,469819.0
2024-01-16 01:45:00,0.5049,0.5144,0.5042,0.509,705846.0
2024-01-16 02:00:00,0.5091,0.5103,0.5032,0.5069,268817.0
2024-01-16 02:15:00,0.5071,0.5149,0.5062,0.5137,368215.0
2024-01-16 02:30:00,0.5133,0.5192,0.5133,0.516,340576.0
2024-01-16 02:45:00,0.516,0.5199,0.5116,0.5116,271670.0
2024-01-16 03:00:00,0.5115,0.5229,0.5109,0.517,457073.0
2024-01-16 03:15:00,0.5171,0.5243,0.517,0.5243,267743.0
2024-01-16 03:30:00,0.5243,0.5284,0.5229,0.5279,454207.0
2024-01-16 03:45:00,0.5273,0.5339,0.5263,0.5315,755612.0
2024-01-16 04:00:00,0.5317,0.5368,0.5291,0.5319,1030343.0
2024-01-16 04:15:00,0.532,0.5503,0.5316,0.5437,1720084.0
2024-01-16 04:30:00,0.5432,0.5512,0.5381,0.548,1708822.0
2024-01-16 04:45:00,0.5478,0.56,0.5475,0.5529,1840830.0
2024-01-16 05:00:00,0.553,0.566,0.5501,0.566,1384866.0
2024-01-16 05:15:00,0.566,0.566,0.5525,0.5553,1452577.0
2024-01-16 05:30:00,0.5551,0.5615,0.545,0.5601,1528118.0
2024-01-16 05:45:00,0.5604,0.5635,0.5464,0.5493,1143946.0
2024-01-16 06:00:00,0.5491,0.5517,0.5395,0.5469,1117628.0
2024-01-16 06:15:00,0.5466,0.5497,0.5413,0.5492,991244.0
2024-01-16 06:30:00,0.5487,0.5603,0.5483,0.5543,1337151.0
2024-01-16 06:45:00,0.5537,0.5623,0.5516,0.56,844026.0
2024-01-16 07:00:00,0.5601,0.5643,0.5521,0.5539,1182094.0
2024-01-16 07:15:00,0.5535,0.5598,0.5498,0.5568,870449.0
2024-01-16 07:30:00,0.5566,0.5658,0.5559,0.5621,1044793.0
2024-01-16 07:45:00,0.5625,0.5641,0.5593,0.5622,455990.0
2024-01-16 08:00:00,0.5622,0.57,0.5575,0.5628,1145437.0
2024-01-16 08:15:00,0.5629,0.5759,0.5622,0.5737,1855230.0
2024-01-16 08:30:00,0.5737,0.5799,0.5674,0.5779,1326211.0
2024-01-16 08:45:00,0.5779,0.5975,0.5761,0.5932,4903406.0
2024-01-16 09:00:00,0.5933,0.6112,0.5915,0.5984,4674577.0
2024-01-16 09:15:00,0.5984,0.6178,0.5935,0.6059,4492528.0
2024-01-16 09:30:00,0.6064,0.618,0.6032,0.608,2974885.0
2024-01-16 09:45:00,0.6082,0.6125,0.6015,0.6082,1926104.0
2024-01-16 10:00:00,0.6084,0.6126,0.5911,0.6014,2375189.0
2024-01-16 10:15:00,0.6016,0.6078,0.5918,0.5959,1939077.0
2024-01-16 10:30:00,0.5959,0.6073,0.5923,0.6039,1273184.0
2024-01-16 10:45:00,0.6039,0.6141,0.603,0.6141,1303304.0
2024-01-16 11:00:00,0.614,0.623,0.6074,0.6146,2032245.0
2024-01-16 11:15:00,0.6145,0.6145,0.6018,0.6036,1519577.0
2024-01-16 11:30:00,0.6041,0.6052,0.5936,0.6012,2019837.0
2024-01-16 11:45:00,0.6013,0.6118,0.5982,0.6066,1165191.0
2024-01-16 12:00:00,0.6063,0.615,0.6018,0.6108,1578819.0
2024-01-16 12:15:00,0.6107,0.617,0.6038,0.6161,1278747.0
2024-01-16 12:30:00,0.616,0.6195,0.6095,0.6141,1119648.0
2024-01-16 12:45:00,0.6142,0.6186,0.6097,0.6169,995020.0
2024-01-16 13:00:00,0.6167,0.6215,0.6118,0.614,1135185.0
2024-01-16 13:15:00,0.6141,0.621,0.6063,0.6123,1450523.0
2024-01-16 13:30:00,0.6122,0.6205,0.6119,0.6139,1165713.0
2024-01-16 13:45:00,0.6137,0.6187,0.6113,0.6132,728789.0
2024-01-16 14:00:00,0.6131,0.6211,0.6082,0.618,1110144.0
2024-01-16 14:15:00,0.6177,0.6298,0.6121,0.6168,2153598.0
2024-01-16 14:30:00,0.6172,0.6273,0.6023,0.6058,3582655.0
2024-01-16 14:45:00,0.6059,0.629,0.6048,0.6285,2427154.0
2024-01-16 15:00:00,0.6286,0.6464,0.6172,0.6224,3050156.0
2024-01-16 15:15:00,0.6226,0.6424,0.6211,0.6339,2099159.0
2024-01-16 15:30:00,0.6339,0.6468,0.6324,0.6387,1406058.0
2024-01-16 15:45:00,0.6388,0.6455,0.6352,0.6391,1553642.0
2024-01-16 16:00:00,0.639,0.65,0.635,0.6361,1982749.0
2024-01-16 16:15:00,0.6361,0.6437,0.6308,0.6391,1438764.0
2024-01-16 16:30:00,0.6395,0.6448,0.636,0.6384,1432751.0
2024-01-16 16:45:00,0.6385,0.64,0.6311,0.6341,1196980.0
2024-01-16 17:00:00,0.6339,0.6431,0.6334,0.6402,781512.0
2024-01-16 17:15:00,0.6397,0.6454,0.6395,0.6433,775529.0
2024-01-16 17:30:00,0.6433,0.656,0.6373,0.6491,1751035.0
2024-01-16 17:45:00,0.6491,0.6525,0.6444,0.6516,1642369.0
2024-01-16 18:00:00,0.6515,0.6628,0.6491,0.6594,2255316.0
2024-01-16 18:15:00,0.6595,0.6604,0.6445,0.6504,1993068.0
2024-01-16 18:30:00,0.6508,0.6557,0.6461,0.6499,1088736.0
2024-01-16 18:45:00,0.6498,0.666,0.6494,0.6575,1968937.0
2024-01-16 19:00:00,0.6577,0.6635,0.651,0.66,1252132.0
2024-01-16 19:15:00,0.6598,0.6615,0.6524,0.6577,1190402.0
2024-01-16 19:30:00,0.6577,0.6582,0.6494,0.6556,1076033.0
2024-01-16 19:45:00,0.6554,0.6585,0.6531,0.6569,669315.0
2024-01-16 20:00:00,0.6574,0.6595,0.6478,0.6559,868174.0
2024-01-16 20:15:00,0.6559,0.67,0.6555,0.6688,1372361.0
2024-01-16 20:30:00,0.6689,0.672,0.6634,0.6652,1427542.0
2024-01-16 20:45:00,0.6655,0.6673,0.6569,0.6632,1167947.0
2024-01-16 21:00:00,0.6632,0.672,0.6629,0.6707,1088927.0
2024-01-16 21:15:00,0.6709,0.6745,0.6667,0.673,995922.0
2024-01-16 21:30:00,0.6731,0.6731,0.6598,0.6627,1422985.0
2024-01-16 21:45:00,0.6625,0.6644,0.6526,0.6547,1155500.0
2024-01-16 22:00:00,0.6544,0.6622,0.6537,0.6591,1068840.0
2024-01-16 22:15:00,0.6595,0.6647,0.6578,0.6643,609084.0
2024-01-16 22:30:00,0.6641,0.6662,0.6601,0.6612,448014.0
2024-01-16 22:45:00,0.6612,0.6644,0.6596,0.6613,295396.0
2024-01-16 23:00:00,0.6613,0.6621,0.6443,0.652,1218689.0
2024-01-16 23:15:00,0.6517,0.6596,0.6497,0.6538,1121530.0
2024-01-16 23:30:00,0.6539,0.6574,0.6512,0.6557,319113.0
2024-01-16 23:45:00,0.6557,0.6649,0.6545,0.6607,815187.0
2024-01-17 00:00:00,0.6607,0.6723,0.6547,0.6551,1447073.0
2024-01-17 00:15:00,0.6552,0.6676,0.6548,0.6625,733482.0
2024-01-17 00:30:00,0.6623,0.6695,0.6618,0.6678,827899.0
2024-01-17 00:45:00,0.6676,0.6736,0.6639,0.6712,606234.0
2024-01-17 01:00:00,0.6711,0.6743,0.666,0.6686,550443.0
2024-01-17 01:15:00,0.6687,0.6726,0.6561,0.6567,874952.0
2024-01-17 01:30:00,0.6567,0.6621,0.6276,0.6541,2713845.0
2024-01-17 01:45:00,0.654,0.6589,0.6497,0.6529,831726.0
2024-01-17 02:00:00,0.6527,0.667,0.652,0.6667,895773.0
2024-01-17 02:15:00,0.6667,0.6722,0.663,0.6697,704146.0
2024-01-17 02:30:00,0.6697,0.6721,0.6634,0.6664,581939.0
2024-01-17 02:45:00,0.6661,0.6715,0.662,0.6685,530576.0
2024-01-17 03:00:00,0.6689,0.6734,0.6614,0.6685,495182.0
2024-01-17 03:15:00,0.6686,0.67,0.6642,0.6677,235031.0
2024-01-17 03:30:00,0.6675,0.6681,0.6562,0.6606,416271.0
2024-01-17 03:45:00,0.6607,0.6649,0.6539,0.6554,751082.0
2024-01-17 04:00:00,0.6556,0.6681,0.6507,0.6674,718434.0
2024-01-17 04:15:00,0.6672,0.6714,0.6662,0.6692,660084.0
2024-01-17 04:30:00,0.6693,0.68,0.6548,0.6598,1129017.0
2024-01-17 04:45:00,0.6594,0.669,0.6582,0.6667,414702.0
2024-01-17 05:00:00,0.6666,0.6715,0.6639,0.6706,597191.0
2024-01-17 05:15:00,0.6706,0.6726,0.6667,0.6685,439696.0
2024-01-17 05:30:00,0.6689,0.675,0.6569,0.6618,803839.0
2024-01-17 05:45:00,0.6621,0.6637,0.6546,0.6582,739177.0
2024-01-17 06:00:00,0.6584,0.6615,0.641,0.6482,1687173.0
2024-01-17 06:15:00,0.6482,0.6526,0.6428,0.6481,1199502.0
2024-01-17 06:30:00,0.6482,0.6488,0.639,0.6417,1189100.0
2024-01-17 06:45:00,0.6417,0.6481,0.6351,0.6362,1433948.0
2024-01-17 07:00:00,0.6362,0.6466,0.636,0.6438,724932.0
2024-01-17 07:15:00,0.6438,0.648,0.6361,0.638,743647.0
2024-01-17 07:30:00,0.6381,0.6413,0.6348,0.6389,839202.0
2024-01-17 07:45:00,0.6392,0.6438,0.6372,0.64,631737.0
2024-01-17 08:00:00,0.6401,0.6422,0.6363,0.6389,723605.0
2024-01-17 08:15:00,0.6389,0.6393,0.6276,0.6307,1413601.0
2024-01-17 08:30:00,0.6304,0.6343,0.6243,0.6339,872952.0
2024-01-17 08:45:00,0.6338,0.6338,0.6284,0.631,533516.0
2024-01-17 09:00:00,0.6309,0.6647,0.6296,0.6617,1752935.0
2024-01-17 09:15:00,0.6617,0.6641,0.6534,0.6608,953698.0
2024-01-17 09:30:00,0.6609,0.695,0.6571,0.6854,2830618.0
2024-01-17 09:45:00,0.6852,0.6933,0.6743,0.6771,2253835.0
2024-01-17 10:00:00,0.6769,0.6979,0.6736,0.6857,1836767.0
2024-01-17 10:15:00,0.6858,0.6935,0.6801,0.691,1280445.0
2024-01-17 10:30:00,0.691,0.699,0.686,0.6892,1375901.0
2024-01-17 10:45:00,0.6893,0.6899,0.6839,0.6853,882724.0
2024-01-17 11:00:00,0.6853,0.6941,0.6823,0.6838,679786.0
2024-01-17 11:15:00,0.6837,0.7,0.6764,0.6948,2308174.0
2024-01-17 11:30:00,0.6948,0.6952,0.69,0.6926,688047.0
2024-01-17 11:45:00,0.693,0.6946,0.6875,0.6916,557389.0
2024-01-17 12:00:00,0.6915,0.6933,0.681,0.6824,882927.0
2024-01-17 12:15:00,0.6821,0.6851,0.6763,0.6835,939938.0
2024-01-17 12:30:00,0.6841,0.6862,0.6746,0.6757,764580.0
2024-01-17 12:45:00,0.6755,0.682,0.6747,0.6802,525763.0
2024-01-17 13:00:00,0.6803,0.6814,0.6706,0.6749,635644.0
2024-01-17 13:15:00,0.675,0.68,0.6733,0.6797,588965.0
2024-01-17 13:30:00,0.6795,0.6838,0.6727,0.673,385830.0
2024-01-17 13:45:00,0.673,0.673,0.6671,0.6711,774014.0
2024-01-17 14:00:00,0.671,0.6765,0.6584,0.6692,2176235.0
2024-01-17 14:15:00,0.6693,0.672,0.6661,0.6713,429229.0
2024-01-17 14:30:00,0.6716,0.6778,0.6644,0.6768,924654.0
2024-01-17 14:45:00,0.6767,0.6781,0.6716,0.6731,479197.0
2024-01-17 15:00:00,0.6733,0.6793,0.6705,0.6784,612343.0
2024-01-17 15:15:00,0.6784,0.6999,0.6768,0.6891,1279291.0
2024-01-17 15:30:00,0.6887,0.6921,0.682,0.6853,733985.0
2024-01-17 15:45:00,0.6854,0.6906,0.6775,0.6847,1282655.0
2024-01-17 16:00:00,0.6847,0.6875,0.6692,0.6705,989986.0
2024-01-17 16:15:00,0.6705,0.6761,0.6701,0.6746,381526.0
2024-01-17 16:30:00,0.6746,0.6786,0.6707,0.6742,603059.0
2024-01-17 16:45:00,0.6742,0.687,0.6739,0.6836,420672.0
2024-01-17 17:00:00,0.6839,0.685,0.6749,0.6781,319537.0
2024-01-17 17:15:00,0.678,0.6894,0.6777,0.6838,367784.0
2024-01-17 17:30:00,0.6839,0.692,0.6833,0.6896,492890.0
2024-01-17 17:45:00,0.6898,0.7034,0.686,0.6923,1293115.0
2024-01-17 18:00:00,0.6922,0.6988,0.6866,0.6894,496441.0
2024-01-17 18:15:00,0.6891,0.6905,0.6815,0.6823,355980.0
2024-01-17 18:30:00,0.6826,0.685,0.677,0.6802,454562.0
2024-01-17 18:45:00,0.6803,0.6807,0.6739,0.6767,345185.0
2024-01-17 19:00:00,0.6769,0.6801,0.6669,0.6735,669419.0
2024-01-17 19:15:00,0.6733,0.6786,0.6716,0.6763,312769.0
2024-01-17 19:30:00,0.6764,0.6766,0.6709,0.6725,187935.0
2024-01-17 19:45:00,0.6727,0.6779,0.6706,0.676,260112.0
2024-01-17 20:00:00,0.6759,0.6763,0.6682,0.6707,292582.0
2024-01-17 20:15:00,0.6705,0.6723,0.6675,0.6682,360098.0
2024-01-17 20:30:00,0.6681,0.6725,0.6667,0.6685,331216.0
2024-01-17 20:45:00,0.6686,0.6853,0.6674,0.6823,520411.0
2024-01-17 21:00:00,0.6819,0.684,0.67,0.6716,327878.0
2024-01-17 21:15:00,0.6716,0.6736,0.6678,0.6721,268133.0
2024-01-17 21:30:00,0.6727,0.6811,0.6727,0.6776,246413.0
2024-01-17 21:45:00,0.6776,0.68,0.6681,0.6687,436003.0
2024-01-17 22:00:00,0.6687,0.6689,0.6612,0.6661,230424.0
2024-01-17 22:15:00,0.6662,0.6672,0.6606,0.6649,244519.0
2024-01-17 22:30:00,0.665,0.6656,0.6609,0.6622,171829.0
2024-01-17 22:45:00,0.6619,0.6653,0.6586,0.6621,306248.0
2024-01-17 23:00:00,0.6622,0.6659,0.6598,0.665,155703.0
2024-01-17 23:15:00,0.6649,0.6673,0.6621,0.6649,156711.0
2024-01-17 23:30:00,0.6645,0.6735,0.6634,0.6725,168095.0
2024-01-17 23:45:00,0.6727,0.6783,0.6721,0.6772,137286.0
2024-01-18 00:00:00,0.6772,0.6844,0.6682,0.6684,436495.0
2024-01-18 00:15:00,0.6686,0.6722,0.6655,0.6718,146886.0
2024-01-18 00:30:00,0.6717,0.6763,0.6669,0.6711,203893.0
2024-01-18 00:45:00,0.6708,0.6734,0.6695,0.6729,109684.0
2024-01-18 01:00:00,0.6728,0.6731,0.6588,0.6613,408207.0
2024-01-18 01:15:00,0.6613,0.6648,0.6488,0.6552,521505.0
2024-01-18 01:30:00,0.6553,0.657,0.6442,0.6517,862652.0
2024-01-18 01:45:00,0.6518,0.6539,0.6474,0.6491,224635.0
2024-01-18 02:00:00,0.6491,0.6546,0.6447,0.6488,255131.0
2024-01-18 02:15:00,0.6493,0.6495,0.6439,0.6463,207381.0
2024-01-18 02:30:00,0.6461,0.6462,0.6403,0.6442,416711.0
2024-01-18 02:45:00,0.6446,0.646,0.6383,0.6393,450844.0
2024-01-18 03:00:00,0.6393,0.6474,0.6373,0.645,363030.0
2024-01-18 03:15:00,0.645,0.645,0.6366,0.638,271329.0
2024-01-18 03:30:00,0.6377,0.6392,0.6337,0.6388,430700.0
2024-01-18 03:45:00,0.6387,0.6396,0.6335,0.6348,305083.0
2024-01-18 04:00:00,0.6347,0.6435,0.6335,0.6399,229201.0
2024-01-18 04:15:00,0.6402,0.6437,0.639,0.6437,163592.0
2024-01-18 04:30:00,0.6436,0.6464,0.6387,0.639,419472.0
2024-01-18 04:45:00,0.6393,0.6401,0.6339,0.6356,238446.0
2024-01-18 05:00:00,0.6356,0.6374,0.633,0.6354,356695.0
2024-01-18 05:15:00,0.6353,0.6403,0.6336,0.6349,317267.0
2024-01-18 05:30:00,0.6349,0.6406,0.6332,0.6399,281048.0
2024-01-18 05:45:00,0.64,0.6479,0.6387,0.6466,375494.0
2024-01-18 06:00:00,0.6467,0.6539,0.6395,0.6423,826049.0
2024-01-18 06:15:00,0.6423,0.6457,0.633,0.6351,373016.0
2024-01-18 06:30:00,0.6353,0.6363,0.6331,0.6363,226151.0
2024-01-18 06:45:00,0.6362,0.6371,0.6326,0.6339,167500.0
2024-01-18 07:00:00,0.6338,0.6356,0.6225,0.6267,1034210.0
2024-01-18 07:15:00,0.6268,0.6359,0.6246,0.6356,413398.0
2024-01-18 07:30:00,0.6357,0.6427,0.6352,0.6395,230506.0
